11716
264 320 3 22327 2.000020217
297 244 3 1555871 2.000025687
263 233 3 64757 2.000031814
312 281 3 504685 2.000039499
250 268 3 9044 2.000041360
262 317 3 587844 2.000046434
236 300 3 274230 2.000050739
292 228 3 17467 2.000050769
244 251 3 63869 2.000055997
274 298 3 62111 2.000057076
284 306 3 29197 2.000071736
240 296 3 19242 2.000075664
279 311 3 5431164 2.000084660
243 250 3 33886 2.000086645
254 290 3 22704 2.000087196
291 312 3 765828 2.000092372
264 277 3 18263 2.000097133
275 311 3 77898 2.000106312
305 266 3 8553129 2.000117793
267 230 3 34405 2.000120603
285 325 3 9892 2.000121551
286 264 3 2668501 2.000124772
295 326 3 1465039 2.000140469
287 277 3 5526 2.000148708
300 313 3 1061692 2.000150981
280 254 3 694731 2.000161434
242 313 3 35973 2.000171975
254 227 3 74407 2.000174905
298 325 3 9175183 2.000190836
305 311 3 4960616 2.000207373
249 304 3 26285 2.000225698
289 312 3 554571 2.000227116
291 278 3 4469290 2.000228102
292 249 3 38095 2.000235335
300 265 3 6121135 2.000238487
286 293 3 42255 2.000240166
233 269 3 4172 2.000248542
258 243 3 1600445 2.000253331
280 296 3 24040 2.000257559
262 312 3 20371 2.000266783
318 303 3 1121330 2.000267146
269 229 3 376 2.000267943
262 238 3 56062 2.000269871
282 241 3 23962 2.000285083
235 283 3 1730520 2.000293909
276 296 3 19296 2.000334078
264 269 3 25452 2.000335597
241 312 3 2591391 2.000337691
313 247 3 41991 2.000355177
316 295 3 207522 2.000363876
254 242 3 6921 2.000367248
266 312 3 11630 2.000381887
283 227 3 39908 2.000388133
230 321 3 41086 2.000392739
304 257 3 43328 2.000414391
227 305 3 4406860 2.000430109
265 235 3 29038 2.000433934
235 278 3 26322 2.000440311
273 246 3 581000 2.000442205
236 283 3 18176 2.000444533
231 280 3 140724 2.000471721
301 237 3 4236669 2.000498985
322 262 3 137432 2.000506889
319 248 3 7583192 2.000530673
246 312 3 78975 2.000536865
306 283 3 1250250 2.000538118
272 319 3 22963 2.000541977
286 263 3 3229598 2.000549268
271 237 3 106160 2.000557418
267 266 3 9523404 2.000559494
287 317 3 1161418 2.000564078
287 256 3 19720 2.000574701
295 234 3 9894682 2.000587250
278 265 3 1438653 2.000591469
249 237 3 295426 2.000600017
304 282 3 472515 2.000606708
244 296 3 28835 2.000607256
266 273 3 30111 2.000615609
255 293 3 8469 2.000619840
265 229 3 9210607 2.000635239
324 268 3 1969196 2.000637190
247 306 3 4495 2.000649888
269 311 3 2157 2.000666225
313 237 3 21550 2.000686606
276 253 3 9390 2.000696152
263 232 3 1514210 2.000703879
230 272 3 6206 2.000714922
248 302 3 1619087 2.000722880
298 266 3 4839564 2.000746614
259 238 3 1540179 2.000755382
277 299 3 10899984 2.000763000
270 240 3 1958432 2.000765269
307 292 3 22198 2.000771697
301 272 3 22913155 2.000787876
279 318 3 992528 2.000793170
255 281 3 74201 2.000797128
232 316 3 94635 2.000800844
294 321 3 8248711 2.000827072
252 290 3 4050036 2.000827648
227 271 3 1620110 2.000834913
307 268 3 25718 2.000850985
324 268 3 110055 2.000851683
292 307 3 3622 2.000858922
278 266 3 3179 2.000873178
309 271 3 5732816 2.000880728
240 279 3 671695 2.000884983
286 242 3 66864 2.000934781
299 260 3 13645160 2.000948550
303 251 3 2270 2.000958207
299 239 3 7491777 2.000965306
249 322 3 802527 2.000969648
228 279 3 2598 2.001011924
276 263 3 6587 2.001013220
318 285 3 3187448 2.001016846
321 256 3 3365 2.001018157
317 280 3 575733 2.001020362
294 310 3 123524 2.001020611
248 238 3 336370 2.001057016
257 229 3 2228369 2.001071257
253 241 3 2590756 2.001073238
263 310 3 2679485 2.001082387
307 230 3 18358 2.001082570
251 244 3 1933 2.001099407
243 322 3 33073 2.001101592
324 296 3 984238 2.001104791
256 283 3 179904 2.001108291
234 289 3 14983565 2.001109954
253 292 3 4933187 2.001129345
233 314 3 4433740 2.001135682
324 262 3 1355314 2.001146096
317 252 3 4725024 2.001156604
234 269 3 66419 2.001157394
318 258 3 20520 2.001158566
264 317 3 43020 2.001159837
289 311 3 2615672 2.001189510
254 302 3 22091 2.001208142
324 278 3 63173 2.001214443
249 235 3 708162 2.001229674
248 302 3 42782 2.001230407
233 310 3 11810662 2.001234416
259 325 3 1659844 2.001237073
325 256 3 8555931 2.001244973
288 308 3 1203998 2.001252497
323 235 3 4305468 2.001268409
295 322 3 171508 2.001269829
292 314 3 141174 2.001269971
268 311 3 42797 2.001282049
241 326 3 713404 2.001290839
271 263 3 652143 2.001291485
310 303 3 4085817 2.001315443
293 271 3 5505611 2.001331315
235 308 3 5077 2.001348546
228 268 3 11438647 2.001354350
233 321 3 5279 2.001358515
273 310 3 5407204 2.001366501
277 258 3 27717 2.001371031
299 261 3 4629 2.001371929
304 274 3 8816 2.001375622
283 230 3 22286 2.001377643
303 318 3 53512 2.001383616
322 277 3 22049 2.001387462
246 299 3 2141226 2.001387867
295 283 3 43468 2.001389203
310 238 3 4329067 2.001415083
267 290 3 155274 2.001418341
278 325 3 2685975 2.001418461
271 242 3 8710 2.001424574
300 312 3 99204 2.001424580
241 258 3 20785 2.001426925
264 229 3 797700 2.001431668
308 303 3 7431115 2.001439766
320 231 3 59408 2.001443140
318 268 3 8055839 2.001445586
239 307 3 1481014 2.001466184
313 255 3 7512228 2.001478393
320 296 3 579596 2.001481461
257 270 3 318885 2.001485082
302 286 3 819 2.001490063
262 309 3 1005436 2.001503264
323 256 3 18057 2.001506140
233 325 3 537 2.001543604
317 245 3 4228406 2.001547320
273 250 3 28064 2.001580779
269 228 3 56989 2.001596777
289 315 3 33043 2.001597339
291 262 3 424167 2.001608279
298 242 3 52306 2.001636634
300 229 3 9969 2.001636838
251 308 3 1447677 2.001649905
301 233 3 7580363 2.001651339
294 265 3 26724 2.001659964
323 243 3 68704 2.001660945
324 303 3 160683 2.001670192
273 314 3 55367 2.001678413
227 300 3 50814 2.001688982
310 238 3 70560 2.001698331
308 243 3 41885 2.001708198
257 292 3 155607 2.001716547
256 230 3 3976226 2.001724365
247 299 3 58236 2.001727835
247 302 3 4760236 2.001729338
324 240 3 77104 2.001730305
232 284 3 29013661 2.001738378
277 309 3 23146 2.001753455
238 326 3 52554 2.001767589
321 269 3 3228310 2.001770173
318 259 3 272532 2.001793665
274 251 3 5121 2.001800083
261 267 3 1209 2.001800194
261 283 3 25427 2.001818495
246 259 3 23905 2.001824308
229 275 3 12809 2.001826091
256 228 3 7069 2.001839669
250 323 3 39867 2.001851777
310 305 3 21777 2.001874743
274 309 3 21661620 2.001880782
244 262 3 100643 2.001882613
264 310 3 32669 2.001887171
268 246 3 26916 2.001908606
232 260 3 460721 2.001911557
260 234 3 11079 2.001915646
319 236 3 2298887 2.001917396
302 275 3 330985 2.001917571
273 287 3 555519 2.001917768
307 297 3 9987 2.001918009
312 304 3 9249 2.001929904
311 273 3 55953 2.001939286
286 287 3 3682 2.001940785
261 309 3 260 2.001947154
230 279 3 3506 2.001953755
288 317 3 94106 2.001968097
237 316 3 1437485 2.001973415
230 286 3 72974 2.001974067
272 265 3 1486483 2.001976849
306 265 3 2890844 2.001982591
256 296 3 720260 2.001994734
242 267 3 5655953 2.002002222
251 322 3 57946 2.002008863
235 299 3 16813 2.002024712
277 247 3 76194 2.002036910
292 317 3 8529903 2.002037670
301 322 3 4579591 2.002045225
305 244 3 51667 2.002047315
292 267 3 34901 2.002050635
246 309 3 436514 2.002051380
251 308 3 24092 2.002069161
280 265 3 7433603 2.002071203
238 265 3 5456 2.002075856
301 272 3 71804 2.002078715
240 262 3 29956 2.002080246
312 250 3 6732533 2.002085011
293 324 3 900821 2.002087406
242 265 3 161728 2.002108345
228 306 3 198761 2.002135237
227 260 3 64779 2.002142842
248 270 3 429837 2.002142977
230 275 3 9274 2.002160940
238 318 3 37899 2.002175035
271 325 3 1669521 2.002201029
240 264 3 3149922 2.002203125
273 290 3 138094 2.002239724
305 230 3 1400 2.002241132
287 257 3 26193 2.002273522
244 319 3 618546 2.002278894
230 278 3 27061 2.002289706
274 316 3 27953 2.002297915
256 268 3 41802 2.002311421
317 228 3 579419 2.002316531
254 238 3 10868 2.002317206
247 270 3 26620 2.002326446
304 230 3 46812 2.002326637
306 242 3 22290 2.002342131
269 232 3 226 2.002349773
238 255 3 2874922 2.002383227
291 323 3 4648332 2.002395826
228 293 3 111967 2.002396578
252 270 3 23417604 2.002411237
244 321 3 4531904 2.002442171
308 282 3 37179 2.002445092
290 254 3 4684432 2.002446813
320 286 3 86653 2.002449982
280 309 3 1547020 2.002474893
322 302 3 1369915 2.002492029
242 305 3 697933 2.002498919
271 251 3 24051 2.002503184
295 234 3 1855 2.002514553
297 256 3 2896476 2.002516806
293 276 3 2792233 2.002527339
274 247 3 45077 2.002533498
239 295 3 9518 2.002537735
271 308 3 57318 2.002539896
299 276 3 5693168 2.002548371
234 279 3 1005575 2.002549047
234 266 3 24242 2.002550595
319 228 3 44668 2.002573494
323 265 3 2433796 2.002574243
254 293 3 15879 2.002575104
280 261 3 26316 2.002575840
303 255 3 7373 2.002577008
277 235 3 1098 2.002581973
263 232 3 7577 2.002589323
231 321 3 35575 2.002607704
285 261 3 30101 2.002612331
235 283 3 20197 2.002622498
229 323 3 25229 2.002637556
276 240 3 12949 2.002638498
296 256 3 2869 2.002646928
256 321 3 196359 2.002658559
269 233 3 987443 2.002665254
263 303 3 31191 2.002665702
287 310 3 81560 2.002672149
254 302 3 6941690 2.002685798
312 237 3 3518 2.002692539
294 266 3 79107 2.002697430
262 312 3 29396 2.002711063
306 244 3 64903 2.002723960
325 229 3 2703 2.002726596
253 234 3 547002 2.002735491
270 291 3 55012 2.002741951
238 286 3 3133398 2.002750062
227 250 3 70192 2.002750896
230 285 3 674294 2.002759784
270 299 3 7211 2.002762296
272 241 3 164596 2.002777148
269 320 3 29804 2.002791108
240 295 3 1069250 2.002800927
241 272 3 37773 2.002805610
302 255 3 3575567 2.002808667
278 309 3 7443 2.002814982
311 239 3 1718170 2.002818083
292 244 3 67805 2.002824727
253 229 3 3883 2.002850776
243 308 3 2964003 2.002856750
273 260 3 1966 2.002859363
275 308 3 888283 2.002864845
283 288 3 34151 2.002870691
265 296 3 27412232 2.002886847
242 261 3 13561624 2.002907118
247 267 3 6161 2.002908273
297 243 3 35985 2.002928094
261 309 3 16844 2.002944988
287 286 3 1411654 2.002946660
286 288 3 6051 2.002951210
306 232 3 1844997 2.002955689
284 241 3 25804 2.002959993
242 265 3 6755325 2.002966632
272 293 3 909503 2.003012353
251 322 3 1601598 2.003027546
310 253 3 7782 2.003029625
312 265 3 15127 2.003029649
256 299 3 6044296 2.003033129
274 292 3 25745 2.003037313
234 254 3 15388 2.003067997
256 241 3 3509 2.003069317
304 314 3 18336824 2.003072472
246 267 3 55688 2.003078153
254 274 3 671390 2.003081624
283 287 3 21877 2.003089851
285 261 3 1806103 2.003092418
300 264 3 58074 2.003097867
244 296 3 1428900 2.003118861
273 317 3 41593 2.003123015
306 284 3 487669 2.003123135
312 243 3 55347 2.003139128
280 319 3 55195 2.003144421
302 274 3 9668904 2.003150010
269 322 3 99153 2.003151643
304 308 3 28331 2.003154734
241 259 3 22803 2.003155694
266 299 3 4935509 2.003161060
236 292 3 76618 2.003167261
289 267 3 6675 2.003171262
238 318 3 22913 2.003188712
237 298 3 59436 2.003197273
268 311 3 32225 2.003202749
323 291 3 326343 2.003209287
320 305 3 6786 2.003214324
295 253 3 54682 2.003216938
270 258 3 1889046 2.003259566
281 228 3 37256 2.003277127
256 306 3 1300 2.003284154
301 281 3 28196 2.003292197
251 236 3 25369 2.003308141
256 293 3 14866 2.003314663
245 287 3 25532533 2.003338810
250 284 3 25452 2.003339719
301 315 3 825731 2.003343748
290 239 3 46305 2.003345482
319 232 3 78514 2.003362568
315 306 3 69484 2.003369526
306 271 3 18984 2.003370337
284 250 3 7168 2.003380514
261 286 3 53953 2.003389964
266 242 3 7353794 2.003399622
232 319 3 21431 2.003428615
259 241 3 12062 2.003429307
318 276 3 16866 2.003436438
289 276 3 6244164 2.003449635
230 264 3 36201 2.003456592
291 233 3 27213 2.003462487
259 299 3 382698 2.003467317
251 241 3 29794 2.003470073
288 240 3 848 2.003471944
251 290 3 1073468 2.003476348
250 315 3 193563 2.003477599
234 259 3 2645 2.003494212
246 313 3 157414 2.003502264
249 322 3 12779 2.003508433
246 292 3 334751 2.003513135
260 245 3 27261606 2.003531713
276 305 3 2443 2.003534425
254 274 3 1539016 2.003534429
255 274 3 5786 2.003547265
233 250 3 45764 2.003547604
314 295 3 59125 2.003549661
316 273 3 43110 2.003550533
243 278 3 61924 2.003563150
322 269 3 3298004 2.003580483
232 259 3 400621 2.003583192
305 316 3 42539 2.003601276
233 256 3 78866 2.003603713
280 264 3 21647 2.003612660
243 289 3 123375 2.003625081
252 321 3 65788 2.003633191
325 234 3 21250 2.003649827
283 321 3 151449 2.003664208
261 310 3 548065 2.003664280
243 257 3 70234 2.003671891
306 265 3 25135561 2.003674620
264 240 3 48493 2.003678208
256 229 3 1400750 2.003678897
313 270 3 47484 2.003682291
282 299 3 24246645 2.003684045
227 257 3 26821 2.003689129
316 231 3 52317 2.003709908
243 252 3 107109 2.003714434
313 244 3 1126988 2.003732509
313 261 3 81352 2.003733864
297 273 3 864722 2.003735652
249 314 3 73184 2.003752912
278 239 3 9326 2.003761694
250 281 3 785727 2.003763700
247 322 3 62122 2.003764097
235 252 3 8504 2.003767240
320 276 3 8482 2.003781330
281 242 3 22239 2.003784741
303 256 3 7234 2.003784949
233 290 3 10387 2.003803923
294 246 3 54910 2.003804941
322 233 3 20794 2.003810568
317 229 3 24655 2.003810721
239 292 3 204 2.003813915
303 286 3 9975 2.003814457
244 310 3 1047182 2.003815317
255 269 3 3318016 2.003822888
259 227 3 3599196 2.003830078
286 233 3 71592 2.003842053
266 232 3 1989222 2.003842810
263 267 3 5371 2.003847706
302 234 3 33423 2.003849225
297 265 3 444492 2.003854741
280 236 3 17007836 2.003861058
244 287 3 9809 2.003863295
260 227 3 5865655 2.003870020
295 265 3 50717 2.003887602
231 301 3 29841 2.003901312
235 315 3 9366 2.003904910
242 269 3 5461 2.003912051
237 317 3 1576171 2.003914658
252 305 3 3645621 2.003917303
283 319 3 921418 2.003920183
256 241 3 4559702 2.003922100
273 309 3 58632 2.003923414
280 295 3 1598 2.003938256
230 276 3 2872180 2.003949626
320 263 3 28403 2.003960746
301 282 3 23844 2.003973101
279 260 3 37395 2.003973666
285 322 3 526108 2.003974951
238 283 3 9163 2.003975987
299 254 3 2069393 2.003989331
228 286 3 70369 2.003989783
287 268 3 30537 2.004005018
276 233 3 46733 2.004012262
239 312 3 2826 2.004014844
302 311 3 53091 2.004027006
308 299 3 46203 2.004040885
300 285 3 24024 2.004046821
252 271 3 4877897 2.004063731
286 228 3 57063 2.004067247
246 266 3 28005740 2.004068018
262 233 3 1435981 2.004084608
256 231 3 1582107 2.004112578
320 278 3 50883 2.004116317
298 271 3 73746 2.004125584
296 320 3 48302 2.004133137
265 305 3 3515 2.004134367
299 252 3 385765 2.004134761
288 267 3 149172 2.004186291
294 279 3 6447 2.004192748
237 247 3 8554670 2.004195985
252 282 3 10322 2.004210544
311 263 3 78643 2.004223461
307 295 3 10432 2.004224591
237 297 3 145740 2.004228810
309 304 3 8347 2.004233224
261 286 3 165244 2.004244753
247 292 3 7383694 2.004255398
300 268 3 52461 2.004260565
233 263 3 1059113 2.004271839
277 311 3 1871444 2.004282213
252 311 3 64050 2.004300453
289 230 3 1967500 2.004314465
267 236 3 959772 2.004325332
235 248 3 62575 2.004329615
308 271 3 1534506 2.004331926
247 300 3 227321 2.004337395
274 234 3 1784309 2.004341961
263 300 3 1954537 2.004342752
290 243 3 35081 2.004343720
292 312 3 27842 2.004363292
297 264 3 40570 2.004367795
237 302 3 42917 2.004372430
295 229 3 8983 2.004372805
228 311 3 74600 2.004380469
282 290 3 26774 2.004384106
276 250 3 6926 2.004416901
296 322 3 99469 2.004439190
270 296 3 1859 2.004444852
303 250 3 27077 2.004450393
309 278 3 2840517 2.004452694
278 238 3 3561 2.004456762
287 240 3 2303 2.004462568
256 296 3 141598 2.004464155
323 238 3 1424827 2.004474076
298 234 3 429824 2.004498789
251 274 3 22089 2.004509079
231 286 3 4687370 2.004512291
320 241 3 44371 2.004521957
233 275 3 2459 2.004529515
291 250 3 29457 2.004541202
233 311 3 40605 2.004546663
312 241 3 2839286 2.004559837
310 265 3 8837 2.004560730
313 263 3 194509 2.004579735
240 280 3 6087195 2.004594098
232 256 3 6725790 2.004596319
287 252 3 2791 2.004606811
239 323 3 24751 2.004612695
239 313 3 65228 2.004613999
228 310 3 496594 2.004615012
247 289 3 2621800 2.004617588
228 247 3 28809 2.004617869
305 268 3 22589317 2.004645581
316 244 3 4603889 2.004654701
255 243 3 28432 2.004658842
282 301 3 54091 2.004681951
265 234 3 4805790 2.004686492
279 262 3 25057422 2.004691522
286 311 3 177158 2.004692510
278 301 3 17844661 2.004700880
326 273 3 71983 2.004701128
283 258 3 6744031 2.004707139
232 252 3 2807778 2.004710964
315 287 3 22510 2.004713082
281 315 3 1198558 2.004718468
254 309 3 832409 2.004718667
295 277 3 1435934 2.004737484
294 239 3 300278 2.004745799
282 308 3 541541 2.004763500
324 247 3 935303 2.004769555
300 321 3 1392949 2.004781549
229 266 3 55883 2.004803741
311 259 3 10412 2.004812924
250 245 3 1530 2.004817751
228 286 3 66127 2.004832311
276 255 3 1179 2.004847265
292 284 3 20194 2.004854865
318 261 3 44293 2.004856734
259 268 3 25508 2.004858087
289 315 3 8958 2.004864144
253 305 3 158684 2.004877546
320 291 3 1613652 2.004883549
305 244 3 58973 2.004900743
318 240 3 9522172 2.004901978
309 276 3 12513 2.004909904
253 276 3 677448 2.004912922
264 237 3 1481033 2.004920885
301 321 3 122589 2.004922117
324 257 3 1482726 2.004929210
253 234 3 9371669 2.004940345
312 251 3 54767 2.004959458
228 283 3 8572048 2.004963389
318 292 3 1947 2.004976364
278 299 3 802254 2.004985590
249 318 3 4041133 2.004993228
236 318 3 2491147 2.005003384
270 244 3 68788 2.005025395
296 238 3 28551 2.005041857
279 265 3 29659875 2.005048510
324 273 3 4938 2.005078332
290 235 3 54032 2.005086463
242 322 3 4963876 2.005097523
316 266 3 573962 2.005100521
234 308 3 6721633 2.005107280
281 239 3 353196 2.005110416
304 283 3 87469 2.005112223
249 294 3 444 2.005119022
236 294 3 1471992 2.005124215
268 321 3 372546 2.005126341
258 243 3 1196 2.005142323
255 276 3 2617 2.005160051
267 297 3 1057981 2.005160293
279 237 3 27432 2.005169464
245 268 3 809104 2.005169826
295 312 3 661840 2.005185169
260 230 3 53338 2.005190354
274 321 3 1480478 2.005195246
235 253 3 1405500 2.005200025
280 252 3 27047 2.005204445
230 279 3 21169555 2.005209046
253 239 3 2617926 2.005216059
280 256 3 43677 2.005216280
282 311 3 64414 2.005219448
229 300 3 29582 2.005239570
263 277 3 22205 2.005241249
308 305 3 19798 2.005254298
256 286 3 24043 2.005258033
287 276 3 2704244 2.005265377
231 325 3 553875 2.005272736
304 242 3 3946 2.005303012
323 285 3 830581 2.005307221
230 291 3 1772179 2.005317433
227 308 3 685830 2.005340070
276 265 3 253 2.005343004
298 285 3 8029022 2.005356055
279 321 3 476969 2.005368950
320 276 3 88674 2.005369420
245 273 3 52670 2.005372375
252 286 3 77565 2.005374159
273 260 3 27728 2.005388253
294 260 3 4082021 2.005390211
262 285 3 1472837 2.005396054
323 291 3 8611 2.005399399
303 235 3 2330454 2.005414288
251 242 3 62305 2.005422896
310 235 3 95908 2.005424654
253 238 3 3081156 2.005429830
235 311 3 24831 2.005431369
251 229 3 6088 2.005441527
272 261 3 592451 2.005446772
306 311 3 4504509 2.005446882
241 273 3 133846 2.005460729
322 233 3 383364 2.005465617
305 233 3 329893 2.005471911
321 306 3 72961 2.005475573
278 324 3 70826 2.005485382
235 297 3 2266245 2.005486505
244 319 3 71805 2.005490158
299 307 3 6282112 2.005495108
247 284 3 46191 2.005501023
315 249 3 46230 2.005507486
300 271 3 9368159 2.005508976
263 312 3 19058 2.005512033
245 273 3 962 2.005515132
253 309 3 1271091 2.005533651
286 319 3 62 2.005549813
311 255 3 1774971 2.005550383
266 309 3 13207662 2.005569622
320 231 3 1012211 2.005594481
281 311 3 6103 2.005625148
292 237 3 4051 2.005640741
317 289 3 14002 2.005642757
242 289 3 3408 2.005650152
230 258 3 21717 2.005658889
302 326 3 392191 2.005663343
283 287 3 204114 2.005676661
295 312 3 2511954 2.005679244
324 230 3 156117 2.005717804
325 243 3 64140 2.005727667
247 300 3 2012973 2.005738684
305 255 3 126149 2.005739742
309 306 3 257675 2.005747071
250 302 3 8791 2.005754453
311 306 3 73003 2.005764434
288 284 3 17344 2.005770570
298 236 3 275061 2.005774324
302 307 3 528 2.005791541
282 246 3 4489842 2.005803167
311 300 3 7706 2.005807685
292 255 3 1318 2.005818004
288 251 3 78289 2.005820514
326 275 3 137835 2.005823436
261 305 3 1424921 2.005824255
319 256 3 46123 2.005825081
233 290 3 9111 2.005828137
285 241 3 2397882 2.005840801
260 239 3 5843984 2.005840947
318 263 3 9915706 2.005842636
252 326 3 1778 2.005857845
300 319 3 57908 2.005900157
294 253 3 5935 2.005935306
230 318 3 4502 2.005942890
234 250 3 205088 2.005944293
277 289 3 3140 2.005945468
243 263 3 41646 2.005946799
227 306 3 22083 2.005952119
234 290 3 8976 2.005964364
286 240 3 7957 2.005972251
280 230 3 7176807 2.005974561
261 271 3 50313 2.005985217
324 273 3 38702 2.005986410
244 270 3 1994147 2.005987978
255 244 3 41417 2.005991877
288 227 3 78436 2.005992411
251 325 3 24586 2.006004927
236 267 3 8178 2.006006435
302 242 3 2959178 2.006013595
259 241 3 4962139 2.006018092
229 294 3 144572 2.006034934
259 233 3 5867854 2.006040952
321 231 3 74574 2.006053767
284 246 3 26094 2.006064150
227 255 3 9245473 2.006066323
324 294 3 3814986 2.006066942
246 263 3 3174 2.006069820
319 267 3 8646547 2.006094962
250 245 3 1529986 2.006096045
323 256 3 66913 2.006118033
232 259 3 4017580 2.006119159
322 286 3 5493212 2.006127219
257 305 3 29992 2.006131535
314 243 3 21061 2.006133468
322 236 3 5796 2.006133563
318 252 3 2166 2.006142990
274 296 3 67915 2.006158173
297 255 3 100113 2.006167883
254 306 3 46951 2.006168853
306 316 3 51911 2.006169080
317 244 3 12914 2.006172414
324 276 3 2499353 2.006174026
287 276 3 325287 2.006178290
315 268 3 7053 2.006181843
272 312 3 5547 2.006184771
243 319 3 4411613 2.006204341
285 237 3 1923976 2.006211258
287 231 3 4707966 2.006231611
313 244 3 29653 2.006244444
258 290 3 43296 2.006251944
283 242 3 84256 2.006255896
289 311 3 7562 2.006267396
245 286 3 1052400 2.006270400
272 239 3 45912 2.006308944
233 286 3 677656 2.006324221
311 281 3 23057 2.006333579
300 271 3 177133 2.006355180
266 240 3 4177 2.006370156
269 316 3 8242 2.006371365
305 320 3 87160 2.006371644
293 275 3 20028 2.006372342
286 307 3 9454035 2.006379398
263 318 3 9921667 2.006393990
247 240 3 25982 2.006430164
286 326 3 36 2.006451231
252 299 3 340792 2.006483078
280 236 3 22593 2.006483628
279 239 3 61491 2.006488831
260 298 3 1392640 2.006501940
253 279 3 5326 2.006502669
260 246 3 1723064 2.006511876
304 250 3 1973883 2.006520583
278 241 3 39629 2.006522433
233 262 3 2070 2.006524660
230 295 3 3455730 2.006582329
234 292 3 32369 2.006582848
267 308 3 60638 2.006584037
305 235 3 7820 2.006585068
314 275 3 2963759 2.006611897
278 227 3 17165 2.006612584
232 247 3 168459 2.006616114
298 278 3 6062 2.006621432
292 256 3 11392 2.006628654
259 289 3 1413519 2.006628957
317 252 3 70692 2.006634938
280 245 3 39306 2.006639070
274 296 3 352842 2.006649631
244 254 3 4717 2.006660853
285 227 3 4782316 2.006687308
231 293 3 20092974 2.006687577
248 242 3 4671604 2.006699490
249 245 3 2945493 2.006719719
245 278 3 2796826 2.006721665
295 283 3 9096 2.006725144
245 316 3 64490 2.006726779
319 233 3 4177198 2.006734596
258 274 3 3498 2.006735347
237 285 3 65786 2.006735409
304 312 3 42734 2.006739314
284 315 3 70672 2.006740588
284 307 3 19156852 2.006764801
307 251 3 300083 2.006792894
228 273 3 322197 2.006801183
301 321 3 177969 2.006805316
288 310 3 70418 2.006806142
279 294 3 48994 2.006807770
233 307 3 47132 2.006824350
295 231 3 39586 2.006825669
230 295 3 500190 2.006837531
239 323 3 48276 2.006850173
315 229 3 822142 2.006863522
298 266 3 1398944 2.006869151
244 317 3 3060957 2.006872029
243 249 3 8030 2.006873758
312 284 3 211933 2.006875844
318 285 3 49452 2.006887109
237 247 3 8777 2.006902286
308 288 3 225770 2.006909182
311 272 3 9167 2.006917724
246 293 3 6543 2.006941124
271 287 3 4129504 2.006960601
265 311 3 21438 2.006967878
323 256 3 8509 2.006971453
299 268 3 43915 2.006976838
317 228 3 21817 2.006994959
297 322 3 981834 2.007007078
316 260 3 922649 2.007007881
229 306 3 21050 2.007022633
228 279 3 778266 2.007043397
303 320 3 12251 2.007044970
249 310 3 1929 2.007060796
276 232 3 5024 2.007064596
228 307 3 82842 2.007067050
245 297 3 6031 2.007088785
302 269 3 45447 2.007095258
242 250 3 193882 2.007101150
281 323 3 8301 2.007114480
301 322 3 275810 2.007137233
307 306 3 7569 2.007145961
322 262 3 27133 2.007152306
248 293 3 23125 2.007155772
301 276 3 40100 2.007164273
283 319 3 858473 2.007173785
318 293 3 2462456 2.007174093
274 237 3 1715231 2.007194702
272 231 3 757987 2.007226202
257 245 3 8489874 2.007231111
283 230 3 835854 2.007233864
232 296 3 3690020 2.007241042
267 254 3 8976136 2.007245763
321 297 3 148228 2.007254530
319 269 3 1552099 2.007256876
276 243 3 28460 2.007276040
258 320 3 1611322 2.007278515
231 259 3 2048761 2.007280254
259 283 3 9886 2.007283702
229 268 3 65927 2.007287898
285 312 3 5027756 2.007301027
304 268 3 47727 2.007302909
231 295 3 23843 2.007308901
279 234 3 36896 2.007313919
308 246 3 17783 2.007316345
232 264 3 23401 2.007320061
256 270 3 8184703 2.007326075
305 274 3 2422235 2.007337744
274 259 3 49104 2.007338277
309 290 3 1961688 2.007369903
318 260 3 58878 2.007383578
230 326 3 18129707 2.007386840
308 242 3 7736 2.007389251
252 268 3 765890 2.007419261
322 281 3 493699 2.007427541
273 233 3 9176218 2.007434070
319 248 3 3942421 2.007441379
236 308 3 198567 2.007453513
312 276 3 7132680 2.007458056
256 279 3 5711 2.007458344
314 291 3 1680440 2.007464128
228 255 3 685407 2.007471019
287 263 3 25498 2.007480338
291 265 3 19312 2.007486050
272 311 3 127295 2.007498173
273 229 3 67004 2.007501438
241 257 3 15091 2.007502733
259 267 3 53789 2.007511192
248 277 3 98574 2.007534643
257 269 3 465378 2.007542429
269 296 3 6215 2.007542953
246 313 3 13976 2.007546371
272 321 3 1364 2.007553255
285 316 3 9240196 2.007563340
255 312 3 55075 2.007564111
311 302 3 56082 2.007570235
315 261 3 20878 2.007575907
324 294 3 7556071 2.007591958
235 266 3 79844 2.007596890
270 290 3 2007062 2.007617746
265 312 3 22911 2.007618942
266 281 3 611103 2.007633563
296 265 3 591587 2.007635684
283 292 3 1338150 2.007642880
294 325 3 2064425 2.007654074
307 233 3 7090 2.007668158
313 231 3 101649 2.007675860
320 277 3 14055 2.007695272
322 275 3 21958 2.007696029
250 232 3 7040 2.007701938
227 324 3 3300341 2.007703277
273 238 3 5412 2.007734014
326 249 3 709208 2.007744044
305 283 3 1162181 2.007747756
287 261 3 3396 2.007754566
310 268 3 14235 2.007772372
265 231 3 47579 2.007773042
302 321 3 74997 2.007773712
266 325 3 11650 2.007786210
260 269 3 24633 2.007790961
235 295 3 15433 2.007791996
264 295 3 5889577 2.007793211
275 264 3 48179 2.007795175
292 264 3 1154315 2.007808337
307 252 3 257082 2.007809137
319 290 3 9512 2.007815539
286 262 3 462590 2.007816693
275 290 3 1034409 2.007822382
309 274 3 1778004 2.007831665
320 277 3 1243778 2.007843738
313 281 3 26758 2.007844272
317 286 3 44848 2.007851020
279 316 3 50329 2.007856492
283 247 3 1698075 2.007860638
291 321 3 4132950 2.007871451
264 278 3 6754 2.007897132
233 300 3 518847 2.007903098
315 302 3 231 2.007931319
305 319 3 2668140 2.007934333
320 260 3 3400 2.007934558
239 253 3 77821 2.007941685
227 275 3 5774 2.007941961
305 239 3 35656 2.007958995
311 301 3 3161378 2.007965203
230 312 3 4773 2.007965692
247 297 3 441837 2.007973714
307 253 3 1975183 2.007976129
292 275 3 16210 2.007995214
277 253 3 23535 2.008014955
289 308 3 119784 2.008019620
284 318 3 44495 2.008041561
234 312 3 60022 2.008052301
278 302 3 29997105 2.008057468
266 285 3 8528 2.008057471
293 244 3 1870101 2.008071905
246 287 3 9317485 2.008074355
277 241 3 51676 2.008081627
298 238 3 58271 2.008084310
232 267 3 63898 2.008101266
251 317 3 6290806 2.008112282
248 295 3 7139712 2.008123088
267 239 3 390833 2.008134400
311 285 3 55211 2.008141241
291 232 3 4139 2.008153362
302 285 3 66763 2.008153857
288 322 3 34558 2.008157236
326 246 3 724217 2.008170655
280 287 3 1085331 2.008171777
311 244 3 6205 2.008180775
243 326 3 16306530 2.008183268
269 238 3 78940 2.008200081
256 282 3 69362 2.008213114
238 264 3 606231 2.008217512
317 285 3 19699 2.008223176
241 295 3 24497 2.008225911
280 290 3 40941 2.008232227
254 270 3 17815 2.008236243
286 265 3 29029 2.008236855
249 309 3 3938 2.008248012
324 272 3 5801 2.008252061
313 231 3 1165913 2.008272876
245 270 3 685162 2.008276506
230 258 3 9262 2.008317774
244 248 3 29706 2.008317792
273 260 3 62545 2.008335727
289 262 3 13429 2.008336424
248 241 3 29727 2.008350973
266 234 3 171613 2.008355440
284 310 3 2691543 2.008366199
323 239 3 145374 2.008367200
297 254 3 44415 2.008400742
319 251 3 18885 2.008411350
309 298 3 4081325 2.008420682
253 307 3 4754457 2.008446625
280 243 3 8321592 2.008460119
231 297 3 6851 2.008470961
256 324 3 23240 2.008480602
290 307 3 60843 2.008483672
294 314 3 198269 2.008491218
300 232 3 8854881 2.008494353
233 306 3 16896 2.008501997
295 251 3 5444544 2.008505529
244 273 3 9285 2.008506641
247 317 3 379768 2.008515194
250 291 3 3429830 2.008519913
240 254 3 48297 2.008526391
321 285 3 6149285 2.008528860
228 274 3 65288 2.008529040
323 248 3 779139 2.008536651
292 279 3 1699368 2.008541383
264 323 3 1109069 2.008544110
307 247 3 905175 2.008549838
236 281 3 21889 2.008565465
279 242 3 6570 2.008568500
318 251 3 572268 2.008586631
293 227 3 71760 2.008588987
227 281 3 4768355 2.008594970
236 285 3 978395 2.008607881
253 304 3 576272 2.008625516
286 294 3 78136 2.008627489
299 263 3 68189 2.008639311
294 227 3 716187 2.008643715
313 234 3 69931 2.008671919
241 295 3 45527 2.008673205
298 250 3 76016 2.008674937
283 297 3 9310 2.008693816
269 237 3 4527 2.008699027
317 292 3 4714065 2.008702777
294 318 3 767 2.008702874
253 283 3 54491 2.008708966
238 261 3 5020065 2.008734888
317 289 3 1078875 2.008747555
247 324 3 41486 2.008750099
292 259 3 287091 2.008751784
228 299 3 4227511 2.008752382
310 282 3 27535 2.008799569
232 305 3 406562 2.008801182
243 322 3 136129 2.008805637
304 253 3 8303 2.008811359
303 241 3 13096 2.008816606
314 261 3 2134 2.008818883
285 297 3 1043002 2.008828420
295 309 3 7894120 2.008835755
255 314 3 1302587 2.008854208
290 229 3 2171682 2.008868983
292 255 3 119861 2.008886737
288 319 3 40053 2.008887453
320 283 3 52714 2.008891267
260 283 3 7481229 2.008899883
228 257 3 822253 2.008900209
289 272 3 261645 2.008905018
253 324 3 1494908 2.008907965
304 286 3 9271 2.008909671
247 287 3 10009 2.008923394
296 281 3 25383 2.008929586
235 267 3 9103 2.008930479
268 230 3 907897 2.008970150
281 291 3 68753 2.008973492
275 251 3 12756 2.008974823
280 253 3 74335 2.008979977
317 306 3 4119 2.009000855
313 274 3 64764 2.009008815
229 304 3 1981190 2.009020095
298 231 3 1566909 2.009039465
321 291 3 679170 2.009040022
282 227 3 134727 2.009040037
281 261 3 192521 2.009060738
300 271 3 1317 2.009072944
295 248 3 25537 2.009073607
266 312 3 18829 2.009099918
306 245 3 7032257 2.009143192
248 237 3 43813 2.009151754
275 324 3 48964 2.009152952
271 312 3 1149359 2.009161669
273 304 3 1951599 2.009164788
298 312 3 1366287 2.009165702
243 269 3 53259 2.009177579
284 313 3 1659008 2.009263550
253 292 3 1240966 2.009267140
300 245 3 14018719 2.009293565
285 287 3 14877498 2.009294430
229 269 3 12966 2.009297245
241 296 3 23201 2.009300661
264 305 3 649015 2.009324893
292 310 3 1119855 2.009327476
326 252 3 9065933 2.009336517
248 268 3 1229127 2.009342327
296 253 3 174419 2.009355097
283 326 3 187624 2.009369146
313 251 3 9774 2.009369624
304 249 3 24663 2.009377008
247 323 3 28216 2.009381649
316 230 3 9909 2.009392105
307 242 3 29248 2.009394247
303 234 3 5404423 2.009395451
284 304 3 48153 2.009397306
277 241 3 23910 2.009398540
267 292 3 53040 2.009407454
227 298 3 662844 2.009417150
271 262 3 2710126 2.009439541
232 282 3 35968 2.009442871
297 233 3 79692 2.009457821
268 237 3 1303031 2.009490162
270 326 3 3166589 2.009499106
285 255 3 22303 2.009506261
302 252 3 19245 2.009520589
325 238 3 6955984 2.009523388
258 234 3 49419 2.009554741
252 303 3 27711 2.009574394
296 265 3 26813 2.009581385
298 307 3 49665 2.009591527
235 265 3 24732 2.009592232
298 234 3 28837 2.009597148
295 310 3 139581 2.009611576
266 296 3 41132 2.009615912
258 275 3 39243 2.009620298
300 271 3 803089 2.009639372
276 235 3 3938746 2.009649987
244 276 3 818907 2.009652672
315 285 3 8361191 2.009659894
320 265 3 76642 2.009669884
287 277 3 29628 2.009688623
243 283 3 559730 2.009705277
297 273 3 70879 2.009705795
286 323 3 10724 2.009716684
231 317 3 36768 2.009719434
261 268 3 17610 2.009727687
239 320 3 51788 2.009755192
229 250 3 1542102 2.009765668
251 279 3 41025 2.009776807
267 315 3 945 2.009786497
307 250 3 26609 2.009820681
311 269 3 20161 2.009831122
281 317 3 169376 2.009836540
227 322 3 76586 2.009847240
304 310 3 79635 2.009853537
295 256 3 48287 2.009864557
273 242 3 7482 2.009880558
261 293 3 2885671 2.009884366
321 267 3 11780 2.009890151
305 285 3 21378 2.009898848
256 316 3 138428 2.009901530
316 299 3 192484 2.009902200
232 294 3 7757379 2.009917951
234 322 3 3679 2.009924322
263 231 3 1975646 2.009934846
320 253 3 159060 2.009936316
318 235 3 3720 2.009938665
247 227 3 19493 2.009941966
271 242 3 44516 2.009943997
233 300 3 1277975 2.009955172
288 316 3 27364 2.009955373
263 321 3 33539 2.009972585
284 314 3 11391917 2.009988331
287 234 3 5960619 2.009998909
279 323 3 2369625 2.010002278
271 291 3 17897 2.010005208
257 313 3 914336 2.010022562
236 261 3 23026 2.010025738
306 316 3 49476 2.010026783
312 280 3 25980 2.010046745
319 285 3 775409 2.010060102
296 322 3 2852 2.010062156
287 323 3 6563192 2.010063287
315 272 3 170093 2.010074980
233 257 3 8978 2.010076082
271 244 3 50676 2.010126399
271 236 3 6780156 2.010134181
248 276 3 1276202 2.010134548
254 273 3 235618 2.010143042
252 289 3 21573 2.010145603
309 288 3 1866 2.010152387
273 236 3 3589 2.010173329
246 264 3 23887 2.010182247
248 303 3 2587 2.010185879
278 262 3 48339 2.010191413
280 254 3 2059 2.010197217
231 266 3 3170 2.010204058
251 325 3 24298 2.010208012
298 255 3 70615 2.010210975
237 270 3 30262 2.010217850
242 311 3 356402 2.010226396
314 263 3 53846 2.010233814
256 323 3 72441 2.010235123
305 268 3 35299 2.010248919
284 319 3 20469 2.010269413
283 318 3 5241 2.010271500
274 326 3 1540960 2.010289626
241 295 3 21382 2.010295234
251 316 3 6413 2.010301265
322 259 3 647668 2.010301716
241 270 3 1483147 2.010317986
298 321 3 6129 2.010324130
311 296 3 1671959 2.010338060
278 307 3 36386 2.010355294
313 285 3 616736 2.010361368
300 233 3 5970 2.010362198
281 306 3 1165 2.010367998
307 251 3 1918 2.010373283
263 282 3 1356052 2.010394530
274 315 3 2061135 2.010397566
256 285 3 27680 2.010398035
228 283 3 2425101 2.010401220
289 269 3 245 2.010406562
280 321 3 15174 2.010415620
309 265 3 2251397 2.010416987
228 294 3 21855 2.010423810
271 308 3 21299 2.010428912
281 293 3 3055549 2.010452223
266 291 3 1305119 2.010455666
311 257 3 28224 2.010460120
274 239 3 3001 2.010463218
295 237 3 111581 2.010475302
249 269 3 2623460 2.010483082
233 277 3 99764 2.010494463
306 246 3 20888 2.010501821
255 305 3 302158 2.010510707
278 243 3 49566 2.010511600
322 248 3 2831485 2.010518650
284 294 3 21056 2.010561584
326 297 3 21767887 2.010562555
295 246 3 62442 2.010599874
261 233 3 620963 2.010613810
319 233 3 43968 2.010615850
314 278 3 20574159 2.010634399
228 300 3 29869 2.010635244
315 254 3 19715 2.010638396
321 235 3 6335 2.010642055
300 309 3 765 2.010648300
283 317 3 46209 2.010654059
292 258 3 79669 2.010659523
247 287 3 7920 2.010678144
318 282 3 23494905 2.010686739
311 245 3 6237957 2.010706206
306 271 3 11105 2.010707713
321 242 3 14440650 2.010716835
229 290 3 196720 2.010723341
273 263 3 43050 2.010735129
241 273 3 2425234 2.010738508
268 287 3 9968 2.010741423
311 282 3 19587 2.010754885
255 302 3 6972521 2.010759092
231 325 3 9194 2.010760219
260 322 3 15848 2.010762469
286 289 3 25495 2.010793603
249 298 3 4540885 2.010827521
315 280 3 32028 2.010830136
325 289 3 278712 2.010833731
297 236 3 91228 2.010862556
318 288 3 77860 2.010865776
268 317 3 378903 2.010866278
262 267 3 7212 2.010866473
259 307 3 6764933 2.010874587
320 276 3 1356298 2.010876130
235 272 3 120260 2.010885343
291 257 3 56095 2.010897826
286 265 3 20101 2.010900090
284 231 3 17665273 2.010900168
288 315 3 8317 2.010916108
275 307 3 10580 2.010917091
273 320 3 26283 2.010922386
244 266 3 1306236 2.010925419
250 235 3 5235 2.010929751
316 237 3 31500 2.010951221
311 272 3 71588 2.010966226
279 256 3 2 2.010974419
262 314 3 44400 2.010975287
307 250 3 133988 2.010976701
322 232 3 79433 2.010978967
319 263 3 191 2.011006866
291 266 3 4068555 2.011014734
248 271 3 32870 2.011018116
250 281 3 40734 2.011032709
290 227 3 2898560 2.011038500
308 290 3 13703 2.011039287
242 299 3 1084432 2.011040501
309 230 3 67958 2.011052365
319 265 3 1884 2.011053628
313 286 3 1129754 2.011057990
258 314 3 986795 2.011082323
229 284 3 28373 2.011097988
312 258 3 60812 2.011110008
277 243 3 950149 2.011113445
277 302 3 78894 2.011117858
243 303 3 55926 2.011118478
309 290 3 33626 2.011123225
254 304 3 652158 2.011124849
325 277 3 687411 2.011154498
295 229 3 18465 2.011157302
266 238 3 9327870 2.011171730
308 279 3 36130 2.011171937
256 314 3 22466 2.011182598
230 271 3 4399 2.011218489
250 280 3 56968 2.011236104
277 321 3 21300 2.011237913
310 301 3 63058 2.011240901
279 239 3 9691 2.011248009
312 296 3 1272522 2.011253171
239 277 3 7550077 2.011256300
295 248 3 613103 2.011263563
279 227 3 47547 2.011271335
267 235 3 16557 2.011282315
257 290 3 24150 2.011288523
272 236 3 3312308 2.011292981
294 245 3 739930 2.011300361
254 298 3 1312 2.011314089
320 305 3 2553 2.011319288
321 238 3 6181 2.011348090
295 316 3 36819 2.011349576
312 243 3 14607093 2.011354217
247 324 3 17977630 2.011365147
321 302 3 157661 2.011373970
250 281 3 39341 2.011378392
301 240 3 33415 2.011379994
233 253 3 106667 2.011386335
261 301 3 9151 2.011386460
304 263 3 164155 2.011390350
282 231 3 651409 2.011392336
300 227 3 29235 2.011396213
285 254 3 21283 2.011396558
307 236 3 36732 2.011397129
279 263 3 1827918 2.011408412
242 306 3 6390875 2.011435490
229 247 3 766655 2.011435790
325 298 3 19424 2.011437888
302 254 3 7736 2.011438960
237 252 3 66953 2.011452908
261 234 3 398057 2.011455570
251 291 3 4616950 2.011460724
237 306 3 5936703 2.011472928
267 233 3 4083 2.011483363
284 257 3 23359 2.011520845
292 312 3 1264233 2.011575083
291 250 3 45149 2.011575134
287 234 3 24459446 2.011599497
304 286 3 1864361 2.011603240
290 230 3 14946 2.011605229
260 233 3 21509 2.011623492
251 276 3 184092 2.011648800
309 277 3 273923 2.011651420
252 275 3 485321 2.011652942
314 249 3 178915 2.011661144
284 252 3 536726 2.011665941
237 303 3 378905 2.011666096
323 287 3 1204492 2.011670154
280 316 3 5900 2.011681725
231 266 3 59828 2.011690251
304 326 3 22255 2.011691477
310 306 3 38639 2.011697313
324 240 3 8397490 2.011699926
276 314 3 27194 2.011704563
311 264 3 64236 2.011708071
309 251 3 4589305 2.011711513
276 229 3 146418 2.011713201
240 264 3 1494164 2.011723296
255 232 3 5031724 2.011729268
299 316 3 1926999 2.011732569
241 299 3 40844 2.011761565
288 278 3 9044 2.011761633
245 263 3 313658 2.011763656
288 323 3 64802 2.011774238
308 273 3 1938225 2.011774579
234 252 3 1903897 2.011784354
314 296 3 1182989 2.011801127
279 233 3 1454 2.011803527
310 257 3 5641972 2.011804564
235 265 3 8191 2.011823100
235 281 3 43418 2.011836724
296 317 3 802 2.011841746
324 286 3 13858 2.011841950
262 243 3 683737 2.011848007
295 228 3 43509 2.011848708
227 257 3 685246 2.011853204
227 281 3 78496 2.011853869
301 283 3 13168 2.011858498
263 325 3 35641 2.011858816
285 260 3 1949481 2.011864213
319 253 3 3844472 2.011882176
291 235 3 6522 2.011893864
278 234 3 147926 2.011895734
292 229 3 1195098 2.011897245
278 287 3 10927 2.011906328
307 302 3 15651278 2.011909564
281 305 3 1433629 2.011926898
246 305 3 3776 2.011936136
301 269 3 6081 2.011947045
296 268 3 717673 2.011962876
300 241 3 37659 2.011966063
253 320 3 25670 2.011993112
233 318 3 8217356 2.012032160
234 322 3 4609877 2.012035775
238 293 3 1830040 2.012041115
286 299 3 38601 2.012049887
310 303 3 5990631 2.012054648
239 322 3 3011931 2.012055541
308 279 3 738561 2.012058983
273 256 3 1197595 2.012063051
319 242 3 66982 2.012063504
324 306 3 39671 2.012068423
304 269 3 9245 2.012083603
262 270 3 24301 2.012116818
284 304 3 46001 2.012123311
270 299 3 2702495 2.012130104
325 297 3 584319 2.012135002
301 320 3 26090 2.012143083
308 302 3 632439 2.012143832
239 297 3 135935 2.012144243
235 272 3 19032321 2.012154634
286 227 3 68009 2.012161483
288 274 3 2478149 2.012175774
243 323 3 9523286 2.012189083
271 253 3 22886 2.012191211
239 298 3 37547 2.012196808
304 257 3 24706 2.012204439
265 301 3 36824 2.012210965
255 317 3 5702487 2.012213396
250 277 3 247678 2.012241969
299 265 3 914 2.012244409
238 260 3 3190218 2.012244987
253 318 3 38556 2.012260696
234 248 3 26800 2.012277073
267 260 3 31247 2.012282914
295 270 3 66096 2.012298229
256 244 3 695953 2.012301700
308 236 3 651399 2.012302898
255 268 3 8865 2.012304151
280 227 3 2125747 2.012306482
228 285 3 5028094 2.012307007
281 256 3 12345 2.012323173
281 228 3 6878 2.012323806
229 262 3 118076 2.012327500
314 295 3 87134 2.012329536
279 248 3 6499 2.012330594
278 311 3 28008027 2.012337316
320 235 3 8477 2.012340239
228 317 3 25676459 2.012341739
239 301 3 4473844 2.012345579
302 280 3 67748 2.012361111
290 271 3 182 2.012368117
288 256 3 1985352 2.012371455
252 286 3 2592 2.012374610
254 322 3 1598306 2.012375431
306 258 3 4128 2.012375523
252 280 3 56264 2.012377359
286 261 3 1253659 2.012390391
276 240 3 40090 2.012409643
286 260 3 26845 2.012411244
265 307 3 4107763 2.012414466
241 256 3 183329 2.012421532
280 236 3 959459 2.012423495
240 308 3 63817 2.012433666
270 291 3 56404 2.012439024
325 288 3 893562 2.012443587
307 280 3 31697 2.012444825
252 272 3 14615714 2.012450647
292 241 3 60444 2.012459067
315 267 3 30770 2.012484032
285 255 3 1252332 2.012494573
315 300 3 7700666 2.012503159
268 227 3 7805894 2.012513101
318 248 3 2767890 2.012520471
264 294 3 6309 2.012537703
287 319 3 43615 2.012560764
265 321 3 47858 2.012565940
248 236 3 42485 2.012581360
250 296 3 48937 2.012592337
312 227 3 52242 2.012598324
285 302 3 1274035 2.012599000
261 300 3 25876 2.012608586
230 304 3 3918216 2.012612553
246 306 3 65886 2.012612932
232 258 3 42640 2.012627616
280 297 3 2836349 2.012639482
265 274 3 477018 2.012645598
240 263 3 9366 2.012648206
265 313 3 48133 2.012648249
277 252 3 32228 2.012656638
306 259 3 17616 2.012690571
295 243 3 29921 2.012697456
244 256 3 525984 2.012705954
286 323 3 27542 2.012706395
272 316 3 216277 2.012711559
318 302 3 1085 2.012722916
307 288 3 1578908 2.012723998
279 321 3 1053570 2.012729037
298 313 3 27485 2.012740456
319 244 3 61424 2.012740747
235 278 3 810028 2.012760439
270 232 3 3208795 2.012761135
276 292 3 72765 2.012767450
285 235 3 1508425 2.012804166
248 231 3 29943 2.012807619
270 254 3 138175 2.012838419
310 248 3 7772301 2.012840992
260 272 3 69810 2.012854259
308 272 3 22786508 2.012856456
318 254 3 642224 2.012869519
306 253 3 67230 2.012870408
230 254 3 6282 2.012879594
272 255 3 5771012 2.012883192
284 230 3 63672 2.012883870
310 297 3 27287 2.012889408
261 280 3 49513 2.012890153
262 300 3 4769693 2.012892094
291 286 3 103316 2.012892619
237 250 3 6608 2.012895479
234 298 3 102 2.012901576
237 326 3 2629 2.012904933
322 245 3 18018 2.012912933
253 295 3 371487 2.012924426
272 230 3 517569 2.012946044
231 307 3 48572 2.012946858
256 326 3 44476 2.012966744
317 227 3 23398 2.012981077
263 227 3 5301 2.012983951
286 233 3 441623 2.012988044
261 268 3 65262 2.013008540
248 309 3 8453 2.013025114
256 298 3 1783821 2.013031184
274 305 3 9672722 2.013050447
272 326 3 21250 2.013058953
296 231 3 16285 2.013098747
326 284 3 7686 2.013104788
310 285 3 1947706 2.013163499
310 237 3 24460 2.013175506
263 294 3 1623761 2.013178451
284 252 3 16652 2.013179071
260 240 3 56648 2.013194845
278 237 3 34009 2.013203604
267 316 3 10913333 2.013210996
238 283 3 3713235 2.013217292
315 264 3 56697 2.013231902
259 267 3 2059264 2.013233584
275 323 3 10803 2.013239703
239 249 3 3206489 2.013244760
297 325 3 59582 2.013254911
309 234 3 8573 2.013264909
256 290 3 38164 2.013266770
277 303 3 28459 2.013272380
288 236 3 896259 2.013275808
266 300 3 8891852 2.013284710
317 295 3 122655 2.013292774
319 230 3 1360128 2.013293989
256 307 3 862333 2.013294394
282 235 3 51309 2.013322009
286 253 3 417268 2.013335736
269 253 3 57975 2.013342129
300 282 3 1811156 2.013346203
284 249 3 7371 2.013352556
237 266 3 9052764 2.013357510
273 249 3 6207280 2.013363464
260 273 3 1709145 2.013365869
295 240 3 32671 2.013385159
321 228 3 27819726 2.013386730
293 265 3 4102494 2.013425204
322 282 3 3026 2.013431904
237 304 3 4248896 2.013436647
241 268 3 350761 2.013449279
242 270 3 578624 2.013451229
287 246 3 4313019 2.013457740
260 239 3 21844 2.013479470
230 284 3 5086295 2.013480390
273 257 3 38105 2.013490954
240 322 3 835367 2.013502191
255 305 3 1748584 2.013505085
235 296 3 1731269 2.013510361
235 289 3 7098 2.013510489
326 246 3 3301083 2.013510651
271 265 3 24852 2.013534549
281 241 3 478 2.013542728
298 268 3 10095 2.013543712
312 260 3 43865 2.013545276
261 284 3 6590101 2.013548505
247 287 3 2165710 2.013573391
251 325 3 737424 2.013579570
253 299 3 1499813 2.013583445
313 302 3 4106 2.013603668
307 289 3 1131261 2.013603761
323 292 3 2195975 2.013612676
231 321 3 36403 2.013627353
249 279 3 26261 2.013630937
315 228 3 4148808 2.013636468
308 266 3 1755113 2.013640430
251 322 3 3076043 2.013640978
273 318 3 4329859 2.013651019
252 276 3 772555 2.013657501
323 305 3 24330792 2.013664417
308 300 3 24131 2.013667440
249 321 3 65109 2.013671353
257 244 3 10540 2.013672067
265 306 3 6772161 2.013672137
286 292 3 239064 2.013674693
266 307 3 114760 2.013679984
271 247 3 19595324 2.013713214
249 286 3 20484630 2.013717988
242 272 3 270528 2.013725202
250 298 3 190295 2.013735541
243 288 3 3938 2.013743094
237 262 3 27035 2.013755898
240 324 3 39970 2.013757852
303 249 3 1365696 2.013773301
316 250 3 5291263 2.013773616
248 291 3 31873 2.013809683
246 311 3 71614 2.013815655
248 285 3 132735 2.013827244
308 230 3 414568 2.013829914
282 265 3 28770 2.013830746
313 292 3 3071139 2.013837832
322 291 3 675181 2.013843647
264 240 3 1171 2.013845327
302 254 3 29156 2.013853360
243 247 3 9153 2.013879361
232 313 3 31784 2.013886559
290 255 3 588627 2.013889060
262 288 3 27857 2.013901361
294 233 3 79229 2.013902215
323 274 3 25251 2.013902907
247 233 3 168383 2.013912228
281 313 3 3300013 2.013920498
304 310 3 61869 2.013923357
283 266 3 2427078 2.013946407
286 233 3 3739694 2.013947696
299 272 3 19733 2.013973367
250 297 3 782334 2.013978683
277 312 3 1794293 2.013978897
246 284 3 1480773 2.013979520
261 278 3 3741580 2.014000171
326 235 3 174355 2.014003227
319 298 3 9018075 2.014004340
236 309 3 78591 2.014004999
268 241 3 8107 2.014012251
230 309 3 44403 2.014026974
291 322 3 591237 2.014030814
279 247 3 39172 2.014031372
287 278 3 776 2.014040924
322 286 3 162200 2.014044405
301 315 3 21719559 2.014045368
254 243 3 5799411 2.014046341
293 326 3 33462 2.014051687
239 320 3 31751 2.014058846
269 308 3 133046 2.014059356
282 260 3 7270130 2.014059919
292 238 3 527988 2.014063596
289 280 3 40434 2.014072524
233 286 3 7157 2.014082019
260 274 3 29078 2.014082104
233 325 3 10372 2.014090411
310 234 3 8937 2.014095263
273 259 3 21446 2.014104426
290 316 3 13651 2.014109394
296 253 3 168353 2.014124396
245 248 3 13222143 2.014129692
308 280 3 835158 2.014130856
272 295 3 20007 2.014132222
324 254 3 1902851 2.014136111
273 317 3 25449 2.014136858
250 278 3 51773 2.014162116
295 326 3 1237881 2.014164755
248 268 3 8318 2.014172081
249 317 3 2796 2.014191770
254 242 3 27469 2.014198799
268 261 3 32439 2.014203045
253 227 3 5051255 2.014206272
227 291 3 24158 2.014209596
268 303 3 249724 2.014216731
320 289 3 6077 2.014240057
286 303 3 4682 2.014246426
258 303 3 12033165 2.014253103
239 289 3 28388 2.014259537
291 259 3 21060 2.014261449
282 240 3 7109893 2.014283837
233 293 3 604395 2.014306409
323 267 3 572839 2.014325011
232 286 3 58926 2.014330346
278 256 3 15367 2.014340609
227 283 3 70502 2.014340681
308 230 3 48818 2.014346234
281 256 3 472133 2.014366196
262 281 3 1287 2.014371942
248 319 3 581609 2.014374586
235 280 3 41099 2.014381722
290 253 3 1628689 2.014384109
235 247 3 2836 2.014397836
296 231 3 71902 2.014403021
277 290 3 403816 2.014404887
287 237 3 3015918 2.014421616
317 256 3 4188921 2.014443688
326 275 3 111444 2.014444732
278 235 3 24649 2.014455063
298 238 3 28807 2.014460320
300 270 3 5642115 2.014460811
275 250 3 30781 2.014483871
245 290 3 28344 2.014487997
298 317 3 72408 2.014496907
268 250 3 6686303 2.014497123
317 305 3 1559215 2.014503689
311 298 3 199314 2.014508536
295 246 3 7847 2.014547544
270 248 3 56151 2.014552254
323 269 3 42433 2.014559388
251 313 3 5770 2.014559820
310 300 3 4178835 2.014564170
236 285 3 17389 2.014571283
302 244 3 49685 2.014572942
264 279 3 7585846 2.014583421
310 245 3 72957 2.014583713
303 310 3 65351 2.014592179
258 287 3 76233 2.014599197
320 296 3 2983 2.014611704
288 254 3 5977 2.014623565
314 252 3 14212 2.014632038
248 280 3 59518 2.014632808
237 291 3 3874 2.014634287
303 253 3 8077339 2.014642092
286 322 3 34180 2.014650365
251 232 3 5379906 2.014659298
230 275 3 329407 2.014659763
325 295 3 18869 2.014685097
326 250 3 8057458 2.014688391
310 248 3 85820 2.014689100
300 322 3 52421 2.014693676
298 317 3 1006714 2.014693953
312 234 3 142502 2.014697987
231 254 3 114754 2.014736266
230 301 3 1893 2.014736887
311 263 3 455870 2.014739758
319 274 3 4523 2.014744848
253 306 3 48444 2.014754794
245 247 3 51579 2.014756602
250 294 3 3326993 2.014760706
289 314 3 1531 2.014765212
264 294 3 69655 2.014766354
266 284 3 67642 2.014770164
236 293 3 26517599 2.014774396
280 229 3 90053 2.014777470
228 303 3 3344 2.014783031
282 292 3 14164 2.014787823
319 282 3 8491245 2.014799078
259 294 3 7541465 2.014805654
230 282 3 44353 2.014819047
320 276 3 186824 2.014836912
245 300 3 2376713 2.014847058
239 299 3 23180 2.014852798
256 229 3 10941 2.014866973
227 269 3 19103 2.014869838
263 243 3 8528 2.014873346
244 279 3 31829 2.014873439
299 279 3 75289 2.014879904
278 289 3 3751580 2.014895581
268 248 3 52900 2.014896248
323 259 3 2143954 2.014896362
308 300 3 3724465 2.014898389
293 245 3 25167 2.014899885
259 283 3 42188 2.014906811
299 231 3 99101 2.014922810
270 302 3 61941 2.014932797
300 237 3 22965 2.014946709
274 295 3 53446 2.014953437
275 314 3 6820702 2.014964682
233 316 3 43563 2.014969486
309 274 3 41089 2.014981707
284 309 3 7591252 2.015001389
246 293 3 6520 2.015005285
319 246 3 38168 2.015011164
298 313 3 51798 2.015024096
259 312 3 52563 2.015025866
291 243 3 493507 2.015029254
283 245 3 4668584 2.015054716
259 308 3 598981 2.015059124
249 315 3 10481 2.015067541
284 266 3 42923 2.015075282
251 318 3 175813 2.015090787
267 297 3 7571 2.015101636
255 284 3 1126861 2.015108459
253 313 3 77864 2.015121785
316 267 3 2788987 2.015126946
302 241 3 3118339 2.015132617
320 268 3 44557 2.015135090
274 310 3 47151 2.015138854
313 261 3 1789884 2.015145100
311 229 3 1674101 2.015160531
250 307 3 2009912 2.015178675
324 274 3 338402 2.015187417
245 301 3 4456204 2.015194434
247 313 3 40154 2.015198485
233 273 3 43522 2.015206330
297 251 3 3961450 2.015212613
305 326 3 5353520 2.015216477
264 283 3 102436 2.015224541
319 291 3 29221327 2.015231583
249 272 3 4099522 2.015234352
241 277 3 8840 2.015242907
279 312 3 1942347 2.015251660
258 299 3 202181 2.015254429
259 302 3 107249 2.015255716
279 258 3 87663 2.015258541
237 297 3 111 2.015281234
304 268 3 19201 2.015289975
281 229 3 2211 2.015304013
280 312 3 3864 2.015315753
262 235 3 10854 2.015326745
258 318 3 28366 2.015338723
242 284 3 65003 2.015346439
305 325 3 44427 2.015363487
317 278 3 1530808 2.015382650
319 239 3 27707 2.015388628
229 284 3 38725 2.015393465
318 230 3 585435 2.015403366
259 312 3 84141 2.015412848
301 313 3 42011 2.015416997
317 272 3 5335 2.015423312
323 255 3 57446 2.015436647
294 284 3 29762 2.015443217
301 286 3 432249 2.015448177
293 323 3 1483725 2.015449804
243 283 3 2908457 2.015453184
248 283 3 749859 2.015456462
310 280 3 5009 2.015474452
295 233 3 23275 2.015477057
237 322 3 316092 2.015491283
256 317 3 10943650 2.015503076
301 254 3 711869 2.015507035
283 241 3 1889093 2.015507427
236 274 3 57794 2.015508135
301 259 3 1648723 2.015518839
318 268 3 1840581 2.015536899
253 279 3 9279 2.015545404
306 314 3 3820113 2.015562733
280 238 3 554873 2.015572328
239 263 3 8291 2.015579488
320 275 3 39506 2.015585624
297 324 3 14770 2.015613006
304 266 3 29702 2.015617187
250 309 3 65781 2.015618766
287 282 3 986227 2.015628114
269 235 3 29553242 2.015631542
270 257 3 56859 2.015642555
245 281 3 2179396 2.015644453
297 282 3 2540917 2.015646250
307 271 3 13839 2.015678235
325 268 3 4405897 2.015696787
270 227 3 3658771 2.015708606
258 318 3 2844733 2.015708787
245 288 3 5875 2.015713242
306 311 3 22374830 2.015727827
250 311 3 4747431 2.015730464
309 292 3 3035575 2.015734902
321 291 3 65524 2.015737362
323 294 3 1413063 2.015747142
318 266 3 3795675 2.015749370
318 236 3 11716 2.015760417
278 263 3 10679222 2.015784273
310 297 3 2815588 2.015785362
322 280 3 21978726 2.015798115
277 264 3 187486 2.015817524
305 269 3 14848 2.015830449
260 267 3 707738 2.015831141
286 232 3 649224 2.015835183
292 246 3 4201 2.015847304
274 306 3 3014 2.015848826
246 251 3 69877 2.015855364
229 322 3 38471 2.015861509
250 291 3 534351 2.015872388
278 227 3 1080590 2.015878048
271 229 3 9658360 2.015898066
259 326 3 59165 2.015908079
244 275 3 751808 2.015911525
317 270 3 4291281 2.015933728
272 297 3 24820 2.015949970
297 253 3 53189 2.015952117
291 322 3 23994 2.015972482
245 285 3 48364 2.015975847
255 286 3 74678 2.015978197
287 325 3 31285 2.015992748
311 275 3 20198 2.015994067
256 229 3 21025 2.016011155
266 273 3 1751554 2.016015062
289 261 3 25175 2.016016833
293 240 3 53823 2.016019594
232 278 3 1839356 2.016036924
301 323 3 15679 2.016044788
303 317 3 4324887 2.016060503
311 306 3 1741364 2.016070628
250 237 3 42811 2.016081106
300 254 3 34401 2.016094043
228 311 3 4657 2.016139589
302 275 3 1405269 2.016146523
264 312 3 8560496 2.016146822
233 259 3 18403316 2.016156615
275 265 3 918692 2.016157218
296 272 3 75597 2.016162020
280 238 3 23985 2.016168767
283 325 3 71416 2.016168791
285 261 3 2545541 2.016175733
236 325 3 374608 2.016203415
280 255 3 20221 2.016211028
229 318 3 24250 2.016215257
265 281 3 667243 2.016215765
284 239 3 4508 2.016232982
269 316 3 311990 2.016234556
298 308 3 23878581 2.016235161
278 254 3 44511 2.016262863
279 291 3 1837784 2.016263633
305 249 3 41431 2.016267874
316 279 3 144564 2.016269872
300 283 3 76632 2.016283801
259 229 3 12218 2.016317823
300 322 3 36032 2.016322390
303 326 3 28519 2.016338992
249 320 3 5271 2.016342628
231 322 3 1048 2.016352007
309 273 3 1701214 2.016353145
319 265 3 24610 2.016363089
321 246 3 7006 2.016377499
285 254 3 332447 2.016387204
310 297 3 63315 2.016392120
245 297 3 79817 2.016403707
261 245 3 173062 2.016427614
259 316 3 27565 2.016432393
267 251 3 62092 2.016446305
281 288 3 97989 2.016463011
318 238 3 66968 2.016466489
304 228 3 266434 2.016467897
251 319 3 2613532 2.016468438
233 259 3 24835 2.016470931
284 261 3 8982111 2.016473251
289 317 3 18465 2.016476187
228 260 3 5616 2.016479864
310 256 3 77211 2.016490656
295 229 3 9754 2.016491909
280 242 3 24436 2.016507921
311 263 3 17222 2.016509360
280 299 3 49229 2.016509845
279 310 3 3724 2.016511440
231 271 3 59541 2.016520642
283 243 3 29045 2.016538646
313 300 3 704591 2.016554899
285 295 3 1388158 2.016571822
292 242 3 8845457 2.016576382
321 227 3 1140 2.016576422
231 247 3 2487395 2.016576829
236 288 3 64266 2.016577045
252 300 3 49570 2.016581044
276 250 3 923185 2.016587467
258 317 3 3043695 2.016596438
273 324 3 73026 2.016599240
238 320 3 5555 2.016622316
269 236 3 8177914 2.016634048
289 259 3 37938 2.016647070
288 238 3 78120 2.016679721
287 285 3 37466 2.016685601
242 286 3 7857 2.016690311
305 326 3 333919 2.016695923
313 290 3 3594351 2.016696297
294 274 3 32000 2.016706334
252 280 3 4562230 2.016707882
251 270 3 116647 2.016708142
274 307 3 5022 2.016709730
288 277 3 1389 2.016712309
254 310 3 1604212 2.016716217
304 286 3 69192 2.016716634
273 288 3 5096184 2.016724587
270 308 3 992458 2.016731433
254 280 3 8959 2.016732621
272 292 3 5088 2.016742547
292 261 3 70466 2.016743803
318 236 3 62619 2.016764834
234 307 3 3518791 2.016768738
265 279 3 18505482 2.016782849
242 324 3 8608338 2.016795769
262 279 3 44180 2.016801277
247 298 3 46408 2.016801355
269 261 3 5285 2.016804071
299 227 3 25813 2.016810816
296 307 3 1563970 2.016820151
299 274 3 9137 2.016820987
235 296 3 17022 2.016822540
314 247 3 15065 2.016824909
271 296 3 7078 2.016830917
325 290 3 15670 2.016831140
260 325 3 74960 2.016839227
326 244 3 1689955 2.016846362
275 244 3 48336 2.016861302
272 247 3 1807994 2.016876177
310 287 3 4415145 2.016879505
298 229 3 788394 2.016883278
254 319 3 37241 2.016890963
234 293 3 5751525 2.016903133
257 284 3 61109 2.016907664
275 242 3 13536 2.016911309
267 255 3 7043888 2.016921783
239 262 3 1665773 2.016923519
287 286 3 5242562 2.016937047
322 273 3 56127 2.016950185
240 313 3 4182 2.016971396
288 233 3 28249 2.016984332
270 252 3 16151 2.016985617
284 235 3 30730 2.016987769
239 258 3 1800715 2.016988827
245 315 3 32209 2.017005957
269 301 3 79632 2.017011232
295 266 3 6573104 2.017013912
248 241 3 2305 2.017014331
294 237 3 22025 2.017014357
247 303 3 3080070 2.017022910
234 264 3 1795643 2.017061069
261 275 3 122398 2.017061745
309 267 3 8578943 2.017062191
292 233 3 155064 2.017070428
320 261 3 70720 2.017073765
275 264 3 2166068 2.017078314
239 301 3 1162 2.017082125
245 288 3 71813 2.017102836
245 318 3 4036 2.017109015
228 256 3 692263 2.017114541
276 299 3 1046599 2.017115837
245 303 3 1458265 2.017120260
316 258 3 55558 2.017122709
257 234 3 31335 2.017128127
275 256 3 9004584 2.017139373
289 282 3 881577 2.017142047
301 318 3 758329 2.017151464
240 249 3 14356 2.017156618
284 292 3 4353692 2.017156763
318 260 3 56697 2.017161739
319 276 3 79361 2.017169786
287 241 3 315188 2.017170426
325 282 3 46998 2.017173475
255 312 3 180342 2.017186097
298 312 3 47385 2.017193162
238 289 3 523417 2.017194593
297 264 3 57778 2.017203286
311 271 3 3903437 2.017226711
243 304 3 2093 2.017235286
242 270 3 6547877 2.017244922
259 240 3 737184 2.017248011
283 297 3 1458819 2.017250681
257 228 3 1443634 2.017254664
290 239 3 21614 2.017270613
270 232 3 4209829 2.017272456
274 255 3 52288 2.017288756
313 270 3 67809 2.017303096
326 274 3 1066701 2.017306769
227 291 3 1901 2.017311696
293 285 3 3394270 2.017316029
240 253 3 37466 2.017346184
236 288 3 76901 2.017360021
276 314 3 9981783 2.017362774
280 291 3 42710 2.017363239
316 292 3 55435 2.017370434
282 254 3 8818586 2.017371584
252 268 3 67455 2.017372117
322 242 3 4193152 2.017377848
302 229 3 6491 2.017384244
244 304 3 41190 2.017392026
306 233 3 3208327 2.017395419
304 316 3 749 2.017404888
278 307 3 8321574 2.017405484
263 271 3 64653 2.017436124
248 316 3 8399 2.017438532
267 301 3 20393 2.017464466
231 306 3 12613 2.017468549
315 281 3 78144 2.017479185
311 258 3 507339 2.017485076
275 247 3 1120964 2.017497714
310 260 3 72186 2.017509757
230 270 3 3943578 2.017520583
313 288 3 7922567 2.017523254
235 258 3 3110005 2.017524174
254 283 3 5422 2.017533296
320 301 3 561865 2.017535170
300 259 3 23771 2.017545172
243 266 3 57116 2.017562839
232 260 3 5460 2.017575640
301 276 3 6178 2.017581012
302 272 3 1552671 2.017603527
233 270 3 52480 2.017636221
278 296 3 32583 2.017664549
242 295 3 1725124 2.017666702
268 253 3 65276 2.017672057
255 293 3 20775 2.017681624
275 255 3 2360469 2.017686753
310 251 3 26935 2.017687079
324 284 3 185015 2.017705827
321 284 3 188013 2.017714680
249 233 3 55945 2.017720163
296 310 3 2878939 2.017731726
249 312 3 1324303 2.017732990
263 280 3 12464 2.017768469
260 321 3 10915 2.017797718
324 242 3 2538 2.017804672
245 306 3 5498 2.017809808
244 297 3 61341 2.017815042
255 278 3 55974 2.017824024
323 227 3 4618 2.017827781
262 296 3 72058 2.017828002
295 253 3 4356 2.017840420
281 227 3 19164301 2.017840984
312 268 3 119610 2.017858862
314 237 3 2615 2.017880123
232 313 3 722157 2.017884695
301 284 3 20211 2.017886851
234 326 3 7640737 2.017898795
308 261 3 3176275 2.017901153
315 274 3 697411 2.017920674
301 244 3 2313313 2.017931962
287 267 3 171139 2.017938239
239 308 3 9537586 2.017944870
252 307 3 519660 2.017949440
317 278 3 2110007 2.017951801
241 315 3 10090 2.017961958
298 264 3 187333 2.017972678
290 240 3 2478561 2.017980992
283 251 3 7052193 2.018022792
319 299 3 1469668 2.018023164
310 227 3 27530 2.018032793
245 267 3 4845 2.018037458
276 228 3 25538 2.018038691
271 310 3 216912 2.018049287
314 275 3 56761 2.018051150
250 244 3 27009863 2.018072854
295 259 3 32710 2.018083880
235 288 3 6928 2.018084353
249 240 3 1117377 2.018086813
293 283 3 269 2.018097537
279 265 3 8436 2.018109840
247 227 3 4222426 2.018118383
300 254 3 16430 2.018123071
251 325 3 1547021 2.018124424
240 254 3 315722 2.018140423
254 303 3 33588 2.018141675
249 316 3 8774123 2.018143745
272 320 3 446 2.018156871
272 262 3 75308 2.018169432
324 267 3 11152 2.018176730
291 311 3 5609 2.018188506
285 240 3 26890 2.018199381
234 308 3 58370 2.018209420
308 265 3 2722614 2.018220356
268 238 3 5153 2.018226514
232 313 3 37961 2.018237747
321 274 3 20791816 2.018239814
231 289 3 1084 2.018240494
321 272 3 5689 2.018243187
238 282 3 39981 2.018243876
301 236 3 1223385 2.018246211
264 306 3 110735 2.018247283
298 321 3 54827 2.018254417
300 259 3 1404416 2.018264454
325 256 3 35640 2.018267973
290 255 3 3693950 2.018278762
281 316 3 9653293 2.018282510
256 269 3 36102 2.018296961
255 244 3 40005 2.018303843
280 246 3 73708 2.018307097
314 289 3 1622470 2.018311203
308 249 3 41141 2.018326640
242 273 3 28400 2.018352306
276 318 3 71489 2.018395658
270 326 3 64964 2.018422231
246 300 3 1882344 2.018429638
286 240 3 7658969 2.018431902
311 285 3 22870 2.018434510
290 273 3 7438320 2.018435721
279 252 3 9470 2.018436890
294 324 3 705 2.018440633
294 266 3 21909 2.018453913
244 314 3 1586 2.018465292
234 292 3 8313421 2.018481850
246 295 3 937105 2.018490709
293 310 3 4275497 2.018496169
308 285 3 78746 2.018499159
248 301 3 7302910 2.018511215
311 271 3 111196 2.018513054
230 280 3 3494054 2.018518320
264 277 3 181871 2.018522331
285 244 3 691754 2.018549192
295 314 3 1034109 2.018555300
251 230 3 15942 2.018573522
308 235 3 11654 2.018598623
294 257 3 1008607 2.018601054
313 305 3 1560008 2.018615338
286 261 3 1054 2.018617858
296 311 3 6111 2.018618547
288 276 3 46912 2.018620961
287 312 3 3050540 2.018665028
312 282 3 68716 2.018666773
255 242 3 51128 2.018679463
269 323 3 7834 2.018694735
240 278 3 61178 2.018709522
267 319 3 9171472 2.018710149
307 297 3 5707728 2.018716377
295 272 3 8081324 2.018732912
245 252 3 23458 2.018763033
239 262 3 264560 2.018764992
298 266 3 634739 2.018779838
282 307 3 28513 2.018793067
288 272 3 3969085 2.018806950
283 239 3 11736 2.018808738
264 316 3 72996 2.018831285
244 286 3 1389663 2.018846477
237 253 3 214423 2.018861040
300 240 3 7400150 2.018871733
301 267 3 446857 2.018876911
264 242 3 21019589 2.018883018
282 304 3 50531 2.018887546
234 279 3 117172 2.018897129
283 244 3 279647 2.018901619
235 281 3 4672960 2.018906145
228 320 3 5290341 2.018908953
269 233 3 51325 2.018932304
302 322 3 72867 2.018934905
230 271 3 54217 2.018941004
318 267 3 11879 2.018942986
245 275 3 167695 2.018953426
253 227 3 1380551 2.018953830
314 294 3 3411 2.018981964
248 298 3 75547 2.019000766
300 321 3 73884 2.019014663
320 234 3 1570646 2.019014995
233 247 3 646910 2.019020426
292 228 3 13181 2.019028143
256 296 3 178012 2.019033600
271 316 3 67171 2.019040622
231 264 3 7794 2.019045409
259 244 3 40876 2.019049187
241 251 3 39465 2.019061179
258 246 3 3431281 2.019066841
320 236 3 4285222 2.019081373
275 289 3 9891 2.019084668
297 258 3 480612 2.019086902
295 233 3 47275 2.019108156
307 291 3 193202 2.019124602
277 227 3 12793315 2.019151411
259 321 3 804985 2.019160006
305 282 3 92369 2.019165016
258 287 3 68062 2.019168663
306 274 3 79181 2.019174173
228 282 3 66747 2.019182791
303 281 3 61651 2.019187897
244 309 3 447038 2.019194049
265 282 3 4532231 2.019202532
323 243 3 506806 2.019208955
271 258 3 16931 2.019216498
267 311 3 2597539 2.019224436
297 257 3 17099430 2.019244544
249 280 3 30353 2.019247778
269 300 3 63234 2.019249390
301 261 3 420456 2.019255662
296 248 3 9441694 2.019255767
325 295 3 41749 2.019267545
234 295 3 1928 2.019284761
279 293 3 975185 2.019290421
275 323 3 3971180 2.019290556
271 230 3 1684945 2.019304549
249 232 3 70792 2.019306014
269 302 3 19451 2.019306829
259 238 3 32179 2.019307404
254 298 3 4937417 2.019316282
320 263 3 25274389 2.019316725
297 309 3 2072 2.019321674
298 315 3 6420 2.019331156
309 291 3 43745 2.019331607
276 313 3 30970 2.019361111
294 282 3 119390 2.019366809
311 253 3 3869 2.019377498
291 271 3 6882 2.019378400
319 281 3 9588698 2.019387684
267 309 3 897297 2.019393462
287 253 3 1145422 2.019402915
293 253 3 61487 2.019407298
237 247 3 2694875 2.019408621
318 290 3 431407 2.019410012
318 283 3 129616 2.019413766
297 275 3 611059 2.019417984
254 235 3 4891 2.019421555
250 310 3 38968 2.019425409
297 276 3 7219 2.019430102
316 229 3 30523 2.019432373
277 250 3 319928 2.019433712
321 292 3 40087 2.019435312
232 317 3 22020 2.019438049
240 254 3 4474362 2.019456701
267 256 3 15942 2.019458216
326 286 3 5314568 2.019467579
307 270 3 1603889 2.019474224
258 309 3 4749 2.019495422
241 263 3 62218 2.019498791
272 310 3 27846 2.019506557
254 285 3 48690 2.019508856
256 231 3 23403488 2.019541436
288 271 3 179137 2.019546671
236 261 3 45620 2.019552034
323 300 3 52785 2.019555207
319 257 3 923 2.019557606
264 270 3 78580 2.019567374
242 313 3 7337858 2.019571551
308 300 3 1634 2.019576758
310 275 3 5613617 2.019579268
315 273 3 367086 2.019587168
269 315 3 45640 2.019590771
299 228 3 8880564 2.019614570
273 266 3 4633 2.019620929
230 257 3 133889 2.019629898
249 298 3 8817 2.019636739
229 250 3 1121489 2.019646111
280 326 3 53149 2.019650715
260 237 3 7338890 2.019667623
326 302 3 41033 2.019677459
270 258 3 1200305 2.019684129
274 251 3 4194394 2.019684803
286 232 3 69912 2.019694078
258 291 3 470608 2.019722958
229 289 3 12294 2.019726620
230 267 3 43147 2.019736439
295 231 3 6725457 2.019736645
246 307 3 19357 2.019754919
309 264 3 8358 2.019764914
320 304 3 158283 2.019771397
293 264 3 1385624 2.019773745
234 301 3 1117264 2.019774178
259 291 3 28648 2.019778268
323 266 3 2949500 2.019779264
303 243 3 60422 2.019793778
263 286 3 1169076 2.019809994
237 305 3 1817155 2.019818245
323 247 3 4590 2.019850335
309 269 3 76072 2.019850576
271 292 3 214322 2.019853531
272 320 3 32198 2.019855308
260 304 3 75919 2.019869827
274 311 3 57662 2.019873203
234 278 3 59787 2.019886210
231 285 3 28797 2.019888324
288 270 3 76323 2.019908340
295 238 3 22118378 2.019922451
248 227 3 3486513 2.019928534
240 283 3 31980 2.019931426
229 268 3 4411577 2.019933661
276 299 3 1445567 2.019941160
302 228 3 1989520 2.019954643
285 249 3 411018 2.019970644
241 280 3 6589 2.019971118
316 290 3 4647213 2.019978253
241 309 3 39391 2.019990775
227 308 3 5303678 2.019992726
289 242 3 2907383 2.019995881
259 296 3 44158 2.020005230
259 271 3 25474 2.020005338
302 307 3 801147 2.020006019
278 260 3 1404168 2.020006238
272 265 3 5300 2.020008343
246 273 3 83554 2.020023331
262 295 3 4234 2.020035772
231 297 3 9505 2.020042491
262 236 3 9461489 2.020045010
238 267 3 64954 2.020057195
284 296 3 16032 2.020061306
316 244 3 1725856 2.020062063
319 260 3 175862 2.020063375
257 298 3 9813 2.020065308
318 258 3 3471 2.020066636
272 251 3 43064 2.020072666
322 227 3 58957 2.020090407
302 271 3 21487686 2.020094057
291 230 3 76924 2.020094245
291 242 3 7850379 2.020111637
263 298 3 69823 2.020123602
304 247 3 566777 2.020123822
290 284 3 1968004 2.020129359
289 279 3 2144 2.020154046
252 277 3 7416221 2.020157098
240 307 3 4989738 2.020157775
275 307 3 29980 2.020180101
256 316 3 5955093 2.020191715
275 232 3 1079950 2.020194379
232 285 3 1671465 2.020200942
302 245 3 3418 2.020207416
251 227 3 325457 2.020208774
239 260 3 367536 2.020212448
237 253 3 119649 2.020215503
300 242 3 25399 2.020217278
273 324 3 24248 2.020219418
258 311 3 58350 2.020281355
325 236 3 4095106 2.020298418
242 253 3 21906 2.020300667
237 307 3 989929 2.020303374
267 301 3 4687783 2.020320618
233 309 3 5921 2.020327745
321 236 3 26199 2.020332595
299 280 3 11837 2.020333493
259 306 3 1875391 2.020339789
228 325 3 9202 2.020347713
238 251 3 13673 2.020352687
315 275 3 4789695 2.020353501
265 312 3 835808 2.020356117
298 272 3 39735 2.020362199
309 250 3 284808 2.020378638
277 315 3 162357 2.020397685
233 308 3 13184 2.020403336
280 299 3 2356477 2.020431321
293 228 3 283672 2.020443146
245 283 3 9719769 2.020457733
292 275 3 557 2.020465567
245 262 3 64965 2.020470794
282 303 3 206190 2.020471234
261 272 3 47257 2.020472804
280 322 3 64959 2.020474207
256 272 3 69022 2.020475618
251 269 3 9985348 2.020486761
320 233 3 38081 2.020494355
263 277 3 1273151 2.020503667
243 266 3 15736 2.020530572
273 290 3 10150 2.020530761
294 236 3 5508990 2.020539240
249 298 3 127182 2.020541363
300 234 3 2994884 2.020542507
290 320 3 11321996 2.020554830
268 314 3 3739296 2.020569177
307 298 3 1596657 2.020575711
281 229 3 922088 2.020578284
325 250 3 13215326 2.020584900
310 300 3 15360 2.020596599
230 325 3 18994 2.020597197
282 287 3 61693 2.020607071
269 245 3 6560 2.020613420
320 306 3 632322 2.020637746
299 230 3 34522 2.020639566
261 290 3 62817 2.020651206
308 234 3 7449 2.020667815
312 266 3 37508 2.020696117
269 241 3 11270253 2.020701031
313 242 3 8429 2.020702713
285 253 3 49334 2.020715420
229 304 3 7518 2.020720585
308 238 3 4194910 2.020729741
298 251 3 1346031 2.020734706
313 280 3 75585 2.020734757
289 317 3 111707 2.020742228
284 240 3 1227800 2.020751100
319 306 3 791374 2.020753250
229 308 3 8107 2.020758004
258 305 3 16967 2.020762126
315 274 3 4677 2.020766039
272 233 3 3837419 2.020778959
290 269 3 49496 2.020780069
242 315 3 63230 2.020784811
235 320 3 14916538 2.020788162
323 264 3 59660 2.020795111
316 271 3 46572 2.020825951
267 296 3 3254 2.020834757
243 308 3 2638740 2.020855222
240 259 3 77363 2.020857828
284 228 3 1317 2.020858294
275 254 3 3114370 2.020878873
256 230 3 9535 2.020900346
239 289 3 76828 2.020911889
284 304 3 24118 2.020914432
315 301 3 19763 2.020942402
258 243 3 1827358 2.020945898
310 281 3 3739897 2.020968147
284 310 3 186024 2.020993213
274 261 3 1025890 2.020995743
280 235 3 38640 2.020997738
266 316 3 30276 2.021007174
312 237 3 7119806 2.021010008
239 272 3 374909 2.021023373
260 306 3 317088 2.021029997
263 281 3 31348 2.021047080
252 237 3 17037 2.021047485
317 237 3 4984 2.021049959
233 269 3 69639 2.021050906
274 240 3 39347 2.021055580
291 318 3 10561 2.021056788
227 284 3 139684 2.021066402
266 229 3 113128 2.021070283
271 305 3 3308456 2.021070926
288 264 3 63707 2.021077533
259 287 3 53847 2.021094142
228 307 3 20870 2.021096831
260 312 3 24211087 2.021115892
272 253 3 2895830 2.021116529
261 325 3 790007 2.021119445
321 281 3 23792 2.021120030
252 307 3 70617 2.021122521
311 266 3 4419116 2.021125138
282 259 3 32727 2.021130243
236 306 3 7213927 2.021135254
247 319 3 1367081 2.021143112
257 325 3 135522 2.021147616
268 323 3 22018 2.021158633
316 227 3 4610458 2.021160228
269 291 3 4908865 2.021168056
279 317 3 1939070 2.021173383
317 249 3 3434377 2.021192241
323 250 3 1204586 2.021229680
244 293 3 1505351 2.021244655
296 274 3 18084 2.021256779
280 315 3 7906020 2.021267315
240 314 3 21990 2.021269539
308 229 3 4770 2.021271294
268 324 3 1208462 2.021272346
289 255 3 1554020 2.021286394
303 318 3 35572 2.021288388
291 233 3 5516 2.021298608
306 317 3 73585 2.021303560
275 304 3 49952 2.021312637
321 279 3 166673 2.021320145
312 261 3 16399 2.021329514
266 235 3 4719439 2.021349280
321 268 3 1004897 2.021352624
275 233 3 47148 2.021353126
290 323 3 63249 2.021357264
311 285 3 28359 2.021376010
265 236 3 46265 2.021380388
266 281 3 1539469 2.021388565
299 229 3 630157 2.021388826
306 308 3 172643 2.021411427
240 268 3 9997145 2.021421076
259 292 3 1876532 2.021422741
230 283 3 754888 2.021436891
306 315 3 68416 2.021440996
323 300 3 13605723 2.021446858
296 230 3 8682 2.021454458
275 326 3 131313 2.021459579
228 250 3 7088113 2.021475103
261 231 3 6714 2.021483500
273 326 3 26853 2.021487394
245 321 3 54967 2.021495263
275 232 3 58150 2.021500894
253 300 3 71030 2.021510481
264 239 3 437706 2.021518790
229 300 3 28328 2.021524493
293 273 3 10115 2.021526329
258 271 3 74940 2.021535835
284 323 3 307162 2.021538000
287 235 3 87060 2.021543092
242 262 3 56132 2.021563582
233 296 3 12131 2.021565315
319 305 3 5006 2.021570239
313 276 3 281766 2.021575887
276 236 3 957084 2.021584073
297 245 3 1163073 2.021589876
270 256 3 23083 2.021607746
280 313 3 1739 2.021613051
297 275 3 3904625 2.021616211
232 257 3 132520 2.021619965
232 286 3 8306705 2.021621426
300 230 3 1143698 2.021621538
300 280 3 78109 2.021628302
290 280 3 49618 2.021631617
252 321 3 144608 2.021636539
283 255 3 60526 2.021639893
262 244 3 87864 2.021646582
231 313 3 6841406 2.021648351
260 234 3 404153 2.021654587
303 243 3 6648 2.021657755
252 239 3 24250 2.021663280
237 324 3 69986 2.021664951
299 277 3 3483922 2.021666738
303 227 3 876698 2.021679244
237 249 3 13030 2.021705314
248 237 3 18427 2.021707384
293 276 3 9572 2.021708368
302 245 3 36004 2.021720818
279 245 3 4586332 2.021752326
296 279 3 25591 2.021755099
286 290 3 13206 2.021760801
291 326 3 76089 2.021767029
232 252 3 7030 2.021789813
312 276 3 1121914 2.021799190
261 232 3 8540 2.021824282
285 316 3 29996 2.021834652
312 290 3 54976 2.021839248
247 312 3 196499 2.021840261
321 230 3 79499 2.021855465
283 322 3 23749560 2.021858536
300 254 3 1189840 2.021859054
321 245 3 5722 2.021878818
259 233 3 3546344 2.021879815
292 314 3 3981241 2.021898761
264 292 3 55124 2.021904809
323 282 3 155373 2.021907747
276 304 3 14478 2.021913803
244 326 3 964796 2.021940655
251 233 3 2049936 2.021968380
306 227 3 13229 2.021972154
266 245 3 24008 2.021976098
246 271 3 4785 2.021980524
239 263 3 25433 2.021985238
260 275 3 23566 2.021992559
233 270 3 650790 2.021994416
271 300 3 7435442 2.021997093
305 233 3 26343 2.021998603
250 268 3 26673 2.022002124
232 285 3 20669 2.022008813
322 260 3 22402 2.022009307
326 288 3 53149 2.022013822
249 290 3 1398616 2.022020650
235 265 3 4809512 2.022027149
323 297 3 7885 2.022027886
320 229 3 8048771 2.022028756
275 257 3 78310 2.022030434
283 317 3 7137 2.022057336
271 242 3 7656942 2.022074211
279 317 3 4084 2.022106785
320 269 3 33465 2.022114765
276 232 3 374252 2.022117310
310 298 3 3531 2.022122102
249 230 3 7501655 2.022133351
287 274 3 2608829 2.022137904
276 246 3 33262 2.022159083
276 237 3 1375462 2.022170040
285 297 3 108667 2.022174581
267 239 3 46982 2.022177392
302 315 3 22867 2.022187459
273 255 3 763516 2.022187518
254 293 3 48726 2.022195148
295 246 3 5379548 2.022200847
232 257 3 47086 2.022225465
316 290 3 27395 2.022241641
238 284 3 1978 2.022269060
227 300 3 24732276 2.022316249
311 257 3 22187 2.022319577
251 300 3 23389 2.022322009
316 305 3 125863 2.022328128
228 285 3 14884 2.022329059
308 268 3 77834 2.022330536
300 258 3 9685 2.022341898
306 269 3 2808004 2.022345149
321 291 3 67741 2.022364074
267 323 3 706783 2.022365057
249 296 3 64244 2.022377691
294 264 3 10299 2.022380304
326 241 3 4837459 2.022383443
325 245 3 54386 2.022383552
228 313 3 1787989 2.022407760
312 237 3 956254 2.022428794
316 301 3 674994 2.022430773
277 294 3 747092 2.022432727
249 230 3 2605483 2.022440953
303 232 3 1336275 2.022451086
291 274 3 5814213 2.022452776
303 258 3 3267 2.022474005
315 257 3 102698 2.022474416
252 282 3 155980 2.022474538
231 258 3 4256311 2.022481814
248 316 3 6391 2.022496641
239 279 3 50516 2.022502099
266 287 3 9195833 2.022503411
319 298 3 1766886 2.022522668
317 240 3 22906 2.022527974
285 299 3 66128 2.022542791
295 228 3 3788082 2.022543518
292 246 3 17235 2.022548049
325 274 3 2931410 2.022552507
267 240 3 40516 2.022560821
266 237 3 9652834 2.022564423
249 325 3 18821 2.022584471
309 293 3 23937 2.022585150
325 242 3 21067 2.022593360
270 265 3 10061 2.022602324
307 291 3 28853 2.022609727
264 318 3 4949 2.022639700
260 272 3 2590246 2.022642713
255 290 3 3047837 2.022661575
283 252 3 113856 2.022665994
239 303 3 24296 2.022670519
263 270 3 49505 2.022671022
234 270 3 19483136 2.022674885
287 268 3 745587 2.022679512
282 304 3 8873805 2.022689721
241 263 3 304004 2.022695507
275 251 3 7301 2.022695717
289 234 3 25692 2.022700374
266 326 3 3494961 2.022713574
295 260 3 41344 2.022722670
287 266 3 1913643 2.022727732
276 292 3 963225 2.022729175
246 286 3 997673 2.022729417
278 259 3 142829 2.022731907
306 266 3 33432 2.022737097
257 317 3 952099 2.022739234
316 302 3 189 2.022742613
289 268 3 3207471 2.022759385
290 322 3 29481 2.022763942
267 235 3 2234 2.022772839
274 311 3 28299 2.022772935
297 266 3 47072 2.022787243
296 323 3 8825 2.022790076
278 313 3 3695257 2.022791487
311 286 3 30658 2.022818098
290 255 3 7045915 2.022826074
263 289 3 106618 2.022864732
229 309 3 1560968 2.022873380
320 266 3 53639 2.022893059
253 315 3 23138 2.022905376
323 276 3 1728158 2.022906011
253 231 3 1641961 2.022906825
294 277 3 32545 2.022907948
297 257 3 2630275 2.022936740
228 313 3 23215 2.022949242
253 235 3 5267270 2.022954268
231 253 3 586636 2.022955828
316 228 3 1636802 2.022969543
324 294 3 1785158 2.022994677
315 269 3 2420143 2.023014883
294 270 3 63594 2.023019163
305 271 3 14211 2.023020181
313 300 3 198435 2.023021982
262 312 3 54146 2.023022051
228 273 3 72895 2.023022922
283 299 3 23194531 2.023031918
254 237 3 12494383 2.023040176
303 316 3 4229 2.023040801
311 239 3 1377371 2.023048685
250 306 3 1946146 2.023076501
293 266 3 27217 2.023079958
245 311 3 573832 2.023082724
288 227 3 65377 2.023084495
246 247 3 164310 2.023094275
301 310 3 8738525 2.023098649
285 236 3 94 2.023100043
320 287 3 1703366 2.023103293
313 292 3 4949823 2.023107718
276 253 3 29064 2.023113302
267 300 3 634956 2.023113784
271 231 3 29169 2.023132916
232 284 3 2028 2.023133144
294 311 3 22376 2.023139148
284 256 3 4107844 2.023139263
295 318 3 1007691 2.023146762
310 293 3 1470938 2.023149149
227 317 3 60248 2.023163517
312 263 3 79070 2.023178312
272 300 3 390159 2.023223502
284 231 3 26935337 2.023224076
256 303 3 24431 2.023227016
298 253 3 14170217 2.023229361
227 304 3 9859339 2.023230967
271 290 3 236 2.023244103
321 301 3 12052 2.023245508
267 229 3 4018 2.023254388
302 251 3 27997 2.023255466
288 261 3 253005 2.023265722
325 242 3 1966352 2.023269598
241 315 3 64819 2.023272233
239 322 3 2554514 2.023273248
242 272 3 746550 2.023293910
254 311 3 379696 2.023294103
246 257 3 9920530 2.023313864
249 326 3 68130 2.023313876
310 243 3 9178237 2.023326342
302 320 3 9006 2.023329393
280 258 3 1937125 2.023331018
242 264 3 1192829 2.023357887
315 269 3 69302 2.023357934
265 278 3 3703475 2.023361271
248 282 3 42079 2.023364393
245 248 3 1849401 2.023367241
275 300 3 24991287 2.023367411
294 244 3 4430299 2.023381973
315 271 3 16199 2.023383285
242 271 3 71791 2.023390798
292 279 3 28228 2.023398884
326 263 3 21924 2.023403293
304 315 3 8030859 2.023421420
227 309 3 54545 2.023438236
255 280 3 217404 2.023447768
244 250 3 17974055 2.023449904
324 257 3 1972117 2.023451245
307 244 3 59311 2.023469827
310 280 3 1962 2.023471521
231 294 3 62631 2.023480579
239 263 3 1360922 2.023482263
291 249 3 4658 2.023483587
232 287 3 56428 2.023515840
246 323 3 43879 2.023519267
258 298 3 26724 2.023534301
278 265 3 1556259 2.023540964
280 318 3 31351 2.023556504
239 251 3 23127 2.023563139
299 315 3 1517583 2.023565592
283 261 3 29035430 2.023602824
239 300 3 1213373 2.023618829
322 303 3 2202884 2.023626034
324 295 3 1701992 2.023631989
247 277 3 27158 2.023646598
319 279 3 49606 2.023654895
279 232 3 20636 2.023670538
285 257 3 5524 2.023681141
299 234 3 16926 2.023681299
310 260 3 161897 2.023687504
301 262 3 68175 2.023692526
263 239 3 60788 2.023704446
261 298 3 7862 2.023713473
288 315 3 918336 2.023716725
229 292 3 5696 2.023723758
317 261 3 1010442 2.023729617
317 255 3 76225 2.023731752
243 303 3 195749 2.023742165
267 298 3 7928 2.023746332
297 278 3 788611 2.023750695
324 263 3 20273 2.023763269
275 265 3 4941785 2.023764711
227 298 3 20203 2.023765387
232 319 3 68246 2.023770577
304 278 3 1285788 2.023771485
326 283 3 303416 2.023776038
230 270 3 1450968 2.023789869
263 270 3 4286087 2.023790143
245 296 3 1282963 2.023798416
311 246 3 3793 2.023804471
314 234 3 3003610 2.023804559
312 262 3 6712 2.023808582
274 287 3 108109 2.023820199
273 262 3 21356084 2.023821859
271 322 3 95651 2.023827359
315 247 3 3389449 2.023832291
317 262 3 40758 2.023867167
293 270 3 790187 2.023877604
250 299 3 7869 2.023882485
275 314 3 1414569 2.023886773
264 237 3 5512 2.023888495
326 271 3 48167 2.023917130
271 326 3 74422 2.023923093
264 235 3 86800 2.023943518
306 243 3 4286992 2.023949713
270 291 3 9459 2.023980297
320 302 3 17103 2.023980409
276 320 3 60415 2.023988131
253 324 3 154042 2.024000319
271 298 3 330851 2.024002401
255 287 3 39640 2.024009674
236 267 3 2322117 2.024015734
265 229 3 992701 2.024020646
259 288 3 1778 2.024024055
318 279 3 46999 2.024025046
308 264 3 905549 2.024033554
227 256 3 1192851 2.024048201
246 298 3 41333 2.024048934
240 308 3 7983 2.024054038
244 270 3 5185 2.024055346
297 254 3 39015 2.024075486
312 266 3 2037 2.024076793
240 269 3 164554 2.024081017
252 300 3 4598459 2.024083004
245 295 3 2072141 2.024083489
317 276 3 1232908 2.024085274
230 261 3 20381 2.024088043
304 248 3 6680 2.024098332
295 255 3 1834557 2.024101545
321 288 3 1885421 2.024104884
264 284 3 17920 2.024118169
320 255 3 729705 2.024141215
289 315 3 46423 2.024150389
237 299 3 21715 2.024159012
239 310 3 45669 2.024165971
295 265 3 716726 2.024218350
293 284 3 1013995 2.024223988
311 285 3 24420 2.024224903
229 262 3 8198 2.024234530
274 255 3 1499242 2.024250559
289 271 3 28273 2.024253091
310 237 3 451 2.024271978
318 283 3 7589399 2.024283899
289 244 3 2398115 2.024284163
232 312 3 56682 2.024289622
294 260 3 9539 2.024291868
284 246 3 80657 2.024302394
249 284 3 4896704 2.024312381
244 268 3 6843511 2.024336941
289 232 3 57865 2.024363013
228 283 3 72351 2.024366977
241 310 3 525 2.024379766
269 290 3 1456575 2.024383730
315 246 3 108525 2.024388879
270 255 3 4698397 2.024399575
292 280 3 1496450 2.024427034
238 318 3 56178 2.024437057
237 253 3 4004028 2.024452680
325 260 3 126160 2.024470742
231 302 3 9819 2.024473207
322 228 3 1589318 2.024488548
273 313 3 27313 2.024503951
232 268 3 8447 2.024505742
258 300 3 175107 2.024519708
323 281 3 9361 2.024528938
300 307 3 569250 2.024531270
248 309 3 6057954 2.024554494
271 302 3 61253 2.024558309
315 296 3 30823 2.024561127
305 279 3 8852 2.024561238
318 255 3 2198395 2.024565261
277 314 3 69406 2.024569466
321 288 3 32355 2.024595334
315 266 3 96697 2.024608048
286 300 3 1559275 2.024628151
280 319 3 2280510 2.024630298
295 263 3 1418841 2.024633674
280 314 3 5558 2.024636389
236 262 3 70401 2.024640839
294 275 3 22634 2.024645505
229 282 3 5509185 2.024647151
232 263 3 6394 2.024660176
321 259 3 2506062 2.024683843
316 231 3 4802899 2.024688954
233 287 3 52957 2.024699848
234 314 3 59821 2.024716421
325 261 3 53983 2.024723834
243 288 3 4046960 2.024724254
304 285 3 3614512 2.024747883
254 278 3 47620 2.024749404
323 242 3 4969010 2.024784838
266 303 3 23299 2.024805838
258 279 3 279223 2.024815534
323 270 3 41876 2.024818670
229 325 3 141089 2.024843486
259 299 3 59434 2.024849366
240 305 3 983583 2.024866847
247 291 3 74746 2.024868946
292 276 3 9338583 2.024873201
314 292 3 18750 2.024874255
284 235 3 49070 2.024881051
264 309 3 52978 2.024901560
316 279 3 507046 2.024901874
262 324 3 12 2.024903311
284 321 3 1478658 2.024913389
325 256 3 20319 2.024918640
263 272 3 104265 2.024943681
280 309 3 1162268 2.024947681
240 287 3 59399 2.024947814
285 238 3 531346 2.024956689
279 249 3 14436831 2.024964041
248 324 3 1616474 2.024964429
292 234 3 29812 2.024964621
241 326 3 4549 2.024997320
269 253 3 4443 2.024999210
305 312 3 45081 2.025001811
246 300 3 1624267 2.025006394
254 297 3 2612310 2.025006555
235 291 3 43312 2.025035429
241 255 3 6988889 2.025040294
318 247 3 787681 2.025040526
251 287 3 63381 2.025051867
279 257 3 4759826 2.025053370
299 281 3 58852 2.025054290
246 256 3 4979391 2.025058145
269 228 3 8277 2.025059421
244 253 3 9771 2.025070199
296 236 3 35984 2.025087483
272 244 3 7728 2.025093244
296 280 3 4370217 2.025094326
258 323 3 4878059 2.025114082
274 254 3 11665 2.025120498
230 266 3 35904 2.025121404
236 266 3 7010 2.025132913
274 300 3 20039110 2.025154229
315 230 3 944723 2.025156323
275 232 3 1153 2.025156970
231 295 3 157681 2.025164342
228 266 3 2198 2.025196714
290 324 3 4785078 2.025199089
299 251 3 1100132 2.025199253
276 320 3 52616 2.025211100
244 265 3 21408 2.025218425
301 273 3 1946591 2.025229507
258 269 3 1202094 2.025238514
280 263 3 18875 2.025246520
230 274 3 165681 2.025250308
286 256 3 3599125 2.025252382
303 260 3 1414605 2.025268579
245 280 3 9628952 2.025275217
305 314 3 72294 2.025275842
283 301 3 38303 2.025284120
257 227 3 25842 2.025298414
258 237 3 18037 2.025326575
318 263 3 24520 2.025340942
238 281 3 7314618 2.025346063
254 293 3 6496 2.025349012
279 230 3 2128 2.025349986
306 276 3 23225 2.025354733
326 268 3 56166 2.025357261
292 325 3 4133 2.025358202
236 305 3 3427686 2.025362283
239 271 3 3690895 2.025367393
236 278 3 1106077 2.025377676
314 240 3 2309 2.025382264
245 257 3 83516 2.025390768
255 246 3 4652936 2.025397012
244 263 3 73056 2.025398890
276 325 3 7370023 2.025403259
313 294 3 4597027 2.025416631
252 276 3 27327 2.025427824
289 254 3 23802 2.025430041
241 266 3 2326303 2.025440750
265 280 3 11863 2.025450350
287 284 3 23684 2.025457938
306 256 3 662970 2.025461344
252 317 3 61393 2.025478181
312 238 3 4620 2.025485780
309 241 3 4978901 2.025530015
250 326 3 4393 2.025535806
264 312 3 397824 2.025546796
282 231 3 689892 2.025550204
305 314 3 48600 2.025560938
293 269 3 690 2.025583917
267 322 3 51959 2.025586949
234 305 3 7501 2.025587619
282 304 3 4758684 2.025597940
257 275 3 3986 2.025606821
298 233 3 38320 2.025618214
283 244 3 3683478 2.025622554
252 284 3 49477 2.025627506
282 242 3 748 2.025629352
235 252 3 1064154 2.025635445
292 260 3 1378173 2.025638539
260 245 3 29373 2.025638972
296 324 3 579852 2.025667537
239 258 3 1965858 2.025671273
284 249 3 994676 2.025675005
262 308 3 9012301 2.025678813
229 273 3 3324612 2.025681661
300 240 3 27082 2.025685181
273 235 3 109974 2.025686648
281 314 3 7000 2.025698699
264 284 3 3300 2.025708267
241 295 3 70704 2.025725301
267 244 3 54800 2.025726858
284 242 3 3706 2.025735264
318 252 3 3982 2.025745022
278 257 3 267076 2.025746379
282 320 3 37534 2.025746810
235 323 3 1722 2.025767609
239 314 3 57793 2.025789572
281 321 3 71037 2.025792739
254 301 3 531619 2.025792941
251 297 3 72638 2.025815193
247 279 3 1526008 2.025818667
290 319 3 25144 2.025820069
261 315 3 7494 2.025823209
281 326 3 1767235 2.025828927
299 316 3 1181912 2.025831479
292 245 3 1852335 2.025832824
276 305 3 122663 2.025845328
313 270 3 49586 2.025848673
319 245 3 25467 2.025851560
291 229 3 1776 2.025853992
312 228 3 13592 2.025859724
309 235 3 1065016 2.025865355
256 245 3 19224 2.025867350
280 262 3 54827 2.025870706
271 264 3 3031391 2.025897678
322 251 3 447430 2.025900105
326 281 3 1885468 2.025906395
264 310 3 65269 2.025918531
296 251 3 2178741 2.025929739
315 271 3 985 2.025931430
251 309 3 27076 2.025935671
241 282 3 52405 2.025942235
228 268 3 51654 2.025965713
320 248 3 332232 2.025966112
317 239 3 1466759 2.025987468
287 260 3 29476 2.025993964
313 304 3 4262246 2.026009682
234 293 3 2512 2.026034143
242 276 3 139669 2.026053916
249 314 3 735 2.026061565
286 307 3 13886705 2.026065800
260 233 3 23763 2.026084454
252 234 3 1139180 2.026101280
227 310 3 8510355 2.026119107
309 235 3 48147 2.026135208
227 308 3 1136285 2.026148646
272 326 3 180021 2.026150562
283 231 3 20676 2.026156509
297 276 3 622609 2.026156851
242 311 3 9360 2.026156933
240 262 3 4155 2.026168722
250 316 3 9765520 2.026171747
315 305 3 5646217 2.026192809
262 242 3 47462 2.026201193
276 243 3 733835 2.026203187
316 249 3 181195 2.026215348
237 323 3 2818231 2.026216220
311 287 3 8379869 2.026220034
291 233 3 36991 2.026233305
313 266 3 78414 2.026236210
303 253 3 4660 2.026244326
233 263 3 2385899 2.026252448
313 281 3 604 2.026257956
285 307 3 133093 2.026271842
231 258 3 9283 2.026314652
238 271 3 7509795 2.026323495
313 290 3 19171 2.026326211
256 241 3 1139867 2.026328693
292 280 3 20755 2.026331253
243 294 3 1197806 2.026353957
266 231 3 3239073 2.026356541
276 320 3 34733 2.026361020
325 281 3 25361 2.026361623
294 307 3 265395 2.026362818
250 324 3 1886728 2.026378027
269 322 3 29580 2.026389694
252 301 3 804631 2.026397234
233 309 3 66680 2.026411890
277 248 3 12798188 2.026420893
251 308 3 23967518 2.026427923
303 252 3 26602 2.026461429
318 279 3 705633 2.026475704
300 270 3 18386045 2.026483861
325 256 3 15322 2.026518904
286 304 3 2816248 2.026519672
267 260 3 19575232 2.026521947
324 290 3 182260 2.026530055
263 228 3 54818 2.026530963
257 243 3 72887 2.026544976
265 231 3 7735 2.026547531
318 275 3 71931 2.026551053
234 250 3 1785010 2.026565019
286 248 3 8730 2.026568366
274 238 3 1790496 2.026571015
232 272 3 60414 2.026579812
308 259 3 5689578 2.026588224
302 266 3 4477 2.026592372
301 284 3 8616 2.026602050
318 304 3 78669 2.026626921
290 323 3 24071418 2.026627875
264 320 3 376945 2.026634934
297 231 3 26909 2.026657368
254 310 3 1233791 2.026661450
314 265 3 76569 2.026665607
317 280 3 3748524 2.026674656
312 244 3 26602 2.026674918
248 273 3 2372 2.026684962
273 241 3 1752673 2.026691084
245 251 3 295 2.026694468
281 261 3 66236 2.026719572
314 296 3 4558 2.026722093
265 242 3 676334 2.026722451
268 252 3 7658889 2.026724310
249 305 3 46301 2.026781861
272 238 3 2752339 2.026786445
264 306 3 3739638 2.026788629
301 276 3 91306 2.026789544
266 234 3 40531 2.026795959
306 324 3 6851174 2.026798028
320 279 3 38849 2.026812217
302 253 3 60252 2.026841718
288 239 3 109231 2.026844183
242 267 3 64004 2.026847439
302 239 3 45550 2.026867401
290 316 3 16750 2.026879404
242 289 3 1205 2.026887500
251 288 3 36577 2.026892785
271 227 3 35472 2.026896537
296 265 3 808416 2.026907171
314 245 3 20846258 2.026907396
276 305 3 1653013 2.026911720
272 242 3 1353239 2.026912081
295 236 3 4268661 2.026932426
282 266 3 19253 2.026946132
286 288 3 1491581 2.026949760
315 264 3 1616603 2.026951132
299 234 3 25714395 2.026952082
248 316 3 69232 2.026956648
280 259 3 163401 2.026969591
297 274 3 142235 2.026973466
261 244 3 2570884 2.026974144
280 296 3 170234 2.026977795
318 252 3 3394914 2.026986781
311 252 3 9157173 2.026987069
313 243 3 4002064 2.026989880
250 321 3 2240215 2.027013447
272 296 3 5838 2.027020347
317 294 3 187491 2.027025605
274 299 3 44209 2.027033833
240 298 3 4680 2.027040410
277 308 3 10958 2.027042267
265 236 3 844229 2.027050476
277 237 3 3863 2.027070040
307 295 3 1200955 2.027071140
233 308 3 14176 2.027074321
257 243 3 28997 2.027111306
270 227 3 176907 2.027112283
227 291 3 20363 2.027118108
320 254 3 501221 2.027127923
280 290 3 3681800 2.027166972
326 238 3 877778 2.027174274
233 284 3 72931 2.027181381
300 251 3 27743 2.027181513
236 283 3 25757 2.027192766
252 244 3 8113558 2.027193594
310 294 3 850219 2.027217882
260 302 3 62173 2.027231384
286 324 3 8455 2.027239442
245 322 3 70354 2.027265548
271 303 3 61385 2.027273865
258 302 3 4222995 2.027274146
258 296 3 8734497 2.027281263
301 323 3 17403 2.027293164
274 255 3 28289 2.027304043
266 236 3 24614 2.027316393
300 250 3 59779 2.027327929
307 232 3 19778 2.027340911
241 280 3 127151 2.027352634
227 324 3 39237 2.027353858
287 265 3 515629 2.027365201
292 314 3 687555 2.027377424
284 237 3 5220 2.027382014
256 279 3 775224 2.027394972
310 272 3 70959 2.027397853
274 266 3 4643217 2.027402881
275 288 3 8065395 2.027410466
299 251 3 187593 2.027421150
295 265 3 5787929 2.027443973
311 288 3 67770 2.027447027
291 261 3 57768 2.027450760
274 256 3 133397 2.027468837
309 271 3 44570 2.027478858
303 240 3 1013 2.027497174
261 279 3 2397540 2.027509782
293 316 3 25989 2.027513482
257 320 3 529032 2.027518920
303 307 3 25150403 2.027538814
285 234 3 23961624 2.027552013
293 262 3 453343 2.027552793
299 251 3 5675997 2.027560209
257 325 3 27313 2.027572974
229 314 3 174488 2.027594106
305 253 3 55767 2.027620376
287 252 3 11177 2.027627925
320 265 3 4707409 2.027635762
300 313 3 28830 2.027645142
239 285 3 8035 2.027681889
228 323 3 747392 2.027691440
317 228 3 28328 2.027694044
289 227 3 1625413 2.027700854
259 312 3 3958863 2.027706610
299 276 3 6562804 2.027708151
269 315 3 21966 2.027712440
262 276 3 666802 2.027723591
306 260 3 981 2.027725429
232 296 3 1075 2.027728910
286 265 3 559155 2.027744450
320 229 3 2112854 2.027751633
313 301 3 25040 2.027767195
269 228 3 6614 2.027772490
239 258 3 989432 2.027786173
306 268 3 20983 2.027788277
259 311 3 5236383 2.027800186
246 283 3 408820 2.027806727
281 320 3 75546 2.027813896
290 268 3 1235714 2.027827465
311 228 3 64710 2.027828325
249 271 3 25151 2.027860767
274 300 3 3270 2.027878293
273 260 3 9742 2.027878511
318 257 3 12207087 2.027879975
288 246 3 5644 2.027891980
297 281 3 4394 2.027902870
245 255 3 8641 2.027905449
260 293 3 28855075 2.027906877
229 323 3 518348 2.027910051
305 264 3 4613518 2.027913605
316 291 3 9679390 2.027933754
307 290 3 4219294 2.027944455
227 259 3 205814 2.027948481
235 283 3 1487 2.027950630
289 278 3 783018 2.027954604
306 228 3 140 2.027962197
256 316 3 1082263 2.027982623
316 258 3 33393 2.027998975
262 282 3 3085 2.028004580
250 298 3 9599 2.028005972
317 266 3 127388 2.028011174
274 287 3 62510 2.028025215
266 288 3 8110387 2.028037488
285 247 3 74603 2.028062940
273 322 3 1883699 2.028069463
233 275 3 1456740 2.028078327
318 265 3 32942 2.028080010
246 266 3 22388 2.028081963
239 317 3 50487 2.028101140
297 326 3 669106 2.028101260
271 293 3 3288447 2.028104143
237 314 3 602988 2.028123705
240 310 3 11981 2.028129726
243 297 3 112794 2.028132162
260 229 3 5914257 2.028132500
249 309 3 7888 2.028134908
305 316 3 36807 2.028144327
289 313 3 78688 2.028153846
255 302 3 5387 2.028158259
280 249 3 3068437 2.028165219
267 299 3 47489 2.028175146
230 262 3 35780 2.028187235
235 297 3 76774 2.028202832
236 249 3 24471600 2.028209980
248 242 3 23947886 2.028214599
253 297 3 135698 2.028235494
295 242 3 72661 2.028240607
229 275 3 88290 2.028241934
296 279 3 62936 2.028248263
245 256 3 1034 2.028251288
234 275 3 435251 2.028255207
253 302 3 26143 2.028288815
287 233 3 72757 2.028309986
285 264 3 70663 2.028311561
314 298 3 29112 2.028313425
235 319 3 2738959 2.028319180
323 302 3 8659 2.028357898
301 313 3 766273 2.028361084
289 320 3 190606 2.028380532
250 306 3 58282 2.028401422
235 301 3 1282243 2.028413575
293 229 3 4792018 2.028414935
268 312 3 213991 2.028429005
268 240 3 52726 2.028434498
318 253 3 7625 2.028435942
264 230 3 430715 2.028442994
299 235 3 28546 2.028449645
254 307 3 29215 2.028459865
301 283 3 1151616 2.028478634
310 247 3 9916424 2.028514282
297 270 3 59190 2.028536122
303 264 3 4432745 2.028541507
249 267 3 69749 2.028542519
280 321 3 24761 2.028550627
325 233 3 36714 2.028553075
253 235 3 4843393 2.028553496
246 323 3 8085 2.028587646
249 230 3 150944 2.028590932
325 280 3 73590 2.028606689
294 258 3 70487 2.028610332
227 267 3 8342160 2.028621354
244 288 3 6620062 2.028625763
315 240 3 19280 2.028635320
269 234 3 3004274 2.028637160
285 236 3 36444 2.028640686
322 249 3 4573360 2.028648831
251 283 3 2755 2.028659954
311 268 3 41934 2.028666027
234 315 3 36869 2.028668920
306 308 3 451322 2.028670802
257 299 3 25994 2.028670968
263 280 3 918687 2.028672020
276 312 3 621317 2.028679825
311 243 3 20201 2.028680578
318 301 3 29029 2.028683392
255 299 3 8936 2.028687297
252 324 3 589132 2.028691042
286 318 3 32566 2.028691669
265 245 3 353210 2.028695327
235 294 3 1998 2.028699713
310 303 3 1728214 2.028699895
259 246 3 268875 2.028710724
274 266 3 1153 2.028717190
262 308 3 938781 2.028725429
273 313 3 63464 2.028725700
235 263 3 4630 2.028725822
277 253 3 6119627 2.028736612
282 254 3 27865 2.028759914
272 310 3 711810 2.028767652
320 257 3 1221405 2.028772130
324 234 3 8379 2.028776549
259 233 3 4566875 2.028796363
322 296 3 74343 2.028819408
228 319 3 1088519 2.028821886
245 307 3 1926035 2.028826533
281 256 3 26212 2.028861472
254 245 3 1769613 2.028864577
283 325 3 30291 2.028910505
290 322 3 32292 2.028916891
289 241 3 165737 2.028922616
271 310 3 6322 2.028927294
287 277 3 2078 2.028928118
264 299 3 52373 2.028931234
277 292 3 2276765 2.028939200
315 254 3 4457313 2.028940092
305 263 3 12486 2.028945107
292 235 3 1148364 2.028947645
231 279 3 11161 2.028957470
311 287 3 74149 2.028966338
300 275 3 59463 2.028973162
313 278 3 9472 2.028980813
295 314 3 41180 2.028994251
238 283 3 6771 2.029003669
302 286 3 68751 2.029007597
251 321 3 5852 2.029017497
299 251 3 21225 2.029024102
270 252 3 18473110 2.029037545
282 319 3 3085670 2.029039114
281 297 3 6244 2.029043266
235 265 3 9257339 2.029052653
319 233 3 24696 2.029078156
294 264 3 1615 2.029085632
228 258 3 25124 2.029087048
318 277 3 428067 2.029096734
314 227 3 1330037 2.029102748
290 238 3 29128 2.029127083
279 304 3 73450 2.029129482
272 324 3 2213205 2.029141926
324 295 3 2106286 2.029153526
231 307 3 4679203 2.029167744
233 289 3 6434659 2.029171144
276 316 3 2009819 2.029173251
245 291 3 60016 2.029174089
309 284 3 4312 2.029213449
275 312 3 26860 2.029217888
248 270 3 511085 2.029219849
286 250 3 458 2.029225230
245 315 3 27280952 2.029261279
291 234 3 2587 2.029268357
280 287 3 76361 2.029286489
276 250 3 7644722 2.029295179
230 269 3 286530 2.029304769
268 312 3 1984171 2.029334731
229 285 3 65498 2.029335129
325 249 3 8526192 2.029336315
256 312 3 24618 2.029342717
323 234 3 4719 2.029348813
316 275 3 6926 2.029359961
306 319 3 7660 2.029363752
240 326 3 2514320 2.029372890
290 236 3 67343 2.029374780
236 267 3 6999936 2.029381516
325 230 3 7570315 2.029385540
265 313 3 50765 2.029390541
289 255 3 54912 2.029393160
255 311 3 166249 2.029397467
320 257 3 3451367 2.029412168
321 239 3 1515553 2.029415103
319 275 3 384153 2.029417638
326 246 3 3392676 2.029418515
289 314 3 71857 2.029450517
230 315 3 25406 2.029457077
271 257 3 3081121 2.029460116
235 317 3 1637912 2.029462564
252 295 3 22116 2.029464386
278 299 3 915795 2.029468025
284 288 3 91910 2.029474439
288 232 3 45 2.029483501
322 259 3 6156 2.029492694
265 284 3 513 2.029506523
273 228 3 9331 2.029532440
253 239 3 1788268 2.029541495
259 312 3 51029 2.029549136
259 239 3 7323434 2.029553388
255 281 3 22514198 2.029583329
311 304 3 5344 2.029584808
293 277 3 151 2.029586981
302 309 3 594297 2.029611560
236 295 3 99511 2.029626042
272 290 3 122119 2.029631950
262 295 3 38478 2.029639183
289 279 3 4334 2.029650152
261 303 3 68578 2.029658726
317 296 3 404407 2.029676961
323 241 3 37953 2.029680230
325 234 3 17198 2.029689957
297 234 3 1866769 2.029705242
302 283 3 9329 2.029721356
310 280 3 702200 2.029766720
305 228 3 2310655 2.029768182
269 324 3 25220 2.029778217
281 236 3 1346256 2.029810215
312 232 3 1628904 2.029817894
288 242 3 69807 2.029841128
254 230 3 155535 2.029841909
238 273 3 1576031 2.029844330
243 294 3 6614452 2.029855664
240 315 3 6221 2.029882519
278 248 3 21260 2.029887941
322 302 3 26573 2.029911612
251 315 3 39217 2.029927153
310 231 3 3518666 2.029934564
263 322 3 10721 2.029954266
237 289 3 6442 2.029961306
294 234 3 4914336 2.029965722
255 322 3 3870773 2.029970987
275 318 3 3151495 2.029983050
274 303 3 29349 2.029985112
230 295 3 20564 2.029991317
288 238 3 1321 2.029996294
308 268 3 4341036 2.030000407
255 296 3 2216580 2.030009061
259 243 3 25521327 2.030021006
313 294 3 773768 2.030025756
260 319 3 1469428 2.030025832
312 229 3 1121452 2.030031306
242 326 3 108612 2.030036537
239 278 3 47018 2.030036560
280 264 3 417797 2.030037987
276 309 3 917 2.030043881
278 301 3 62382 2.030044226
275 304 3 3932 2.030059033
230 283 3 17061506 2.030069683
323 228 3 914558 2.030079670
288 260 3 20098534 2.030081984
254 279 3 2547 2.030094449
299 251 3 9293668 2.030100853
229 288 3 24077868 2.030113528
260 280 3 2220 2.030136559
278 300 3 1095543 2.030143563
257 275 3 3471513 2.030166943
292 326 3 1741326 2.030174894
295 322 3 27500 2.030178838
230 286 3 7079 2.030225720
240 324 3 4227889 2.030226077
299 324 3 839603 2.030237652
271 316 3 854702 2.030238550
262 313 3 61456 2.030253121
259 287 3 29934 2.030254557
326 265 3 1314846 2.030269624
267 233 3 55611 2.030275151
279 257 3 2078 2.030297798
273 309 3 665 2.030304241
279 311 3 132453 2.030305930
303 283 3 27210 2.030309057
251 276 3 1728696 2.030312575
265 311 3 46628 2.030321140
239 250 3 5289 2.030326312
238 326 3 3453 2.030328600
275 266 3 34700 2.030354015
247 244 3 399732 2.030358569
261 287 3 202736 2.030369500
262 270 3 9581692 2.030383952
293 247 3 841 2.030385341
276 291 3 1753000 2.030405160
317 236 3 1070509 2.030410624
302 307 3 12525 2.030434291
275 303 3 49162 2.030436535
307 261 3 799011 2.030451784
298 251 3 293968 2.030454645
260 236 3 66964 2.030488020
291 230 3 4890773 2.030492267
270 260 3 4343707 2.030501928
244 282 3 514289 2.030505130
227 275 3 785030 2.030509646
286 326 3 1677341 2.030513135
227 295 3 7588759 2.030524083
237 251 3 3261 2.030524246
279 256 3 137300 2.030530519
231 294 3 1031186 2.030546434
264 313 3 20395 2.030555357
287 267 3 4028 2.030575883
290 261 3 3840 2.030587274
263 296 3 3117347 2.030602255
289 313 3 1374321 2.030603973
315 261 3 805855 2.030622710
271 310 3 77321 2.030630825
250 236 3 2363 2.030632717
251 233 3 32772 2.030636037
282 250 3 129515 2.030649729
277 227 3 20458 2.030665269
294 274 3 122167 2.030670358
312 267 3 1316859 2.030686974
292 253 3 23224 2.030687035
230 289 3 1786 2.030688466
244 250 3 251305 2.030689913
323 233 3 4196192 2.030690325
266 272 3 13257 2.030702134
312 297 3 10949 2.030703002
323 234 3 433792 2.030724518
230 285 3 7750 2.030740837
251 286 3 86907 2.030743576
324 293 3 51389 2.030766573
266 277 3 7248278 2.030772398
270 318 3 28444 2.030785093
240 292 3 9435741 2.030793975
322 300 3 2256 2.030795853
324 283 3 8298 2.030808911
285 231 3 12025 2.030809515
303 253 3 503219 2.030810819
274 238 3 2499 2.030819928
259 291 3 1440380 2.030821550
229 294 3 4486137 2.030843199
288 234 3 7630 2.030863620
259 309 3 65704 2.030880185
283 260 3 52644 2.030882445
285 241 3 16898 2.030883269
294 258 3 29472327 2.030897939
270 311 3 23951 2.030932651
238 262 3 56248 2.030934983
309 231 3 193638 2.030962115
274 243 3 9533 2.030963432
257 309 3 21766880 2.030966887
252 229 3 28173 2.030985261
252 325 3 59041 2.030991997
288 316 3 64172 2.030994367
242 288 3 46568 2.031002175
231 300 3 17189 2.031005211
281 320 3 46135 2.031015339
247 276 3 2600262 2.031026585
309 278 3 8721 2.031040667
308 254 3 7971676 2.031043438
232 264 3 78672 2.031048138
283 229 3 360527 2.031051510
321 237 3 60546 2.031053248
262 242 3 612731 2.031055928
270 241 3 35341 2.031056894
270 229 3 56957 2.031057314
246 285 3 100966 2.031087313
313 262 3 50539 2.031091813
309 294 3 75033 2.031091918
298 277 3 3366990 2.031092200
250 318 3 32072 2.031095665
301 228 3 1361435 2.031111260
287 263 3 3597659 2.031125547
298 241 3 4913719 2.031143546
295 239 3 4106427 2.031162869
287 324 3 39947 2.031165550
277 296 3 57366 2.031166303
274 324 3 3900840 2.031169605
252 271 3 6008 2.031178271
237 263 3 1646111 2.031184315
237 257 3 1951041 2.031190714
310 306 3 42958 2.031199761
256 318 3 6270922 2.031201896
280 246 3 1134181 2.031206778
264 267 3 28080 2.031225013
317 259 3 132218 2.031230555
262 307 3 20703 2.031244959
319 262 3 15312361 2.031245017
312 263 3 25630 2.031255456
296 229 3 65392 2.031274310
268 302 3 81470 2.031278659
267 264 3 606941 2.031281179
265 241 3 803385 2.031285721
257 320 3 3434240 2.031301044
281 255 3 38417 2.031307844
289 265 3 54487 2.031310831
307 261 3 23642 2.031317109
276 258 3 29569 2.031317569
247 321 3 6262844 2.031332651
239 270 3 7047446 2.031333642
315 266 3 473135 2.031342204
242 271 3 1318738 2.031346275
325 255 3 19277 2.031348512
255 242 3 3493532 2.031367061
318 243 3 3733083 2.031378624
245 313 3 5388 2.031411496
276 300 3 21996 2.031411866
305 277 3 23758 2.031417937
296 254 3 1637056 2.031429417
266 299 3 1591321 2.031429926
325 305 3 51965 2.031430870
303 264 3 4520 2.031463309
273 259 3 1314592 2.031470461
302 261 3 18672 2.031472785
282 323 3 23924301 2.031477920
297 246 3 38235 2.031513074
301 241 3 896944 2.031513626
290 264 3 5832 2.031524183
318 297 3 19433608 2.031526305
240 276 3 4002623 2.031528129
283 250 3 8421 2.031532474
307 293 3 15400 2.031541131
283 316 3 8492 2.031543291
297 285 3 7900249 2.031548707
232 293 3 24407 2.031557804
302 272 3 61586 2.031562224
325 256 3 2648269 2.031566500
318 228 3 31 2.031566537
290 264 3 23413 2.031567570
251 228 3 842001 2.031580431
273 230 3 702012 2.031581078
290 242 3 7906429 2.031582355
278 246 3 67319 2.031614518
282 232 3 34338 2.031619464
244 253 3 2606647 2.031627307
317 293 3 124205 2.031630586
282 254 3 138121 2.031631970
235 316 3 767936 2.031644834
255 305 3 1485 2.031656984
316 235 3 8926883 2.031667609
307 269 3 1926594 2.031669969
303 314 3 2043110 2.031699977
278 227 3 26143 2.031703253
284 232 3 40989 2.031704516
258 304 3 1144 2.031706153
310 248 3 2767 2.031714415
311 235 3 1039507 2.031716177
303 228 3 18518 2.031720949
306 265 3 24937 2.031732213
307 265 3 113357 2.031739115
270 306 3 1974870 2.031767437
305 235 3 67878 2.031769387
326 245 3 3416023 2.031772854
299 252 3 47943 2.031776094
325 264 3 1910905 2.031781399
260 305 3 73867 2.031784780
312 261 3 221129 2.031797012
255 310 3 9171741 2.031804019
293 279 3 103983 2.031814525
277 310 3 787115 2.031826564
277 293 3 66886 2.031829732
232 247 3 1460363 2.031830872
246 293 3 797309 2.031833591
325 279 3 1015114 2.031835473
298 283 3 75404 2.031861020
238 303 3 9954 2.031867425
292 251 3 29481 2.031889274
230 325 3 61825 2.031908056
313 263 3 1742082 2.031916251
293 264 3 681450 2.031926427
240 314 3 2120 2.031926798
249 304 3 74539 2.031934039
285 243 3 1301320 2.031934847
281 287 3 132554 2.031944944
263 277 3 39 2.031945540
282 249 3 197069 2.031950187
235 258 3 75342 2.031963590
256 311 3 26152 2.031974484
299 320 3 13833906 2.031977457
296 316 3 33364 2.031984383
313 236 3 62033 2.031997426
260 302 3 1663157 2.031999123
304 242 3 67449 2.032009751
267 229 3 9096 2.032012019
230 263 3 7879691 2.032019029
248 317 3 1798982 2.032022898
310 286 3 16943 2.032029501
264 294 3 79043 2.032035013
295 232 3 800971 2.032035874
283 293 3 1259844 2.032036529
240 287 3 65780 2.032038958
298 316 3 1752055 2.032046637
249 312 3 8069084 2.032048121
227 326 3 72398 2.032058194
287 255 3 5684 2.032065050
308 282 3 299303 2.032079063
311 283 3 12975 2.032081201
301 261 3 1302743 2.032086258
287 279 3 1001718 2.032095364
271 265 3 83909 2.032103605
325 257 3 1839505 2.032115897
235 311 3 378917 2.032125411
260 295 3 52298 2.032133197
242 290 3 42788 2.032147717
227 255 3 401138 2.032155621
264 325 3 1524 2.032174646
239 294 3 59361 2.032177596
301 247 3 192050 2.032192750
279 312 3 63895 2.032193929
273 323 3 2479520 2.032195577
251 315 3 21711 2.032205324
317 279 3 22944 2.032223587
261 301 3 447553 2.032226860
243 273 3 4820 2.032234433
281 245 3 25524 2.032240420
233 260 3 20475 2.032244279
326 272 3 6698 2.032270225
294 281 3 78548 2.032273722
306 309 3 98513 2.032277905
266 239 3 52631 2.032279877
321 281 3 2759 2.032297144
243 274 3 29418 2.032299432
247 273 3 10186 2.032300118
240 285 3 62926 2.032304415
247 279 3 78544 2.032316574
248 309 3 5841285 2.032343874
235 272 3 36913 2.032352861
295 255 3 13541 2.032354391
306 284 3 6279066 2.032372418
325 243 3 6162370 2.032374859
286 311 3 9458 2.032380668
265 241 3 4122252 2.032384692
311 306 3 8652 2.032388526
323 296 3 3522800 2.032399293
265 297 3 2512 2.032401308
247 312 3 66735 2.032421000
321 297 3 1774 2.032439678
269 237 3 8835226 2.032452842
279 230 3 4360294 2.032476733
321 282 3 69060 2.032513542
244 290 3 67650 2.032528258
240 302 3 31006 2.032528933
296 283 3 3668532 2.032532918
248 311 3 2749 2.032540759
299 231 3 8727 2.032547947
298 261 3 151299 2.032563042
259 295 3 31150 2.032568007
319 302 3 7910351 2.032569737
257 325 3 6841 2.032573051
289 228 3 258953 2.032576409
289 274 3 4792462 2.032578314
238 282 3 1876377 2.032578751
306 282 3 23505 2.032587063
308 299 3 2234604 2.032596357
308 254 3 4981251 2.032606832
257 277 3 24627 2.032615185
309 253 3 44740 2.032625270
268 233 3 926339 2.032626897
289 307 3 3187588 2.032630359
227 301 3 50343 2.032631384
231 263 3 294282 2.032638649
254 299 3 56470 2.032644568
297 276 3 12391 2.032644684
268 308 3 793841 2.032660673
248 291 3 59083 2.032671873
230 297 3 40635 2.032677625
319 259 3 543 2.032679802
297 284 3 3863490 2.032693771
235 251 3 56003 2.032701088
277 321 3 8099522 2.032704350
264 232 3 12748 2.032715871
285 292 3 4481446 2.032724448
297 260 3 4056 2.032726990
274 246 3 16564 2.032732654
252 316 3 394706 2.032743530
280 305 3 4693 2.032750660
256 274 3 1811195 2.032753075
235 289 3 994606 2.032766179
268 245 3 64629 2.032767288
272 319 3 46794 2.032778716
312 263 3 3081711 2.032778857
252 317 3 98325 2.032780369
286 249 3 1307573 2.032802109
239 286 3 34258 2.032806004
233 274 3 5400604 2.032811234
267 296 3 173959 2.032825077
311 276 3 2993811 2.032825684
297 230 3 327892 2.032840767
254 292 3 193 2.032847105
299 283 3 68472 2.032849534
297 318 3 4386646 2.032851207
309 297 3 69734 2.032869974
284 325 3 2250092 2.032880556
252 323 3 4479257 2.032885481
302 277 3 1855548 2.032904685
229 249 3 11830 2.032916085
240 256 3 19543 2.032930422
253 286 3 46410 2.032931295
229 312 3 12166 2.032936736
235 289 3 63784 2.032938062
326 298 3 19234 2.032953172
246 268 3 469075 2.032955564
320 248 3 9184 2.032962566
245 259 3 217594 2.032967376
281 302 3 70224 2.032971416
253 235 3 27686 2.032978389
267 310 3 158703 2.032980850
313 282 3 79450 2.032982550
253 323 3 78642 2.033003026
283 261 3 3032184 2.033013558
273 256 3 127999 2.033013923
284 239 3 27257 2.033014266
262 291 3 5933 2.033014451
306 240 3 31394 2.033021053
232 295 3 52612 2.033024959
320 237 3 2436654 2.033043000
227 287 3 23003 2.033061789
272 288 3 128704 2.033063631
291 249 3 972226 2.033073288
303 237 3 78932 2.033094423
234 258 3 3349678 2.033102760
283 231 3 19655 2.033121199
317 235 3 1544662 2.033135370
240 285 3 44245 2.033136823
250 229 3 34854 2.033137331
265 277 3 9509 2.033144037
227 251 3 11625 2.033156281
310 249 3 49175 2.033174928
298 243 3 4912922 2.033175116
299 233 3 17608 2.033177263
294 263 3 62619 2.033202639
314 305 3 52539 2.033204199
263 289 3 8867286 2.033205977
261 294 3 59049 2.033216342
290 314 3 3885566 2.033221099
297 256 3 3899718 2.033222434
260 245 3 13795 2.033252756
311 237 3 49354 2.033268467
230 288 3 3086828 2.033274899
254 284 3 760286 2.033275116
243 312 3 78442 2.033278479
310 267 3 837969 2.033280506
256 288 3 26420760 2.033280558
252 300 3 20865 2.033303134
316 236 3 5013299 2.033305813
273 231 3 483273 2.033310676
306 227 3 26068 2.033314207
308 233 3 229018 2.033317937
274 251 3 199799 2.033336663
270 324 3 39910 2.033337139
236 285 3 176936 2.033368772
244 269 3 26459 2.033371174
291 235 3 6499 2.033376703
291 251 3 309437 2.033386743
286 235 3 5633931 2.033389764
290 279 3 843257 2.033390139
324 228 3 5461 2.033391101
301 258 3 11126 2.033402689
265 270 3 488939 2.033406906
242 264 3 70189 2.033434228
247 305 3 6875824 2.033454614
303 232 3 49217 2.033458312
269 250 3 23980 2.033466284
276 242 3 9800 2.033477054
281 302 3 3945156 2.033478642
294 258 3 4830525 2.033490054
317 232 3 32135 2.033516877
319 302 3 919415 2.033551640
287 326 3 41692 2.033553820
295 233 3 42443 2.033558275
273 323 3 820281 2.033590594
283 305 3 1510856 2.033594897
303 319 3 73163 2.033598261
275 248 3 1433920 2.033606613
301 239 3 445569 2.033612707
310 253 3 1772797 2.033615289
317 298 3 4073718 2.033620189
232 256 3 1521615 2.033642409
304 274 3 9314930 2.033643041
285 245 3 4623072 2.033688152
312 248 3 138855 2.033713218
294 282 3 2714 2.033716399
323 283 3 3005963 2.033739395
244 300 3 22654 2.033741986
263 228 3 1612410 2.033743504
276 322 3 7732 2.033746647
252 290 3 4787270 2.033785154
271 307 3 97456 2.033785500
319 238 3 451 2.033786810
278 294 3 1130441 2.033787610
303 273 3 66177 2.033798582
291 236 3 715326 2.033805722
229 317 3 3152 2.033808459
247 245 3 10413 2.033818205
295 279 3 63637 2.033832593
278 307 3 55516 2.033843651
263 325 3 5710 2.033851310
266 237 3 56827 2.033855885
235 259 3 67966 2.033866496
287 263 3 7922185 2.033868097
294 281 3 87387 2.033873316
254 321 3 884700 2.033876457
239 306 3 1773322 2.033882980
302 244 3 111160 2.033886742
285 241 3 8337 2.033899106
275 262 3 7435924 2.033906040
275 306 3 76187 2.033909541
319 285 3 1835414 2.033910543
291 317 3 896851 2.033911816
229 266 3 8953001 2.033918485
324 264 3 26675 2.033919397
265 295 3 64861 2.033930623
248 238 3 87317 2.033932455
304 238 3 20230 2.033945628
234 326 3 1621763 2.033955977
287 230 3 21729 2.033963783
319 301 3 4655417 2.033965782
310 242 3 5822 2.033979152
289 326 3 853031 2.033982632
273 264 3 6200 2.033985022
258 303 3 1812635 2.034004516
319 256 3 5565183 2.034005644
302 270 3 21118 2.034014121
290 326 3 22913 2.034015583
290 270 3 1364699 2.034018610
295 324 3 1196 2.034028199
279 230 3 15147 2.034036336
286 233 3 1673570 2.034040533
305 272 3 2195591 2.034057374
290 310 3 35184 2.034061814
285 293 3 665980 2.034098993
267 288 3 10872 2.034106658
272 239 3 922488 2.034116545
310 259 3 53168 2.034121788
291 276 3 7929423 2.034122101
271 296 3 6059017 2.034127375
305 285 3 8893 2.034128359
265 309 3 1243845 2.034130633
263 274 3 64208 2.034144174
303 312 3 27549170 2.034181382
284 262 3 1752733 2.034182098
230 265 3 67543 2.034200712
245 289 3 2230549 2.034203705
282 266 3 189972 2.034230658
284 314 3 8898 2.034232545
288 227 3 24026 2.034265631
246 288 3 1410509 2.034278001
300 257 3 16802 2.034279282
317 252 3 55464 2.034279955
236 269 3 8759737 2.034281988
313 248 3 1183601 2.034287110
311 303 3 23214 2.034291829
278 304 3 2127 2.034298723
234 310 3 38893 2.034314596
233 263 3 1198023 2.034318416
303 244 3 1366613 2.034322590
303 239 3 23344184 2.034324279
254 294 3 6758547 2.034334893
259 269 3 472929 2.034350026
283 247 3 43608 2.034350701
265 312 3 36426 2.034360119
266 283 3 36228 2.034387086
258 319 3 46809 2.034401248
315 277 3 9640 2.034403135
325 231 3 1523432 2.034405083
276 236 3 7596104 2.034430765
257 236 3 1597940 2.034448637
254 235 3 72392 2.034449278
280 317 3 133332 2.034453175
286 303 3 3470168 2.034456463
309 232 3 116102 2.034492748
277 228 3 277 2.034493961
253 281 3 33840 2.034502369
314 260 3 22648 2.034503523
237 298 3 1672224 2.034512840
245 291 3 3320 2.034517477
315 251 3 30705 2.034527758
242 315 3 622946 2.034529143
314 291 3 12992 2.034545586
281 312 3 10106 2.034572949
303 251 3 47582 2.034573521
259 312 3 7017 2.034576803
232 313 3 79014 2.034579927
298 270 3 71938 2.034580426
249 277 3 3707483 2.034581886
289 269 3 53919 2.034585163
318 275 3 4035619 2.034585837
317 299 3 3256039 2.034591444
311 272 3 51985 2.034594782
323 288 3 7068 2.034598519
310 246 3 4886072 2.034600049
243 287 3 9945790 2.034600139
234 274 3 1237864 2.034609921
294 271 3 9 2.034623277
255 283 3 56683 2.034624618
228 277 3 11360 2.034626663
325 256 3 23641 2.034652491
244 265 3 12207 2.034678460
324 254 3 213914 2.034688416
303 236 3 20543 2.034692793
319 244 3 2544947 2.034739047
284 293 3 63345 2.034781267
235 260 3 24230 2.034796005
242 282 3 11875 2.034810529
231 298 3 31566 2.034821525
284 236 3 108292 2.034824677
246 253 3 434 2.034850278
303 247 3 8258493 2.034861631
262 269 3 7848290 2.034893180
308 279 3 5063 2.034925714
284 253 3 28178 2.034926787
308 257 3 673788 2.034927812
289 310 3 1526646 2.034932818
230 299 3 52123 2.034958858
250 298 3 1617812 2.034962193
292 271 3 2513 2.034984740
260 268 3 7347763 2.034990741
241 287 3 9660 2.034995383
310 262 3 592149 2.034995660
301 234 3 575507 2.035006035
248 232 3 962161 2.035022748
286 322 3 30811 2.035033312
317 231 3 62015 2.035046508
289 315 3 25403 2.035051846
238 253 3 1377213 2.035054326
250 273 3 10982336 2.035055663
287 283 3 4220866 2.035104891
227 294 3 472333 2.035113424
257 294 3 7334410 2.035119372
272 325 3 540182 2.035125984
247 232 3 4396 2.035140145
304 256 3 34139 2.035140351
308 232 3 2741731 2.035149860
242 256 3 821297 2.035161190
249 228 3 40195 2.035161930
237 308 3 41217 2.035185934
299 269 3 8797536 2.035195434
283 311 3 162865 2.035205636
293 238 3 25627 2.035208889
306 267 3 12600 2.035214543
233 255 3 130661 2.035215471
280 301 3 1882376 2.035216513
282 316 3 16704 2.035217054
303 247 3 603813 2.035245462
314 266 3 8545 2.035252075
293 285 3 1857 2.035273521
283 290 3 11528 2.035280329
233 294 3 68744 2.035282961
311 244 3 47910 2.035290471
259 275 3 16950 2.035338702
309 287 3 69073 2.035354825
302 271 3 41745 2.035365099
236 263 3 60661 2.035368251
235 302 3 1828706 2.035374597
230 251 3 68929 2.035377499
311 266 3 891402 2.035383849
298 252 3 67351 2.035396289
231 247 3 789737 2.035405961
251 306 3 816130 2.035417757
245 253 3 480755 2.035417931
235 315 3 49794 2.035417958
243 265 3 34036 2.035423830
236 294 3 5465 2.035428545
235 252 3 76532 2.035433439
241 262 3 4939 2.035437387
313 291 3 7140 2.035447206
262 267 3 22223 2.035451568
288 272 3 1651936 2.035464537
280 317 3 402654 2.035480788
264 321 3 20413 2.035494187
318 258 3 74724 2.035509887
294 233 3 966033 2.035536603
307 248 3 7921313 2.035548607
309 258 3 41098 2.035556851
269 302 3 4702 2.035564117
323 306 3 22393 2.035566600
251 324 3 22180 2.035570500
241 267 3 42559 2.035584776
279 257 3 362490 2.035589873
234 300 3 1964559 2.035593290
269 320 3 1012977 2.035596537
281 235 3 6010 2.035604511
244 310 3 23299 2.035614913
287 235 3 25946 2.035615824
308 297 3 3965181 2.035622518
324 280 3 4331459 2.035633026
299 230 3 8849734 2.035637105
290 227 3 4237874 2.035645583
318 273 3 7286033 2.035645825
309 241 3 19504883 2.035655395
234 293 3 737 2.035672114
294 284 3 518060 2.035681697
229 254 3 8851501 2.035683011
252 321 3 1604435 2.035683892
303 264 3 9126 2.035700967
266 284 3 9695 2.035702661
239 277 3 245471 2.035708443
316 259 3 1465186 2.035724499
286 305 3 23568 2.035748232
287 256 3 51210 2.035753255
285 305 3 51998 2.035767726
239 254 3 9250042 2.035773180
239 253 3 224071 2.035778719
286 297 3 4806010 2.035785104
283 317 3 3715 2.035791723
304 255 3 123054 2.035795214
306 249 3 70691 2.035796733
264 311 3 1124 2.035797201
268 312 3 8853115 2.035803907
316 272 3 707335 2.035804854
303 317 3 7785735 2.035822391
288 277 3 23260 2.035843545
285 291 3 8270 2.035843995
256 286 3 30946 2.035863449
271 305 3 8469 2.035875999
247 299 3 292363 2.035878174
315 248 3 65110 2.035902731
263 230 3 69811 2.035904835
323 277 3 78746 2.035906912
261 300 3 6270 2.035918195
304 260 3 58232 2.035926841
306 311 3 40928 2.035936227
316 294 3 9516 2.035949312
231 306 3 7252 2.035956313
262 321 3 14721711 2.035968817
319 277 3 1007428 2.035974638
279 253 3 2336504 2.035982096
271 262 3 767247 2.035990126
244 278 3 2156 2.035990435
252 268 3 9484884 2.035999153
265 281 3 6194 2.036003483
269 299 3 4845841 2.036015433
303 265 3 142955 2.036016108
290 253 3 9640 2.036030527
254 269 3 5184 2.036032183
233 322 3 26728 2.036034077
262 276 3 182647 2.036047804
324 249 3 151693 2.036058753
318 296 3 18945 2.036068426
261 322 3 33843 2.036069458
290 325 3 1228712 2.036072208
301 319 3 49190 2.036082251
233 296 3 8706335 2.036087847
247 306 3 1555918 2.036094773
249 324 3 73855 2.036097407
243 316 3 32651 2.036098713
305 315 3 1049630 2.036100154
230 247 3 1838133 2.036103993
324 282 3 66918 2.036114812
233 311 3 1399515 2.036133439
239 304 3 9528 2.036142493
299 307 3 24614 2.036147086
251 311 3 6090271 2.036156098
320 230 3 45442 2.036173271
291 315 3 28620 2.036178957
247 305 3 5990 2.036189219
310 252 3 4334 2.036191876
238 263 3 1455946 2.036212376
318 248 3 5580 2.036219497
320 228 3 496 2.036222830
295 324 3 1817296 2.036244635
240 285 3 767860 2.036276758
318 248 3 830946 2.036280735
243 288 3 27198 2.036281099
241 281 3 7806322 2.036282154
315 247 3 27719 2.036285949
285 320 3 5481 2.036290187
244 311 3 110725 2.036294800
283 235 3 5564 2.036312651
279 319 3 25658 2.036322235
257 319 3 67324 2.036338090
254 227 3 3417925 2.036342452
230 292 3 43416 2.036369744
250 306 3 27513 2.036377423
295 263 3 7504511 2.036379556
303 266 3 198181 2.036393728
261 229 3 8087 2.036397152
297 257 3 8630 2.036399405
284 312 3 1015769 2.036401512
300 312 3 5790509 2.036403923
313 254 3 22648 2.036413622
301 261 3 4616057 2.036415724
276 232 3 418 2.036435757
232 310 3 146274 2.036436287
258 324 3 1768355 2.036436393
291 254 3 9275 2.036451374
292 238 3 3470273 2.036458215
276 295 3 184529 2.036460367
306 248 3 226859 2.036461393
227 309 3 8561 2.036465212
278 309 3 24526 2.036472061
301 320 3 5555936 2.036482375
270 255 3 49645 2.036487391
285 257 3 33771 2.036506552
317 242 3 2891191 2.036521133
247 293 3 63714 2.036528281
305 242 3 2709887 2.036549745
253 244 3 23813 2.036558319
303 261 3 1954075 2.036564956
262 227 3 960988 2.036568656
234 313 3 29591 2.036571767
284 235 3 3841 2.036585582
256 280 3 16638244 2.036586398
242 312 3 71837 2.036632115
283 318 3 6022 2.036632322
269 311 3 1553043 2.036637932
242 310 3 69979 2.036642729
322 246 3 20643 2.036677256
271 311 3 298634 2.036679033
272 313 3 6049333 2.036681097
301 307 3 88294 2.036696208
314 228 3 4917348 2.036700170
310 245 3 61654 2.036703158
247 299 3 48853 2.036712572
295 316 3 28681 2.036714397
262 310 3 1646083 2.036715813
271 252 3 1293 2.036718686
247 233 3 71785 2.036720790
285 325 3 9187970 2.036735670
309 281 3 14550807 2.036739320
270 317 3 20474 2.036740143
261 283 3 12884714 2.036746744
293 244 3 645703 2.036758934
242 312 3 5650 2.036763535
288 325 3 824235 2.036763975
242 260 3 9691308 2.036786290
265 280 3 20336 2.036796322
282 302 3 996665 2.036808736
236 294 3 8798792 2.036827284
252 320 3 328434 2.036833966
257 308 3 166425 2.036837296
286 236 3 1373169 2.036858516
321 301 3 22658 2.036866362
267 287 3 5242044 2.036871177
256 241 3 31520 2.036889616
285 230 3 3994827 2.036894694
267 250 3 57081 2.036907441
304 311 3 1340748 2.036913791
321 297 3 67146 2.036915170
312 277 3 10436 2.036925142
320 273 3 1942108 2.036934527
296 264 3 1549068 2.036937419
270 265 3 982100 2.036941319
275 292 3 33042 2.036944179
264 269 3 89994 2.036945026
256 278 3 40653 2.036958574
286 314 3 9814 2.036962727
299 227 3 2975199 2.036980202
323 236 3 3263995 2.036981063
282 264 3 19221638 2.037004480
285 238 3 99938 2.037023486
278 260 3 278565 2.037030120
296 227 3 19864 2.037032272
243 282 3 187947 2.037046847
273 251 3 7048 2.037055977
284 299 3 39356 2.037099590
313 295 3 28167 2.037105109
258 309 3 71830 2.037118405
251 300 3 636772 2.037121211
245 304 3 8763475 2.037136357
265 237 3 49779 2.037140639
252 284 3 578427 2.037147082
270 244 3 27622 2.037154875
243 312 3 60715 2.037171325
287 232 3 159102 2.037174525
266 285 3 51428 2.037175550
293 262 3 26839 2.037178576
316 252 3 65117 2.037178872
285 298 3 810337 2.037182917
269 312 3 57079 2.037185213
278 249 3 897826 2.037185515
307 272 3 9555 2.037200415
227 271 3 9245 2.037218242
280 238 3 827717 2.037224627
319 228 3 1092869 2.037230828
303 315 3 1416807 2.037234000
299 251 3 3472 2.037254829
325 245 3 32215 2.037256971
260 291 3 9190 2.037257072
314 231 3 7050445 2.037261387
231 281 3 3678353 2.037262247
260 298 3 13031 2.037262525
283 287 3 166191 2.037294082
321 260 3 9236840 2.037295874
322 241 3 3730 2.037309247
311 297 3 867 2.037310028
286 289 3 1953324 2.037315442
266 299 3 56506 2.037319750
307 292 3 25284 2.037333736
248 279 3 54399 2.037338390
313 306 3 1800927 2.037343825
309 243 3 1701616 2.037349490
258 282 3 5225868 2.037355405
248 275 3 13176 2.037366664
249 268 3 27242 2.037380374
232 314 3 77513 2.037380701
238 274 3 1429318 2.037380930
301 236 3 29815 2.037397421
254 294 3 8228213 2.037413324
320 295 3 20447 2.037417889
265 281 3 3247 2.037445901
313 267 3 576930 2.037450861
238 318 3 9028110 2.037460110
254 299 3 1216118 2.037463927
324 247 3 35805 2.037471756
322 250 3 101643 2.037472365
238 255 3 8311 2.037477282
265 314 3 1068796 2.037484625
269 232 3 23838950 2.037492529
306 325 3 24803435 2.037515545
297 227 3 4336448 2.037537290
278 300 3 28551 2.037539168
235 320 3 484 2.037541229
303 285 3 38124 2.037580405
281 307 3 1613261 2.037580457
286 240 3 1451167 2.037586545
229 300 3 385 2.037606206
244 282 3 1293154 2.037612839
230 289 3 4037 2.037622890
236 296 3 2865731 2.037627321
296 241 3 66045 2.037631365
245 288 3 60588 2.037640197
294 239 3 658944 2.037655172
314 288 3 3724 2.037666396
278 304 3 76739 2.037677298
317 246 3 32291 2.037690160
243 311 3 6773 2.037690315
286 324 3 7922 2.037697166
324 279 3 1707872 2.037701237
227 324 3 5364618 2.037702802
229 304 3 5135842 2.037727842
260 295 3 30917 2.037729617
288 260 3 4143 2.037751159
315 291 3 62158 2.037755089
278 305 3 546993 2.037756596
247 314 3 4746366 2.037762955
232 277 3 65430 2.037765107
229 300 3 61332 2.037770542
280 320 3 77326 2.037772847
276 302 3 2626 2.037776883
265 277 3 9004 2.037779527
301 230 3 52669 2.037796202
266 312 3 5318 2.037812181
298 318 3 790 2.037823639
242 306 3 1869326 2.037826224
231 311 3 75326 2.037831733
299 312 3 24703 2.037845243
282 287 3 3395 2.037853942
299 253 3 25967 2.037864285
252 295 3 12490 2.037871566
303 277 3 191306 2.037877555
271 308 3 9659006 2.037877741
307 254 3 4861 2.037879079
316 279 3 1992539 2.037905265
314 305 3 103572 2.037905566
230 303 3 68543 2.037908162
277 260 3 65879 2.037920237
307 257 3 3484417 2.037925224
285 235 3 1214862 2.037940122
314 279 3 1416009 2.037975260
317 265 3 19067579 2.037979763
324 289 3 334 2.037980674
277 240 3 516787 2.037985993
255 315 3 1089221 2.037988739
257 277 3 796210 2.037993975
326 284 3 9540 2.038017249
251 244 3 883894 2.038018900
284 246 3 1201 2.038020257
291 251 3 60545 2.038024675
241 283 3 16277 2.038032574
269 257 3 7100304 2.038033979
312 262 3 29061 2.038039497
303 254 3 28015 2.038044713
321 234 3 74150 2.038052262
241 282 3 3182 2.038056772
233 282 3 25440 2.038058405
251 305 3 47512 2.038092165
252 279 3 615967 2.038101011
258 319 3 30606 2.038105682
284 250 3 1909417 2.038109599
261 295 3 8354 2.038124993
243 316 3 24903 2.038139137
244 321 3 9449231 2.038143061
254 269 3 42024 2.038149480
296 256 3 26554 2.038158347
262 245 3 180299 2.038171343
305 320 3 48789 2.038176938
263 245 3 65946 2.038179461
300 244 3 21755 2.038182669
249 236 3 16802123 2.038208814
264 275 3 149607 2.038215069
276 302 3 65537 2.038231516
285 312 3 1867315 2.038233917
283 227 3 65214 2.038241072
286 310 3 413221 2.038241272
291 265 3 4237368 2.038253520
293 246 3 3247536 2.038254774
321 301 3 72180 2.038255189
296 233 3 880681 2.038257788
324 235 3 33994 2.038257854
308 284 3 4137491 2.038269526
246 280 3 3524014 2.038273843
296 317 3 5934991 2.038282194
277 313 3 614 2.038286460
251 272 3 62881 2.038298251
260 232 3 6435502 2.038298717
247 243 3 47938 2.038309855
243 273 3 269160 2.038316489
234 311 3 787011 2.038320952
246 295 3 44178 2.038328279
246 278 3 21437 2.038333103
263 244 3 3961984 2.038349754
265 314 3 1866125 2.038355107
305 243 3 1665072 2.038356664
275 294 3 548846 2.038370969
297 266 3 3016 2.038377662
317 301 3 139750 2.038380752
280 251 3 59704 2.038390186
301 242 3 11000 2.038396287
272 228 3 57558 2.038406169
276 309 3 61859 2.038414668
273 240 3 49243 2.038419297
287 245 3 4503816 2.038435940
278 260 3 5809651 2.038451520
292 234 3 9564 2.038454540
284 262 3 416984 2.038470519
304 243 3 606219 2.038475388
301 261 3 1607 2.038486792
269 232 3 436333 2.038490367
263 297 3 3876027 2.038496313
312 267 3 76579 2.038499864
319 268 3 890174 2.038507167
289 314 3 8509318 2.038508937
255 283 3 32572 2.038530158
276 256 3 2873575 2.038538972
299 318 3 301925 2.038548244
314 246 3 1778467 2.038551859
266 281 3 9389 2.038557161
323 296 3 41093 2.038568118
228 304 3 1529479 2.038577443
258 287 3 801404 2.038580881
295 276 3 20463 2.038592391
303 284 3 3069117 2.038608286
283 315 3 55967 2.038609026
269 264 3 30811 2.038634193
277 325 3 404603 2.038648570
238 309 3 77358 2.038649112
321 297 3 3476 2.038655627
270 257 3 8046 2.038672228
232 259 3 4419954 2.038694406
251 282 3 66147 2.038704234
321 288 3 7163831 2.038706540
233 299 3 2305350 2.038716183
244 326 3 4420884 2.038719523
231 248 3 1922252 2.038723814
274 231 3 24622199 2.038730248
308 227 3 41969 2.038745083
315 241 3 745 2.038750208
290 278 3 1530190 2.038752212
302 241 3 44181 2.038757532
289 264 3 304416 2.038766029
309 266 3 110639 2.038776484
247 238 3 7715 2.038781997
278 287 3 13671 2.038790633
260 233 3 12156 2.038794468
271 305 3 9171 2.038810032
274 229 3 21286625 2.038825906
296 281 3 75563 2.038833854
260 301 3 863877 2.038845443
262 302 3 62811 2.038848706
260 310 3 25602 2.038874930
308 293 3 38177 2.038880155
324 283 3 6834 2.038889107
317 301 3 327435 2.038904982
281 248 3 1063680 2.038907608
300 245 3 74552 2.038912316
256 290 3 4171867 2.038913537
302 272 3 843 2.038919560
307 278 3 69786 2.038921405
245 294 3 832023 2.038930898
280 262 3 7577 2.038931184
245 321 3 3165790 2.038934978
316 234 3 1440085 2.038946967
322 241 3 54978 2.038947518
235 315 3 59579 2.038957093
326 282 3 75066 2.038960410
266 276 3 8908 2.038965392
280 247 3 41530 2.038965725
303 318 3 1834469 2.038968134
231 263 3 4626455 2.038979164
247 289 3 28804 2.038985517
297 256 3 23691 2.039007534
293 254 3 76296 2.039019278
319 275 3 296 2.039019704
265 269 3 55740 2.039020882
233 247 3 2916208 2.039027847
276 305 3 1198743 2.039055430
317 260 3 1661700 2.039060705
300 271 3 1066964 2.039064071
285 313 3 16948 2.039090667
252 277 3 35759 2.039091840
317 282 3 2499923 2.039097517
247 318 3 552378 2.039112178
277 299 3 3081 2.039112410
246 272 3 4905149 2.039114060
263 310 3 54738 2.039118052
263 272 3 4368 2.039120892
321 281 3 9678 2.039137252
326 290 3 3929 2.039139330
234 252 3 14068 2.039140050
312 264 3 17965 2.039157355
278 228 3 3205104 2.039170920
270 308 3 22486 2.039175161
257 269 3 3138514 2.039184486
227 271 3 1480113 2.039187663
321 257 3 336 2.039187905
240 262 3 3248171 2.039191157
275 252 3 40181 2.039249941
252 276 3 5142 2.039253571
263 311 3 73269 2.039256254
252 301 3 79738 2.039257285
252 298 3 31862 2.039270478
286 288 3 94733 2.039291712
258 274 3 49231 2.039294916
282 238 3 47534 2.039315885
247 244 3 539307 2.039327181
279 243 3 8138 2.039328893
265 234 3 4814878 2.039333429
293 236 3 48787 2.039336471
317 227 3 1682613 2.039338357
253 245 3 189 2.039342781
230 273 3 1757 2.039358993
288 266 3 20871 2.039359270
288 284 3 5923950 2.039363035
310 249 3 25937 2.039376741
276 244 3 25030 2.039380709
271 250 3 1024015 2.039387844
231 256 3 656947 2.039395578
301 315 3 49961 2.039400346
248 297 3 24250 2.039416092
317 237 3 21383 2.039428129
319 289 3 671160 2.039435803
314 300 3 19964 2.039435902
276 287 3 29898 2.039478165
229 314 3 58102 2.039481492
318 298 3 5250 2.039484165
276 298 3 2866322 2.039487206
303 278 3 4124421 2.039487833
247 323 3 1892966 2.039499255
257 289 3 25255 2.039512363
293 264 3 67305 2.039515098
267 234 3 27507 2.039538179
310 299 3 23312246 2.039543737
326 227 3 26101 2.039583692
316 229 3 26134 2.039601532
236 268 3 30530 2.039601781
291 273 3 8577 2.039603357
261 267 3 3015786 2.039613405
270 235 3 42763 2.039629765
263 300 3 9108 2.039632220
237 296 3 63741 2.039637970
318 304 3 3900343 2.039656571
257 276 3 5853 2.039669830
242 262 3 974233 2.039689856
286 259 3 5865291 2.039706728
317 243 3 106924 2.039706764
248 232 3 52732 2.039711262
231 275 3 8145689 2.039733709
298 235 3 826098 2.039735802
320 304 3 1709486 2.039738414
291 318 3 141938 2.039742302
305 253 3 2432396 2.039743796
236 314 3 59493 2.039757630
287 269 3 401246 2.039758087
238 253 3 1734 2.039764427
244 289 3 37221 2.039767615
308 298 3 26591 2.039779186
279 238 3 2056885 2.039798896
311 270 3 4902547 2.039806033
275 239 3 4368674 2.039810153
291 243 3 8933 2.039817043
228 296 3 79732 2.039817388
236 300 3 49597 2.039828133
241 288 3 8351 2.039856263
316 288 3 1211086 2.039866468
238 268 3 3781 2.039867388
267 301 3 995621 2.039869591
305 323 3 883611 2.039870533
266 227 3 2833102 2.039878536
272 243 3 21381 2.039906522
314 294 3 5891 2.039907314
276 302 3 5650301 2.039923685
228 255 3 178384 2.039949728
290 281 3 6473 2.039952685
310 299 3 559 2.039958548
232 316 3 2075 2.039976568
286 262 3 7927711 2.039977683
259 314 3 4900 2.039980041
267 325 3 98504 2.039982654
257 268 3 1728121 2.040004951
295 245 3 4044582 2.040006405
312 285 3 9678148 2.040040722
266 240 3 3674 2.040049976
242 264 3 42213 2.040052956
240 314 3 4439106 2.040070070
270 298 3 20128 2.040071504
295 279 3 307860 2.040074356
265 308 3 618503 2.040074525
231 277 3 3190 2.040088046
234 275 3 17338 2.040090713
268 254 3 31420 2.040095747
281 288 3 25432 2.040100987
302 238 3 110123 2.040115417
239 309 3 75436 2.040115470
258 275 3 636521 2.040118278
245 259 3 24695 2.040121809
295 284 3 26884 2.040126201
236 285 3 29471 2.040133257
274 244 3 9078 2.040136616
247 236 3 1890493 2.040143274
296 236 3 27793 2.040146109
238 301 3 96298 2.040147633
246 267 3 331573 2.040152125
313 285 3 22025 2.040155299
268 322 3 166345 2.040157160
252 272 3 8779 2.040158705
264 287 3 9719622 2.040180601
254 281 3 1519296 2.040196548
273 313 3 942735 2.040200062
263 284 3 18377 2.040204461
232 261 3 9741540 2.040217461
262 318 3 1461751 2.040225837
281 296 3 363925 2.040230204
241 291 3 10623 2.040234421
283 245 3 77901 2.040242017
230 271 3 20261 2.040246574
262 322 3 193028 2.040251203
240 312 3 1631552 2.040256639
239 302 3 18817 2.040291891
241 277 3 160625 2.040297454
250 246 3 18045772 2.040297754
250 279 3 8308 2.040299559
231 293 3 28712655 2.040305606
236 284 3 7631 2.040308881
277 308 3 2260460 2.040310098
290 282 3 790874 2.040315456
298 316 3 106553 2.040328790
298 326 3 756584 2.040332009
316 299 3 69304 2.040333504
257 296 3 2166444 2.040348208
278 295 3 130160 2.040356969
291 259 3 3963 2.040361372
278 248 3 1288119 2.040362737
269 249 3 4207044 2.040377347
250 311 3 26929 2.040381257
322 294 3 498982 2.040388866
298 263 3 704249 2.040391131
296 309 3 62081 2.040393451
306 274 3 1584109 2.040407745
235 250 3 816613 2.040413151
288 325 3 384009 2.040426777
297 231 3 62159 2.040451811
264 280 3 1182902 2.040484604
231 249 3 9821857 2.040490547
251 230 3 1549349 2.040494359
230 261 3 6403966 2.040497826
274 240 3 5400 2.040503702
278 229 3 520606 2.040515606
232 256 3 61773 2.040517719
289 243 3 2681 2.040533108
248 319 3 56055 2.040546551
324 260 3 63854 2.040559016
290 230 3 6669 2.040562820
312 287 3 4869 2.040575655
286 309 3 85781 2.040585514
313 300 3 416422 2.040616784
230 250 3 35500 2.040622957
275 312 3 1119280 2.040635706
311 237 3 7977 2.040635799
278 245 3 583416 2.040643347
239 297 3 4373254 2.040678084
310 288 3 24618 2.040683125
324 291 3 58333 2.040691421
241 324 3 1410318 2.040700843
282 238 3 77542 2.040707906
265 268 3 764543 2.040719113
278 296 3 3137031 2.040721856
266 287 3 52674 2.040723247
308 230 3 5396240 2.040724170
320 304 3 1641879 2.040735154
241 311 3 12727978 2.040736585
324 294 3 60033 2.040745084
255 236 3 50632 2.040746450
282 317 3 26000 2.040749762
292 273 3 59780 2.040753300
308 256 3 22448 2.040763195
242 296 3 1885 2.040770595
259 276 3 49136 2.040776058
274 300 3 3343011 2.040777694
259 228 3 2727535 2.040782666
325 232 3 22250 2.040784019
323 298 3 1638330 2.040786281
316 248 3 947853 2.040788319
306 249 3 68453 2.040806976
324 299 3 6380 2.040812130
283 321 3 57819 2.040814532
254 238 3 15603 2.040824558
313 256 3 584115 2.040833135
315 243 3 2838998 2.040852148
299 326 3 3464 2.040873388
247 229 3 790124 2.040895826
230 258 3 112458 2.040904823
315 274 3 68446 2.040911613
265 271 3 68771 2.040911909
289 231 3 28180 2.040936193
288 273 3 4628955 2.040939263
233 320 3 1158 2.040944201
312 233 3 194434 2.040946396
261 240 3 67295 2.040951335
321 239 3 4687257 2.040955721
306 265 3 189226 2.040967859
251 296 3 8079 2.040976245
275 253 3 192769 2.040989167
310 227 3 38189 2.040997178
279 326 3 1344076 2.041003548
246 301 3 114433 2.041005252
231 282 3 4544097 2.041009962
320 264 3 13311003 2.041012623
313 246 3 6509 2.041015745
263 326 3 42555 2.041016825
250 310 3 621776 2.041021207
243 286 3 44114 2.041027467
314 229 3 12084 2.041028233
238 268 3 5559 2.041032839
233 314 3 918981 2.041037673
243 313 3 178636 2.041038069
236 282 3 129185 2.041042739
313 239 3 14357 2.041042830
239 294 3 21259 2.041045628
304 234 3 23451 2.041054849
266 315 3 71977 2.041065994
326 238 3 1724 2.041067302
290 242 3 70739 2.041070530
288 282 3 174464 2.041074249
273 261 3 1918430 2.041079301
314 233 3 25893 2.041095053
287 326 3 22098 2.041095606
286 299 3 32060 2.041099930
251 301 3 37934 2.041107083
259 283 3 26690 2.041107649
284 313 3 25421 2.041108803
251 282 3 159810 2.041125766
261 237 3 68407 2.041140967
296 253 3 18432 2.041151579
234 320 3 123104 2.041160030
251 287 3 16254 2.041163358
324 273 3 20109 2.041174748
271 236 3 4869545 2.041178282
251 231 3 57074 2.041189548
261 317 3 2061023 2.041191099
240 247 3 9422 2.041195619
287 248 3 43413 2.041195629
249 322 3 28173 2.041197218
300 241 3 1640386 2.041200244
305 243 3 30487 2.041209315
232 259 3 69201 2.041216222
273 288 3 436356 2.041217996
286 292 3 75915 2.041233158
305 266 3 13105 2.041241785
239 283 3 4540460 2.041241823
258 308 3 5420042 2.041242258
322 298 3 1724059 2.041243118
233 259 3 1096468 2.041262726
285 298 3 48331 2.041286969
236 295 3 24933 2.041287336
326 284 3 8555493 2.041302456
233 316 3 4454221 2.041317316
291 314 3 4257362 2.041319686
323 265 3 1020176 2.041326271
290 260 3 101710 2.041330063
281 238 3 687830 2.041332961
263 292 3 76631 2.041344577
239 284 3 21071 2.041354283
253 227 3 5720 2.041358515
312 248 3 912783 2.041361496
258 280 3 8906 2.041361756
268 316 3 24246 2.041369766
236 310 3 24404 2.041375931
238 264 3 3563370 2.041403194
318 275 3 9245341 2.041431247
293 257 3 24225491 2.041436753
261 229 3 13355 2.041454960
238 254 3 2346366 2.041457019
235 312 3 69676 2.041460928
241 256 3 29911341 2.041462702
290 266 3 3921542 2.041467029
248 291 3 541175 2.041476934
302 230 3 4364480 2.041478149
239 262 3 720827 2.041486808
292 240 3 7636320 2.041534099
290 229 3 64711 2.041541161
284 288 3 71775 2.041575835
325 229 3 2371 2.041575880
236 259 3 34129 2.041599977
276 289 3 14514290 2.041602666
262 230 3 23000 2.041612431
322 300 3 7572958 2.041622265
310 278 3 544779 2.041624785
299 240 3 152194 2.041635848
316 263 3 3177 2.041645922
275 323 3 6067 2.041652833
265 237 3 29125 2.041654601
245 298 3 73918 2.041661762
233 314 3 900734 2.041672151
267 242 3 9265 2.041683215
282 240 3 71110 2.041691202
284 290 3 51871 2.041696237
262 244 3 6451815 2.041704323
239 317 3 899487 2.041708520
235 258 3 3314775 2.041713687
256 314 3 77082 2.041720891
230 255 3 38862 2.041731167
319 238 3 2275036 2.041731526
282 322 3 65964 2.041746206
315 292 3 33284 2.041756101
245 281 3 6678389 2.041761618
259 269 3 111143 2.041765146
256 270 3 44820 2.041770405
278 246 3 125541 2.041775939
254 306 3 7671 2.041792470
326 242 3 3783086 2.041801940
257 283 3 976806 2.041806422
228 260 3 53015 2.041808072
231 283 3 329315 2.041810808
259 236 3 8346224 2.041820562
293 253 3 20738 2.041828072
257 325 3 778 2.041835175
299 234 3 7950 2.041835510
319 278 3 7893 2.041840886
236 281 3 1424134 2.041854208
227 316 3 16975 2.041867383
252 243 3 42574 2.041871043
272 309 3 25790 2.041875880
270 301 3 2391647 2.041895918
299 318 3 73770 2.041897199
314 239 3 88964 2.041897207
304 325 3 131477 2.041897501
248 238 3 25586 2.041898643
274 255 3 53450 2.041904234
304 266 3 29968 2.041928823
246 316 3 75188 2.041930896
309 264 3 29042 2.041940710
253 312 3 215255 2.041965519
319 282 3 1588957 2.041967250
323 290 3 50005 2.041976510
258 326 3 4735991 2.041987150
227 314 3 63466 2.041990764
323 228 3 29201 2.041992252
273 292 3 28195 2.042006287
307 290 3 1101938 2.042011992
307 250 3 49673 2.042024047
298 251 3 28505 2.042024293
322 265 3 71632 2.042028099
291 316 3 167057 2.042034278
308 305 3 172343 2.042055680
241 306 3 1791986 2.042073412
326 263 3 181318 2.042091835
297 274 3 74197 2.042142440
233 302 3 16815629 2.042159974
269 290 3 1106009 2.042171572
314 268 3 41795 2.042189493
287 245 3 88888 2.042203629
270 229 3 23516 2.042207589
234 260 3 4891 2.042208683
308 302 3 107238 2.042215792
299 257 3 642061 2.042252947
250 233 3 1722125 2.042255232
288 272 3 13401785 2.042283244
293 310 3 77549 2.042291111
281 318 3 20783 2.042292192
322 231 3 851056 2.042304059
288 273 3 2988601 2.042313907
313 251 3 1729160 2.042313990
275 249 3 1932535 2.042319397
316 231 3 20131 2.042319474
229 306 3 634936 2.042324769
313 239 3 1190974 2.042338285
326 301 3 132411 2.042346098
249 314 3 21867 2.042349105
242 326 3 3980489 2.042352871
274 248 3 958228 2.042352921
235 289 3 3846660 2.042353458
242 296 3 41485 2.042353746
256 288 3 939579 2.042353909
229 254 3 20505 2.042364338
250 285 3 363612 2.042381060
310 289 3 2266836 2.042381528
229 317 3 885270 2.042389553
269 253 3 1967 2.042394132
265 322 3 42161 2.042403777
289 270 3 6853356 2.042403945
238 293 3 1624 2.042415329
258 279 3 56713 2.042420986
269 237 3 2707329 2.042428972
267 296 3 22437 2.042429039
313 271 3 2048073 2.042438459
321 235 3 77832 2.042441597
289 285 3 5864 2.042451769
230 277 3 57226 2.042453445
265 242 3 2945 2.042457374
293 279 3 2075942 2.042459112
280 324 3 925 2.042462290
277 292 3 2622322 2.042482038
229 292 3 8555 2.042488119
242 319 3 2404 2.042492830
310 250 3 25185 2.042495384
318 229 3 27702 2.042496488
265 293 3 296290 2.042497349
256 245 3 38262 2.042519466
258 295 3 17225 2.042520086
254 322 3 2061 2.042539806
291 279 3 72876 2.042554432
318 228 3 5950186 2.042560733
286 312 3 829267 2.042567813
325 256 3 3135209 2.042569602
257 244 3 46506 2.042590961
321 235 3 23195 2.042604396
246 315 3 56808 2.042605181
298 238 3 436583 2.042613279
280 263 3 2280663 2.042628718
289 317 3 681353 2.042635385
237 265 3 671628 2.042652354
285 295 3 2251071 2.042663160
286 325 3 26348 2.042666887
285 232 3 73031 2.042673170
274 298 3 13015721 2.042690959
265 280 3 24016904 2.042718736
231 323 3 16569 2.042726106
251 280 3 3995339 2.042732993
268 245 3 1551517 2.042733163
274 239 3 4175231 2.042734377
325 235 3 12194 2.042747773
275 249 3 2844144 2.042749081
310 278 3 65325 2.042750909
251 243 3 79912 2.042752360
301 241 3 8246 2.042753932
304 266 3 2348281 2.042768598
292 257 3 1493024 2.042776217
280 266 3 35876 2.042778927
249 274 3 9816 2.042787851
317 269 3 24586 2.042790816
290 324 3 26548 2.042801700
310 260 3 988873 2.042807749
323 238 3 55320 2.042826952
257 267 3 28400 2.042827219
324 243 3 25465 2.042833220
298 307 3 25391 2.042835429
271 322 3 1256898 2.042843987
295 279 3 4158695 2.042847531
295 259 3 314495 2.042850685
239 297 3 76533 2.042851176
239 263 3 1593969 2.042878353
319 256 3 2873107 2.042887461
286 259 3 29452242 2.042889286
277 289 3 1150733 2.042889860
256 282 3 166801 2.042891181
291 269 3 4803286 2.042899194
254 244 3 48290 2.042906032
253 316 3 3466469 2.042908237
256 276 3 520588 2.042928160
280 312 3 17139 2.042949468
290 276 3 4485486 2.042970792
265 294 3 60222 2.042979123
238 254 3 4255073 2.042979657
302 312 3 169548 2.042996350
322 259 3 20677 2.043002020
279 313 3 829369 2.043037674
228 321 3 614 2.043043275
242 258 3 171609 2.043046000
325 245 3 1454085 2.043047421
283 250 3 34544 2.043056843
309 239 3 50259 2.043069008
264 291 3 25997056 2.043113901
304 241 3 47164 2.043114546
293 246 3 21387 2.043118545
301 315 3 4225571 2.043125114
256 283 3 794795 2.043129891
273 243 3 108189 2.043140199
290 274 3 24750 2.043140607
252 245 3 890056 2.043146671
231 313 3 546817 2.043152360
308 271 3 34404 2.043162528
261 275 3 8679 2.043176245
318 295 3 22770 2.043177518
274 314 3 47629 2.043180925
272 227 3 8680 2.043182777
306 308 3 1249 2.043183334
256 273 3 69214 2.043185512
288 325 3 6815207 2.043191215
285 230 3 24136 2.043194969
307 269 3 9270362 2.043198296
293 275 3 112149 2.043206274
321 228 3 371016 2.043212251
288 269 3 4069315 2.043214488
240 274 3 17507 2.043215920
253 275 3 59923 2.043225933
227 274 3 420225 2.043233814
317 255 3 1337484 2.043256899
259 279 3 899511 2.043262108
288 311 3 30695 2.043270437
301 311 3 6022858 2.043280586
308 227 3 2487136 2.043280974
291 271 3 22438 2.043287820
260 235 3 963205 2.043301305
298 286 3 714592 2.043308180
259 238 3 20691 2.043310457
249 270 3 70610 2.043311706
320 274 3 3448543 2.043320387
242 320 3 3415834 2.043322867
237 324 3 2235 2.043323677
295 229 3 27348 2.043333694
292 277 3 133498 2.043350933
257 325 3 671086 2.043389603
297 263 3 5632792 2.043395588
304 317 3 699 2.043403464
251 291 3 68847 2.043435938
258 243 3 27151 2.043438314
229 294 3 2807901 2.043458962
321 304 3 20009 2.043461888
296 253 3 22059 2.043465026
279 253 3 15643 2.043476841
233 295 3 72030 2.043481002
297 315 3 5331 2.043486459
270 326 3 2473330 2.043488554
275 238 3 12516 2.043507778
321 275 3 9120373 2.043509454
243 294 3 32171 2.043528987
284 292 3 1648654 2.043530866
271 239 3 57505 2.043536051
236 247 3 58065 2.043543219
255 275 3 11708 2.043545297
255 246 3 54029 2.043562634
265 321 3 3526249 2.043578247
294 265 3 47853 2.043580877
259 301 3 56686 2.043592276
326 233 3 722361 2.043609973
262 283 3 26245247 2.043620254
247 273 3 26908 2.043671724
289 282 3 3407474 2.043697446
297 307 3 1326927 2.043706415
235 292 3 727570 2.043712769
292 243 3 11170 2.043723373
316 254 3 18175 2.043728273
236 315 3 1863611 2.043732030
291 284 3 1557 2.043757783
303 286 3 1486801 2.043763142
268 314 3 23417669 2.043766287
267 292 3 74810 2.043767466
279 301 3 49646 2.043768831
313 282 3 36097 2.043773778
255 275 3 465086 2.043774990
251 297 3 3789 2.043787621
230 325 3 38946 2.043795087
296 322 3 1345060 2.043818728
255 227 3 72022 2.043820531
248 290 3 13944 2.043823015
239 268 3 4661 2.043827148
296 228 3 6026360 2.043831832
319 274 3 28737 2.043837165
305 284 3 324878 2.043850397
313 245 3 4235452 2.043853657
251 282 3 8795 2.043861052
324 302 3 46967 2.043880367
287 234 3 779296 2.043888493
292 237 3 21795 2.043889601
287 308 3 522112 2.043903849
241 264 3 23925 2.043913122
319 253 3 1228032 2.043920495
268 262 3 13345 2.043926704
289 252 3 8195 2.043929892
313 267 3 13391 2.043944242
297 264 3 64880 2.043944398
275 251 3 6743 2.043946673
290 247 3 2233280 2.043948426
288 227 3 73656 2.043951128
326 239 3 459218 2.043951649
284 257 3 189589 2.043955383
244 271 3 244869 2.043960278
240 259 3 42487 2.043977208
295 236 3 1860 2.044013164
250 272 3 59806 2.044031368
232 261 3 541715 2.044039130
236 286 3 2781 2.044049837
253 282 3 2228 2.044060476
325 252 3 18172 2.044069498
314 229 3 1872 2.044076301
292 285 3 1411238 2.044077824
228 249 3 9093520 2.044078991
240 326 3 4796 2.044079700
308 303 3 551546 2.044090694
251 310 3 5751331 2.044091852
320 298 3 1102717 2.044115100
242 275 3 4378374 2.044115228
305 270 3 3487973 2.044133241
233 250 3 5410297 2.044138746
322 294 3 27203 2.044143193
321 232 3 22949 2.044144278
231 322 3 70274 2.044158795
258 298 3 6847261 2.044161771
321 285 3 120191 2.044164792
228 270 3 4547 2.044168115
322 250 3 9188 2.044168707
280 313 3 195434 2.044171758
232 319 3 42480 2.044188165
262 291 3 1194615 2.044191770
292 312 3 1958248 2.044194367
239 292 3 3855085 2.044209789
286 246 3 61091 2.044212695
250 302 3 32734 2.044216233
314 293 3 9836934 2.044217439
235 306 3 66604 2.044227315
285 257 3 4995952 2.044238213
246 281 3 19746 2.044254515
307 278 3 67234 2.044263235
282 236 3 29415 2.044293180
279 237 3 2010001 2.044306494
256 283 3 41751 2.044313550
263 320 3 9951 2.044324383
317 262 3 13916 2.044325336
314 285 3 33616 2.044335501
293 273 3 48310 2.044339534
254 319 3 79229 2.044353163
300 283 3 911523 2.044353648
262 246 3 5967276 2.044366153
245 262 3 36233 2.044366370
286 288 3 25439 2.044366729
283 249 3 3950 2.044373442
318 267 3 604122 2.044373766
314 285 3 81343 2.044394874
306 261 3 27245608 2.044400449
259 279 3 9906 2.044411571
300 244 3 607629 2.044419280
258 307 3 7608094 2.044431913
293 233 3 1271039 2.044447810
307 253 3 27035 2.044448281
244 299 3 4034 2.044474620
310 286 3 1830 2.044532295
304 262 3 20497 2.044533275
293 311 3 5589 2.044539497
321 235 3 24177 2.044539841
243 276 3 528660 2.044551905
238 270 3 1347252 2.044553790
318 298 3 20337 2.044554284
259 235 3 3250665 2.044562781
279 248 3 1184540 2.044573905
288 241 3 4455421 2.044579331
323 231 3 25676 2.044595934
311 233 3 9481 2.044596726
323 272 3 66082 2.044620868
230 323 3 4138204 2.044624881
243 319 3 1671140 2.044632075
253 276 3 50039 2.044633131
282 304 3 23317 2.044635503
287 274 3 101 2.044651060
293 312 3 5720 2.044657479
249 293 3 4898897 2.044657675
259 310 3 992444 2.044660361
236 266 3 1582247 2.044665220
298 266 3 1726009 2.044671882
248 326 3 5361 2.044678021
239 317 3 1165888 2.044685565
231 264 3 39893 2.044687863
324 240 3 11558962 2.044689980
319 252 3 4709018 2.044694506
284 302 3 4344 2.044694673
271 233 3 49555 2.044702015
281 249 3 62796 2.044718267
253 240 3 65869 2.044724217
239 273 3 4306 2.044736065
286 258 3 466279 2.044739443
240 284 3 1274919 2.044749081
261 304 3 7685510 2.044757103
237 284 3 7571564 2.044763129
262 307 3 73878 2.044771229
289 316 3 3045072 2.044774698
326 229 3 9923 2.044809530
259 245 3 23080 2.044813735
246 319 3 68257 2.044821138
271 299 3 1101753 2.044829647
278 324 3 8250527 2.044839768
308 281 3 20103 2.044867891
306 259 3 22357 2.044868661
325 267 3 17095 2.044877376
250 309 3 6526173 2.044878556
306 280 3 9934 2.044882786
263 241 3 19142 2.044891180
273 228 3 5660538 2.044898997
279 308 3 75451 2.044916648
308 248 3 491382 2.044936801
286 238 3 52061 2.044938472
237 301 3 14508 2.044961362
289 257 3 16817 2.044972036
262 278 3 1102745 2.044983306
317 265 3 136688 2.045010748
320 306 3 5204 2.045012601
286 320 3 7684015 2.045029314
284 288 3 4431 2.045047548
292 238 3 3088 2.045050848
298 286 3 4249961 2.045054697
250 307 3 21675535 2.045055520
230 293 3 2213 2.045062427
291 260 3 31414 2.045066544
260 291 3 513888 2.045067768
318 258 3 53690 2.045070754
269 310 3 9461 2.045073459
243 284 3 66635 2.045078561
280 287 3 25187 2.045081982
243 299 3 4110 2.045091754
275 233 3 5509 2.045093242
254 279 3 15469843 2.045093929
276 287 3 4606520 2.045095651
262 324 3 5158524 2.045111817
323 276 3 23757 2.045127135
282 248 3 1465 2.045146998
302 264 3 75135 2.045159541
297 266 3 29377 2.045169116
248 227 3 4040142 2.045171349
321 296 3 1146 2.045172972
293 271 3 975 2.045182814
231 275 3 3558 2.045188926
272 231 3 7872 2.045194563
254 312 3 1988971 2.045209228
318 284 3 1005 2.045220243
291 236 3 6051775 2.045221493
252 325 3 24974522 2.045230464
274 258 3 27425504 2.045245552
237 279 3 21022 2.045249744
279 313 3 1361757 2.045251218
307 275 3 11954505 2.045251832
274 305 3 68234 2.045260690
324 245 3 28470 2.045270472
227 280 3 24457 2.045274443
325 233 3 2641226 2.045312348
241 283 3 8538901 2.045315378
302 308 3 3361 2.045322577
235 288 3 2922781 2.045352599
273 321 3 758550 2.045358103
301 233 3 1436844 2.045358396
237 248 3 58466 2.045389750
278 230 3 2901 2.045390145
274 289 3 1497353 2.045419091
282 243 3 27866 2.045424676
249 276 3 463612 2.045428115
297 232 3 16684 2.045462939
248 295 3 62271 2.045463934
231 322 3 26118 2.045470568
288 281 3 8850115 2.045473893
312 267 3 897419 2.045481035
278 249 3 60543 2.045482193
277 228 3 19806 2.045482636
231 298 3 44709 2.045491072
302 249 3 891199 2.045492975
270 317 3 727184 2.045501711
294 244 3 46857 2.045515697
315 248 3 16607 2.045535673
256 326 3 291745 2.045535963
244 315 3 4135 2.045565529
265 281 3 4124722 2.045569837
302 314 3 466 2.045586598
279 239 3 63184 2.045587087
285 289 3 1693592 2.045593457
303 257 3 3484235 2.045593599
236 298 3 13343 2.045598637
316 237 3 6846 2.045604571
230 256 3 1379 2.045606666
284 306 3 31171 2.045611785
261 303 3 7568741 2.045614748
318 259 3 71471 2.045620890
244 306 3 9819 2.045631314
255 231 3 1248 2.045638489
316 267 3 7619 2.045665757
250 282 3 29859 2.045674525
266 314 3 39890 2.045676045
323 287 3 55642 2.045693839
311 275 3 1592 2.045694806
264 236 3 1943327 2.045697563
312 227 3 6284828 2.045700387
307 259 3 152059 2.045704894
294 276 3 78216 2.045730389
254 277 3 557762 2.045730774
244 319 3 40724 2.045744643
283 228 3 71616 2.045747951
288 240 3 78220 2.045759994
230 254 3 147637 2.045774477
307 240 3 17258 2.045775554
303 259 3 8611 2.045778630
272 313 3 11183 2.045798638
284 260 3 1481947 2.045801664
260 273 3 99155 2.045820577
310 281 3 1516319 2.045824176
301 238 3 6130813 2.045827777
246 266 3 4474283 2.045829734
250 289 3 2961604 2.045831405
302 231 3 9977667 2.045856948
304 312 3 510997 2.045859843
292 313 3 17133 2.045861301
326 273 3 29940 2.045861447
301 317 3 5488360 2.045862294
292 312 3 1402 2.045865236
283 295 3 7750 2.045870748
295 274 3 2486 2.045873066
306 269 3 2933325 2.045877198
321 240 3 1035299 2.045882942
322 276 3 5410 2.045886882
253 314 3 3744301 2.045891269
271 292 3 7998305 2.045903579
311 265 3 24922 2.045905210
236 312 3 69279 2.045916205
258 291 3 92176 2.045935510
267 293 3 5441025 2.045943719
243 284 3 2777291 2.045947172
322 243 3 27171 2.045977607
283 300 3 9404721 2.045980066
267 248 3 28046 2.045991219
265 230 3 39024 2.045995103
249 304 3 1695746 2.045995373
295 313 3 24215 2.046002374
264 300 3 1810155 2.046006644
298 237 3 186087 2.046012514
297 272 3 1329477 2.046016930
276 309 3 8560 2.046019145
278 250 3 328163 2.046024549
316 230 3 2708768 2.046028580
297 231 3 1959 2.046038268
285 236 3 805460 2.046039911
324 296 3 2931598 2.046045450
259 276 3 6843285 2.046048568
289 233 3 4549 2.046048847
306 231 3 8873948 2.046054107
298 248 3 870461 2.046081253
283 305 3 36565 2.046084920
227 262 3 5587 2.046090844
241 310 3 49340 2.046098528
269 264 3 33510 2.046111946
312 283 3 33947 2.046112668
298 271 3 32607 2.046147033
271 238 3 4625143 2.046147066
237 291 3 37328 2.046156649
302 272 3 33236 2.046167478
269 228 3 933422 2.046169736
313 278 3 29364 2.046174999
260 303 3 8021482 2.046176613
234 300 3 28501 2.046186008
242 313 3 1393414 2.046189368
325 261 3 21630 2.046193865
229 267 3 2814 2.046209748
298 265 3 8997 2.046213083
240 255 3 952129 2.046215543
308 255 3 2911202 2.046221809
248 324 3 1435348 2.046225885
323 274 3 78618 2.046226090
244 262 3 34668 2.046248189
309 239 3 163602 2.046267674
316 249 3 19440 2.046274968
259 238 3 24072 2.046294894
239 247 3 74350 2.046295307
286 258 3 33803 2.046301540
322 265 3 2877148 2.046303404
314 282 3 8804340 2.046308583
256 236 3 1023191 2.046313225
302 310 3 3747741 2.046314113
250 305 3 136146 2.046329053
283 297 3 43861 2.046352426
288 275 3 12928 2.046363991
316 284 3 2421245 2.046370330
265 298 3 29142 2.046371183
308 250 3 4641102 2.046372656
238 323 3 67215 2.046387330
283 302 3 13143 2.046420966
319 273 3 30046 2.046422909
317 253 3 40367 2.046428486
271 239 3 1785390 2.046459757
286 263 3 22944 2.046472505
296 272 3 71056 2.046480878
308 244 3 35034 2.046481821
295 285 3 1515718 2.046500361
319 296 3 12625 2.046511710
287 240 3 64719 2.046524730
256 299 3 27647560 2.046531575
308 262 3 56718 2.046534314
301 232 3 6151 2.046535640
270 230 3 573231 2.046547310
287 240 3 27666 2.046547368
260 281 3 320962 2.046547863
302 307 3 6002963 2.046579180
267 250 3 4638 2.046585505
252 294 3 4611405 2.046585853
306 278 3 3484276 2.046586204
304 246 3 3115915 2.046591595
276 302 3 38966 2.046594357
251 306 3 25288 2.046595455
274 293 3 4163532 2.046599985
269 326 3 36488 2.046602071
299 319 3 39848 2.046611671
308 295 3 471247 2.046617701
238 276 3 4578960 2.046621297
261 310 3 3353 2.046630895
273 305 3 7331183 2.046635147
322 254 3 19993 2.046641649
276 239 3 21998 2.046657761
283 313 3 23476 2.046663985
316 260 3 4492398 2.046676783
308 277 3 62969 2.046678382
253 320 3 1652079 2.046703288
299 276 3 48393 2.046705139
314 293 3 18687 2.046722427
242 296 3 243645 2.046722730
291 282 3 595134 2.046741879
287 308 3 12699966 2.046751937
244 247 3 25292 2.046762970
309 301 3 58305 2.046764119
250 229 3 1308324 2.046768791
233 251 3 1285473 2.046776105
322 244 3 12821 2.046789339
251 325 3 11009 2.046791944
316 263 3 25520 2.046809818
271 259 3 47991 2.046810441
274 238 3 1204370 2.046814224
251 302 3 3560 2.046816530
278 320 3 1386508 2.046857696
290 307 3 55209 2.046858050
259 307 3 196476 2.046860382
254 314 3 9685085 2.046860879
326 269 3 466215 2.046865464
318 280 3 9538957 2.046867618
238 290 3 27754973 2.046871470
279 292 3 3680275 2.046873666
240 253 3 1243 2.046874089
247 323 3 2757159 2.046879067
230 295 3 842207 2.046883980
259 231 3 8960 2.046887615
235 273 3 4859 2.046897028
230 313 3 1035904 2.046898400
306 312 3 60965 2.046899024
227 298 3 664282 2.046914715
261 325 3 77371 2.046931119
248 303 3 1270319 2.046931452
262 243 3 24780 2.046955623
323 241 3 3243569 2.046960528
264 274 3 925177 2.046964741
290 246 3 36497 2.046966652
267 323 3 9325407 2.046973009
319 250 3 520041 2.046987347
249 283 3 991455 2.046988381
230 263 3 243260 2.046992034
326 270 3 24956 2.047010040
285 228 3 66074 2.047010955
254 274 3 13416 2.047018023
265 276 3 3042884 2.047021733
313 300 3 592271 2.047026870
273 248 3 1417074 2.047031356
265 281 3 34290 2.047032166
276 247 3 4225 2.047036025
314 231 3 32434 2.047039480
302 307 3 5408901 2.047051501
238 323 3 53446 2.047053768
269 295 3 58956 2.047058552
273 296 3 26128 2.047066055
307 244 3 891930 2.047068299
228 275 3 48980 2.047083838
297 241 3 178140 2.047087330
303 264 3 19280 2.047087563
251 279 3 7453624 2.047088400
250 227 3 50314 2.047123316
301 235 3 20951 2.047140228
288 276 3 21707 2.047141759
310 302 3 6269 2.047156375
305 269 3 9694586 2.047159402
245 266 3 697898 2.047161253
315 257 3 12412 2.047174732
227 315 3 652531 2.047183221
311 260 3 1082679 2.047199664
311 239 3 56449 2.047210137
284 264 3 1924115 2.047221525
242 254 3 1794415 2.047228163
252 239 3 18590 2.047239725
246 261 3 1989323 2.047239763
243 253 3 5299 2.047247543
258 273 3 54591 2.047251419
326 234 3 342439 2.047265486
289 258 3 4280512 2.047292612
281 312 3 1902 2.047298036
310 232 3 58086 2.047300868
248 227 3 1060072 2.047303937
286 244 3 4636418 2.047306807
295 285 3 60734 2.047306875
263 270 3 6423 2.047325076
282 227 3 6499204 2.047325591
256 283 3 95679 2.047361878
256 303 3 1496072 2.047365046
300 324 3 32015 2.047367356
258 313 3 3622103 2.047375765
235 307 3 70929 2.047379149
304 277 3 9875122 2.047384914
292 318 3 298170 2.047396851
311 298 3 4914808 2.047403654
251 293 3 4676987 2.047425769
246 299 3 16365 2.047435301
315 237 3 37193 2.047456205
305 257 3 20774 2.047457552
295 272 3 22940 2.047461303
231 322 3 2854859 2.047469572
253 228 3 4635 2.047473054
281 266 3 37296 2.047475050
315 274 3 491053 2.047478595
241 266 3 39993 2.047481569
253 279 3 1479005 2.047491367
321 262 3 1946 2.047493807
256 231 3 20608 2.047496389
305 257 3 27519 2.047509250
298 250 3 42135 2.047509861
301 321 3 29646 2.047526042
252 284 3 15480 2.047540959
298 286 3 52766 2.047542269
245 279 3 169438 2.047563493
293 263 3 3234790 2.047571879
282 227 3 9868436 2.047573100
269 306 3 2726 2.047580410
260 286 3 4569 2.047580796
306 228 3 1668 2.047604116
252 291 3 6049214 2.047648255
284 293 3 140355 2.047661490
297 228 3 29716 2.047668948
296 258 3 69335 2.047669487
255 302 3 61217 2.047677333
228 278 3 40729 2.047682617
287 250 3 23238144 2.047700726
280 324 3 3369046 2.047714942
258 269 3 790524 2.047715247
265 300 3 70267 2.047722830
260 289 3 66160 2.047792831
311 270 3 1029670 2.047818072
233 287 3 26737 2.047823312
277 235 3 22237 2.047824255
246 277 3 558 2.047836065
310 280 3 72899 2.047853414
238 308 3 1865209 2.047857353
284 311 3 73810 2.047876630
309 258 3 590397 2.047896320
233 315 3 39445 2.047899658
322 261 3 4119 2.047904657
260 245 3 70924 2.047929626
254 310 3 2530 2.047951650
288 248 3 8312604 2.047968026
273 309 3 64699 2.047975962
279 244 3 64764 2.047977334
239 272 3 746851 2.047992344
235 292 3 42359 2.048019289
310 233 3 27509 2.048022805
321 247 3 7816 2.048044386
231 274 3 7563 2.048052242
238 247 3 760692 2.048055367
304 240 3 17993 2.048058566
318 274 3 1482670 2.048069023
264 308 3 3239613 2.048075948
309 292 3 23355 2.048078741
258 286 3 1209881 2.048081737
239 252 3 72998 2.048088057
254 276 3 550075 2.048109728
238 281 3 73026 2.048156316
257 289 3 89370 2.048190446
299 271 3 44631 2.048198530
284 239 3 102588 2.048198582
235 298 3 2776242 2.048232991
273 258 3 1661930 2.048235189
304 237 3 42800 2.048237710
310 254 3 28974 2.048251174
288 315 3 8463 2.048260421
322 306 3 1537655 2.048275502
236 274 3 45171 2.048277137
314 230 3 1595667 2.048277197
249 325 3 59777 2.048278102
254 280 3 158635 2.048300435
278 239 3 31260 2.048325097
301 286 3 5184006 2.048366956
309 301 3 8514172 2.048368829
310 258 3 3668522 2.048386032
243 303 3 522962 2.048388839
304 242 3 1444 2.048397042
322 230 3 2639 2.048401577
233 314 3 76641 2.048419557
319 235 3 5527619 2.048423287
278 306 3 32500 2.048426590
305 321 3 70474 2.048427527
260 312 3 682 2.048431909
281 289 3 26583 2.048437365
261 284 3 253643 2.048452011
259 283 3 6647 2.048473266
284 314 3 1386442 2.048484226
270 326 3 9031783 2.048488240
312 266 3 40491 2.048494656
232 297 3 723677 2.048501906
230 257 3 64963 2.048505920
274 259 3 60650 2.048506446
315 249 3 2772 2.048515439
235 281 3 182002 2.048525946
241 262 3 552796 2.048529189
300 246 3 1668881 2.048535729
279 307 3 28544 2.048545806
244 247 3 844493 2.048554132
280 312 3 173468 2.048557875
242 255 3 89270 2.048589703
316 284 3 5477 2.048604387
246 279 3 21951 2.048608740
313 232 3 76640 2.048612693
257 245 3 56903 2.048616052
323 266 3 46224 2.048618332
310 304 3 1633737 2.048637116
265 229 3 14242 2.048662371
318 269 3 1880465 2.048674188
241 277 3 38790 2.048682811
268 297 3 21792 2.048697849
270 250 3 54513 2.048717078
318 296 3 34755 2.048724940
316 294 3 73006 2.048731228
308 258 3 9462306 2.048748289
260 310 3 13350 2.048762877
291 233 3 5382488 2.048788020
269 259 3 2793575 2.048789500
291 234 3 1658514 2.048789755
303 233 3 71902 2.048799296
279 239 3 400946 2.048815530
271 253 3 4022121 2.048819026
249 292 3 2956201 2.048834715
307 301 3 1587072 2.048858561
280 265 3 3114 2.048893392
244 305 3 2297675 2.048900006
273 258 3 71443 2.048904775
248 305 3 9738 2.048926953
267 244 3 19019 2.048932197
302 270 3 906527 2.048938670
311 281 3 18611 2.048952644
294 237 3 3728687 2.048964661
286 303 3 21828 2.048964951
270 316 3 25641 2.048967396
272 322 3 1399662 2.048971247
243 287 3 2831 2.048977143
296 252 3 162994 2.048984924
323 297 3 853413 2.048986335
294 251 3 56229 2.048997919
232 262 3 82253 2.049005533
305 276 3 64435 2.049007087
257 244 3 17538 2.049013369
298 284 3 1568522 2.049013604
285 261 3 1629 2.049015745
320 287 3 29302 2.049017365
296 237 3 1133621 2.049019286
251 275 3 1097020 2.049030372
264 319 3 18095 2.049035522
234 260 3 3646261 2.049038394
311 250 3 25532 2.049053113
304 271 3 1214472 2.049066185
243 247 3 72719 2.049067245
322 289 3 20554 2.049070171
259 275 3 49840 2.049072893
256 273 3 78469 2.049078837
268 231 3 47381 2.049083484
324 276 3 6591601 2.049100659
312 298 3 78204 2.049111547
269 263 3 2956943 2.049117591
312 235 3 31715 2.049119301
311 229 3 4416772 2.049119546
232 309 3 66478 2.049135216
229 326 3 27170 2.049148969
276 301 3 23186 2.049158039
314 297 3 9862 2.049176600
287 241 3 495448 2.049176753
229 270 3 75757 2.049176906
289 269 3 76351 2.049184992
299 251 3 1325432 2.049191189
272 235 3 61599 2.049195759
231 294 3 6404 2.049200155
230 248 3 132805 2.049201821
317 243 3 36835 2.049244520
286 326 3 11278 2.049256842
260 323 3 23504 2.049273736
244 262 3 49191 2.049278718
261 227 3 49061 2.049288936
267 246 3 475520 2.049294426
314 298 3 4348518 2.049297782
251 315 3 1957211 2.049302747
265 289 3 86149 2.049316284
257 293 3 46949 2.049347554
325 235 3 6001067 2.049386925
303 258 3 122678 2.049389486
324 263 3 7717700 2.049402079
240 300 3 9125898 2.049403508
311 293 3 1547760 2.049410433
267 294 3 21997 2.049468148
300 259 3 2088398 2.049468493
269 320 3 614942 2.049469613
258 316 3 23972746 2.049470725
279 253 3 6561501 2.049475747
287 266 3 70939 2.049484518
255 308 3 236923 2.049488190
278 309 3 34285 2.049488696
303 282 3 54111 2.049506491
274 252 3 27589 2.049538898
283 259 3 7538 2.049539847
233 322 3 2892500 2.049543704
240 265 3 108040 2.049554004
320 291 3 1256739 2.049562218
276 326 3 6323765 2.049570070
231 256 3 28813 2.049573486
314 252 3 53726 2.049578148
315 227 3 4487847 2.049578989
279 245 3 20175 2.049607187
248 268 3 31566 2.049612759
277 291 3 26656 2.049621017
316 289 3 3841689 2.049625161
262 273 3 9917 2.049627207
323 293 3 896 2.049635727
235 283 3 168172 2.049640563
240 249 3 1354356 2.049672029
307 295 3 68141 2.049672589
300 319 3 1838009 2.049677519
282 247 3 106147 2.049681483
314 300 3 1862851 2.049682419
298 321 3 524508 2.049711880
289 263 3 18209 2.049716746
305 275 3 1197667 2.049717349
294 227 3 61770 2.049727443
297 256 3 72599 2.049731132
309 240 3 45537 2.049751535
272 289 3 35007 2.049754205
309 294 3 64646 2.049759271
285 228 3 910450 2.049761458
245 269 3 101474 2.049768884
316 294 3 51042 2.049770851
297 267 3 4821777 2.049771841
232 270 3 6598568 2.049779653
275 297 3 5538 2.049784823
312 227 3 2596101 2.049796160
326 230 3 1321905 2.049800048
286 299 3 2547810 2.049807579
248 301 3 14973 2.049807926
265 229 3 25693 2.049812658
273 258 3 51871 2.049821006
280 322 3 30367 2.049835811
260 237 3 8595 2.049836336
316 277 3 3150551 2.049860241
259 316 3 1482859 2.049861061
317 251 3 6803 2.049862218
321 279 3 42287 2.049880346
271 320 3 3380 2.049883623
289 275 3 65334 2.049902583
253 303 3 2207915 2.049906334
268 322 3 172858 2.049908809
263 270 3 4472 2.049909270
238 310 3 26518 2.049916511
253 308 3 9594 2.049919979
276 233 3 3961996 2.049951442
257 235 3 527059 2.049960364
323 298 3 8809 2.049969771
271 245 3 7730 2.049992167
243 302 3 3235088 2.049996884
319 274 3 75054 2.049997762
283 299 3 77133 2.050021505
239 308 3 75649 2.050030045
230 251 3 7926 2.050032343
285 322 3 1766 2.050039526
243 254 3 32228 2.050044704
326 290 3 1177732 2.050049752
306 274 3 41711 2.050053691
296 258 3 64334 2.050074190
319 236 3 49294 2.050078979
258 281 3 320030 2.050084789
316 289 3 21841 2.050086094
284 304 3 895636 2.050097669
257 232 3 1936043 2.050103365
313 232 3 5856656 2.050107928
234 278 3 428367 2.050108333
257 299 3 5145 2.050119724
245 315 3 4063 2.050122286
252 308 3 59902 2.050123307
289 278 3 68688 2.050125739
246 250 3 1550379 2.050130850
277 252 3 2659021 2.050142184
298 284 3 9698 2.050144993
308 305 3 2095144 2.050153964
308 276 3 9660 2.050161164
319 275 3 9913636 2.050176114
268 253 3 6926 2.050179407
281 229 3 3795 2.050181516
229 262 3 82661 2.050185124
243 309 3 14241 2.050187998
255 311 3 51949 2.050203709
256 274 3 70011 2.050206807
268 252 3 25401 2.050226651
322 287 3 1695 2.050232621
270 247 3 252704 2.050258951
276 289 3 1301645 2.050262576
315 270 3 50355 2.050264628
245 308 3 41902 2.050266896
231 268 3 7055678 2.050273707
246 300 3 9753046 2.050276703
308 236 3 57639 2.050280248
282 233 3 15320 2.050299904
258 315 3 18076 2.050300784
246 285 3 1042002 2.050302468
245 267 3 1087353 2.050305232
289 232 3 36625 2.050305425
326 305 3 3240748 2.050306469
254 238 3 56885 2.050314758
306 243 3 64164 2.050315226
269 302 3 942023 2.050327755
323 256 3 44358 2.050334529
250 325 3 73570 2.050347543
326 284 3 34069 2.050351561
274 290 3 1636822 2.050354248
272 266 3 1554780 2.050355829
259 271 3 898316 2.050356269
256 315 3 77871 2.050363879
236 279 3 182233 2.050363991
314 298 3 166382 2.050376537
287 267 3 74815 2.050386399
274 326 3 73013 2.050387263
322 260 3 1412364 2.050390355
291 274 3 105975 2.050396340
261 323 3 78864 2.050406339
306 249 3 47199 2.050409235
268 305 3 1374370 2.050422999
235 315 3 9384 2.050458336
309 303 3 28841254 2.050461157
309 269 3 5635188 2.050469415
317 270 3 302838 2.050473084
294 312 3 745 2.050481534
305 227 3 1379369 2.050484788
310 284 3 127336 2.050495523
255 271 3 21361 2.050507348
233 280 3 4323413 2.050514317
237 263 3 40259 2.050514438
253 267 3 74173 2.050518789
283 246 3 147 2.050525676
235 276 3 62687 2.050528066
228 273 3 6033 2.050531392
265 302 3 59981 2.050535241
258 317 3 8193408 2.050551800
260 282 3 377435 2.050575002
283 324 3 22074 2.050581258
310 228 3 34658 2.050584009
283 314 3 178571 2.050593648
244 262 3 32975 2.050606215
312 289 3 7829 2.050623399
235 270 3 2199182 2.050627136
241 299 3 22720 2.050634518
231 311 3 2107396 2.050645782
285 301 3 5218 2.050656126
323 265 3 4693703 2.050657673
265 231 3 54456 2.050670083
276 227 3 63039 2.050673364
240 320 3 9767746 2.050682773
258 294 3 40404 2.050683164
289 316 3 15181 2.050689134
228 324 3 71511 2.050717590
262 279 3 52817 2.050717843
286 297 3 3958180 2.050730350
269 325 3 3916 2.050742180
244 289 3 174391 2.050743463
286 295 3 457188 2.050750926
307 261 3 24276 2.050755840
236 274 3 18153392 2.050760848
322 242 3 69400 2.050771641
257 274 3 27998 2.050781201
301 281 3 768000 2.050785074
281 316 3 4633708 2.050810621
291 260 3 155645 2.050813490
326 277 3 717008 2.050833751
282 305 3 144096 2.050841140
325 259 3 3756 2.050843203
297 324 3 2236986 2.050855564
299 281 3 24023767 2.050857437
298 324 3 4776988 2.050862982
259 273 3 31329 2.050867384
265 232 3 7758 2.050876891
304 270 3 30062 2.050879701
304 265 3 51399 2.050891381
319 254 3 498180 2.050908790
240 257 3 18072 2.050914561
267 297 3 49578 2.050916905
254 268 3 7561672 2.050928707
235 297 3 9716993 2.050933027
275 234 3 24061 2.050937668
249 240 3 64040 2.050965135
308 295 3 9133629 2.050968833
281 293 3 352167 2.050976755
325 235 3 28295 2.050983002
316 267 3 21653 2.050987695
237 310 3 23135 2.051015342
253 270 3 684399 2.051021352
303 241 3 510415 2.051022507
317 304 3 869659 2.051025958
239 304 3 26387 2.051032173
249 231 3 1790838 2.051050398
314 279 3 70771 2.051052189
250 314 3 69626 2.051077718
300 284 3 32025 2.051091230
318 227 3 45160 2.051120899
244 308 3 75035 2.051147025
272 312 3 4342824 2.051152344
277 316 3 1733288 2.051168781
250 268 3 730089 2.051187289
291 274 3 5732951 2.051191710
228 253 3 24363125 2.051196128
304 285 3 22048 2.051215684
297 246 3 1514098 2.051224536
234 282 3 79358 2.051230910
232 313 3 58675 2.051232347
308 261 3 43905 2.051254374
261 299 3 1610 2.051262969
262 287 3 1358841 2.051301606
295 237 3 10970 2.051309178
235 313 3 9600709 2.051315334
287 274 3 8447176 2.051332955
227 269 3 70505 2.051338269
265 246 3 483835 2.051361765
249 245 3 3417038 2.051365436
237 272 3 1939824 2.051376356
239 315 3 28618 2.051385806
250 279 3 2266302 2.051386729
282 227 3 173546 2.051399346
316 269 3 7074 2.051399641
307 246 3 139618 2.051401307
267 249 3 1067 2.051415407
282 326 3 3453 2.051417180
235 280 3 72061 2.051426274
266 311 3 9014941 2.051429081
244 319 3 7340107 2.051429626
278 321 3 13598 2.051429708
307 289 3 8126836 2.051432234
245 320 3 1470373 2.051436605
264 273 3 4381 2.051442991
323 306 3 1657440 2.051446382
298 253 3 35678 2.051448998
296 251 3 846227 2.051454656
286 230 3 54997 2.051459240
227 265 3 22961 2.051465001
320 293 3 61075 2.051482515
318 264 3 1461903 2.051491506
294 242 3 31510 2.051493941
254 237 3 26577132 2.051494495
316 283 3 73683 2.051500213
309 231 3 26538 2.051500963
282 312 3 24152207 2.051506286
324 233 3 46692 2.051527331
266 325 3 1315628 2.051527978
262 273 3 26721478 2.051556549
299 326 3 20388 2.051562415
273 262 3 465947 2.051580661
305 320 3 1412846 2.051584607
295 228 3 4783 2.051591147
239 250 3 11869508 2.051613911
264 267 3 3624595 2.051625536
239 249 3 146215 2.051666696
303 321 3 58489 2.051668259
273 296 3 30773 2.051674055
245 294 3 4605765 2.051674527
286 244 3 52495 2.051699765
277 314 3 51249 2.051710998
257 291 3 79473 2.051732995
246 247 3 3475497 2.051738127
312 235 3 2003 2.051740300
257 234 3 13429737 2.051744549
238 301 3 42902 2.051752223
255 317 3 5892 2.051776482
297 232 3 18944 2.051795026
242 287 3 6055 2.051800946
248 289 3 769457 2.051809420
289 256 3 9595703 2.051817284
288 272 3 46378 2.051817832
253 294 3 7315 2.051827935
316 289 3 28599 2.051845486
313 255 3 2188255 2.051847583
285 291 3 512146 2.051862063
263 282 3 4821230 2.051866851
300 247 3 66832 2.051881451
260 324 3 1220066 2.051882387
275 235 3 7073571 2.051896718
258 236 3 118666 2.051897904
263 234 3 70111 2.051910533
326 270 3 424946 2.051925577
271 295 3 79822 2.051937750
251 240 3 16953 2.051937959
290 266 3 56161 2.051956089
282 260 3 1357127 2.051967262
314 287 3 40718 2.051976797
265 271 3 505143 2.051982707
227 266 3 541764 2.051986573
262 300 3 557831 2.051992358
258 300 3 2603 2.051997523
280 259 3 296010 2.052004867
258 277 3 4992 2.052006963
326 250 3 2243425 2.052014482
259 286 3 6357938 2.052015115
240 290 3 6481 2.052026583
303 275 3 20264 2.052037587
232 289 3 466801 2.052052262
301 282 3 58883 2.052066048
307 274 3 51349 2.052066360
298 312 3 136310 2.052090907
261 325 3 4222187 2.052094745
253 326 3 6742 2.052096280
268 266 3 1559818 2.052108578
227 295 3 66400 2.052127152
239 252 3 47872 2.052132968
272 255 3 3316107 2.052138091
273 317 3 151145 2.052139449
267 295 3 21648 2.052142344
240 293 3 56201 2.052146200
255 228 3 25492 2.052159871
253 310 3 9698822 2.052181044
314 240 3 1825 2.052189014
227 304 3 78535 2.052192202
306 252 3 76022 2.052201198
299 275 3 6232 2.052224666
247 241 3 1510437 2.052250222
316 287 3 8435307 2.052266384
255 324 3 2471965 2.052270576
282 253 3 8956 2.052277412
282 316 3 10554385 2.052282668
263 285 3 22547 2.052283814
305 241 3 10703118 2.052290191
292 274 3 140943 2.052295640
295 324 3 22321 2.052299587
235 320 3 12103330 2.052305473
228 280 3 22325 2.052306444
321 247 3 4701 2.052318080
308 306 3 964181 2.052320167
270 311 3 786866 2.052323758
293 274 3 26212 2.052325448
239 276 3 1127601 2.052326460
312 296 3 4630467 2.052349497
286 227 3 45378 2.052349696
236 320 3 502800 2.052351766
314 300 3 28406 2.052356911
259 267 3 1915309 2.052360103
324 228 3 40005 2.052368040
286 227 3 5928 2.052369327
293 248 3 4822597 2.052380011
235 293 3 7251775 2.052384198
295 313 3 6808529 2.052391311
311 305 3 140340 2.052402510
316 295 3 38115 2.052413318
237 325 3 574114 2.052413434
266 297 3 1069578 2.052419568
317 252 3 2246200 2.052430944
283 299 3 3280 2.052443061
296 240 3 1298280 2.052470466
242 263 3 2677743 2.052484957
305 322 3 96333 2.052489203
242 289 3 828056 2.052512167
248 291 3 104656 2.052517010
277 252 3 19012 2.052525359
280 250 3 27111 2.052537742
325 260 3 21228 2.052543421
314 236 3 48520 2.052564339
245 258 3 4312756 2.052579988
310 276 3 2753939 2.052596592
232 271 3 59338 2.052599746
258 316 3 47912 2.052613163
291 307 3 25290 2.052627505
281 246 3 137267 2.052636028
273 305 3 26852 2.052645811
267 233 3 9093 2.052655367
269 247 3 69709 2.052659939
243 314 3 23952 2.052664638
312 287 3 8488900 2.052666029
244 308 3 1567490 2.052677175
278 311 3 38150 2.052691068
257 305 3 58413 2.052692186
300 228 3 941640 2.052702091
227 260 3 1083626 2.052703292
308 238 3 9912781 2.052707644
323 284 3 25389 2.052718239
295 229 3 3590631 2.052732694
242 270 3 329767 2.052736665
255 309 3 174024 2.052740779
240 291 3 166296 2.052743232
268 290 3 33808 2.052752266
235 250 3 21044 2.052768486
278 307 3 44658 2.052769673
269 241 3 428687 2.052807150
253 313 3 134310 2.052817665
315 259 3 79450 2.052832692
274 253 3 189846 2.052839517
323 299 3 556806 2.052847983
283 252 3 357816 2.052851743
294 233 3 94096 2.052868612
271 325 3 4354184 2.052880156
268 321 3 20209 2.052906500
264 317 3 32856 2.052924105
275 230 3 8133075 2.052931993
286 310 3 185266 2.052939420
318 290 3 2170231 2.052943886
323 277 3 3879543 2.052945464
275 299 3 3173 2.052945651
260 271 3 20857338 2.052949751
231 305 3 807951 2.052955935
232 308 3 1305635 2.052958696
236 284 3 120955 2.052970971
302 265 3 77190 2.052972485
257 244 3 1253 2.052974271
234 265 3 1254722 2.052980046
304 312 3 8156 2.052997567
271 291 3 32515 2.053000929
268 294 3 1448307 2.053006061
279 326 3 193217 2.053009525
314 286 3 1862318 2.053023765
289 233 3 21397 2.053025819
227 320 3 1699012 2.053035946
320 248 3 34901 2.053040287
309 240 3 533472 2.053058513
227 306 3 368 2.053065309
236 255 3 4138800 2.053066657
259 312 3 27180 2.053068626
278 307 3 1528383 2.053069691
284 241 3 31130 2.053080537
276 257 3 15076064 2.053088837
275 320 3 79429 2.053093749
287 242 3 137043 2.053095701
265 268 3 27875 2.053107021
258 322 3 4262 2.053111047
311 241 3 1444582 2.053111675
261 284 3 20061 2.053111918
326 251 3 24668 2.053127944
285 299 3 63988 2.053131914
269 228 3 19748 2.053134699
312 244 3 3053 2.053178825
270 237 3 977756 2.053179171
264 229 3 367 2.053185453
286 255 3 3458942 2.053189010
286 237 3 4365933 2.053191779
314 231 3 56411 2.053192560
302 326 3 7357705 2.053209401
296 245 3 6695 2.053236657
325 257 3 28357 2.053261487
313 287 3 33933 2.053274069
295 265 3 5632 2.053296457
237 300 3 590930 2.053305252
250 298 3 48167 2.053318344
255 242 3 4507614 2.053328093
312 281 3 33119 2.053334084
309 305 3 6300 2.053334347
270 249 3 6200 2.053364373
246 302 3 433551 2.053364564
301 322 3 41679 2.053371392
276 319 3 1727678 2.053372876
255 285 3 15907928 2.053391444
308 304 3 755489 2.053397407
309 235 3 2349 2.053428527
270 232 3 8939 2.053434728
265 322 3 3363 2.053446677
324 235 3 25938 2.053450954
301 243 3 61260 2.053455394
271 287 3 19234987 2.053464178
310 238 3 484225 2.053464567
281 308 3 16194 2.053465251
230 248 3 180732 2.053476091
230 257 3 667810 2.053477002
260 295 3 9079369 2.053485534
232 302 3 4026674 2.053509665
298 246 3 32403 2.053512102
318 240 3 1669696 2.053517565
325 293 3 4727 2.053529907
286 320 3 4828005 2.053533072
317 268 3 3626584 2.053547721
299 269 3 33067 2.053557327
326 249 3 104166 2.053557560
265 246 3 34238 2.053563699
320 236 3 1692798 2.053566806
251 324 3 4419 2.053594977
229 275 3 170614 2.053596568
286 233 3 11751229 2.053614310
318 227 3 339024 2.053614997
261 286 3 1780720 2.053630261
324 240 3 31832 2.053653107
253 281 3 7069791 2.053655612
249 314 3 9250 2.053665309
254 279 3 10398 2.053676943
279 318 3 45063 2.053683529
304 321 3 161230 2.053690150
298 246 3 39711 2.053698079
278 261 3 4663817 2.053700776
252 230 3 47079 2.053701603
321 267 3 568313 2.053705251
300 241 3 59012 2.053718013
250 230 3 112415 2.053718552
308 300 3 5446952 2.053751455
276 311 3 3318376 2.053774691
314 245 3 78793 2.053776046
232 249 3 51639 2.053776724
269 258 3 13100 2.053788069
283 290 3 39467 2.053795300
269 295 3 19897 2.053804902
247 270 3 8362773 2.053805433
293 326 3 35218 2.053805894
315 258 3 31373 2.053807711
304 310 3 40666 2.053813234
285 262 3 1927546 2.053813993
309 253 3 1580066 2.053821939
325 296 3 1751563 2.053827373
240 249 3 1371324 2.053831560
234 286 3 36063 2.053833952
288 315 3 3987 2.053845514
253 245 3 3993905 2.053849373
299 322 3 41962 2.053854472
241 322 3 78384 2.053865498
325 242 3 29001 2.053872671
320 238 3 4756728 2.053875788
255 274 3 6641 2.053881557
308 300 3 30455 2.053884900
295 317 3 18364 2.053886504
246 270 3 8778209 2.053890123
321 260 3 4231571 2.053922458
290 318 3 7367 2.053924476
233 291 3 1745 2.053934502
227 249 3 1316440 2.053939959
243 323 3 22995 2.053953756
320 272 3 255202 2.053955439
254 298 3 9929 2.053991919
270 259 3 27276 2.054007496
261 311 3 24194160 2.054025839
298 309 3 79112 2.054031266
324 239 3 165883 2.054047448
316 233 3 24342 2.054049355
318 232 3 5315471 2.054070774
301 280 3 9928 2.054074227
268 230 3 31469 2.054079411
283 323 3 5527 2.054106868
236 296 3 1564831 2.054107820
263 287 3 1635 2.054113726
257 277 3 3142793 2.054133338
300 265 3 5385490 2.054144622
227 311 3 2836975 2.054180331
306 275 3 5760 2.054184160
252 230 3 1269662 2.054195039
312 272 3 698499 2.054208604
326 298 3 40395 2.054224753
237 255 3 20293 2.054227099
232 265 3 8495 2.054234417
241 287 3 105834 2.054245340
286 292 3 36335 2.054247742
245 264 3 29543 2.054260297
262 237 3 54770 2.054264280
233 275 3 4092 2.054265151
233 275 3 12243176 2.054267223
248 324 3 82408 2.054295651
284 248 3 173930 2.054298220
248 294 3 2752696 2.054304587
320 265 3 7428747 2.054318156
261 287 3 2534722 2.054324120
301 252 3 8446346 2.054324687
304 234 3 32215 2.054324734
319 279 3 25267 2.054340979
240 265 3 4175577 2.054341352
320 248 3 8300187 2.054357810
275 323 3 4298 2.054362518
317 285 3 33011 2.054368547
296 279 3 2395180 2.054377264
267 254 3 1592017 2.054379434
316 282 3 7585 2.054385666
292 311 3 3431946 2.054385795
263 286 3 543632 2.054412970
258 317 3 19820 2.054434006
282 244 3 9424 2.054437438
289 241 3 3198491 2.054460738
257 315 3 3029 2.054471305
273 261 3 12904 2.054474820
241 265 3 1179400 2.054494294
268 251 3 70928 2.054507227
227 316 3 2982 2.054507278
237 321 3 1126385 2.054511979
229 248 3 68081 2.054518104
264 271 3 159880 2.054526774
262 289 3 1366382 2.054528642
322 250 3 977417 2.054534916
325 246 3 36718 2.054548170
292 257 3 155075 2.054549978
325 300 3 69694 2.054550983
276 300 3 34826 2.054556647
280 244 3 5365824 2.054571407
282 233 3 10764 2.054572008
228 252 3 5049124 2.054572804
251 235 3 2511998 2.054573728
321 306 3 7231 2.054575869
263 324 3 84149 2.054577186
310 271 3 6622 2.054589573
324 306 3 11780 2.054592022
247 281 3 46723 2.054608466
283 309 3 9430377 2.054609224
229 291 3 26344 2.054616357
237 256 3 132910 2.054628037
297 319 3 1528 2.054632992
300 273 3 110744 2.054633614
288 326 3 5682411 2.054643779
311 275 3 197472 2.054659280
303 313 3 1610331 2.054666376
271 247 3 26076 2.054674030
302 313 3 3631162 2.054690944
326 264 3 22077 2.054690959
238 253 3 200346 2.054697587
307 258 3 25533 2.054703113
240 263 3 494748 2.054706847
290 259 3 79477 2.054714939
231 308 3 65610 2.054719513
275 312 3 7261 2.054730327
263 308 3 6524 2.054742881
236 260 3 21331 2.054758096
268 234 3 838833 2.054759111
297 236 3 24490 2.054763282
315 263 3 743765 2.054768626
270 248 3 9253 2.054772543
272 249 3 1437270 2.054779803
284 241 3 9531171 2.054805839
294 322 3 44346 2.054823543
287 282 3 24137 2.054823902
248 239 3 24911 2.054833809
238 257 3 7887 2.054841768
233 316 3 529196 2.054856394
315 266 3 3536829 2.054882681
289 264 3 988940 2.054898980
324 248 3 3992478 2.054902419
325 284 3 6575694 2.054903330
316 279 3 787 2.054908493
245 261 3 39732 2.054937834
282 289 3 3434363 2.054942821
286 232 3 48229 2.054948259
287 319 3 53315 2.054955127
276 227 3 37747 2.054965396
237 250 3 7769 2.054969313
243 287 3 70837 2.054975931
301 273 3 3914426 2.054976992
235 305 3 187790 2.054978861
306 283 3 1137679 2.054979964
316 244 3 5559354 2.054980016
270 322 3 71261 2.054986387
283 251 3 6149287 2.054992742
311 261 3 9416 2.054997043
292 314 3 209267 2.054999296
242 258 3 23569 2.055001072
321 263 3 111435 2.055017434
254 245 3 7274 2.055018176
228 308 3 6858087 2.055018485
235 326 3 4658 2.055025329
260 278 3 3050856 2.055037550
323 242 3 1439999 2.055056599
264 298 3 206075 2.055059974
267 239 3 4763 2.055084197
260 324 3 1201323 2.055085655
318 273 3 65547 2.055086652
240 293 3 9486828 2.055088794
290 243 3 133629 2.055098559
292 310 3 7146024 2.055100679
321 261 3 1162121 2.055145186
268 229 3 29507 2.055153991
235 271 3 1155294 2.055154990
277 262 3 7965338 2.055155625
321 239 3 66607 2.055155954
298 267 3 773275 2.055164734
275 241 3 27409635 2.055205754
254 322 3 7080816 2.055210120
274 311 3 64651 2.055213205
312 257 3 77287 2.055214498
266 245 3 61448 2.055240342
288 281 3 15730 2.055248290
236 289 3 9284 2.055255902
239 260 3 1724338 2.055257706
246 266 3 809065 2.055267598
303 242 3 35721 2.055306648
316 258 3 75247 2.055322312
286 266 3 29564 2.055325182
250 318 3 24798 2.055327128
286 256 3 51360 2.055330449
270 266 3 27569 2.055346313
309 254 3 8746 2.055351021
241 260 3 5512 2.055356881
262 276 3 28959 2.055370719
268 287 3 886 2.055380780
294 316 3 16867 2.055384723
256 324 3 33429 2.055391332
259 237 3 78920 2.055397843
251 324 3 368159 2.055437561
274 239 3 27861786 2.055442314
286 318 3 73800 2.055446880
272 253 3 27490 2.055455578
286 314 3 162209 2.055469938
257 318 3 34007 2.055485003
244 325 3 442450 2.055485515
265 230 3 4184963 2.055486348
308 262 3 1049 2.055489618
237 299 3 9312 2.055495064
283 245 3 1039504 2.055505084
250 245 3 4643389 2.055508757
270 318 3 23212 2.055512061
286 240 3 3661109 2.055515782
272 262 3 3763159 2.055527231
314 258 3 57241 2.055529935
310 247 3 42553 2.055535837
233 312 3 76121 2.055542300
274 247 3 38592 2.055546603
285 240 3 11570 2.055555303
290 278 3 55651 2.055556928
284 321 3 17995 2.055558912
243 319 3 1897374 2.055560309
254 314 3 24554 2.055574464
295 321 3 1123127 2.055595836
268 263 3 19218 2.055597101
324 285 3 683727 2.055609285
310 302 3 3998 2.055614242
280 301 3 1689 2.055616023
316 255 3 1156870 2.055648152
227 268 3 2611054 2.055656679
246 302 3 35677 2.055671429
254 301 3 23989 2.055672576
264 320 3 721479 2.055672671
304 262 3 1738346 2.055675530
294 314 3 3367851 2.055680608
234 310 3 1564994 2.055684937
280 296 3 986382 2.055686183
293 283 3 2812 2.055686591
290 267 3 70786 2.055690335
237 290 3 4457588 2.055712151
255 285 3 3063 2.055729114
268 243 3 93088 2.055741029
274 251 3 2328 2.055743956
294 277 3 9416 2.055744727
264 245 3 99918 2.055775650
245 257 3 65809 2.055779479
254 320 3 175205 2.055791910
293 325 3 13002 2.055793673
239 289 3 9140142 2.055800715
295 279 3 67515 2.055804188
235 320 3 34917 2.055805479
246 280 3 190600 2.055807336
227 322 3 2729520 2.055810980
294 284 3 75485 2.055822919
239 264 3 40271 2.055840839
291 272 3 46890 2.055862800
308 278 3 1473150 2.055869959
256 304 3 21671554 2.055871976
322 267 3 19962 2.055879575
290 266 3 14880 2.055888308
253 322 3 4801 2.055912696
304 325 3 3920232 2.055924383
276 246 3 18061 2.055928263
265 314 3 4315 2.055941391
292 253 3 1409711 2.055942338
288 256 3 2257 2.055944932
237 270 3 84480 2.055965459
323 268 3 1739426 2.055994467
297 250 3 7372484 2.056008251
291 232 3 8765109 2.056025735
262 240 3 19724 2.056027360
277 250 3 20075 2.056033782
255 308 3 408472 2.056055863
325 265 3 4194896 2.056058218
260 314 3 7960340 2.056076257
282 302 3 931557 2.056090326
239 268 3 207880 2.056090427
295 228 3 1650 2.056099426
259 285 3 51452 2.056107404
268 247 3 1887469 2.056121409
291 235 3 2138810 2.056135603
255 269 3 28062 2.056147608
293 268 3 777037 2.056166619
284 228 3 919459 2.056172433
233 277 3 61973 2.056178507
241 284 3 2898733 2.056179638
302 273 3 32425 2.056206059
267 240 3 1900 2.056214713
305 279 3 77417 2.056260653
292 318 3 406101 2.056261927
307 261 3 74179 2.056294933
326 233 3 25475 2.056305386
284 257 3 296599 2.056309734
277 256 3 15698 2.056315559
233 287 3 4415231 2.056350921
254 228 3 56610 2.056355209
309 227 3 2065483 2.056355397
239 302 3 1823 2.056357821
244 318 3 3710 2.056358169
236 263 3 950216 2.056362603
283 297 3 25793 2.056373932
323 305 3 1119493 2.056378267
291 230 3 4493799 2.056383244
233 266 3 65714 2.056407288
271 297 3 8992888 2.056416022
302 274 3 26076 2.056423785
290 270 3 311385 2.056426524
236 278 3 4841 2.056453733
274 240 3 72343 2.056482498
303 272 3 386270 2.056488269
325 246 3 14882 2.056489227
267 320 3 8330730 2.056496155
263 305 3 28407549 2.056498953
233 263 3 13468 2.056509191
291 230 3 42131 2.056509650
299 252 3 7797497 2.056542246
321 252 3 8381126 2.056553316
267 289 3 13933 2.056558443
242 267 3 1695309 2.056582657
318 270 3 8517584 2.056582887
309 250 3 7997411 2.056584519
236 250 3 1559722 2.056589454
262 241 3 77046 2.056597524
311 250 3 4175 2.056608855
263 274 3 46501 2.056611127
246 279 3 49147 2.056612590
255 235 3 15062 2.056620966
291 265 3 390962 2.056635678
241 264 3 71480 2.056639386
281 259 3 5766875 2.056652067
312 288 3 30561 2.056662379
228 297 3 61010 2.056673893
264 273 3 20557 2.056691970
290 250 3 28470 2.056708081
272 309 3 28927 2.056719700
282 298 3 16127339 2.056723291
292 236 3 1823579 2.056724625
247 268 3 21242 2.056737922
231 248 3 23369 2.056741673
266 314 3 464468 2.056758228
257 291 3 198453 2.056762547
270 247 3 7347 2.056762816
254 239 3 50201 2.056770206
227 299 3 16037 2.056794445
275 307 3 7808638 2.056809303
236 279 3 11941 2.056819443
296 322 3 13130838 2.056824061
319 274 3 3620 2.056825675
277 243 3 52829 2.056861318
229 288 3 123917 2.056867216
325 283 3 181612 2.056867973
324 302 3 729306 2.056869770
293 308 3 28494 2.056897978
298 319 3 1266616 2.056898579
323 284 3 3736926 2.056908625
305 240 3 26230 2.056915509
323 266 3 47450 2.056916675
287 326 3 18343428 2.056919469
264 306 3 56329 2.056933349
281 311 3 3370683 2.056940320
240 326 3 189265 2.056956361
232 290 3 6441 2.056972862
232 275 3 15421084 2.056989082
258 278 3 27495 2.056989743
235 254 3 17840050 2.056998072
244 256 3 9325 2.056998561
258 301 3 8988 2.057003422
280 238 3 4077926 2.057008435
321 241 3 234260 2.057011234
233 300 3 41520 2.057011768
263 310 3 2654125 2.057032964
259 272 3 1471219 2.057040684
234 295 3 29130 2.057042489
260 322 3 54336 2.057044222
262 289 3 48474 2.057047753
228 273 3 42672 2.057057556
310 276 3 190718 2.057058018
229 310 3 2726714 2.057065412
325 231 3 258729 2.057068678
285 238 3 127954 2.057072416
295 229 3 3783685 2.057096876
256 303 3 372973 2.057101212
240 304 3 5460 2.057106358
295 283 3 4083604 2.057108343
247 271 3 76817 2.057109872
244 266 3 15028 2.057115431
247 242 3 15239 2.057123586
228 320 3 1271008 2.057126979
309 287 3 7345 2.057127492
316 305 3 36125 2.057131728
325 271 3 239763 2.057138347
264 238 3 51431 2.057140864
290 315 3 2737524 2.057146492
323 274 3 20423 2.057147795
266 292 3 11721 2.057153432
244 250 3 10543683 2.057158340
308 297 3 39613 2.057159897
290 274 3 4523220 2.057161858
326 291 3 40352 2.057167480
267 314 3 73167 2.057172445
239 311 3 896894 2.057182466
306 252 3 47758 2.057206049
269 314 3 105387 2.057206101
265 228 3 5896099 2.057207002
238 286 3 28116 2.057209933
231 259 3 1832467 2.057215998
281 229 3 1658876 2.057223766
259 243 3 21654 2.057226388
239 293 3 70213 2.057244335
318 291 3 2770877 2.057246112
242 313 3 34009 2.057252382
255 286 3 50662 2.057259821
266 313 3 4431 2.057262279
317 267 3 4960317 2.057262904
271 261 3 13351 2.057265478
248 280 3 38340 2.057267164
315 273 3 30617 2.057267749
291 270 3 4500187 2.057268315
290 239 3 69992 2.057270278
264 272 3 6964 2.057282796
288 310 3 1751023 2.057283005
314 263 3 4569759 2.057297235
281 235 3 1500 2.057302003
289 309 3 4095095 2.057303502
292 311 3 9758 2.057305825
312 287 3 8128214 2.057309281
266 288 3 56076 2.057309330
290 262 3 329869 2.057311000
318 238 3 59560 2.057318760
230 251 3 26909 2.057335981
228 290 3 4093995 2.057354121
248 314 3 6385235 2.057365722
298 279 3 8724275 2.057376240
312 284 3 2274 2.057387715
309 267 3 53374 2.057392486
237 311 3 35244 2.057393017
307 249 3 38462 2.057412222
310 274 3 20158 2.057423078
237 303 3 37912 2.057435273
276 231 3 39780 2.057465044
242 286 3 42052 2.057467597
317 241 3 29072863 2.057468076
296 240 3 43419 2.057477427
281 291 3 70873 2.057481537
302 256 3 4634175 2.057495937
297 285 3 219804 2.057501809
294 321 3 20284 2.057505881
266 313 3 7420 2.057526701
240 310 3 3652221 2.057528757
321 266 3 5648851 2.057536102
240 265 3 8952121 2.057536452
290 311 3 25371 2.057538990
313 241 3 1128435 2.057539392
227 247 3 3786695 2.057544867
275 326 3 70804 2.057548833
247 280 3 5899071 2.057552180
230 299 3 4197 2.057553393
305 235 3 8361 2.057556538
265 232 3 39935 2.057558206
288 254 3 79679 2.057584603
260 324 3 803004 2.057624056
267 307 3 75584 2.057631448
279 242 3 184966 2.057644298
298 253 3 41199 2.057645119
232 298 3 5199 2.057651184
311 273 3 2153012 2.057658730
254 318 3 131061 2.057688947
293 315 3 552352 2.057694395
234 316 3 7242028 2.057700966
235 283 3 6227 2.057705984
271 317 3 7145 2.057710833
242 307 3 9386 2.057722867
279 293 3 25520 2.057727199
309 230 3 517686 2.057761634
264 290 3 80579 2.057768368
275 247 3 309172 2.057769141
249 285 3 32620 2.057776244
251 281 3 60508 2.057780916
281 317 3 1072183 2.057793293
313 233 3 1469821 2.057827325
321 232 3 44665 2.057828019
287 243 3 18738 2.057846991
230 308 3 1162366 2.057847332
238 305 3 155709 2.057849590
302 229 3 1136 2.057852293
238 294 3 54500 2.057855053
293 235 3 43665 2.057859586
290 258 3 54121 2.057863444
316 292 3 8226497 2.057863869
306 264 3 71771 2.057870830
276 234 3 3076169 2.057893517
311 281 3 13736 2.057900624
298 229 3 241830 2.057905636
233 254 3 43679 2.057908681
237 302 3 26972 2.057925999
296 253 3 8889124 2.057929968
315 267 3 29399 2.057933818
306 319 3 388024 2.057952060
319 230 3 1164195 2.057952485
301 236 3 4298258 2.057965482
257 289 3 9100228 2.057966988
288 266 3 4311688 2.057975774
257 280 3 3477 2.057977121
304 284 3 6649381 2.057979708
241 264 3 33962 2.057981872
325 275 3 1729106 2.057989957
295 238 3 23129 2.058001314
324 274 3 390592 2.058006487
257 297 3 3781888 2.058007827
322 296 3 2942028 2.058016003
314 240 3 29902792 2.058020269
281 313 3 818523 2.058034577
307 305 3 3652589 2.058039046
241 248 3 47154 2.058060641
250 284 3 22211 2.058064912
228 261 3 13978 2.058067354
285 308 3 2767 2.058080235
253 317 3 143064 2.058090049
255 294 3 43387 2.058094725
288 283 3 1441829 2.058111548
286 245 3 1225269 2.058126568
321 236 3 637825 2.058128844
236 261 3 48764 2.058131679
232 281 3 1784627 2.058134149
227 286 3 51481 2.058157872
246 326 3 5358 2.058164214
298 231 3 20570 2.058179699
287 257 3 941527 2.058185825
271 318 3 50119 2.058185897
239 288 3 29291 2.058187451
301 263 3 47741 2.058199525
277 228 3 16708 2.058207805
239 272 3 9597 2.058212636
233 311 3 29700 2.058213316
284 320 3 22135 2.058238297
240 315 3 22229 2.058241503
250 233 3 22182986 2.058252226
312 288 3 23430 2.058253271
273 237 3 61728 2.058254373
315 252 3 2394 2.058267448
243 262 3 9848 2.058283180
313 283 3 1048433 2.058300576
295 315 3 1206834 2.058308504
313 294 3 56337 2.058339269
263 279 3 63182 2.058359670
278 257 3 116698 2.058370709
326 230 3 5211142 2.058375424
232 293 3 50622 2.058381277
233 266 3 13728 2.058392867
238 254 3 932 2.058426047
241 272 3 3280 2.058433499
316 297 3 20565 2.058435757
294 268 3 13674 2.058454176
249 231 3 1851335 2.058472896
252 301 3 9546 2.058472928
326 243 3 75707 2.058490285
300 269 3 1703751 2.058491684
294 242 3 150944 2.058493229
266 286 3 6379 2.058513976
288 247 3 29424 2.058520771
247 326 3 1270073 2.058531639
280 307 3 3601 2.058546147
241 308 3 1998004 2.058549307
242 262 3 1697497 2.058550325
296 238 3 3871647 2.058557137
271 255 3 35585 2.058560523
241 310 3 29315 2.058562920
294 276 3 6641 2.058566122
246 266 3 1969881 2.058572604
318 243 3 8873086 2.058579083
265 232 3 144213 2.058580521
253 310 3 441579 2.058590020
258 267 3 74964 2.058610584
309 280 3 27780 2.058624200
263 303 3 25671 2.058628320
286 324 3 58941 2.058642882
302 307 3 59721 2.058643375
257 238 3 1001 2.058646507
241 309 3 1324973 2.058655228
268 294 3 1437962 2.058656598
295 282 3 63694 2.058676953
243 271 3 8293 2.058687631
232 284 3 75996 2.058700807
290 231 3 155579 2.058703556
269 295 3 193236 2.058708864
258 237 3 176314 2.058713653
285 302 3 20016775 2.058714947
311 278 3 56157 2.058715193
274 248 3 828436 2.058716645
307 305 3 29831 2.058729322
302 276 3 3128163 2.058730939
230 288 3 6411670 2.058748890
300 232 3 190948 2.058765436
246 268 3 112910 2.058778943
255 281 3 107020 2.058781988
247 291 3 51202 2.058785594
306 251 3 62727 2.058797883
288 313 3 28818 2.058800099
320 276 3 53317 2.058807181
243 249 3 2520619 2.058814903
261 326 3 22555 2.058820484
316 301 3 26651 2.058823133
305 265 3 5197 2.058828209
275 290 3 622896 2.058830050
229 300 3 29856 2.058837259
282 253 3 1266790 2.058851455
262 276 3 2215459 2.058857914
273 242 3 10775 2.058863313
302 251 3 51035 2.058893407
227 280 3 28164 2.058913016
322 286 3 626659 2.058939580
260 317 3 23305 2.058952089
279 315 3 3436933 2.058956201
268 313 3 7393 2.058957833
241 259 3 3686708 2.058968382
280 257 3 169 2.058969071
249 314 3 2929 2.058976123
315 270 3 14308 2.058976499
252 287 3 43945 2.058976995
313 267 3 1810256 2.058981032
237 286 3 184403 2.058986601
268 324 3 1236598 2.058996716
258 318 3 3505 2.059005601
322 250 3 20852 2.059018410
252 281 3 6880000 2.059022666
270 298 3 68246 2.059024246
275 263 3 21174 2.059028728
227 292 3 3922 2.059029691
247 301 3 1499923 2.059033266
248 285 3 4371 2.059037056
297 275 3 371991 2.059041679
303 270 3 146449 2.059060481
309 300 3 298793 2.059065096
316 301 3 9236075 2.059078267
300 271 3 70550 2.059094786
317 232 3 28263 2.059122120
232 287 3 99660 2.059135446
277 265 3 77767 2.059136907
267 302 3 4691492 2.059143328
276 242 3 2080 2.059168806
253 301 3 56099 2.059169992
229 281 3 10203726 2.059172504
273 319 3 101541 2.059181171
257 272 3 2388275 2.059188154
256 320 3 979358 2.059192037
232 257 3 33133 2.059214273
311 253 3 71783 2.059223423
257 295 3 16818 2.059226194
233 267 3 24592 2.059228236
295 255 3 2149 2.059232922
318 267 3 2510 2.059243006
229 270 3 19255 2.059244767
299 315 3 51469 2.059254516
264 306 3 84204 2.059256039
285 308 3 24216 2.059256762
231 258 3 25324 2.059298135
265 237 3 16026 2.059312090
228 320 3 5947920 2.059328745
257 315 3 1865919 2.059338916
306 235 3 3108753 2.059345453
323 234 3 17145 2.059346541
266 291 3 1133888 2.059366697
268 294 3 2382 2.059390277
295 325 3 61191 2.059395427
281 298 3 65662 2.059400143
266 280 3 188006 2.059419064
302 267 3 1573165 2.059420485
285 239 3 21801 2.059438740
305 264 3 43169 2.059450438
305 228 3 3911160 2.059454415
321 297 3 9450020 2.059477540
322 260 3 963169 2.059524497
315 306 3 21745 2.059546768
321 293 3 21054634 2.059558319
263 297 3 1834266 2.059558512
309 302 3 9318065 2.059576846
288 319 3 204228 2.059589347
230 289 3 5618 2.059592742
321 288 3 23249 2.059598317
292 261 3 68891 2.059607311
282 301 3 516375 2.059618036
324 237 3 25967 2.059622298
308 281 3 23020 2.059647204
242 298 3 1246781 2.059649424
267 252 3 23285 2.059652750
267 232 3 7764 2.059654843
293 237 3 94194 2.059661692
257 289 3 3052174 2.059666941
303 272 3 328822 2.059676325
241 283 3 39263 2.059681474
263 295 3 29681 2.059689205
268 257 3 56044 2.059701711
276 306 3 1795198 2.059703755
319 261 3 1182670 2.059704430
287 228 3 58050 2.059716342
300 245 3 38601 2.059732885
299 324 3 73841 2.059733831
264 285 3 1839900 2.059739201
266 287 3 3882734 2.059739252
245 268 3 193180 2.059778066
239 285 3 48624 2.059789618
324 238 3 28811 2.059801009
266 267 3 58155 2.059802858
243 269 3 56137 2.059808686
228 252 3 75733 2.059818754
248 279 3 23889 2.059832363
278 262 3 49651 2.059839175
309 249 3 8391 2.059852482
317 284 3 6616 2.059869684
313 240 3 35753 2.059875336
269 249 3 20375 2.059904062
303 240 3 40216 2.059912925
276 320 3 4569173 2.059914739
230 311 3 13670849 2.059915014
266 232 3 13610 2.059918133
255 316 3 6486 2.059920908
312 249 3 14950 2.059925560
325 274 3 5074774 2.059932426
322 234 3 7370368 2.059936012
243 305 3 3951076 2.059936434
247 232 3 78138 2.059942572
296 260 3 2474 2.059949378
280 243 3 861366 2.059955495
325 227 3 79424 2.059958987
284 309 3 29490 2.059959096
243 280 3 154941 2.059982910
309 243 3 66429 2.059983801
305 249 3 98892 2.059989618
280 316 3 59106 2.059997071
275 308 3 64613 2.060000838
278 321 3 66290 2.060011128
257 239 3 59681 2.060011896
298 250 3 39786 2.060029997
249 292 3 59171 2.060039850
325 248 3 1304539 2.060064119
268 302 3 1222173 2.060083211
228 251 3 1347313 2.060099702
305 273 3 33512 2.060109890
326 289 3 51629 2.060112202
286 229 3 42342 2.060122226
240 304 3 1954 2.060122830
302 259 3 9145571 2.060129785
255 274 3 6627289 2.060145907
284 320 3 8900213 2.060151979
293 311 3 9758 2.060187613
286 235 3 51937 2.060250461
322 260 3 61802 2.060257710
277 241 3 26617 2.060264783
308 280 3 1531355 2.060286632
241 276 3 243611 2.060288497
268 314 3 168115 2.060316577
239 259 3 153294 2.060320356
310 277 3 15490 2.060322812
250 269 3 224530 2.060330669
255 279 3 66751 2.060337370
267 255 3 359150 2.060350899
316 239 3 6783902 2.060359822
228 299 3 54854 2.060374433
298 284 3 1322398 2.060396682
290 283 3 21817 2.060425591
319 282 3 1236520 2.060426562
254 288 3 1912903 2.060431253
310 296 3 3983652 2.060441267
307 230 3 102533 2.060447192
301 309 3 1313 2.060455525
283 289 3 716 2.060457348
323 231 3 632092 2.060466394
293 316 3 2676 2.060477647
315 298 3 2564684 2.060488052
234 314 3 94714 2.060507048
284 323 3 1470509 2.060507913
295 227 3 529919 2.060510804
232 247 3 27571 2.060511785
278 244 3 27679 2.060518778
315 286 3 469885 2.060521555
283 249 3 1200 2.060540966
281 322 3 102057 2.060541139
258 243 3 736077 2.060544372
228 301 3 27365 2.060546268
322 256 3 48361 2.060548880
265 320 3 3755225 2.060552286
273 320 3 1320262 2.060555011
242 303 3 4674 2.060570250
244 309 3 23032 2.060571737
298 271 3 70981 2.060571739
288 242 3 155313 2.060590789
273 242 3 4017 2.060608378
264 293 3 1239262 2.060611390
290 283 3 15487 2.060616676
240 293 3 1968278 2.060617073
307 264 3 4773520 2.060630795
259 310 3 785819 2.060638801
260 313 3 1665841 2.060644088
280 293 3 1294 2.060649365
240 297 3 14585 2.060668420
247 238 3 46949 2.060673377
310 262 3 1094634 2.060680430
280 246 3 6966 2.060717656
246 311 3 44465 2.060736152
276 244 3 47384 2.060739051
253 285 3 78276 2.060749753
244 319 3 612 2.060751985
280 242 3 10023458 2.060762507
287 228 3 1270386 2.060767001
256 292 3 9642263 2.060768735
264 299 3 24348018 2.060777871
236 266 3 47920 2.060792246
271 289 3 3859 2.060795691
254 271 3 1099227 2.060799498
229 249 3 753 2.060805494
307 292 3 30376 2.060812634
292 276 3 65304 2.060820974
260 245 3 1216901 2.060825477
230 262 3 8146 2.060828631
286 293 3 6399052 2.060843015
323 271 3 42977 2.060848064
250 295 3 41483 2.060853743
321 269 3 26141 2.060861984
323 241 3 119395 2.060863522
297 233 3 10105716 2.060879469
228 305 3 22097 2.060885415
240 278 3 3002 2.060900147
300 282 3 3096 2.060916554
240 276 3 50670 2.060918696
269 322 3 8031 2.060919135
283 251 3 2757566 2.060919565
276 303 3 182080 2.060921585
275 316 3 51532 2.060925744
253 289 3 702965 2.060930214
259 308 3 8672 2.060932049
289 323 3 53284 2.060934697
263 235 3 39871 2.060950125
244 255 3 38215 2.060956503
251 232 3 14283096 2.060966993
320 273 3 4169 2.060967327
228 301 3 63789 2.060967707
264 280 3 5321645 2.060977668
322 288 3 21147813 2.060987956
285 316 3 23178 2.060996006
274 263 3 6903 2.061007020
279 227 3 26313 2.061008894
282 256 3 6357 2.061017546
257 268 3 11015 2.061018975
237 259 3 45126 2.061041359
311 246 3 39113 2.061042574
227 276 3 10637 2.061050972
301 308 3 150 2.061054594
228 309 3 74051 2.061058563
245 315 3 66437 2.061067986
231 272 3 6736 2.061090498
242 282 3 29789609 2.061115658
312 273 3 38337 2.061150348
233 281 3 1275 2.061151770
296 248 3 1607977 2.061157124
266 314 3 8781 2.061164346
305 232 3 1425370 2.061185694
293 250 3 4449 2.061191718
245 316 3 9326 2.061192621
306 318 3 6920 2.061194766
230 268 3 1523715 2.061221177
288 264 3 18164087 2.061223184
244 318 3 249180 2.061229976
272 240 3 9298287 2.061247913
295 234 3 426855 2.061257560
296 228 3 5027 2.061272295
256 283 3 49293 2.061276295
233 318 3 5721438 2.061328809
275 230 3 151 2.061334558
291 258 3 198644 2.061342353
254 281 3 22703 2.061343136
249 240 3 29444 2.061347823
300 314 3 26396 2.061355948
233 272 3 22830 2.061360999
302 246 3 9464496 2.061362246
307 252 3 2993802 2.061378579
268 238 3 84382 2.061381769
295 271 3 4079930 2.061387813
297 252 3 59543 2.061403155
309 236 3 2565809 2.061409830
238 314 3 55043 2.061412617
300 232 3 411136 2.061424726
316 231 3 60228 2.061430570
238 260 3 1283229 2.061432452
238 296 3 1923738 2.061440738
239 282 3 68994 2.061441092
306 312 3 66270 2.061454299
231 265 3 10339 2.061474004
261 227 3 4025250 2.061491067
307 299 3 28397 2.061499514
264 315 3 50464 2.061500914
323 304 3 72245 2.061508069
313 274 3 98020 2.061523441
299 274 3 37713 2.061529853
247 270 3 9507066 2.061542320
298 258 3 41375 2.061544417
271 301 3 11324 2.061549390
231 268 3 142472 2.061563204
321 267 3 2651080 2.061566013
268 326 3 4735616 2.061575828
286 313 3 1854840 2.061578187
236 318 3 68530 2.061580385
321 287 3 1612532 2.061584529
312 268 3 28391 2.061591332
247 310 3 1374 2.061599366
326 280 3 34929 2.061612406
285 287 3 2701157 2.061628457
281 261 3 3816962 2.061631696
295 277 3 32878 2.061639476
239 284 3 1069 2.061643630
284 317 3 21718 2.061646532
239 259 3 162493 2.061649587
259 290 3 28908 2.061659913
304 310 3 7362916 2.061687455
309 245 3 20756 2.061689678
246 324 3 4376 2.061701933
301 256 3 1150072 2.061710007
281 326 3 8804432 2.061719020
264 287 3 3964992 2.061725344
324 260 3 9130 2.061731813
288 307 3 1895139 2.061746955
231 270 3 5352 2.061754421
241 263 3 318689 2.061756680
271 240 3 1275 2.061766969
291 247 3 184863 2.061770557
243 261 3 3559876 2.061771691
321 232 3 818706 2.061773149
246 267 3 7180 2.061778784
266 227 3 130174 2.061788346
243 250 3 4661468 2.061790688
238 320 3 77710 2.061793962
279 295 3 29116 2.061802849
230 316 3 26732531 2.061814483
306 249 3 1620750 2.061827336
296 274 3 17204606 2.061862718
290 265 3 4479102 2.061865260
232 262 3 64374 2.061865674
282 322 3 3976121 2.061873654
244 264 3 3895881 2.061877529
276 245 3 7028 2.061879646
227 314 3 24999 2.061887237
249 287 3 28163 2.061903788
316 293 3 8456 2.061911172
310 283 3 73493 2.061932702
291 280 3 7221 2.061961336
298 260 3 25106 2.061968757
234 247 3 609217 2.061977372
290 272 3 1546672 2.061989672
275 228 3 97071 2.061991696
306 264 3 1526 2.061997222
269 229 3 1897623 2.062030753
234 324 3 13797 2.062041288
228 276 3 20417 2.062041508
232 254 3 76528 2.062063606
233 254 3 9326 2.062066014
287 256 3 1123992 2.062066511
286 294 3 672896 2.062072168
270 294 3 51373 2.062073080
317 280 3 29044554 2.062074758
257 277 3 8726257 2.062079496
306 315 3 8363383 2.062086491
254 235 3 2215055 2.062088124
237 260 3 7839 2.062097924
280 300 3 26987 2.062132547
258 315 3 2579 2.062139371
308 243 3 79625 2.062144611
273 319 3 11925 2.062145113
253 288 3 3110962 2.062145782
228 324 3 38549 2.062146945
280 257 3 12645 2.062157935
230 310 3 984195 2.062161065
281 262 3 5334 2.062161855
286 290 3 6984765 2.062166605
257 296 3 22521 2.062178711
255 319 3 7205629 2.062181428
309 251 3 484214 2.062183657
251 315 3 1113175 2.062189297
314 259 3 44520 2.062195124
277 313 3 5908590 2.062198311
268 325 3 9673 2.062199690
265 306 3 20723 2.062201336
326 286 3 1123 2.062209339
276 320 3 1508088 2.062222409
317 298 3 71648 2.062222498
298 322 3 24258611 2.062230458
238 255 3 60013 2.062230585
255 283 3 5347 2.062239373
261 303 3 42278 2.062239466
274 304 3 6619 2.062241948
307 251 3 14543087 2.062244058
295 243 3 69181 2.062267129
261 295 3 24796 2.062268573
232 304 3 78433 2.062272188
298 265 3 5911380 2.062282585
304 282 3 118873 2.062289456
301 274 3 20619 2.062293639
255 294 3 72101 2.062305060
260 288 3 9865 2.062315917
247 238 3 172683 2.062317836
303 311 3 66461 2.062332278
249 246 3 38605 2.062342870
248 229 3 4834 2.062351137
270 292 3 85906 2.062370730
270 246 3 50575 2.062374285
278 296 3 6883562 2.062395280
326 251 3 3886120 2.062404334
233 257 3 1292 2.062411455
246 257 3 3298931 2.062427637
323 304 3 725668 2.062431361
270 315 3 25578 2.062432121
239 320 3 6165385 2.062450660
242 279 3 23289 2.062482549
283 231 3 48945 2.062487257
306 273 3 2333716 2.062506631
292 268 3 5085 2.062510403
279 253 3 1450440 2.062529343
290 262 3 1631006 2.062529655
229 307 3 23569 2.062529684
269 231 3 230504 2.062550704
289 278 3 1232984 2.062551864
261 305 3 15338 2.062551915
305 240 3 4899882 2.062553333
325 303 3 861859 2.062563667
266 311 3 34928 2.062566561
231 286 3 750159 2.062570346
259 313 3 4103 2.062574443
317 305 3 1906897 2.062601409
235 319 3 60143 2.062610365
234 309 3 21922 2.062615712
317 243 3 79987 2.062617485
250 308 3 57004 2.062625412
230 266 3 27520 2.062664319
259 270 3 3816184 2.062669048
272 228 3 1646000 2.062669637
309 251 3 1819256 2.062673542
240 293 3 1880194 2.062688227
285 257 3 259 2.062690040
323 266 3 1921579 2.062691393
248 239 3 51051 2.062695384
283 290 3 22552 2.062704349
298 321 3 74439 2.062705957
228 313 3 150033 2.062723176
236 280 3 4912293 2.062739837
238 251 3 170113 2.062777902
307 306 3 858749 2.062783116
258 238 3 83749 2.062801226
296 279 3 52738 2.062804647
240 287 3 1661324 2.062810278
300 262 3 2191017 2.062814438
266 297 3 145394 2.062815531
304 252 3 126704 2.062824313
241 287 3 68620 2.062831720
236 251 3 7385088 2.062834393
230 320 3 1501777 2.062870100
302 316 3 2674 2.062870109
304 282 3 37941 2.062885357
306 250 3 1496663 2.062887586
256 245 3 7282607 2.062921861
237 292 3 586186 2.062922330
324 293 3 30944 2.062963512
243 278 3 6852499 2.062980481
318 286 3 26061048 2.063011440
270 295 3 8663 2.063012167
260 231 3 195115 2.063034996
281 228 3 4728766 2.063037340
230 289 3 205642 2.063043194
234 302 3 673731 2.063044793
276 318 3 1224432 2.063045330
261 227 3 17910 2.063046273
298 238 3 2178531 2.063056768
268 254 3 3355023 2.063060639
256 227 3 66683 2.063088895
293 260 3 4216260 2.063095140
228 302 3 72243 2.063097816
227 311 3 24035 2.063110738
315 271 3 739897 2.063112139
247 230 3 1289 2.063142515
289 257 3 5012949 2.063146352
313 229 3 16969 2.063155514
294 321 3 7746075 2.063157085
297 269 3 4548 2.063162031
271 314 3 8507 2.063177099
287 240 3 159979 2.063199190
250 281 3 66512 2.063205852
314 247 3 6690610 2.063221162
269 290 3 56506 2.063222250
295 317 3 5405546 2.063227254
321 297 3 26754 2.063227518
289 277 3 64507 2.063229334
313 246 3 29973 2.063232008
249 302 3 984396 2.063251548
282 289 3 6947348 2.063252995
301 257 3 23539 2.063255167
256 309 3 10563 2.063257817
255 246 3 37393 2.063264202
252 300 3 1731075 2.063264416
263 306 3 51763 2.063264933
263 296 3 7086596 2.063265717
243 280 3 5652258 2.063268402
263 324 3 25314 2.063274181
306 244 3 6254867 2.063277235
324 285 3 33406 2.063288420
315 289 3 3208684 2.063292768
309 289 3 18159 2.063300559
304 239 3 7397 2.063306092
254 310 3 16759063 2.063345173
303 310 3 8225352 2.063356907
244 280 3 51384 2.063362458
300 260 3 3089 2.063372850
276 313 3 5592225 2.063374523
298 241 3 21438738 2.063387542
304 317 3 75327 2.063403270
246 285 3 70825 2.063420127
309 253 3 8225 2.063422814
295 323 3 156570 2.063424248
307 228 3 7831896 2.063438145
248 323 3 4833 2.063449975
286 238 3 8160 2.063451696
299 272 3 28352 2.063477064
290 267 3 652491 2.063487911
288 316 3 4177 2.063492602
235 274 3 75 2.063498592
326 304 3 3976695 2.063509450
302 316 3 6818287 2.063515981
254 273 3 453185 2.063528134
259 236 3 23008 2.063528898
310 237 3 52657 2.063540473
304 315 3 7146010 2.063550532
280 288 3 15060 2.063555390
234 293 3 25577 2.063574640
262 277 3 2208899 2.063584521
288 232 3 23766 2.063587390
320 244 3 3532 2.063608856
243 291 3 7104368 2.063609367
234 293 3 61803 2.063620994
258 273 3 12827 2.063625128
240 251 3 45971 2.063628801
286 323 3 492505 2.063629763
278 259 3 7794859 2.063633005
242 311 3 260465 2.063633662
315 238 3 2844 2.063637176
278 229 3 54229 2.063638684
261 325 3 111136 2.063656360
312 227 3 25990 2.063685823
322 249 3 2810 2.063687170
289 256 3 5155 2.063705453
272 291 3 73447 2.063712802
249 319 3 50894 2.063723895
305 326 3 5653 2.063728937
306 270 3 22175387 2.063757845
288 239 3 907698 2.063762580
254 240 3 979239 2.063767784
314 277 3 2883249 2.063781075
255 295 3 1216721 2.063790328
320 277 3 5788683 2.063794722
301 248 3 78053 2.063795294
229 324 3 1244876 2.063811078
303 275 3 22633 2.063815704
249 243 3 2483982 2.063819480
231 272 3 144278 2.063836914
300 239 3 4983637 2.063839016
322 251 3 155863 2.063847485
302 307 3 907 2.063853675
245 288 3 65901 2.063865002
231 294 3 8994 2.063872028
318 268 3 23917 2.063874683
302 278 3 9566 2.063885930
256 243 3 199074 2.063896628
307 291 3 4281 2.063908272
251 236 3 2085643 2.063926127
317 232 3 1017318 2.063962915
265 303 3 7519 2.063967556
239 297 3 6079144 2.063982826
289 234 3 1156236 2.063996209
320 263 3 7419 2.064000200
279 247 3 78658 2.064018629
292 243 3 61564 2.064031790
312 228 3 1461776 2.064036186
250 237 3 21614 2.064039649
261 274 3 7896 2.064051127
238 247 3 68146 2.064054060
278 289 3 12462 2.064062885
272 261 3 605 2.064067812
318 236 3 4400533 2.064072031
272 245 3 18276 2.064085300
271 326 3 11318 2.064100513
286 289 3 7056 2.064106334
284 244 3 1150 2.064111330
263 295 3 26491916 2.064114118
282 248 3 65718 2.064118888
232 309 3 70922 2.064132083
239 259 3 431426 2.064139119
292 284 3 33206 2.064156743
323 265 3 1963011 2.064172110
266 237 3 7770 2.064179846
263 288 3 57927 2.064192925
228 310 3 96454 2.064197318
227 303 3 23172 2.064201846
228 294 3 14441 2.064203801
287 258 3 52593 2.064208103
265 241 3 25945 2.064209914
270 304 3 1684815 2.064213527
309 228 3 248 2.064215661
279 290 3 12139982 2.064222247
267 247 3 77490 2.064224135
258 267 3 1415 2.064226630
244 293 3 4961 2.064231284
266 236 3 17498 2.064233303
290 250 3 320475 2.064262433
228 274 3 23326 2.064266430
262 318 3 18205 2.064268206
298 250 3 63011 2.064272469
292 268 3 3140800 2.064277156
287 320 3 31707 2.064296626
316 231 3 71820 2.064313119
311 236 3 66283 2.064321975
262 323 3 59455 2.064330937
269 317 3 10549 2.064333895
322 289 3 53622 2.064339457
229 300 3 126275 2.064342299
237 318 3 24554 2.064355061
307 269 3 2235 2.064359584
258 303 3 64246 2.064360152
291 246 3 39909 2.064367786
242 321 3 125960 2.064371906
240 276 3 1151 2.064373409
233 291 3 28369 2.064374243
305 240 3 706477 2.064374717
261 273 3 6829454 2.064375240
304 252 3 8184217 2.064377855
302 321 3 76748 2.064378518
247 299 3 16532 2.064380717
307 231 3 4753496 2.064393892
315 305 3 66008 2.064405960
254 283 3 24864 2.064411225
293 264 3 73856 2.064417948
251 318 3 4638907 2.064432589
299 256 3 27142 2.064437133
248 272 3 1429689 2.064437721
276 227 3 22575 2.064462671
282 247 3 1150346 2.064465100
251 241 3 683235 2.064465670
229 257 3 7680 2.064465784
299 240 3 44847 2.064468160
318 277 3 67332 2.064485225
273 228 3 4397371 2.064487402
243 259 3 27871 2.064508848
318 278 3 27268 2.064535424
287 280 3 5055 2.064539419
278 265 3 370005 2.064539431
260 232 3 1303463 2.064542085
282 324 3 6052 2.064548483
232 271 3 21946 2.064551740
246 271 3 30621 2.064564154
257 273 3 16412 2.064591538
260 299 3 2311337 2.064600423
273 264 3 2635537 2.064603337
284 313 3 1642 2.064656893
266 231 3 2767057 2.064676043
264 285 3 6924 2.064680134
279 294 3 14468002 2.064680391
254 310 3 42477 2.064705942
294 326 3 27178 2.064708881
238 299 3 3733948 2.064710382
262 237 3 118995 2.064754027
293 277 3 892859 2.064766665
311 286 3 58407 2.064793858
231 267 3 9035 2.064798317
292 281 3 20763 2.064799020
266 285 3 7659 2.064804276
294 313 3 14859237 2.064807512
243 292 3 24908 2.064809132
290 286 3 1146638 2.064812348
232 303 3 35484 2.064815023
268 236 3 977878 2.064816210
300 227 3 155594 2.064833924
263 294 3 1257835 2.064842808
237 258 3 532911 2.064845003
262 280 3 41648 2.064856637
229 252 3 7547 2.064871424
250 298 3 77708 2.064883220
318 251 3 29801 2.064899099
229 264 3 47607 2.064912800
255 326 3 212577 2.064914632
278 288 3 50594 2.064916320
230 291 3 41463 2.064920247
270 325 3 31090 2.064940165
289 324 3 6772335 2.064944675
312 259 3 978 2.064949014
318 230 3 75627 2.064966212
281 291 3 16854 2.064970495
296 239 3 8966476 2.064983418
232 301 3 136303 2.064999750
315 243 3 1851056 2.065007162
295 245 3 24535 2.065009834
297 286 3 1862 2.065015157
265 281 3 65791 2.065016394
228 268 3 53089 2.065017568
265 278 3 67177 2.065025291
290 252 3 543533 2.065036573
245 294 3 570784 2.065051253
280 245 3 3603163 2.065058372
266 291 3 4299278 2.065073276
230 297 3 3683 2.065088723
310 261 3 27660872 2.065089499
248 231 3 8453 2.065090456
247 308 3 24154 2.065108091
250 298 3 78894 2.065118870
232 270 3 61338 2.065127923
309 244 3 21375 2.065131959
296 227 3 9124 2.065133216
312 255 3 4878244 2.065135568
241 299 3 7947 2.065136451
257 238 3 491697 2.065136729
320 229 3 1196321 2.065183907
271 287 3 71872 2.065192434
280 266 3 65294 2.065198943
227 257 3 20701 2.065199086
269 244 3 66477 2.065203390
299 227 3 32085 2.065207622
258 299 3 106223 2.065219617
241 280 3 12796400 2.065223721
242 278 3 72075 2.065227350
261 285 3 8403 2.065237910
236 290 3 67732 2.065248980
269 241 3 55353 2.065254596
296 261 3 910427 2.065267550
273 264 3 3141 2.065291152
261 318 3 38841 2.065292935
230 250 3 1649806 2.065302600
295 231 3 7247620 2.065306155
274 319 3 1343948 2.065327401
259 317 3 54465 2.065327611
309 284 3 42918 2.065342335
260 313 3 2985496 2.065344086
253 314 3 1120619 2.065354215
268 227 3 4964090 2.065365153
307 304 3 554248 2.065376633
256 267 3 1339571 2.065382822
297 314 3 1403883 2.065392936
250 274 3 2094435 2.065409929
306 230 3 50469 2.065412819
292 253 3 1785926 2.065423106
240 322 3 2243 2.065429277
237 298 3 6727043 2.065432832
305 256 3 4889610 2.065433983
289 237 3 283170 2.065434426
305 277 3 8130 2.065434547
315 256 3 27434 2.065440911
234 309 3 22266 2.065446707
234 306 3 127380 2.065450039
247 318 3 1097111 2.065456542
261 239 3 31862 2.065460860
255 322 3 1704728 2.065464667
271 318 3 50948 2.065464678
256 307 3 4467719 2.065474855
248 236 3 138 2.065487978
318 290 3 1079215 2.065494592
302 243 3 17677 2.065496226
227 248 3 781005 2.065511228
301 319 3 8077172 2.065525609
289 313 3 28802168 2.065544644
322 291 3 2817234 2.065546904
321 270 3 1591 2.065550948
236 277 3 391518 2.065551329
306 269 3 3705 2.065554830
258 303 3 1034952 2.065559734
308 246 3 73657 2.065579497
244 261 3 50870 2.065595794
235 291 3 1639345 2.065602999
310 243 3 13071 2.065609605
227 295 3 9473 2.065618961
253 241 3 34663 2.065646362
288 273 3 2691296 2.065651333
315 245 3 23495 2.065671318
251 242 3 19723 2.065691333
235 259 3 4527055 2.065702248
249 274 3 9674 2.065729406
269 302 3 43375 2.065729599
317 304 3 27458 2.065730491
320 278 3 37975 2.065742127
236 313 3 5957591 2.065755853
305 318 3 3232 2.065759324
234 281 3 2646045 2.065783834
321 264 3 21766439 2.065784151
289 246 3 3110736 2.065786296
325 300 3 79916 2.065791992
240 323 3 750269 2.065796744
307 286 3 64728 2.065804418
260 276 3 563346 2.065804637
315 252 3 714 2.065805121
275 234 3 79994 2.065824570
295 242 3 2707812 2.065833149
306 231 3 53369 2.065838117
237 263 3 4118184 2.065852924
289 274 3 771731 2.065862037
272 237 3 1469624 2.065866941
282 298 3 166075 2.065885475
239 248 3 36763 2.065894584
267 230 3 1713318 2.065910219
326 300 3 94661 2.065916798
295 284 3 9998 2.065924401
230 279 3 1599670 2.065931740
291 259 3 73327 2.065939086
320 236 3 29828 2.065939375
231 282 3 89729 2.065944273
231 288 3 954033 2.065955730
252 298 3 39145 2.065955748
323 301 3 111276 2.065975422
227 297 3 1448534 2.065981384
304 231 3 40209 2.065987699
278 259 3 24566861 2.065992487
267 232 3 6117 2.065996872
318 238 3 21890 2.066000376
324 291 3 1142885 2.066033537
245 295 3 65258 2.066071945
298 284 3 434199 2.066096811
243 294 3 53648 2.066097721
264 287 3 53706 2.066104025
237 295 3 5910808 2.066120342
245 286 3 1075702 2.066121870
231 289 3 3971220 2.066138114
249 293 3 25183 2.066138677
243 284 3 88326 2.066139534
294 282 3 459326 2.066172887
233 277 3 61489 2.066178185
304 320 3 4289358 2.066178515
247 312 3 134268 2.066180159
238 259 3 195896 2.066186903
321 239 3 45755 2.066191688
231 273 3 1075 2.066202637
290 316 3 61062 2.066212112
237 285 3 64708 2.066212497
284 299 3 153202 2.066212875
326 239 3 33867 2.066243083
247 230 3 394993 2.066243897
258 267 3 3063 2.066250320
283 259 3 4866963 2.066269216
232 292 3 2289 2.066279138
324 257 3 12210 2.066287331
243 252 3 26980 2.066287891
326 252 3 28325 2.066297673
239 278 3 3296 2.066308422
249 312 3 10200 2.066320798
277 300 3 5642 2.066323290
243 274 3 7661155 2.066334499
319 297 3 1965477 2.066337559
308 260 3 20381 2.066341757
236 301 3 57009 2.066347199
286 305 3 11613034 2.066369513
257 315 3 66204 2.066374112
246 301 3 8233 2.066374416
266 241 3 23005794 2.066374912
266 228 3 1439735 2.066375674
265 272 3 25846967 2.066389334
296 235 3 20228 2.066389501
296 263 3 953481 2.066394047
307 287 3 38326 2.066405820
239 252 3 68325 2.066407124
261 283 3 67926 2.066411792
278 295 3 54833 2.066429707
283 304 3 202 2.066435801
266 237 3 39988 2.066446837
249 276 3 1974586 2.066456797
289 307 3 181116 2.066468624
241 288 3 4553565 2.066484604
264 320 3 43700 2.066486231
312 276 3 464843 2.066512768
249 289 3 25304 2.066531779
241 282 3 2304662 2.066543256
231 279 3 3861254 2.066547729
291 255 3 56551 2.066584134
314 297 3 733721 2.066590029
271 304 3 39651 2.066595753
311 244 3 2044 2.066606994
256 302 3 16263 2.066621191
275 323 3 1765808 2.066625400
237 324 3 42731 2.066640803
310 280 3 27577 2.066665183
270 299 3 107198 2.066666104
279 322 3 23779 2.066674200
235 272 3 3624617 2.066681839
321 265 3 45412 2.066687694
314 265 3 2086455 2.066690240
306 310 3 12975 2.066690693
247 234 3 2020503 2.066700692
256 321 3 74704 2.066707314
298 324 3 22408703 2.066711904
248 234 3 34309 2.066715594
238 268 3 154549 2.066722892
261 300 3 1442749 2.066726989
233 255 3 991407 2.066737483
274 323 3 1874551 2.066740077
277 314 3 10549 2.066792512
312 270 3 1483 2.066810372
239 287 3 1391 2.066818795
322 244 3 21060 2.066884810
246 319 3 574474 2.066885915
305 236 3 405105 2.066890782
307 300 3 186515 2.066900824
274 246 3 1820 2.066902750
291 270 3 4772299 2.066917878
298 249 3 38939 2.066927657
263 245 3 21583079 2.066937077
316 281 3 27854 2.066940232
273 298 3 1718 2.066940856
285 321 3 9327 2.066949224
299 282 3 28947 2.066950275
296 269 3 24955389 2.066981459
235 298 3 130474 2.066981813
250 277 3 32448 2.066999521
307 282 3 38572 2.067002261
311 301 3 7218646 2.067010559
248 234 3 4043588 2.067016317
239 264 3 33433 2.067030233
254 284 3 25283 2.067090470
273 265 3 5917 2.067098692
246 319 3 9037 2.067111986
250 272 3 6751 2.067138711
291 273 3 39865 2.067142164
276 319 3 29223 2.067146418
227 323 3 174962 2.067146541
323 304 3 1894773 2.067147335
323 244 3 602690 2.067147627
271 232 3 37593 2.067153791
233 251 3 23343915 2.067175937
316 247 3 2688320 2.067190832
316 236 3 6741 2.067210690
240 324 3 1704578 2.067212966
263 300 3 39273 2.067214380
320 245 3 6656789 2.067219685
294 318 3 23852 2.067237612
273 251 3 8136 2.067249024
275 250 3 19432 2.067250425
314 245 3 27221 2.067254486
264 293 3 71408 2.067285455
301 251 3 41678 2.067305309
318 230 3 388305 2.067317991
278 260 3 1120777 2.067324765
252 305 3 46890 2.067327985
283 326 3 9973203 2.067339614
313 281 3 7319 2.067343092
311 284 3 11084 2.067344136
308 235 3 23925 2.067349993
324 270 3 9797043 2.067359561
302 309 3 107666 2.067364202
305 269 3 8072603 2.067370665
238 248 3 980489 2.067375319
289 276 3 34453 2.067376402
323 288 3 22377037 2.067390707
232 264 3 156563 2.067395203
264 237 3 4046166 2.067403623
291 269 3 1357 2.067416567
306 259 3 2785 2.067420362
320 294 3 79043 2.067422781
325 270 3 9855249 2.067424022
282 233 3 8086843 2.067428022
227 304 3 51026 2.067432173
231 255 3 4102177 2.067446490
308 250 3 25151 2.067447804
249 311 3 26369 2.067453948
303 324 3 61339 2.067457505
320 243 3 10233 2.067467515
302 285 3 616344 2.067472986
301 253 3 191361 2.067480379
306 232 3 29271 2.067498003
233 311 3 15394 2.067503935
317 292 3 1695097 2.067504748
261 299 3 44433 2.067505623
306 246 3 79171 2.067527055
302 238 3 8059 2.067534263
260 310 3 4095882 2.067541857
264 326 3 1752476 2.067542650
263 228 3 6668 2.067547097
230 309 3 55210 2.067549943
251 284 3 2453 2.067568939
245 311 3 1058423 2.067580791
316 283 3 2267 2.067584735
282 258 3 3732 2.067613075
307 242 3 13250 2.067613269
277 319 3 22151 2.067629673
283 297 3 47005 2.067642323
280 321 3 49603 2.067675195
279 260 3 86715 2.067676339
248 277 3 2159148 2.067685355
238 261 3 138127 2.067703309
229 282 3 4289559 2.067715453
230 285 3 25995 2.067747878
289 311 3 13995 2.067750932
239 259 3 788260 2.067755298
312 274 3 34379 2.067760235
237 309 3 39327 2.067760919
250 269 3 53127 2.067767354
259 272 3 10603 2.067782126
309 278 3 7722516 2.067785330
279 306 3 59257 2.067788813
323 248 3 34454 2.067793474
263 241 3 496559 2.067796724
283 299 3 3535236 2.067797932
254 305 3 1774631 2.067799686
284 234 3 26200 2.067799722
229 248 3 74930 2.067801528
297 276 3 1509999 2.067808087
310 261 3 1711890 2.067814932
303 309 3 9311 2.067816207
258 235 3 75036 2.067817308
291 277 3 22045 2.067817413
277 253 3 60921 2.067829089
253 319 3 79129 2.067853078
262 277 3 20743 2.067859270
253 281 3 1251712 2.067867674
281 265 3 25859 2.067868101
305 249 3 28249 2.067869579
278 302 3 78523 2.067882171
257 300 3 814 2.067887310
296 309 3 460 2.067894561
294 234 3 1663421 2.067904819
253 291 3 8631654 2.067928106
293 267 3 52281 2.067928748
299 267 3 1226554 2.067939946
322 303 3 5120767 2.067941063
270 301 3 5945008 2.067942484
248 315 3 72842 2.067947645
277 296 3 15242207 2.067955737
291 244 3 4629939 2.067958813
295 237 3 61666 2.067963521
300 278 3 1706111 2.067976789
323 294 3 12841 2.067982205
306 309 3 62156 2.067986046
237 295 3 2001270 2.067999842
268 309 3 2426 2.068008589
256 318 3 8541 2.068026890
248 303 3 1326 2.068042594
262 323 3 2785360 2.068048314
310 242 3 53053 2.068078642
264 285 3 1642044 2.068084522
282 250 3 59270 2.068086526
303 251 3 537698 2.068090455
256 270 3 165132 2.068110384
313 261 3 8707442 2.068122582
298 249 3 37968 2.068133834
251 279 3 9479908 2.068143780
245 265 3 2319 2.068146539
272 266 3 9722 2.068150923
317 264 3 80 2.068160324
308 301 3 1734117 2.068167973
233 262 3 63104 2.068174947
301 253 3 29380449 2.068186255
311 239 3 356307 2.068187839
312 269 3 45260 2.068188452
249 296 3 1527891 2.068199920
270 314 3 22641 2.068201099
253 231 3 27872 2.068203331
291 274 3 162 2.068207964
297 316 3 1872986 2.068219989
261 274 3 26911 2.068225129
228 294 3 742036 2.068231210
234 250 3 9545337 2.068242437
253 229 3 21722 2.068251415
303 326 3 564668 2.068256246
273 322 3 15861 2.068260816
243 285 3 28998 2.068267604
242 260 3 386416 2.068268888
254 268 3 2788 2.068269727
261 233 3 125041 2.068270537
233 297 3 76702 2.068271768
299 311 3 7249533 2.068274034
271 299 3 143025 2.068284065
303 228 3 21078 2.068288574
280 251 3 71393 2.068288989
298 323 3 4536307 2.068291521
234 325 3 9404452 2.068300963
236 304 3 7038 2.068309143
266 268 3 26824 2.068319071
322 243 3 46055 2.068328740
326 288 3 42139 2.068347682
228 318 3 2553732 2.068356131
297 313 3 36226 2.068360081
249 292 3 24122 2.068382079
254 268 3 5500703 2.068387220
227 261 3 1797566 2.068387915
240 285 3 24448503 2.068401607
308 266 3 8079035 2.068403078
239 301 3 6535 2.068411304
307 282 3 479318 2.068416776
305 242 3 1550511 2.068431324
242 305 3 28120 2.068455784
263 273 3 27198 2.068456818
263 285 3 20784 2.068459882
245 274 3 804343 2.068460363
307 254 3 75404 2.068463093
269 242 3 2471 2.068463515
284 246 3 528578 2.068464799
290 258 3 1610591 2.068470767
275 232 3 1853952 2.068473896
242 324 3 6562 2.068482530
259 285 3 7793973 2.068483180
257 273 3 57565 2.068491509
242 248 3 968560 2.068497702
316 252 3 25812 2.068506461
277 303 3 82139 2.068526222
252 317 3 3045 2.068530196
297 280 3 2153 2.068541392
252 326 3 55897 2.068542244
252 289 3 69114 2.068551083
287 253 3 383039 2.068557261
300 253 3 21833 2.068571896
326 286 3 50338 2.068576113
233 273 3 495349 2.068588580
252 325 3 1028786 2.068588683
277 287 3 3173 2.068591731
280 311 3 4829898 2.068601302
300 250 3 53577 2.068611740
308 252 3 13752881 2.068631061
238 257 3 45561 2.068653693
237 316 3 4055538 2.068664000
301 264 3 45278 2.068707021
282 228 3 11165 2.068712609
322 269 3 5568604 2.068722497
298 268 3 1648471 2.068731746
284 287 3 28549 2.068734735
305 284 3 6002 2.068742410
242 301 3 3555 2.068742660
286 300 3 4745 2.068758035
305 237 3 1107713 2.068768186
316 295 3 40998 2.068777014
238 322 3 145946 2.068779397
243 304 3 8376194 2.068789369
276 246 3 3322 2.068795054
272 290 3 44502 2.068802106
233 277 3 26046 2.068816524
316 269 3 27755472 2.068821748
314 248 3 2572753 2.068824294
265 273 3 818231 2.068826170
304 271 3 696116 2.068832056
296 238 3 73702 2.068836543
266 237 3 5329 2.068841465
301 316 3 7475 2.068849302
262 298 3 27858 2.068850178
265 302 3 74217 2.068863826
248 289 3 1191477 2.068878067
256 234 3 3941877 2.068889054
299 235 3 3429150 2.068890919
303 262 3 74349 2.068893786
271 236 3 21577 2.068898451
259 285 3 6837865 2.068903674
301 280 3 38733 2.068903999
321 296 3 1387 2.068919667
236 249 3 717434 2.068922198
238 266 3 5398 2.068926483
286 236 3 2513916 2.068937439
274 291 3 148513 2.068950667
253 238 3 18864 2.068963904
303 249 3 10089290 2.068964561
296 313 3 1685763 2.068964614
232 306 3 49308 2.068977627
253 239 3 28232737 2.068984506
299 240 3 14400 2.068984658
228 251 3 45238 2.068990007
279 303 3 5009 2.068999656
283 298 3 62915 2.069005284
255 238 3 8634 2.069009130
265 280 3 22772203 2.069020100
232 267 3 7049 2.069021610
266 295 3 73521 2.069021651
322 251 3 10611 2.069022005
302 274 3 54759 2.069022118
261 284 3 60704 2.069026430
296 236 3 1255342 2.069027973
258 236 3 4637648 2.069031527
306 315 3 2904296 2.069042270
316 283 3 1949416 2.069056910
257 275 3 8408554 2.069065792
285 265 3 40570 2.069065888
306 242 3 486929 2.069069134
316 269 3 42598 2.069070556
292 261 3 1425817 2.069075420
308 238 3 35799 2.069075926
294 326 3 3072 2.069085687
264 313 3 1803701 2.069100450
252 311 3 7809952 2.069101253
291 308 3 15115 2.069110855
240 322 3 46951 2.069110972
276 266 3 29712 2.069115148
312 229 3 60125 2.069115965
294 236 3 1935121 2.069124258
299 311 3 4686175 2.069124669
313 286 3 4525 2.069140279
286 307 3 73714 2.069153593
306 257 3 28835 2.069159960
228 316 3 5229372 2.069169394
273 307 3 22008 2.069179506
295 265 3 19656537 2.069190804
276 245 3 5407 2.069194100
308 287 3 32626 2.069205394
294 258 3 1649541 2.069219938
295 278 3 64008 2.069238485
258 302 3 2607666 2.069251285
278 294 3 1682508 2.069282443
318 285 3 3306004 2.069288908
267 325 3 69807 2.069290647
236 294 3 73257 2.069306270
233 250 3 9527284 2.069328790
312 269 3 18586 2.069336811
284 261 3 1594776 2.069348762
252 278 3 69270 2.069355563
314 284 3 6032 2.069367156
321 296 3 1186161 2.069373917
252 292 3 48293 2.069374991
265 324 3 2118 2.069387345
299 307 3 209843 2.069391214
314 299 3 1917289 2.069395807
307 279 3 28071 2.069402217
318 247 3 17381 2.069407605
303 236 3 56550 2.069416654
269 257 3 158151 2.069424731
266 229 3 45087 2.069431301
295 320 3 45059 2.069434194
308 279 3 9255336 2.069439382
297 283 3 47526 2.069443553
302 258 3 8938 2.069445720
326 292 3 64259 2.069454377
253 233 3 8719 2.069465528
290 264 3 7818944 2.069469495
239 253 3 2503138 2.069478898
292 260 3 1715806 2.069482303
320 258 3 179596 2.069490734
264 309 3 31737 2.069501942
246 308 3 188392 2.069507011
317 300 3 1832219 2.069514808
241 254 3 173651 2.069553451
265 320 3 62780 2.069554702
269 258 3 297 2.069554900
247 289 3 43590 2.069560396
316 260 3 3184 2.069584280
239 303 3 49076 2.069585784
228 310 3 3068 2.069591905
269 255 3 3976291 2.069593543
292 235 3 23949 2.069600604
305 283 3 385774 2.069607224
290 245 3 25401 2.069607990
316 264 3 1293678 2.069615602
315 264 3 29292 2.069635928
228 283 3 614 2.069636996
236 294 3 596010 2.069646447
295 310 3 1879 2.069658687
323 262 3 649104 2.069668021
253 302 3 9155624 2.069669501
253 281 3 1698927 2.069696910
275 290 3 21633 2.069724295
312 236 3 1518582 2.069761623
239 315 3 176200 2.069774811
245 303 3 895975 2.069776005
273 256 3 28380592 2.069788188
252 246 3 522083 2.069817052
291 230 3 25554 2.069828597
234 321 3 6395783 2.069842803
251 319 3 2314267 2.069861011
315 288 3 8820394 2.069872209
289 314 3 4120 2.069886271
261 292 3 3416005 2.069894870
243 302 3 39283 2.069898798
254 304 3 1800963 2.069909907
317 286 3 3059330 2.069913380
251 288 3 71728 2.069914538
259 236 3 1827996 2.069916998
322 260 3 29736 2.069933193
260 287 3 54743 2.069939020
236 282 3 76737 2.069942430
291 229 3 42014 2.069944854
292 324 3 2363445 2.069951892
233 250 3 23127 2.069958685
314 245 3 2863 2.069962128
232 289 3 3695811 2.069982496
228 324 3 143069 2.069993685
290 308 3 68691 2.070000849
293 314 3 7197511 2.070009612
321 255 3 10636 2.070011106
290 278 3 1855317 2.070019197
255 237 3 6269946 2.070025563
324 265 3 15241 2.070037185
228 325 3 39659 2.070038791
288 232 3 3172616 2.070039598
255 236 3 3876804 2.070042534
261 273 3 15537 2.070049584
280 292 3 37775 2.070094880
321 283 3 7744504 2.070118449
244 266 3 4914 2.070120391
322 256 3 30578 2.070133081
296 228 3 9983510 2.070134734
234 247 3 72881 2.070154702
299 264 3 4836879 2.070163755
310 229 3 39646 2.070180879
311 282 3 23778 2.070182456
286 256 3 103284 2.070182954
319 299 3 6757 2.070191406
296 315 3 14050 2.070193680
238 312 3 8912600 2.070213980
257 280 3 4688604 2.070222346
240 309 3 17631 2.070223256
326 306 3 8435664 2.070223892
262 280 3 7242732 2.070229985
271 307 3 27914915 2.070232327
283 259 3 3077422 2.070242337
314 271 3 2667 2.070306564
290 321 3 187611 2.070311350
290 233 3 28296 2.070314621
321 241 3 5119168 2.070324369
256 321 3 4524397 2.070325570
260 298 3 47831 2.070333189
297 227 3 64787 2.070333784
312 282 3 61863 2.070335895
307 244 3 2023 2.070350507
284 307 3 75690 2.070374794
261 319 3 8919 2.070386881
229 303 3 26592 2.070399594
240 286 3 25220 2.070400393
290 252 3 20324 2.070405739
254 243 3 40288 2.070432875
301 229 3 4831502 2.070438148
259 242 3 4250 2.070445344
323 268 3 32918 2.070449710
301 324 3 29849 2.070470343
229 314 3 27926011 2.070492750
243 262 3 8623300 2.070511280
285 295 3 157507 2.070515023
238 316 3 12220 2.070519748
251 246 3 375559 2.070522702
272 234 3 8091535 2.070553073
251 235 3 9840224 2.070558737
235 273 3 25071 2.070563800
312 297 3 7385644 2.070569246
292 313 3 1601652 2.070630249
298 243 3 8726604 2.070632589
289 280 3 55895 2.070632750
252 295 3 47487 2.070639924
280 261 3 2261921 2.070651728
256 240 3 45942 2.070658690
310 263 3 190971 2.070670475
314 296 3 57934 2.070674851
309 229 3 3386915 2.070685461
322 241 3 5662692 2.070692196
316 291 3 9878 2.070698195
268 289 3 8556 2.070704004
245 313 3 9407 2.070711849
277 320 3 5037 2.070722962
264 270 3 27630 2.070740612
229 295 3 27799 2.070749790
263 267 3 3266455 2.070754571
256 287 3 5281 2.070757998
250 243 3 2344099 2.070759296
270 289 3 716808 2.070779384
260 289 3 8192 2.070779562
275 232 3 124808 2.070781980
264 310 3 1244204 2.070795621
275 298 3 856304 2.070801214
300 317 3 60239 2.070803711
282 231 3 616193 2.070806778
280 253 3 894209 2.070811007
239 310 3 6474257 2.070821451
306 312 3 66247 2.070855726
318 263 3 68800 2.070858740
294 279 3 63191 2.070868694
268 312 3 68496 2.070870319
309 240 3 3048299 2.070877196
309 255 3 6180973 2.070880851
281 261 3 705439 2.070891246
289 227 3 3613469 2.070893907
260 313 3 914 2.070896555
261 270 3 3834749 2.070906223
256 227 3 2251106 2.070906993
255 278 3 9944 2.070934037
233 274 3 44872 2.070934710
271 256 3 29465 2.070937471
262 325 3 599458 2.070949214
273 325 3 32080 2.070951280
308 234 3 570040 2.070951420
286 323 3 779136 2.070955093
269 324 3 44779 2.070955714
266 235 3 52214 2.070968742
234 300 3 2563 2.070971549
269 266 3 57000 2.070973516
288 252 3 594026 2.070990709
317 250 3 5003692 2.070994627
322 301 3 3674209 2.071013164
313 266 3 40513 2.071015605
316 261 3 28604 2.071029720
302 253 3 2853954 2.071056881
254 287 3 49603 2.071069360
323 244 3 6240 2.071071055
290 270 3 1023326 2.071071489
303 245 3 24365021 2.071075147
303 285 3 77423 2.071077628
262 302 3 48129 2.071087383
242 287 3 932 2.071096162
284 236 3 877173 2.071104973
266 235 3 36628 2.071105780
241 292 3 1118167 2.071105969
325 299 3 892953 2.071111009
279 231 3 496851 2.071123583
323 227 3 385594 2.071127543
324 260 3 694034 2.071128216
320 289 3 6701 2.071134964
286 307 3 4733867 2.071150452
287 240 3 69524 2.071151306
316 295 3 1995718 2.071156353
269 309 3 2657370 2.071161425
233 317 3 3435456 2.071172869
246 250 3 5985 2.071178867
234 315 3 1238484 2.071180163
275 230 3 9189140 2.071185487
236 316 3 3790764 2.071187436
275 308 3 16424 2.071207941
247 272 3 27282 2.071208891
247 318 3 34227 2.071222293
279 266 3 51599 2.071233966
294 247 3 58753 2.071235805
268 292 3 7348 2.071238343
227 255 3 7308364 2.071242368
324 277 3 38406 2.071243647
302 319 3 66569 2.071244016
232 258 3 337164 2.071273803
275 307 3 6266 2.071281840
277 290 3 23917 2.071285785
295 251 3 11442 2.071291339
307 241 3 27579 2.071292371
316 257 3 7931 2.071343004
261 301 3 1497700 2.071345468
291 325 3 156504 2.071347790
277 318 3 16510 2.071354912
273 315 3 601539 2.071371203
311 282 3 1841113 2.071372901
290 318 3 60360 2.071375184
268 254 3 55928 2.071379507
295 256 3 71367 2.071380054
285 253 3 43121 2.071382923
283 301 3 18601 2.071401872
233 273 3 548747 2.071403682
291 307 3 799458 2.071409022
288 247 3 620261 2.071409359
259 326 3 545579 2.071410921
310 256 3 38798 2.071417016
282 262 3 98945 2.071431421
294 248 3 3534175 2.071435113
278 228 3 26960 2.071443153
241 306 3 2989000 2.071443843
317 243 3 5883 2.071460365
262 323 3 8313870 2.071460593
236 323 3 29555 2.071461313
256 309 3 3437573 2.071466243
255 276 3 76365 2.071468578
325 283 3 29316 2.071469360
298 322 3 1970519 2.071478754
284 287 3 2145625 2.071498733
289 266 3 55175 2.071502249
317 297 3 15972 2.071520294
251 291 3 189703 2.071522650
278 242 3 3111 2.071532446
248 324 3 6930 2.071555849
280 232 3 676085 2.071568595
278 249 3 51624 2.071571502
233 258 3 491192 2.071586288
250 238 3 24291070 2.071595099
263 325 3 985555 2.071598217
256 300 3 22914879 2.071602167
314 230 3 48657 2.071628702
287 270 3 26902 2.071629562
300 321 3 70732 2.071677129
251 296 3 3959666 2.071678399
277 234 3 4159 2.071679628
251 292 3 63147 2.071688092
267 230 3 3404682 2.071694943
242 322 3 50474 2.071706708
258 318 3 40761 2.071716285
303 229 3 2430 2.071734433
271 254 3 22407 2.071741235
268 248 3 131874 2.071760192
309 295 3 157628 2.071762652
276 245 3 29677 2.071763629
274 229 3 28289256 2.071781421
252 298 3 18571103 2.071799493
276 263 3 8188 2.071801615
241 263 3 3041966 2.071815147
231 284 3 8764 2.071828319
248 276 3 72421 2.071833880
232 253 3 16535 2.071834080
300 244 3 3950351 2.071839932
314 266 3 1020398 2.071844601
234 307 3 21812 2.071856024
263 238 3 62901 2.071858645
309 289 3 1965 2.071882980
252 310 3 620 2.071888982
315 273 3 453025 2.071907169
288 228 3 1114734 2.071907735
232 318 3 1623392 2.071908235
273 256 3 1793836 2.071925322
251 309 3 3948333 2.071934040
301 239 3 16128 2.071945189
323 243 3 61033 2.071947470
305 307 3 786 2.071949905
233 298 3 1023740 2.071950676
256 282 3 52543 2.071955766
279 247 3 23732 2.071960730
258 323 3 33181 2.071965788
293 323 3 30638 2.071968168
262 325 3 73873 2.071977302
285 302 3 143023 2.071981198
262 234 3 8895 2.071983608
297 307 3 11488 2.071991221
321 286 3 21065751 2.071996129
258 239 3 2739904 2.071997651
250 237 3 1064469 2.072000107
229 273 3 46962 2.072007141
236 282 3 15406346 2.072016906
303 326 3 4907368 2.072030899
237 289 3 119328 2.072035590
309 250 3 187914 2.072052669
291 313 3 1959758 2.072083901
263 279 3 70036 2.072092717
265 285 3 873070 2.072099682
294 241 3 4755872 2.072101296
246 296 3 65204 2.072102745
306 313 3 2408678 2.072108072
244 260 3 22094 2.072123746
293 261 3 11301 2.072129859
275 294 3 1282 2.072176171
240 280 3 371760 2.072193701
251 290 3 7575265 2.072196537
279 229 3 20950 2.072208957
235 300 3 6650533 2.072230954
270 299 3 25676 2.072233936
278 229 3 2129 2.072241673
310 285 3 249650 2.072252644
243 320 3 1480162 2.072257210
229 305 3 8999469 2.072264753
321 263 3 52901 2.072266652
320 237 3 912527 2.072269957
258 267 3 61692 2.072272611
290 319 3 33812 2.072274032
248 296 3 8220 2.072280286
284 265 3 53380 2.072284023
317 233 3 6571330 2.072284432
306 270 3 2437049 2.072287437
283 252 3 26623 2.072288182
244 255 3 758 2.072294820
248 275 3 73541 2.072303192
274 310 3 2974244 2.072310601
314 253 3 5048 2.072331882
253 311 3 29925 2.072333243
287 274 3 2545994 2.072357928
286 246 3 3973 2.072386239
291 325 3 49889 2.072388540
301 309 3 36852 2.072390805
230 285 3 24514 2.072390850
279 242 3 8079174 2.072392671
288 254 3 883814 2.072395311
227 256 3 64760 2.072396298
227 306 3 79477 2.072397323
256 278 3 1590086 2.072403119
227 259 3 1194031 2.072407912
308 280 3 459150 2.072426775
311 232 3 2474035 2.072430256
318 261 3 31734 2.072439271
311 229 3 1401379 2.072451790
279 240 3 1887511 2.072466736
284 312 3 32269 2.072475993
255 320 3 467932 2.072477727
243 321 3 6612535 2.072487746
302 308 3 14202 2.072490569
261 235 3 1585331 2.072493747
229 256 3 3541243 2.072496027
293 323 3 27524 2.072497158
283 326 3 415706 2.072506463
305 243 3 4917756 2.072519762
230 277 3 87144 2.072521959
241 310 3 1549275 2.072523045
273 291 3 6632015 2.072524782
284 310 3 1160129 2.072527035
246 306 3 494991 2.072531367
306 247 3 73005 2.072533761
287 265 3 38499 2.072543169
301 238 3 29074 2.072544123
287 272 3 1339415 2.072547403
280 324 3 36315 2.072567655
313 277 3 43838 2.072570962
290 314 3 815056 2.072572560
300 239 3 49473 2.072572623
261 274 3 2244 2.072577043
293 269 3 3184991 2.072590691
313 284 3 16848 2.072592412
326 304 3 166566 2.072600884
294 316 3 25382 2.072603171
273 326 3 75554 2.072626758
312 241 3 1198659 2.072634248
313 279 3 22186 2.072640693
247 241 3 1443301 2.072640860
235 297 3 1471720 2.072645356
295 247 3 2458671 2.072666132
228 247 3 3511225 2.072672026
235 273 3 1138 2.072679861
243 305 3 258529 2.072683541
275 235 3 2189 2.072685773
325 285 3 45702 2.072687044
245 280 3 399249 2.072700209
317 248 3 454579 2.072703128
297 322 3 1117679 2.072705253
298 325 3 7252 2.072709169
306 320 3 4806 2.072711760
311 227 3 62165 2.072716955
297 310 3 9976 2.072724335
315 248 3 820875 2.072733970
243 252 3 59567 2.072743174
236 260 3 79918 2.072750521
265 282 3 41948 2.072758132
288 312 3 1562236 2.072771644
230 310 3 728941 2.072804129
252 306 3 2464999 2.072834234
325 265 3 45501 2.072839953
299 235 3 158656 2.072850279
237 274 3 2569766 2.072851446
277 299 3 4656188 2.072853763
260 314 3 39342 2.072866011
253 237 3 42694 2.072869183
321 227 3 37423 2.072878486
284 250 3 29577 2.072887809
269 244 3 1019155 2.072894592
242 319 3 157182 2.072899834
326 241 3 1657 2.072903174
233 252 3 62572 2.072905715
314 302 3 118369 2.072909511
250 232 3 946495 2.072913583
250 323 3 1954526 2.072913747
261 244 3 1444919 2.072922682
275 252 3 6093 2.072928990
277 237 3 812202 2.072936651
246 300 3 23981 2.072937569
280 261 3 2567147 2.072970646
284 297 3 1324073 2.072995497
309 267 3 744 2.073009725
292 251 3 23697 2.073014954
284 300 3 2743 2.073018061
298 280 3 860588 2.073028049
271 245 3 30057 2.073042437
316 240 3 47995 2.073045973
237 249 3 7068499 2.073046335
261 297 3 923762 2.073052844
260 288 3 79269 2.073060135
242 269 3 45446 2.073093358
267 326 3 29356860 2.073099816
232 308 3 1136366 2.073100182
305 238 3 4548017 2.073112640
286 257 3 53474 2.073115322
268 236 3 901808 2.073150879
253 244 3 152031 2.073157878
227 294 3 4528486 2.073158495
289 310 3 11395 2.073173388
306 236 3 72404 2.073193111
263 267 3 24972 2.073198867
286 323 3 21106 2.073206680
323 297 3 1957243 2.073218995
265 270 3 154276 2.073235130
314 238 3 8636235 2.073241752
318 262 3 28543 2.073248718
305 247 3 22785 2.073252362
273 324 3 48543 2.073253502
285 242 3 185774 2.073283263
286 323 3 2346073 2.073297720
298 275 3 8771 2.073310799
288 260 3 707696 2.073323859
239 323 3 21769580 2.073332064
311 296 3 57805 2.073338528
292 280 3 1301419 2.073340348
260 316 3 15856 2.073356227
276 294 3 133608 2.073360044
280 234 3 1310 2.073370546
282 256 3 68002 2.073374488
233 294 3 43381 2.073384885
240 307 3 9351 2.073397024
264 277 3 40370 2.073408054
317 246 3 9032025 2.073419603
293 268 3 2883 2.073431529
304 283 3 26119 2.073449409
264 321 3 6256440 2.073450029
307 263 3 27280 2.073457026
309 246 3 883514 2.073463481
251 304 3 34047 2.073468490
286 310 3 2928167 2.073483604
249 303 3 63163 2.073483623
296 283 3 4691 2.073494675
246 295 3 28926783 2.073495806
319 262 3 407952 2.073500655
271 313 3 1301284 2.073511682
247 270 3 3354 2.073513322
291 275 3 38317 2.073517845
231 272 3 145919 2.073521280
318 263 3 29690 2.073530736
252 313 3 144445 2.073544786
276 309 3 1773928 2.073559904
323 263 3 4520824 2.073559925
283 256 3 31981 2.073567375
266 289 3 1857418 2.073584151
323 230 3 75550 2.073589674
287 283 3 1499953 2.073593312
267 260 3 40650 2.073601805
325 228 3 42864 2.073616335
263 236 3 669747 2.073617417
253 273 3 1400045 2.073623948
230 308 3 69861 2.073637142
293 245 3 1546 2.073646146
297 232 3 55400 2.073656991
286 241 3 133001 2.073678996
293 257 3 23025 2.073684385
258 234 3 68062 2.073691753
306 283 3 8075 2.073695092
229 273 3 24453 2.073699015
273 313 3 74335 2.073704023
286 300 3 2979 2.073706363
294 231 3 16987 2.073722508
236 282 3 60313 2.073754372
242 269 3 1429 2.073757664
239 258 3 4411 2.073760762
309 269 3 141024 2.073782040
324 284 3 4313 2.073788791
282 317 3 403891 2.073790471
251 312 3 67335 2.073800900
307 273 3 67045 2.073808002
298 324 3 17670 2.073810286
236 253 3 7894 2.073818067
236 258 3 7801 2.073827897
267 232 3 3441462 2.073854590
240 275 3 1016984 2.073892094
245 288 3 42658 2.073893642
313 272 3 48006 2.073893761
279 290 3 3696724 2.073908385
279 308 3 52405 2.073911325
251 270 3 8537356 2.073911767
247 295 3 775806 2.073914309
245 282 3 32841 2.073921599
314 289 3 181 2.073940015
275 239 3 73676 2.073945827
315 299 3 138712 2.073951379
234 305 3 441144 2.073954493
326 285 3 4040139 2.073955783
320 227 3 77984 2.073958876
266 231 3 4695 2.073981272
257 301 3 4631 2.073985941
230 308 3 5706 2.073989482
266 315 3 57183 2.073996038
295 277 3 1715667 2.074001325
301 262 3 28738 2.074007990
260 310 3 6271 2.074008289
271 244 3 43613 2.074012379
303 262 3 3076 2.074038265
271 304 3 1051 2.074039244
262 299 3 74290 2.074039245
253 287 3 4619 2.074043512
275 306 3 2590 2.074046109
238 276 3 1544 2.074070016
248 235 3 55106 2.074077326
246 259 3 6018260 2.074078140
282 227 3 75900 2.074086900
309 261 3 28534137 2.074093207
249 312 3 8305264 2.074100064
259 280 3 23255 2.074123445
283 265 3 6925847 2.074143313
325 248 3 3564158 2.074145398
304 308 3 1351160 2.074178606
317 252 3 4590805 2.074181361
249 241 3 64095 2.074202542
230 262 3 2840160 2.074205139
274 253 3 157148 2.074206767
237 325 3 76629 2.074221158
263 295 3 4704812 2.074225647
238 318 3 18376 2.074226129
320 270 3 9694 2.074231876
278 299 3 1535127 2.074235612
293 323 3 44354 2.074248818
279 266 3 7217 2.074249408
290 251 3 31122 2.074260624
302 259 3 25350 2.074268102
326 299 3 2238201 2.074272230
284 238 3 9368 2.074273349
324 284 3 617355 2.074282036
255 276 3 76577 2.074283861
288 277 3 98633 2.074288416
298 271 3 171946 2.074306349
309 250 3 1369128 2.074306741
231 297 3 51301 2.074324674
240 269 3 135362 2.074326919
227 272 3 17283163 2.074327963
242 320 3 37831 2.074351120
304 235 3 22879 2.074363134
267 247 3 3200131 2.074363854
254 270 3 136362 2.074367685
233 256 3 50215 2.074371027
233 268 3 31278 2.074372794
251 313 3 3488 2.074382996
296 231 3 60793 2.074387715
243 308 3 72748 2.074394359
231 271 3 62366 2.074402339
281 243 3 808583 2.074407455
233 275 3 68010 2.074413511
322 250 3 6218 2.074421520
285 253 3 15667 2.074443541
245 274 3 48006 2.074457459
319 234 3 22310 2.074459477
266 234 3 71531 2.074463616
259 296 3 76605 2.074463717
279 315 3 725704 2.074465953
252 229 3 615531 2.074467824
227 319 3 176972 2.074477308
253 314 3 21569 2.074481190
263 286 3 3780 2.074488185
317 268 3 1628117 2.074490808
229 283 3 741 2.074492114
246 253 3 9592 2.074498777
240 262 3 6507432 2.074499666
270 300 3 9398868 2.074500841
314 238 3 79297 2.074515087
240 321 3 5746698 2.074515475
276 263 3 484941 2.074519384
269 311 3 4883 2.074521028
305 255 3 183176 2.074521233
303 284 3 3147 2.074523473
325 259 3 106080 2.074529159
293 324 3 26625 2.074529369
264 318 3 1786691 2.074531660
304 227 3 5306 2.074537393
321 298 3 47169 2.074540087
261 296 3 3203717 2.074544870
293 252 3 716 2.074557188
267 305 3 52541 2.074560885
268 316 3 57766 2.074561319
252 324 3 4376067 2.074565046
257 242 3 53406 2.074575046
258 318 3 414784 2.074578628
286 307 3 65596 2.074584673
288 236 3 163105 2.074601023
266 317 3 1443660 2.074601880
277 244 3 3845466 2.074603684
277 294 3 51207 2.074606494
307 285 3 39557 2.074615928
297 236 3 1084 2.074616798
259 236 3 892677 2.074617857
308 268 3 35140 2.074629903
232 250 3 102495 2.074630919
311 238 3 2259 2.074639488
313 261 3 4479 2.074659900
298 283 3 52620 2.074668318
240 295 3 51211 2.074669244
243 302 3 53084 2.074670346
248 233 3 598585 2.074682629
233 277 3 1613793 2.074713160
324 287 3 7041 2.074718230
322 235 3 46504 2.074723412
296 325 3 109638 2.074734804
319 274 3 180075 2.074745814
269 260 3 3601537 2.074757083
229 262 3 131876 2.074769111
258 232 3 25241 2.074784266
263 241 3 1857291 2.074795910
290 311 3 3770 2.074806834
287 317 3 5006 2.074810340
301 260 3 6554397 2.074817814
295 276 3 69276 2.074819438
310 270 3 38217 2.074827847
227 249 3 174168 2.074834970
265 323 3 25790 2.074840664
261 313 3 48919 2.074856223
231 310 3 42405 2.074872275
305 278 3 22293 2.074878561
289 317 3 5139065 2.074890719
256 303 3 22529 2.074893145
270 309 3 1653939 2.074903559
243 293 3 3603101 2.074907936
319 263 3 22276 2.074908504
281 320 3 178950 2.074911237
242 275 3 3052301 2.074915964
285 237 3 23735 2.074942631
276 229 3 18088 2.074959914
306 283 3 7416 2.074967221
265 297 3 149810 2.074967324
249 322 3 3060938 2.075003094
323 297 3 8338033 2.075037041
286 241 3 22432 2.075039031
302 284 3 9704 2.075039066
302 266 3 793121 2.075056592
306 271 3 238310 2.075075666
244 297 3 76801 2.075077164
234 311 3 365075 2.075101599
308 301 3 1940041 2.075121954
313 256 3 8533776 2.075123880
303 240 3 9546556 2.075141860
247 309 3 63346 2.075147402
277 288 3 35035 2.075155171
259 303 3 431886 2.075157018
304 262 3 53339 2.075161112
323 256 3 45867 2.075162520
244 248 3 6592 2.075181380
254 285 3 59727 2.075208264
259 229 3 56180 2.075210441
284 302 3 22630 2.075224769
262 237 3 1009494 2.075231670
236 289 3 18920 2.075241043
315 296 3 325604 2.075252627
252 241 3 20223 2.075259018
305 246 3 1327913 2.075259894
271 302 3 39842 2.075277524
244 266 3 51880 2.075277633
309 253 3 30141 2.075285356
281 323 3 75874 2.075293394
325 247 3 2034329 2.075297121
257 299 3 72348 2.075301320
306 254 3 36043 2.075306124
285 231 3 3459 2.075310176
233 323 3 393839 2.075326300
320 231 3 4006 2.075348300
258 298 3 9703 2.075363893
282 253 3 49821 2.075375655
277 262 3 73285 2.075377369
269 256 3 69173 2.075382962
251 286 3 1390429 2.075385352
230 247 3 583 2.075407265
293 265 3 3990415 2.075409721
288 233 3 2193 2.075410807
277 288 3 9995816 2.075416019
310 243 3 2737 2.075426663
277 260 3 7875 2.075427415
244 320 3 33953 2.075431800
294 262 3 4194 2.075434125
294 274 3 12747 2.075435333
227 261 3 143339 2.075436850
295 267 3 4172456 2.075444163
316 303 3 1044111 2.075447594
275 260 3 68392 2.075454156
232 275 3 4488834 2.075454213
233 280 3 9651355 2.075454954
245 317 3 26070903 2.075461801
299 258 3 4470934 2.075462956
284 292 3 69090 2.075476333
326 273 3 8851 2.075492685
252 298 3 4841409 2.075494145
246 269 3 56134 2.075495501
291 267 3 1391794 2.075501539
255 246 3 3953929 2.075507038
260 286 3 3379 2.075515209
253 326 3 1464377 2.075532067
285 242 3 386054 2.075551512
229 309 3 3403 2.075568073
300 324 3 673470 2.075571549
280 317 3 1943712 2.075585294
262 313 3 6773 2.075603048
243 276 3 1933569 2.075619564
298 253 3 2179635 2.075629752
287 281 3 60701 2.075635762
281 321 3 7971356 2.075641317
307 273 3 1967084 2.075652526
242 326 3 6260 2.075654992
295 313 3 3691 2.075669422
269 233 3 39480 2.075674143
258 275 3 24443 2.075675208
279 307 3 218161 2.075677364
319 290 3 5867 2.075685210
231 285 3 8048598 2.075686371
257 237 3 58998 2.075688984
238 289 3 3116541 2.075689907
270 300 3 5846072 2.075706313
276 292 3 4264823 2.075719256
228 282 3 5176637 2.075719495
272 314 3 64026 2.075719664
269 255 3 4411 2.075720247
278 264 3 6034 2.075736130
287 283 3 4798089 2.075738403
251 317 3 12603 2.075740465
299 284 3 668272 2.075755820
237 266 3 24752 2.075757799
306 275 3 54876 2.075761414
316 295 3 24651326 2.075762845
276 316 3 7205 2.075768671
230 318 3 5197651 2.075778445
297 233 3 69514 2.075781434
258 286 3 267636 2.075782289
281 307 3 5626 2.075800870
228 263 3 16482108 2.075813661
317 254 3 79996 2.075821066
308 303 3 47938 2.075823891
308 236 3 79677 2.075834066
292 313 3 5178 2.075838064
307 248 3 56941 2.075869300
316 245 3 6782328 2.075874226
235 320 3 497265 2.075885636
323 239 3 32216 2.075889530
260 303 3 64148 2.075894132
259 310 3 634518 2.075895239
246 252 3 7355 2.075901751
259 326 3 150966 2.075929367
286 227 3 82792 2.075932022
266 319 3 4268 2.075932139
229 286 3 77565 2.075936947
269 228 3 34944 2.075959989
320 290 3 2865 2.075964914
239 264 3 1576389 2.075969713
302 325 3 41597 2.075975029
272 240 3 6339229 2.075975093
284 254 3 72477 2.075979965
238 324 3 30639 2.075987824
301 316 3 75715 2.075994016
297 284 3 381948 2.076013041
243 259 3 129091 2.076024505
325 253 3 4995 2.076025372
304 322 3 22966 2.076044630
312 289 3 29279484 2.076048362
230 303 3 613966 2.076056410
299 262 3 8207 2.076061733
283 258 3 448069 2.076066425
284 303 3 489 2.076067472
319 268 3 27515609 2.076072055
300 265 3 431038 2.076081621
313 248 3 25527186 2.076109632
249 311 3 2868 2.076109717
259 233 3 72431 2.076142677
291 284 3 20293 2.076149870
227 308 3 7712 2.076157950
326 249 3 1154863 2.076182877
323 284 3 46214 2.076215707
243 315 3 46091 2.076215860
263 288 3 1811 2.076218116
260 288 3 2022020 2.076224844
295 280 3 26259 2.076231425
275 294 3 2755661 2.076234377
309 268 3 42021 2.076241076
261 236 3 57147 2.076242542
230 326 3 14427 2.076264505
261 243 3 605856 2.076268579
247 279 3 35566 2.076279113
245 321 3 77856 2.076293823
278 296 3 46768 2.076308563
289 285 3 17156 2.076315023
306 266 3 4400667 2.076328450
271 319 3 12776753 2.076329232
254 246 3 4292 2.076334596
234 302 3 1801161 2.076339233
266 305 3 1212385 2.076339816
319 229 3 53497 2.076346481
299 278 3 71615 2.076347898
263 292 3 7052772 2.076366391
241 317 3 40904 2.076375635
247 302 3 68096 2.076377963
321 288 3 67501 2.076390668
281 316 3 1184694 2.076390731
316 281 3 12244 2.076407392
304 238 3 9030161 2.076408118
273 291 3 8546 2.076409865
297 233 3 3866 2.076413806
274 311 3 95672 2.076423810
237 322 3 27663 2.076432527
294 230 3 1754844 2.076437020
249 242 3 72155 2.076481764
254 286 3 24962 2.076483329
239 318 3 71011 2.076485779
252 303 3 2126 2.076497490
277 227 3 121036 2.076502655
239 298 3 39371 2.076526860
280 290 3 145837 2.076573041
305 254 3 1366085 2.076576640
267 318 3 2321430 2.076589733
269 250 3 4485582 2.076591485
265 319 3 1923175 2.076592213
233 267 3 35994 2.076592912
295 308 3 6440 2.076594168
231 278 3 48857 2.076600093
326 275 3 2697107 2.076607521
251 290 3 65258 2.076626636
319 305 3 5478 2.076643697
259 287 3 77481 2.076652567
257 278 3 40741 2.076666190
228 249 3 1474569 2.076676580
273 242 3 14854 2.076681915
314 298 3 309100 2.076693487
290 251 3 3313 2.076694518
245 268 3 24306 2.076701480
298 255 3 20879 2.076701866
285 292 3 6882252 2.076702591
281 309 3 26865 2.076713335
274 323 3 6076 2.076736099
247 241 3 22431636 2.076757551
313 296 3 667 2.076773157
239 313 3 3005519 2.076776972
241 291 3 4504 2.076780309
267 324 3 138515 2.076796512
292 233 3 904006 2.076797595
251 320 3 52086 2.076819857
290 227 3 308107 2.076832469
280 230 3 45133 2.076843951
299 242 3 8943967 2.076850121
243 289 3 3845036 2.076858961
299 307 3 3851 2.076871181
246 278 3 1464175 2.076877185
240 267 3 29367 2.076881832
324 249 3 2875159 2.076882217
234 278 3 57507 2.076887334
231 317 3 3078 2.076888473
252 245 3 2816652 2.076909848
308 250 3 2771 2.076935745
283 265 3 11802 2.076946366
243 288 3 34995 2.076959644
242 267 3 1609537 2.076962112
317 268 3 11518 2.076964980
279 311 3 1081 2.076968847
253 243 3 2667 2.076975180
245 266 3 29520 2.076980626
246 309 3 23842 2.076980888
228 308 3 5829147 2.077005394
240 254 3 2122770 2.077039964
287 231 3 24807 2.077043720
243 251 3 25721 2.077051823
239 313 3 7653 2.077074959
311 232 3 5851683 2.077076088
250 234 3 51594 2.077079824
300 258 3 8341740 2.077085129
250 314 3 1362181 2.077095968
230 253 3 61642 2.077099628
265 235 3 8708 2.077104257
296 231 3 78083 2.077114027
236 306 3 7402144 2.077119592
236 316 3 1711346 2.077119742
290 259 3 37423 2.077128291
280 246 3 9516987 2.077133227
268 321 3 42848 2.077137970
307 295 3 51608 2.077138473
301 307 3 9803 2.077142809
260 241 3 14754 2.077146016
258 290 3 4083935 2.077151834
288 249 3 39276 2.077152789
281 255 3 212022 2.077169281
315 241 3 6651552 2.077176948
231 291 3 2295 2.077189741
250 290 3 3879 2.077194942
263 276 3 10705 2.077206038
288 254 3 692259 2.077220339
229 267 3 884643 2.077220618
311 270 3 188252 2.077222685
307 241 3 68630 2.077231444
252 241 3 43627 2.077236067
258 246 3 47701 2.077236075
244 267 3 888157 2.077246404
264 238 3 63805 2.077255425
318 284 3 14660 2.077274928
251 289 3 175621 2.077279950
234 282 3 8519 2.077283084
316 248 3 56428 2.077297311
321 281 3 4228331 2.077317348
316 286 3 1871818 2.077331020
238 293 3 42759 2.077334507
260 238 3 4976268 2.077348072
288 248 3 3457335 2.077349243
281 317 3 785332 2.077350753
307 259 3 87821 2.077352933
305 262 3 65747 2.077380230
299 321 3 76256 2.077380607
228 290 3 22973 2.077381010
305 243 3 46639 2.077384267
278 265 3 7641013 2.077396286
306 314 3 44123 2.077405223
287 237 3 44958 2.077414513
264 234 3 32326 2.077426249
289 276 3 1762765 2.077438067
285 321 3 104101 2.077442096
243 315 3 1181 2.077442829
308 247 3 1130249 2.077452217
238 305 3 875533 2.077461695
306 309 3 3047096 2.077466583
237 283 3 33096 2.077478004
265 282 3 6359291 2.077489879
307 233 3 488827 2.077502068
237 259 3 28971 2.077507113
248 302 3 61467 2.077512531
291 323 3 6264 2.077525262
314 244 3 3069 2.077525355
245 297 3 1537916 2.077535368
293 274 3 649886 2.077548832
272 245 3 993757 2.077570620
302 310 3 3593549 2.077573728
250 319 3 1157222 2.077576864
228 287 3 21561 2.077600221
241 288 3 5776 2.077600533
297 273 3 2362027 2.077621792
267 304 3 17250 2.077625892
324 258 3 2596 2.077650785
281 307 3 26592 2.077655748
323 296 3 32266 2.077677240
256 296 3 23752 2.077686181
237 312 3 21285122 2.077687329
280 251 3 47529 2.077689203
247 241 3 201014 2.077691315
323 295 3 48237 2.077698885
247 270 3 3912810 2.077711591
267 304 3 656500 2.077713332
236 250 3 7196 2.077723246
310 238 3 609014 2.077727049
283 246 3 19170 2.077730538
311 251 3 123346 2.077741699
325 241 3 78572 2.077745337
250 289 3 1399560 2.077757341
279 261 3 24461067 2.077768290
234 284 3 9700 2.077782449
277 227 3 2550 2.077782984
320 232 3 160582 2.077784602
285 317 3 970180 2.077793920
288 259 3 12817110 2.077796939
295 311 3 14868 2.077808697
325 248 3 4796878 2.077811486
269 287 3 44193 2.077813788
310 238 3 1569607 2.077829351
228 322 3 73285 2.077832150
296 326 3 707 2.077832897
272 313 3 4385 2.077839562
247 321 3 42754 2.077849766
237 255 3 48525 2.077863298
311 268 3 4628 2.077873917
236 281 3 63899 2.077875349
323 281 3 65750 2.077892058
271 235 3 9786 2.077894715
281 323 3 3354 2.077912754
265 312 3 58413 2.077938321
250 313 3 11382 2.077940154
263 289 3 8186 2.077942787
281 265 3 8480425 2.077952672
280 289 3 196505 2.077963301
266 292 3 9100 2.077971875
324 260 3 21574 2.077979314
232 318 3 109815 2.077979315
294 326 3 5862966 2.078010360
294 273 3 22926 2.078016689
264 311 3 525968 2.078024457
250 277 3 3308 2.078037055
229 260 3 160134 2.078038803
318 241 3 26260 2.078039381
325 306 3 7074 2.078047167
231 251 3 43858 2.078048932
259 245 3 1381669 2.078049631
278 227 3 3562 2.078052686
301 284 3 1986193 2.078068088
252 244 3 2470689 2.078074831
281 290 3 465728 2.078096501
273 230 3 2862819 2.078117692
234 273 3 1747435 2.078129845
253 293 3 4719643 2.078137495
228 317 3 528138 2.078141505
256 306 3 28618 2.078144230
282 307 3 381911 2.078146190
325 285 3 2178518 2.078150155
250 314 3 67204 2.078166785
267 238 3 3304 2.078223762
285 235 3 29484 2.078224846
294 227 3 6547 2.078229752
293 313 3 4866103 2.078236977
268 260 3 274186 2.078241776
253 277 3 5847 2.078245037
282 298 3 52309 2.078251590
270 236 3 1111133 2.078259920
302 245 3 494724 2.078261288
288 257 3 79693 2.078263084
281 266 3 5469162 2.078282776
310 261 3 24696 2.078290862
325 240 3 506929 2.078293311
278 241 3 83635 2.078296828
279 231 3 24503 2.078300207
257 326 3 4654143 2.078307082
260 229 3 3465 2.078323320
234 309 3 9291 2.078326377
279 304 3 9700849 2.078327663
311 269 3 9060960 2.078334152
311 260 3 45487 2.078362349
258 300 3 8970042 2.078366369
242 300 3 25012 2.078375397
277 247 3 37836 2.078384950
291 322 3 4198247 2.078418503
279 289 3 7979 2.078421381
306 281 3 5278 2.078430196
249 270 3 9771 2.078439122
279 233 3 52713 2.078445455
290 321 3 35811 2.078456225
258 271 3 3277 2.078463153
240 325 3 11392 2.078467131
279 325 3 4990 2.078478367
305 232 3 1526924 2.078511400
324 244 3 3627185 2.078517975
227 273 3 192650 2.078552926
269 288 3 1002367 2.078556388
271 234 3 24867 2.078561067
279 227 3 1297394 2.078562060
299 323 3 653126 2.078575569
310 302 3 4254177 2.078577463
246 266 3 29266 2.078577909
261 270 3 177552 2.078590182
247 288 3 10517 2.078604286
230 265 3 53672 2.078622327
243 325 3 2166510 2.078630725
242 300 3 133966 2.078632602
296 249 3 124804 2.078633396
238 289 3 36792 2.078634756
251 299 3 45611 2.078643323
314 286 3 9211890 2.078649518
284 313 3 28884 2.078649584
298 263 3 4792 2.078663326
262 278 3 7774253 2.078674460
311 280 3 94773 2.078700955
247 235 3 1834646 2.078703020
313 297 3 15946 2.078706395
268 256 3 67263 2.078711113
264 287 3 2813012 2.078717213
314 286 3 64044 2.078722582
258 320 3 4856480 2.078746729
243 259 3 198313 2.078757177
299 248 3 5763927 2.078759019
239 290 3 22673 2.078759617
316 248 3 4384 2.078759949
312 290 3 49655 2.078766646
288 227 3 22117 2.078767300
313 231 3 25975 2.078798411
266 232 3 422963 2.078805442
284 237 3 2417 2.078816684
318 258 3 4530741 2.078820269
313 270 3 24998 2.078824544
269 294 3 61072 2.078849706
238 320 3 2379 2.078850953
295 252 3 69507 2.078862409
238 323 3 4957983 2.078899122
256 267 3 38519 2.078904358
320 246 3 4498 2.078905850
273 236 3 3278225 2.078909716
291 318 3 92083 2.078910136
244 285 3 6824 2.078911716
254 293 3 7564 2.078932905
319 293 3 46521 2.078932959
233 313 3 486834 2.078943056
256 288 3 2679054 2.078946789
269 240 3 47886 2.078959907
258 231 3 78304 2.078969857
250 279 3 2275550 2.078975122
307 290 3 22551 2.078979421
304 244 3 1353874 2.078979767
277 321 3 3948736 2.078985051
257 279 3 5845743 2.078995454
320 265 3 9215568 2.078995830
295 265 3 59463 2.079006839
268 235 3 1289878 2.079015058
253 275 3 50133 2.079020588
318 231 3 7267 2.079024779
277 300 3 6140 2.079042075
255 270 3 1876553 2.079065415
284 310 3 15093980 2.079072289
245 279 3 3471 2.079073329
242 272 3 8383 2.079088296
288 259 3 996353 2.079089944
282 258 3 184690 2.079092360
240 289 3 76874 2.079110936
228 270 3 5412384 2.079116698
315 264 3 9423161 2.079140205
298 267 3 5007 2.079148262
283 265 3 185055 2.079152131
268 230 3 37686 2.079156060
236 326 3 48406 2.079157571
291 239 3 64869 2.079158017
326 229 3 14543914 2.079159845
250 303 3 73777 2.079181551
289 276 3 36425 2.079186093
289 233 3 749971 2.079200279
258 319 3 5089655 2.079201176
234 318 3 77706 2.079201577
317 239 3 1377 2.079210888
275 295 3 2000131 2.079231942
265 302 3 4130835 2.079234043
308 228 3 63421 2.079251955
296 280 3 637038 2.079253020
238 319 3 32123 2.079253355
280 255 3 11743 2.079258348
326 255 3 64717 2.079261463
320 236 3 5784 2.079263345
289 238 3 11658 2.079267964
238 259 3 1248487 2.079273807
252 234 3 2803137 2.079276761
261 267 3 291960 2.079276938
293 285 3 6060 2.079292071
297 233 3 22728 2.079297406
290 307 3 39623 2.079300064
259 297 3 1581406 2.079311875
315 234 3 6921980 2.079312618
306 313 3 3598889 2.079326421
250 239 3 1452357 2.079332614
319 283 3 13534 2.079335136
244 252 3 167372 2.079357140
237 322 3 76358 2.079367456
241 253 3 3764787 2.079374175
242 312 3 7390946 2.079390211
287 314 3 65430 2.079396569
256 305 3 4215 2.079398414
248 324 3 6484 2.079420238
253 239 3 4290 2.079420333
280 323 3 3058360 2.079420421
232 270 3 36676 2.079423359
317 287 3 24169 2.079428327
275 256 3 940061 2.079431255
316 283 3 781 2.079440527
278 322 3 866071 2.079451162
236 297 3 1651491 2.079489589
296 230 3 562569 2.079500159
286 235 3 7490940 2.079505499
269 309 3 3947335 2.079511700
252 308 3 73161 2.079514113
313 299 3 266 2.079519549
288 236 3 15408 2.079520130
274 294 3 27287 2.079521656
260 243 3 47467 2.079522267
265 274 3 598400 2.079527724
252 308 3 91300 2.079531950
287 260 3 27861 2.079540556
277 303 3 3548656 2.079543326
317 284 3 5781 2.079551795
310 237 3 41709 2.079563828
324 245 3 123994 2.079577400
246 309 3 8159 2.079588205
259 274 3 2189024 2.079592134
325 228 3 8577859 2.079596540
291 286 3 2456 2.079609813
232 270 3 10758 2.079613162
248 302 3 29722 2.079626394
273 243 3 889389 2.079629259
242 267 3 31960 2.079646657
315 257 3 9991 2.079659588
275 299 3 2187 2.079667856
231 310 3 54960 2.079690167
271 318 3 109272 2.079696971
297 243 3 2377727 2.079698259
251 290 3 736268 2.079717536
245 290 3 164650 2.079729418
248 315 3 191566 2.079740369
321 296 3 92156 2.079755084
229 248 3 74357 2.079763543
264 239 3 126359 2.079768355
295 278 3 42298 2.079769434
326 283 3 37656 2.079771145
258 268 3 4960 2.079779344
292 325 3 71567 2.079784081
286 233 3 3719075 2.079786583
287 286 3 1629066 2.079796908
267 290 3 1597175 2.079799993
309 261 3 7573977 2.079806923
270 265 3 78914 2.079822246
258 284 3 4269410 2.079825465
293 321 3 433630 2.079834690
259 315 3 26500 2.079839192
288 232 3 278351 2.079852659
296 237 3 97088 2.079861511
276 305 3 43403 2.079871407
248 229 3 770190 2.079892871
268 288 3 1042026 2.079895590
259 309 3 1676768 2.079905529
240 325 3 30316 2.079909801
295 310 3 2820611 2.079910184
277 304 3 23698 2.079913774
272 238 3 38344 2.079916892
276 232 3 61462 2.079926959
256 323 3 26804 2.079932267
301 271 3 79417 2.079938326
258 319 3 1366 2.079958819
281 254 3 56424 2.079960720
298 274 3 907955 2.079976586
259 321 3 811505 2.079977053
292 321 3 55321 2.079980382
303 260 3 14781 2.079991679
307 229 3 9893879 2.080002410
239 272 3 1399862 2.080019681
312 237 3 3156531 2.080041955
315 306 3 51959 2.080044320
295 267 3 598072 2.080061083
284 231 3 19327 2.080064925
290 237 3 29930 2.080079289
260 314 3 6292 2.080099417
261 235 3 4828 2.080101594
317 275 3 179141 2.080105285
317 246 3 2482 2.080109108
236 256 3 70850 2.080132465
239 264 3 27121 2.080141713
266 289 3 11774729 2.080155094
320 268 3 75772 2.080155699
264 270 3 25136846 2.080175288
249 238 3 304121 2.080180215
231 315 3 38474 2.080194173
248 314 3 253000 2.080194173
307 227 3 3715986 2.080210533
231 282 3 1628870 2.080215172
228 273 3 717104 2.080220599
274 266 3 3253 2.080221781
279 264 3 50893 2.080230656
247 228 3 4646 2.080235761
305 277 3 15002 2.080239659
249 230 3 931746 2.080246314
285 292 3 3876919 2.080251852
298 265 3 13094 2.080257163
252 305 3 1637612 2.080275650
323 290 3 7330392 2.080279065
252 291 3 667641 2.080280813
308 304 3 24114 2.080285598
239 269 3 62470 2.080288762
325 269 3 3317 2.080292491
286 254 3 26577417 2.080315908
234 291 3 74353 2.080317885
301 307 3 174068 2.080318153
305 266 3 62702 2.080327638
314 297 3 849785 2.080340798
283 318 3 826279 2.080341152
302 239 3 67001 2.080353031
227 279 3 3600480 2.080373595
238 316 3 25873 2.080396378
302 259 3 42214 2.080403403
318 285 3 28783 2.080404393
291 275 3 36593 2.080405843
248 305 3 982737 2.080406458
289 309 3 14851 2.080417203
279 264 3 540 2.080418231
303 245 3 5883434 2.080439968
276 288 3 24187 2.080446866
310 238 3 14108 2.080450498
227 250 3 24852 2.080458344
236 259 3 16902 2.080468076
239 306 3 6121 2.080469230
256 289 3 370914 2.080469423
278 304 3 133034 2.080477101
241 289 3 3277778 2.080508958
233 265 3 14790 2.080541186
279 325 3 30362 2.080563821
302 267 3 2119818 2.080568009
271 229 3 389822 2.080577482
305 232 3 21389 2.080600957
227 256 3 9662 2.080601334
239 294 3 72619 2.080602219
245 298 3 199965 2.080616022
322 239 3 9582229 2.080619361
314 239 3 128456 2.080627960
230 268 3 7937 2.080635757
270 241 3 115403 2.080637800
250 292 3 6979732 2.080638526
253 230 3 20034 2.080657828
277 250 3 4060435 2.080671272
312 231 3 14296 2.080687649
248 242 3 499575 2.080688077
235 297 3 1615756 2.080701143
287 252 3 3963 2.080714727
290 231 3 2996385 2.080732508
321 273 3 74301 2.080740322
250 295 3 9456857 2.080754174
227 287 3 24480855 2.080757224
318 294 3 4694 2.080760920
247 282 3 2898 2.080762917
285 307 3 2810527 2.080765531
316 231 3 14222 2.080766650
275 287 3 9939 2.080773842
238 317 3 79301 2.080777203
271 246 3 17644 2.080794141
282 264 3 68897 2.080794996
233 308 3 1300814 2.080807741
321 280 3 1785 2.080813748
274 321 3 7387223 2.080837431
318 232 3 1023092 2.080846716
248 284 3 77601 2.080850470
291 256 3 7734 2.080853737
252 304 3 1689701 2.080855045
257 268 3 1510979 2.080862278
296 285 3 1644956 2.080872212
233 307 3 21576 2.080882038
237 322 3 41395 2.080882836
275 228 3 17476837 2.080896345
299 319 3 4159475 2.080897161
249 305 3 2443243 2.080897690
255 292 3 5713 2.080906285
276 245 3 8770017 2.080910299
296 311 3 4599264 2.080913790
303 269 3 19386715 2.080924388
251 246 3 25913 2.080927236
227 313 3 1205381 2.080932947
315 290 3 60224 2.080939589
293 243 3 8612 2.081048732
240 307 3 5676 2.081052275
266 314 3 3176 2.081068489
228 259 3 32314 2.081069320
243 302 3 17647 2.081069362
290 229 3 6093819 2.081073340
326 252 3 16944 2.081095596
297 261 3 21428 2.081106421
320 270 3 3652035 2.081111110
307 263 3 6347 2.081126026
245 316 3 43424 2.081126166
306 265 3 4208301 2.081140103
324 298 3 1740692 2.081144316
319 245 3 774 2.081174805
231 290 3 1793755 2.081186620
291 228 3 7755 2.081187218
306 281 3 24572 2.081202386
294 230 3 48327 2.081214014
275 260 3 133222 2.081217543
315 268 3 1071311 2.081221268
242 256 3 895057 2.081221631
278 230 3 2454880 2.081222528
281 248 3 7153 2.081229324
234 262 3 66383 2.081232030
252 280 3 615042 2.081245833
315 244 3 77667 2.081252387
304 308 3 45331 2.081254575
244 306 3 3082185 2.081265871
317 293 3 3178 2.081267843
270 287 3 62520 2.081271875
273 252 3 25567 2.081290251
255 233 3 8226448 2.081291591
324 256 3 433580 2.081315548
235 324 3 9621 2.081332410
279 300 3 19165 2.081354202
280 260 3 24692 2.081354355
293 249 3 15728 2.081356011
319 255 3 28708 2.081358639
236 310 3 4671791 2.081366120
244 260 3 145998 2.081374440
300 253 3 1683933 2.081383342
307 230 3 8893 2.081388911
269 287 3 2858052 2.081408094
238 284 3 24739 2.081417885
252 233 3 945951 2.081419779
262 279 3 68229 2.081424924
239 309 3 8099 2.081438203
276 246 3 177233 2.081439003
227 313 3 9063 2.081452345
268 263 3 894589 2.081482915
284 287 3 791608 2.081500373
303 278 3 64885 2.081504218
278 326 3 33901 2.081504488
282 257 3 23009052 2.081517348
318 265 3 198254 2.081521258
231 250 3 951576 2.081532469
301 241 3 3906840 2.081540108
303 237 3 77694 2.081545381
271 315 3 8193 2.081550649
236 259 3 7182 2.081557873
256 288 3 76320 2.081573970
276 266 3 64426 2.081575043
283 253 3 8270367 2.081577634
269 239 3 11224 2.081581560
229 254 3 9263 2.081587697
245 311 3 158645 2.081599233
242 251 3 5095 2.081618049
308 271 3 723 2.081620594
299 231 3 46485 2.081627244
229 283 3 61022 2.081630596
239 317 3 37674 2.081631335
267 295 3 2570144 2.081636228
312 236 3 108171 2.081636400
246 260 3 9921061 2.081638953
308 265 3 10796 2.081651566
305 255 3 5278 2.081654338
265 303 3 69122 2.081690950
271 248 3 4498835 2.081697637
265 281 3 25737 2.081704134
249 298 3 116625 2.081704282
231 298 3 47219 2.081731328
313 284 3 3188527 2.081760211
231 254 3 2618779 2.081769279
298 317 3 3867875 2.081771278
319 239 3 148645 2.081776814
264 236 3 28437 2.081797582
308 290 3 1272574 2.081800829
290 266 3 15325 2.081808664
297 313 3 9955876 2.081811948
315 262 3 30073 2.081812972
293 324 3 1429969 2.081818000
227 314 3 1857411 2.081824292
244 315 3 4609644 2.081846457
263 297 3 9324309 2.081857569
284 234 3 8598033 2.081871563
316 236 3 69212 2.081880125
318 264 3 6100952 2.081882111
280 298 3 37470 2.081885408
316 305 3 103096 2.081895219
278 266 3 78752 2.081898681
289 311 3 78380 2.081900554
290 276 3 22169 2.081905978
262 245 3 8057 2.081917060
291 282 3 55315 2.081927192
310 270 3 36281 2.081931182
288 314 3 12227 2.081934591
228 259 3 1265371 2.081940574
250 314 3 40019 2.081942466
270 296 3 4066165 2.081943499
295 263 3 30202 2.081960694
272 253 3 4506500 2.081967515
228 264 3 62129 2.081971641
255 283 3 755986 2.081990135
293 322 3 2587 2.081997003
304 227 3 4668979 2.082002989
265 303 3 1620576 2.082022661
311 261 3 124339 2.082026748
299 262 3 50805 2.082031691
262 271 3 9945171 2.082041745
240 293 3 5924 2.082042347
325 238 3 66680 2.082044091
274 312 3 650362 2.082048361
312 298 3 7823 2.082053398
325 295 3 905265 2.082053860
308 261 3 21435 2.082064295
238 255 3 81048 2.082065398
256 284 3 19701894 2.082067204
266 227 3 22882 2.082069272
275 318 3 25903 2.082072465
254 305 3 1983195 2.082077063
253 297 3 9107 2.082080185
261 290 3 693192 2.082082675
250 311 3 181175 2.082104507
309 255 3 601030 2.082130051
297 251 3 805584 2.082139604
291 245 3 82312 2.082144684
287 255 3 48103 2.082156951
290 233 3 43519 2.082160959
283 227 3 1514 2.082163918
246 284 3 1444975 2.082164588
282 238 3 17151 2.082214833
265 292 3 44367 2.082236986
319 259 3 81691 2.082257771
234 325 3 3523 2.082260010
324 243 3 30964 2.082260801
227 302 3 17386283 2.082276815
314 242 3 2450440 2.082277006
289 239 3 6177833 2.082277135
248 292 3 53734 2.082280702
299 272 3 2818 2.082289787
290 256 3 21171 2.082292099
311 276 3 3461496 2.082292205
234 256 3 9261375 2.082293446
304 261 3 2173 2.082297966
287 234 3 8976 2.082302576
269 231 3 16727 2.082329513
320 249 3 5971 2.082343600
237 278 3 1659976 2.082346044
233 263 3 6092000 2.082353257
232 251 3 8024 2.082370662
315 271 3 4034568 2.082378814
269 264 3 23650190 2.082381842
251 231 3 49692 2.082385115
297 286 3 1932800 2.082388622
294 269 3 1496209 2.082389133
313 250 3 3169485 2.082392021
240 309 3 2678073 2.082400768
277 244 3 1257628 2.082401530
257 282 3 4210665 2.082401595
265 296 3 7099 2.082403170
229 302 3 22328 2.082418225
249 319 3 29423 2.082425652
237 251 3 24229 2.082427078
294 274 3 92844 2.082434432
321 246 3 491171 2.082435567
252 227 3 781886 2.082448282
250 301 3 2821 2.082456399
324 302 3 5927 2.082460965
272 256 3 43016 2.082461493
238 286 3 26893 2.082473680
253 301 3 11028 2.082474646
322 262 3 53 2.082478704
260 308 3 45252 2.082493498
279 326 3 29930163 2.082497694
308 268 3 415492 2.082502889
293 255 3 8026 2.082504578
235 262 3 4081052 2.082510225
324 300 3 31572 2.082511378
289 307 3 6533 2.082514441
266 298 3 8780 2.082516140
303 321 3 6344 2.082526826
296 249 3 3940007 2.082583157
249 322 3 21241 2.082583709
305 267 3 975902 2.082589753
283 232 3 57309 2.082601301
271 236 3 3777 2.082607793
267 240 3 1668043 2.082612013
315 227 3 4933242 2.082617508
259 289 3 1792632 2.082641343
284 306 3 7337 2.082655773
301 231 3 1422042 2.082671457
233 277 3 7291254 2.082673992
287 320 3 2809 2.082684802
239 274 3 79820 2.082690187
246 252 3 7379 2.082695971
309 287 3 571427 2.082700066
272 230 3 77517 2.082701439
241 325 3 3496 2.082711935
316 304 3 1086 2.082714119
305 321 3 33768 2.082744336
286 306 3 57587 2.082749792
237 320 3 6468 2.082754832
277 289 3 925640 2.082755112
261 301 3 906846 2.082770500
264 269 3 467 2.082782772
265 267 3 783794 2.082789160
298 277 3 3050 2.082790680
304 247 3 1427024 2.082794760
262 289 3 8852695 2.082798931
269 312 3 222747 2.082801826
290 245 3 21831 2.082805650
273 317 3 90701 2.082843698
230 314 3 1499934 2.082846667
230 293 3 40130 2.082846792
281 236 3 19292 2.082848920
304 283 3 1562003 2.082851967
270 262 3 46716 2.082927927
243 283 3 27496 2.082935595
295 254 3 56994 2.082951404
275 241 3 20815 2.082952705
265 293 3 2417510 2.082953061
249 298 3 39931 2.082953823
326 306 3 13440 2.082973190
287 253 3 18284343 2.082978721
312 264 3 1289823 2.082981434
244 318 3 64437 2.082983129
227 308 3 123438 2.082986746
284 237 3 6466440 2.082994485
280 245 3 4738987 2.083006360
325 280 3 27734 2.083019769
238 271 3 40950 2.083023439
236 278 3 28587 2.083028835
311 247 3 23453661 2.083043428
320 250 3 76840 2.083056338
303 251 3 65868 2.083061826
293 256 3 58915 2.083085653
227 262 3 1765226 2.083093291
320 289 3 45560 2.083096105
281 236 3 9489 2.083096972
319 295 3 6287459 2.083102341
283 320 3 79383 2.083110464
268 324 3 38947 2.083117637
286 230 3 4987401 2.083132931
248 324 3 2733092 2.083139228
248 308 3 12326 2.083139269
291 227 3 20841 2.083143755
283 242 3 481 2.083148691
284 265 3 54137 2.083152366
287 233 3 31906 2.083152785
296 326 3 1873363 2.083156358
251 272 3 2427496 2.083157939
319 276 3 3581 2.083161938
243 323 3 61245 2.083175285
260 322 3 1397 2.083180313
313 238 3 3853996 2.083181716
243 302 3 6285476 2.083184237
250 288 3 1469693 2.083187028
231 317 3 67207 2.083193949
286 255 3 78387 2.083210122
307 289 3 1764504 2.083228989
303 247 3 66678 2.083249680
296 253 3 1746537 2.083249698
264 315 3 711200 2.083253841
251 319 3 4901317 2.083268189
311 263 3 117516 2.083270766
309 263 3 18632 2.083271538
260 235 3 6477 2.083271726
233 261 3 3768912 2.083272181
309 297 3 1395695 2.083279690
274 263 3 29604 2.083283826
275 311 3 50704 2.083307645
301 227 3 1181491 2.083365329
283 230 3 5658 2.083397524
319 274 3 223673 2.083418011
287 257 3 3829769 2.083433665
310 257 3 51429 2.083441116
247 246 3 84274 2.083442434
251 276 3 1064505 2.083455759
284 289 3 1135247 2.083464264
286 304 3 1319144 2.083464679
247 283 3 13377 2.083469395
265 268 3 5407494 2.083470458
234 307 3 28983211 2.083477422
230 323 3 49552 2.083487517
318 253 3 9007 2.083490106
303 235 3 62985 2.083526572
317 230 3 79812 2.083527812
246 313 3 18984 2.083562175
274 241 3 28158 2.083570135
297 256 3 3963344 2.083573428
294 314 3 52051 2.083579901
284 262 3 1431310 2.083597105
305 255 3 1459911 2.083597314
297 249 3 47936 2.083597398
281 264 3 8011 2.083597815
262 310 3 26868 2.083599811
245 295 3 20285 2.083610413
262 230 3 1203 2.083615201
293 311 3 2392851 2.083618724
230 304 3 1243894 2.083626841
314 269 3 7924 2.083640330
274 292 3 18620 2.083640341
270 254 3 26517 2.083641905
234 263 3 8761974 2.083645467
290 263 3 28675 2.083651495
287 326 3 137223 2.083676107
296 236 3 27070 2.083680653
323 255 3 125995 2.083684148
288 239 3 1818707 2.083692010
308 234 3 1713568 2.083699880
234 290 3 141109 2.083705512
251 322 3 7998 2.083710849
293 256 3 46899 2.083719798
280 320 3 7170 2.083721813
313 260 3 5245877 2.083723884
263 322 3 831152 2.083726169
249 302 3 22428 2.083726219
302 271 3 38328 2.083763185
285 264 3 1689510 2.083767489
273 231 3 1615 2.083864091
246 323 3 8703 2.083868268
227 270 3 60258 2.083872179
274 319 3 1555338 2.083888510
233 278 3 1884680 2.083890027
243 285 3 3613745 2.083902398
286 242 3 62986 2.083904868
322 261 3 2452 2.083917589
231 275 3 64776 2.083929463
305 230 3 4755643 2.083934143
228 276 3 2854595 2.083944573
241 304 3 547731 2.083948272
294 267 3 49341 2.083955847
266 305 3 775788 2.083958966
298 227 3 131279 2.083964404
241 247 3 6443920 2.083966157
247 299 3 9552 2.083966198
247 319 3 11060998 2.083988377
291 273 3 72728 2.083990270
282 262 3 546774 2.083990462
276 235 3 8775 2.083992630
257 309 3 165564 2.083993275
318 227 3 76522 2.083997469
276 246 3 27911 2.084001355
276 307 3 2626997 2.084001492
230 305 3 1871038 2.084018582
242 257 3 4309701 2.084023931
260 275 3 101001 2.084030822
260 245 3 479905 2.084037068
253 303 3 1740812 2.084052145
301 234 3 25417 2.084060332
229 318 3 60917 2.084063693
316 249 3 1679 2.084068731
318 278 3 26687 2.084072461
293 230 3 1341014 2.084076352
270 231 3 1683104 2.084110708
272 312 3 1097476 2.084112747
243 301 3 1243570 2.084115580
250 285 3 277983 2.084121739
263 300 3 4545355 2.084122293
266 317 3 3338 2.084125749
233 324 3 7440 2.084125816
287 266 3 4862 2.084126731
323 273 3 486 2.084150478
323 287 3 79824 2.084150527
277 240 3 4097965 2.084171299
263 240 3 27965 2.084181255
307 274 3 4139379 2.084181881
314 252 3 9690 2.084195357
260 279 3 4339 2.084201643
317 286 3 871753 2.084206238
248 240 3 27576 2.084238533
304 259 3 65428 2.084242470
247 291 3 5478 2.084255527
269 319 3 9246 2.084260431
240 251 3 4880745 2.084260474
232 315 3 8460 2.084264389
305 273 3 6529 2.084265888
237 276 3 860 2.084269105
285 248 3 3284113 2.084275251
321 267 3 178342 2.084283966
314 250 3 69654 2.084285023
315 297 3 756935 2.084289644
271 241 3 66496 2.084292121
285 301 3 8177341 2.084295717
289 267 3 3056519 2.084307588
316 242 3 731125 2.084307983
281 265 3 1090843 2.084313147
234 267 3 19601 2.084317535
313 305 3 4794193 2.084323318
231 277 3 8971860 2.084323502
257 230 3 790872 2.084324197
252 291 3 594346 2.084324208
242 284 3 56176 2.084324520
244 286 3 1108422 2.084330414
277 231 3 10112 2.084335893
308 249 3 472578 2.084344919
288 236 3 55316 2.084348939
246 290 3 67566 2.084349771
315 248 3 27219 2.084351339
312 287 3 25395 2.084353498
255 269 3 82709 2.084354643
320 246 3 74502 2.084361891
294 278 3 29784 2.084364695
266 300 3 4530982 2.084380036
277 321 3 152410 2.084383023
248 243 3 1237295 2.084393066
265 300 3 72462 2.084405653
245 326 3 28181 2.084407136
253 279 3 33708 2.084410341
291 282 3 20430 2.084415817
243 283 3 5456223 2.084427408
233 250 3 4202392 2.084428472
256 281 3 3575861 2.084437855
298 267 3 44617 2.084441915
277 252 3 7236 2.084443086
311 251 3 6254021 2.084444930
280 229 3 5576672 2.084455556
258 242 3 8829 2.084458374
305 282 3 39868 2.084460023
262 233 3 1772744 2.084462386
322 291 3 77409 2.084466859
257 325 3 77957 2.084467906
244 303 3 191291 2.084473971
259 304 3 197909 2.084484800
265 303 3 505612 2.084488465
236 247 3 3347464 2.084491559
245 289 3 444660 2.084504938
241 275 3 6731 2.084506580
306 243 3 78098 2.084520195
287 239 3 1007511 2.084537886
230 273 3 22645 2.084560842
267 258 3 2304795 2.084567680
234 315 3 40430 2.084571565
250 281 3 433 2.084592531
245 266 3 7026154 2.084597395
268 255 3 4022 2.084601459
243 247 3 62243 2.084602825
286 314 3 10490 2.084629556
237 317 3 21438 2.084651454
301 236 3 17734 2.084655188
254 323 3 1500729 2.084676990
292 278 3 4780470 2.084677491
261 293 3 1842084 2.084678580
261 274 3 14991 2.084690642
292 228 3 73479 2.084698093
232 293 3 1403976 2.084710894
298 259 3 14059612 2.084712130
287 254 3 1246282 2.084713453
267 290 3 4401888 2.084729823
254 246 3 86709 2.084757426
279 309 3 2893923 2.084758634
245 277 3 23616 2.084760635
304 250 3 62452 2.084765095
239 293 3 14739 2.084765141
296 286 3 3193 2.084791012
313 239 3 76930 2.084795152
276 300 3 2928 2.084795926
264 244 3 142760 2.084813749
317 253 3 1092607 2.084818153
254 301 3 165052 2.084823359
326 255 3 21816 2.084838047
325 255 3 1351158 2.084838510
244 316 3 1050894 2.084839962
325 287 3 14143 2.084854966
266 276 3 595029 2.084867262
308 306 3 709932 2.084867510
307 257 3 31057 2.084881021
292 256 3 9744454 2.084882662
294 235 3 32922 2.084885691
274 259 3 2717 2.084895994
287 247 3 53643 2.084898641
289 322 3 4623665 2.084908509
257 303 3 42246 2.084919776
241 280 3 62476 2.084937015
255 281 3 741101 2.084945166
297 248 3 2725977 2.084949381
255 230 3 69194 2.084962062
325 289 3 79352 2.084994870
251 299 3 521142 2.085003445
232 309 3 71046 2.085004165
245 326 3 6129 2.085015034
280 314 3 29850 2.085018123
301 239 3 1897814 2.085026291
235 262 3 31403 2.085048954
282 266 3 4208698 2.085058468
266 301 3 1358246 2.085060154
270 306 3 4291 2.085069472
300 314 3 1013892 2.085070400
321 292 3 591499 2.085075442
315 271 3 1899651 2.085095936
259 237 3 56964 2.085100447
295 244 3 457082 2.085105364
311 244 3 6992365 2.085106647
243 293 3 7967 2.085107322
283 264 3 3225977 2.085108254
260 286 3 59221 2.085121320
258 316 3 2664 2.085122095
234 278 3 24462 2.085123318
326 244 3 23133 2.085125277
234 290 3 654443 2.085130736
320 238 3 8006072 2.085145663
275 230 3 643350 2.085152223
229 311 3 710335 2.085158171
255 312 3 163146 2.085174119
245 286 3 15720 2.085174446
274 248 3 8956391 2.085183750
303 249 3 1396313 2.085192037
298 318 3 1399518 2.085194388
324 243 3 69499 2.085199210
263 285 3 1179392 2.085208005
323 237 3 169355 2.085232818
255 230 3 24315 2.085256847
272 227 3 3782942 2.085259992
290 230 3 10581 2.085260602
233 274 3 1416478 2.085261213
258 306 3 77359 2.085278779
256 295 3 3434545 2.085282100
229 261 3 700639 2.085327129
233 302 3 14998 2.085331761
263 320 3 54288 2.085336536
325 303 3 2747595 2.085346952
309 255 3 56458 2.085352474
287 233 3 9699 2.085365315
280 288 3 1050161 2.085372856
297 308 3 410355 2.085374213
294 240 3 178226 2.085375182
260 284 3 6729751 2.085375391
300 245 3 13197 2.085395756
289 246 3 208 2.085426038
290 250 3 628 2.085432064
315 284 3 58914 2.085442484
264 322 3 14125 2.085442553
293 275 3 323742 2.085445041
314 267 3 24108 2.085451637
265 238 3 1791728 2.085456921
262 317 3 783074 2.085479936
253 297 3 172898 2.085495600
299 267 3 25551 2.085502089
273 320 3 4179 2.085511094
308 276 3 51684 2.085531090
228 286 3 13463 2.085536084
260 270 3 18677 2.085552002
262 236 3 5169119 2.085566394
291 266 3 7060 2.085567165
269 230 3 7739 2.085595988
245 281 3 6573519 2.085603466
241 264 3 7112775 2.085605058
245 319 3 33315 2.085612885
266 318 3 5299 2.085628086
242 289 3 368 2.085630503
269 253 3 30939 2.085634648
227 260 3 45259 2.085635917
269 245 3 68222 2.085652881
240 265 3 6588 2.085654369
324 251 3 2614056 2.085674692
323 274 3 4916131 2.085695502
296 229 3 37801 2.085720947
294 241 3 7014055 2.085724892
321 267 3 40555 2.085730676
293 232 3 29555 2.085741805
325 266 3 511110 2.085750780
255 231 3 9998203 2.085754716
267 250 3 72720 2.085768950
305 234 3 4046185 2.085771953
242 298 3 474 2.085777481
241 323 3 52224 2.085778282
277 301 3 2697 2.085790902
294 278 3 16516759 2.085792603
233 287 3 31647 2.085798400
241 247 3 67966 2.085807001
275 237 3 4501224 2.085821419
256 267 3 22979 2.085825207
268 239 3 13553203 2.085833318
285 261 3 4470286 2.085835571
284 245 3 2472952 2.085841768
297 286 3 6265242 2.085849381
301 263 3 5319107 2.085852904
278 240 3 13005 2.085856877
326 260 3 150455 2.085870771
320 288 3 3162 2.085877265
264 243 3 292360 2.085888172
290 246 3 1992466 2.085891099
238 297 3 5857 2.085903844
298 319 3 78770 2.085913416
295 228 3 3746 2.085918442
316 265 3 64009 2.085939954
308 241 3 7297 2.085943338
280 235 3 55444 2.085946008
314 301 3 3422712 2.085955485
244 273 3 2750429 2.085958570
238 248 3 417882 2.085979423
261 293 3 1717715 2.085982300
321 243 3 59020 2.085985145
259 310 3 9229337 2.085989930
227 267 3 12088423 2.085991128
252 235 3 42770 2.085996442
297 275 3 3162712 2.085999766
311 253 3 24385589 2.086010521
287 308 3 884748 2.086016416
235 265 3 93327 2.086018526
308 233 3 5172084 2.086019782
253 240 3 1889 2.086059330
236 282 3 3149 2.086062313
305 252 3 26383 2.086077733
251 234 3 2283962 2.086111687
230 250 3 9206998 2.086116826
322 272 3 25840 2.086150398
276 307 3 76652 2.086151765
249 229 3 63963 2.086157286
233 287 3 23285 2.086158926
256 285 3 2088 2.086167174
244 256 3 76521 2.086180303
256 300 3 1836992 2.086181520
227 315 3 1044846 2.086185115
257 289 3 21703998 2.086206624
317 256 3 50277 2.086207428
230 286 3 2466321 2.086211195
320 265 3 48374 2.086222142
293 311 3 1341575 2.086223121
229 252 3 663714 2.086226346
292 265 3 1484095 2.086249657
326 260 3 578313 2.086254324
308 272 3 571183 2.086259780
253 317 3 24472 2.086265162
259 230 3 23280 2.086269108
302 229 3 7075 2.086287071
305 261 3 65435 2.086297283
298 238 3 531659 2.086372562
289 319 3 1447979 2.086374808
275 236 3 1048363 2.086395457
259 291 3 2707353 2.086408106
322 278 3 3712609 2.086408697
232 265 3 1112919 2.086415908
275 298 3 1850115 2.086452353
235 290 3 92076 2.086452666
288 259 3 29659 2.086460964
236 274 3 43493 2.086479247
259 316 3 24696 2.086483797
311 245 3 127269 2.086484155
285 310 3 63726 2.086487761
269 251 3 32691 2.086487990
305 278 3 359606 2.086488199
283 231 3 2078504 2.086510851
280 298 3 23803082 2.086515434
232 274 3 10979488 2.086517348
302 267 3 1702361 2.086538679
276 237 3 897 2.086538942
247 322 3 61687 2.086543686
232 255 3 2617515 2.086552206
262 273 3 4610 2.086552928
284 253 3 659273 2.086564607
252 303 3 2947 2.086574923
246 291 3 25595573 2.086595430
313 286 3 43542 2.086606515
237 301 3 125681 2.086611426
326 235 3 36357 2.086624496
255 295 3 74422 2.086630649
299 234 3 23360 2.086646610
275 235 3 65843 2.086683755
312 227 3 52144 2.086684836
302 274 3 18683105 2.086685525
241 263 3 2193470 2.086686300
289 248 3 46730 2.086690645
273 253 3 4113 2.086721072
298 326 3 3235505 2.086736735
285 250 3 3667964 2.086768086
308 248 3 51954 2.086772698
294 286 3 9245526 2.086798236
278 241 3 72928 2.086808390
326 244 3 73604 2.086811015
270 308 3 131546 2.086814502
293 263 3 23554 2.086820747
239 249 3 2095074 2.086823067
284 307 3 22730878 2.086823236
314 244 3 4260063 2.086832666
262 325 3 29084 2.086839645
314 242 3 508286 2.086846467
263 243 3 10933 2.086859039
267 293 3 42342 2.086885793
312 249 3 1890222 2.086888338
326 275 3 48445 2.086892540
243 291 3 4391855 2.086907591
303 254 3 8709626 2.086927901
254 318 3 9354 2.086934129
262 283 3 35653 2.086944357
312 292 3 48361 2.086948635
271 252 3 29969 2.086962369
231 285 3 5750323 2.087004749
303 326 3 159372 2.087007150
290 272 3 399829 2.087010941
254 269 3 1623077 2.087033839
289 254 3 27706 2.087034372
298 260 3 1761466 2.087035624
281 243 3 1292891 2.087041983
238 316 3 344880 2.087058211
254 270 3 24617 2.087059989
262 275 3 26968 2.087065824
245 291 3 24536 2.087092892
252 301 3 13456 2.087098789
288 232 3 2253936 2.087119283
289 324 3 9214 2.087130879
313 263 3 125167 2.087148316
230 314 3 4058493 2.087153273
324 248 3 35006 2.087154366
258 241 3 17034 2.087161666
278 235 3 51450 2.087165534
306 321 3 3854 2.087169320
274 262 3 4398 2.087171553
322 238 3 25576 2.087181179
249 277 3 2984666 2.087182796
287 324 3 38731 2.087197317
246 263 3 911848 2.087226548
237 318 3 74765 2.087234513
250 306 3 11991 2.087240355
313 305 3 36799 2.087243918
238 300 3 30582 2.087259883
250 241 3 3263 2.087292264
272 255 3 1047196 2.087292850
250 281 3 27004 2.087297615
300 314 3 4037 2.087300269
250 313 3 824090 2.087300910
231 296 3 33504 2.087301650
258 241 3 24592 2.087303566
285 316 3 26097 2.087306091
290 249 3 24341 2.087312140
239 323 3 90328 2.087320290
308 277 3 16246 2.087326800
258 291 3 145157 2.087327565
324 232 3 3137368 2.087329703
309 232 3 21127 2.087341813
239 253 3 19032 2.087353742
238 315 3 5478 2.087360910
272 244 3 69385 2.087369995
235 310 3 494 2.087381257
305 274 3 641827 2.087386832
289 272 3 3106842 2.087388042
292 250 3 30229 2.087401998
254 305 3 150187 2.087434004
305 257 3 3569130 2.087434609
274 255 3 6800488 2.087453633
318 252 3 21263 2.087455723
318 298 3 60354 2.087467053
317 272 3 3348735 2.087468545
277 261 3 170628 2.087474346
263 317 3 17271 2.087480663
275 290 3 8481594 2.087483622
326 304 3 885101 2.087504894
252 289 3 3940808 2.087505760
230 299 3 232 2.087506667
292 252 3 30880 2.087518426
247 241 3 6318 2.087520660
300 267 3 1464 2.087524700
267 323 3 60377 2.087543248
322 290 3 27463 2.087546623
248 303 3 2192 2.087555148
233 301 3 25782178 2.087555550
233 271 3 28131 2.087556025
315 292 3 353069 2.087562589
311 243 3 6533445 2.087572429
317 257 3 1645860 2.087574698
305 264 3 28057 2.087582454
302 324 3 1587299 2.087593537
239 247 3 5908593 2.087598209
314 260 3 401967 2.087601816
253 318 3 2901036 2.087602718
249 246 3 63988 2.087616171
308 282 3 9392487 2.087632342
312 274 3 5942 2.087633549
272 230 3 2403 2.087642023
236 323 3 1944004 2.087646371
283 288 3 7055128 2.087648968
248 316 3 168900 2.087656156
295 275 3 3075 2.087663016
318 275 3 47481 2.087674012
244 316 3 11796764 2.087680507
305 252 3 14306 2.087684149
242 321 3 13029 2.087686636
265 322 3 58406 2.087687547
233 248 3 28483 2.087699631
318 254 3 424573 2.087699941
283 230 3 3732913 2.087708979
300 265 3 8851 2.087713221
281 325 3 6744337 2.087714589
292 309 3 25473 2.087751311
286 322 3 37753 2.087751745
235 265 3 25225882 2.087751850
317 301 3 3825986 2.087763968
262 270 3 66310 2.087768424
239 278 3 39196 2.087780710
240 275 3 38202 2.087791353
309 255 3 31972 2.087795812
228 303 3 776211 2.087808251
230 312 3 1562956 2.087809857
277 316 3 3975749 2.087823288
312 292 3 76059 2.087826779
260 287 3 149032 2.087829845
261 319 3 1903091 2.087832186
265 231 3 57955 2.087843327
266 304 3 8021321 2.087851471
301 264 3 6179 2.087855231
276 293 3 1078 2.087871706
248 276 3 2282063 2.087894258
313 238 3 44603 2.087903589
269 308 3 22516 2.087911963
231 320 3 28957 2.087917428
293 243 3 139506 2.087923741
316 246 3 191360 2.087958025
232 299 3 374429 2.087958194
312 283 3 316623 2.087958794
314 246 3 76773 2.087965364
275 323 3 14194 2.087966630
271 291 3 242049 2.087970824
268 294 3 3846809 2.087971283
292 277 3 3738 2.087975497
238 310 3 1682858 2.087996325
256 326 3 21200 2.087997371
245 281 3 2314931 2.087997998
266 313 3 42897 2.088023018
251 293 3 2013 2.088023826
249 290 3 4428450 2.088026660
314 240 3 29467 2.088028776
255 287 3 2756499 2.088038386
312 294 3 1807010 2.088048816
303 271 3 1434 2.088052746
312 302 3 40720 2.088070782
266 301 3 75223 2.088071239
309 271 3 39755 2.088071385
230 250 3 1214799 2.088073389
304 229 3 19360 2.088085960
271 257 3 1507 2.088098103
275 294 3 1127213 2.088104120
310 227 3 2093 2.088129838
244 302 3 4957630 2.088131471
317 288 3 23833 2.088154429
311 248 3 708413 2.088156409
244 315 3 1977 2.088156761
233 270 3 58874 2.088161453
249 316 3 1494033 2.088162844
231 267 3 8722673 2.088167043
300 274 3 7935961 2.088173876
243 305 3 7943 2.088176568
287 311 3 100610 2.088186169
237 267 3 48556 2.088212711
260 270 3 9036 2.088218205
325 304 3 741831 2.088250611
270 324 3 22768 2.088257441
292 246 3 22313 2.088257790
285 296 3 3555 2.088285318
314 284 3 8335693 2.088295107
255 294 3 23507 2.088304795
287 245 3 4115 2.088340959
239 304 3 72597 2.088343796
246 268 3 64422 2.088355519
326 256 3 2829811 2.088368774
306 250 3 763702 2.088377577
228 305 3 84444 2.088379777
287 281 3 39609 2.088380098
292 260 3 13863 2.088380872
247 273 3 2228858 2.088390192
316 255 3 3987064 2.088399258
300 261 3 343568 2.088399522
325 281 3 21410 2.088402347
231 276 3 630945 2.088411018
325 257 3 7115 2.088413869
302 252 3 6448906 2.088435833
244 265 3 1321564 2.088436203
247 235 3 4790002 2.088447573
274 288 3 56726 2.088447865
252 320 3 650313 2.088462341
252 295 3 49817 2.088466546
263 285 3 26287 2.088471599
273 294 3 1109890 2.088484246
321 291 3 6188 2.088498709
266 287 3 147078 2.088551557
301 276 3 35215 2.088554532
235 326 3 2721996 2.088577618
312 293 3 42271 2.088592104
282 290 3 36791 2.088593803
309 247 3 49681 2.088602806
299 322 3 25461 2.088604702
249 287 3 103259 2.088605438
238 322 3 1304490 2.088610338
272 247 3 45591 2.088623944
238 301 3 12814017 2.088634777
298 238 3 5654 2.088641167
273 266 3 173879 2.088644255
238 276 3 208257 2.088655118
249 290 3 10148 2.088662776
296 249 3 5750678 2.088663351
280 243 3 6615475 2.088686028
284 318 3 1383794 2.088693401
284 314 3 40697 2.088696105
265 299 3 2359515 2.088696821
232 293 3 39968 2.088700181
278 314 3 240038 2.088706351
315 256 3 1368528 2.088716886
302 261 3 32411 2.088720808
251 315 3 20483 2.088729104
284 299 3 6734 2.088757218
267 256 3 4963337 2.088767336
243 269 3 73748 2.088785900
232 294 3 2159735 2.088789475
252 234 3 583468 2.088808989
293 252 3 26329 2.088828006
272 254 3 25102 2.088841054
316 305 3 1597289 2.088841318
309 292 3 5067 2.088852848
263 322 3 77149 2.088857224
247 316 3 21486 2.088871835
313 271 3 23825892 2.088893971
324 295 3 41388 2.088901364
305 319 3 5495 2.088903593
227 256 3 58582 2.088911083
317 242 3 7100 2.088929049
244 248 3 18367 2.088933913
238 250 3 67760 2.088940867
315 239 3 5858207 2.088968174
321 230 3 6357 2.088972238
321 294 3 403641 2.088992645
240 284 3 25178 2.088996169
288 307 3 950699 2.088996579
258 286 3 30934 2.089007569
314 230 3 58241 2.089012558
288 248 3 19618823 2.089014599
294 285 3 8042 2.089020041
230 323 3 1913685 2.089022534
280 251 3 10902 2.089027143
276 241 3 5084 2.089031943
319 258 3 22266 2.089032214
315 252 3 6241 2.089038776
233 305 3 60214 2.089042274
254 234 3 28590 2.089054057
304 322 3 1084420 2.089065392
230 302 3 1353 2.089070236
294 265 3 29165 2.089072025
318 269 3 56972 2.089077116
306 270 3 252 2.089077560
276 239 3 87660 2.089077717
320 283 3 386739 2.089082611
266 325 3 79627 2.089093074
284 317 3 412 2.089093105
268 254 3 6328 2.089095111
273 298 3 8252 2.089100867
315 242 3 20598 2.089103535
246 285 3 2853725 2.089103619
242 316 3 225338 2.089114402
236 291 3 3913514 2.089118618
293 246 3 5192 2.089119362
241 314 3 1016327 2.089122653
261 296 3 5259 2.089124455
248 291 3 65306 2.089132848
249 323 3 4840109 2.089155449
266 297 3 69937 2.089156421
287 270 3 2892408 2.089161022
276 307 3 114352 2.089167043
312 260 3 107148 2.089172061
288 312 3 21479 2.089173369
247 301 3 21320 2.089191813
227 286 3 2068824 2.089200297
276 249 3 76740 2.089200407
227 304 3 5487221 2.089201184
289 283 3 75565 2.089207230
303 283 3 43643 2.089208392
267 263 3 876205 2.089219391
254 312 3 3106062 2.089225540
301 252 3 21412 2.089237871
252 268 3 30440 2.089243978
325 304 3 2740436 2.089251252
280 260 3 55628 2.089254544
300 232 3 794 2.089256689
263 243 3 75470 2.089258251
234 307 3 966741 2.089285026
233 300 3 18387 2.089285700
245 265 3 5335 2.089308973
301 256 3 143666 2.089311379
276 324 3 31243 2.089316558
285 297 3 28235047 2.089318061
306 312 3 12669 2.089321676
261 290 3 1672306 2.089326635
321 273 3 16987 2.089354815
307 271 3 1295192 2.089357205
247 320 3 194856 2.089401863
246 323 3 35562 2.089409238
292 319 3 9375 2.089412158
278 257 3 29600 2.089414744
270 243 3 192204 2.089418928
278 247 3 559206 2.089419241
244 248 3 5731 2.089425707
282 245 3 51324 2.089431034
321 227 3 37078 2.089435841
326 249 3 1000686 2.089443131
277 243 3 1740711 2.089470106
253 320 3 1230287 2.089474254
261 321 3 25007 2.089474857
306 256 3 31044 2.089480480
300 244 3 67942 2.089485506
248 296 3 3678 2.089494438
281 243 3 3541481 2.089504693
264 311 3 4165 2.089505939
273 252 3 4903 2.089516002
313 241 3 703208 2.089524979
277 244 3 25286 2.089525605
263 293 3 2041804 2.089548129
291 273 3 5776500 2.089555031
307 249 3 8822 2.089557752
252 235 3 53473 2.089562190
326 267 3 20348 2.089565633
271 304 3 23200 2.089566122
318 262 3 6314915 2.089567470
317 258 3 31245 2.089583387
237 299 3 483794 2.089603830
325 248 3 1574454 2.089604350
242 256 3 8114615 2.089605234
276 235 3 5849636 2.089605702
227 279 3 908863 2.089614257
311 261 3 1290580 2.089642458
308 244 3 1177041 2.089643556
290 259 3 29743 2.089646015
297 318 3 84837 2.089650496
295 265 3 2353679 2.089672764
303 245 3 9992 2.089679172
280 230 3 10652 2.089690416
243 288 3 40609 2.089696808
251 293 3 58221 2.089700843
283 241 3 823708 2.089709095
266 311 3 6814 2.089729885
251 281 3 610 2.089730368
267 261 3 19121 2.089733634
289 261 3 1147101 2.089736039
250 269 3 6283 2.089737055
303 322 3 3413422 2.089737155
270 304 3 22625 2.089751803
315 242 3 64393 2.089767218
320 235 3 4346263 2.089800598
260 290 3 1923347 2.089810145
230 278 3 53036 2.089814366
310 256 3 154870 2.089836077
282 249 3 1900118 2.089838977
230 269 3 19847 2.089863324
254 241 3 9009280 2.089879019
286 256 3 7920665 2.089889188
227 295 3 75472 2.089890775
315 292 3 1215712 2.089912394
239 283 3 1360752 2.089932139
231 315 3 24585104 2.089938654
294 243 3 7688373 2.089939661
280 288 3 75230 2.089942856
283 326 3 2885415 2.089945004
314 242 3 60419 2.089975095
257 228 3 1453322 2.089975186
228 258 3 264197 2.089986288
290 255 3 271487 2.089996215
278 236 3 8726347 2.090001701
276 228 3 10174 2.090004776
297 269 3 42020 2.090008675
236 296 3 5019 2.090012957
318 240 3 3582887 2.090015729
320 265 3 39628 2.090029586
257 322 3 9248 2.090031318
237 322 3 28677 2.090039140
310 274 3 20735 2.090052459
261 297 3 10844555 2.090059494
271 246 3 40240 2.090068129
295 270 3 754475 2.090068413
235 290 3 45387 2.090069867
245 270 3 7023806 2.090082171
269 248 3 561884 2.090083284
232 299 3 2301894 2.090088704
286 246 3 5278717 2.090097239
316 304 3 4571777 2.090098021
304 237 3 61222 2.090102761
321 245 3 22188 2.090106439
303 249 3 16547 2.090106486
301 277 3 4441454 2.090110902
284 290 3 1488409 2.090173378
301 230 3 8336 2.090188951
264 314 3 12288925 2.090189486
322 240 3 115675 2.090189819
247 273 3 1091 2.090191472
286 318 3 67160 2.090194471
296 262 3 1272496 2.090210215
242 253 3 55875 2.090223381
283 243 3 3471729 2.090227172
267 232 3 77637 2.090238449
245 319 3 58300 2.090245569
249 314 3 20296 2.090256665
270 227 3 2818998 2.090266023
288 310 3 59427 2.090267642
264 278 3 5218810 2.090269458
256 305 3 10953 2.090275351
299 250 3 4081002 2.090281710
261 320 3 7840 2.090287094
255 232 3 921964 2.090292016
311 257 3 1722453 2.090297300
306 277 3 1029275 2.090308557
242 290 3 1067124 2.090328967
301 310 3 60754 2.090329218
296 281 3 45739 2.090346980
230 311 3 72748 2.090347520
310 230 3 40299 2.090349965
229 307 3 931115 2.090351499
268 305 3 72060 2.090361455
320 303 3 57345 2.090364964
300 260 3 127465 2.090373228
229 250 3 6545064 2.090373301
282 263 3 1014160 2.090408751
268 298 3 432242 2.090412333
324 262 3 8117 2.090415913
262 234 3 50999 2.090416498
271 296 3 65200 2.090436593
257 318 3 76550 2.090444664
307 230 3 51955 2.090449450
315 272 3 63602 2.090458866
237 296 3 22788 2.090464359
280 311 3 14409 2.090477453
318 302 3 178686 2.090483679
268 300 3 79505 2.090488937
254 312 3 75759 2.090496817
290 245 3 7049 2.090507077
274 322 3 32474 2.090507593
321 268 3 10183 2.090508733
272 233 3 20507498 2.090512282
262 271 3 1620504 2.090517006
286 263 3 616215 2.090518440
279 229 3 4239334 2.090523532
309 295 3 32688 2.090523896
267 263 3 18673 2.090535404
285 298 3 1687080 2.090549827
312 297 3 20728 2.090554984
239 264 3 20437 2.090557548
276 236 3 741979 2.090558489
231 291 3 1792557 2.090559597
277 244 3 6120828 2.090570973
318 288 3 48831 2.090580320
265 227 3 169410 2.090582234
285 293 3 6623710 2.090597031
232 282 3 170328 2.090608107
262 306 3 36690 2.090621966
269 297 3 1558165 2.090629484
309 286 3 3578239 2.090638047
317 259 3 969630 2.090653016
228 295 3 55918 2.090658443
244 291 3 912153 2.090672823
261 232 3 25148 2.090675882
231 265 3 28890 2.090682573
320 279 3 393452 2.090712866
311 252 3 67419 2.090719876
254 316 3 5064779 2.090723923
234 290 3 9509 2.090728636
285 301 3 112797 2.090733265
268 253 3 5275 2.090742653
307 234 3 3906318 2.090744557
234 251 3 72876 2.090745685
258 273 3 17304 2.090746310
254 311 3 1728500 2.090768586
299 280 3 61693 2.090770991
326 256 3 4868 2.090783030
326 243 3 212376 2.090787800
270 246 3 864524 2.090792800
295 263 3 6421 2.090795775
307 235 3 66807 2.090809972
287 234 3 2647295 2.090816092
256 315 3 23811 2.090822412
250 281 3 77 2.090822877
235 278 3 27557 2.090832856
241 321 3 34606 2.090837506
297 319 3 32115 2.090842847
316 262 3 193877 2.090853841
281 230 3 1681915 2.090859467
287 238 3 8081495 2.090865574
266 236 3 54197 2.090880736
263 315 3 5086 2.090890711
253 308 3 7901211 2.090892896
296 319 3 1238396 2.090898327
255 275 3 1304 2.090919784
255 242 3 20500 2.090933501
240 326 3 296588 2.090946849
324 265 3 2811 2.090960942
277 261 3 1535300 2.090964066
289 257 3 79541 2.090966345
309 266 3 393749 2.090966765
302 307 3 490788 2.090980651
317 254 3 552331 2.090982068
279 234 3 48335 2.090990645
246 256 3 23343 2.090991774
312 248 3 8353563 2.090993744
322 292 3 4255876 2.090993882
260 322 3 8823755 2.090996277
320 278 3 2231 2.090998496
265 267 3 76420 2.091003721
303 252 3 4601 2.091004090
291 277 3 1505312 2.091005325
277 229 3 310329 2.091010081
230 315 3 1631930 2.091020155
309 250 3 400263 2.091035479
268 236 3 35129 2.091038643
250 229 3 1051006 2.091043040
249 269 3 27231 2.091048523
240 296 3 4103246 2.091062350
259 229 3 1534 2.091066595
311 250 3 99362 2.091071062
309 290 3 8131584 2.091106429
271 231 3 1287132 2.091108401
231 284 3 569301 2.091112199
294 234 3 1915 2.091117110
304 280 3 27887 2.091141494
268 231 3 1124935 2.091141850
314 241 3 16502 2.091145001
319 298 3 66015 2.091147362
271 307 3 3088399 2.091164684
241 321 3 4376013 2.091188650
299 258 3 167058 2.091201101
308 255 3 36768 2.091211960
271 230 3 63476 2.091216961
253 320 3 19224 2.091230584
317 269 3 20290 2.091249364
277 263 3 3176262 2.091253955
237 297 3 2742 2.091269763
259 277 3 28333 2.091271694
319 230 3 3526144 2.091280494
300 250 3 4770 2.091284778
281 312 3 267150 2.091294546
269 229 3 19774739 2.091296554
263 301 3 78222 2.091299820
276 258 3 13330 2.091306991
247 246 3 27724 2.091313146
248 296 3 29508 2.091326067
291 324 3 2564418 2.091331208
261 319 3 32637 2.091340024
243 282 3 28318 2.091342104
228 284 3 27169 2.091372446
295 244 3 136794 2.091373739
277 234 3 332 2.091385544
289 255 3 3586 2.091390369
239 323 3 69886 2.091400589
267 315 3 27737 2.091408454
319 248 3 24800 2.091434329
321 246 3 10346940 2.091441973
279 257 3 10395 2.091473345
321 276 3 23921 2.091482384
246 284 3 25469 2.091485024
241 292 3 13885 2.091487206
263 274 3 24249 2.091496016
284 317 3 62658 2.091497713
308 283 3 46069 2.091512311
256 291 3 334398 2.091523972
244 277 3 1503229 2.091558649
242 291 3 780352 2.091558719
254 303 3 4936 2.091564078
231 271 3 60337 2.091564750
309 234 3 615056 2.091571366
245 264 3 6485737 2.091571752
248 238 3 3070 2.091578676
228 258 3 22127 2.091586885
317 260 3 3792 2.091587496
234 247 3 57868 2.091597649
241 311 3 78175 2.091604033
277 251 3 186516 2.091609512
314 287 3 1983456 2.091643310
279 300 3 10009 2.091658640
325 258 3 21766 2.091661202
308 254 3 58724 2.091671616
302 272 3 27713 2.091672823
293 283 3 1822386 2.091676654
282 256 3 24446 2.091699098
245 271 3 1664451 2.091725064
322 233 3 20511 2.091737466
318 301 3 1135198 2.091754093
323 236 3 41323 2.091767781
276 266 3 61650 2.091769121
290 261 3 4543955 2.091771948
307 227 3 723013 2.091772350
302 284 3 387 2.091779430
257 267 3 5481620 2.091785886
280 304 3 57917 2.091796237
258 274 3 4992246 2.091798616
292 271 3 524183 2.091821682
236 258 3 50740 2.091851286
306 271 3 24459 2.091860589
298 280 3 20682 2.091866778
274 307 3 63019 2.091879772
293 312 3 25058 2.091889911
286 312 3 9263194 2.091902848
265 305 3 8977200 2.091916266
299 267 3 5318 2.091919982
304 313 3 122972 2.091927395
289 270 3 51969 2.091935831
317 299 3 32239 2.091936573
296 264 3 2789293 2.091938419
230 297 3 696164 2.091949873
297 313 3 1539833 2.091951109
325 276 3 9540379 2.091954621
282 298 3 53407 2.091971225
257 318 3 8252022 2.091977336
256 325 3 3600657 2.091977357
284 311 3 23687 2.091978548
239 294 3 1568424 2.091983717
290 249 3 29982 2.092009710
243 278 3 1721376 2.092023942
246 267 3 55352 2.092028717
261 285 3 5910884 2.092037724
230 311 3 232345 2.092042721
245 259 3 2182560 2.092042870
311 240 3 32954 2.092048503
271 323 3 169071 2.092049662
323 291 3 8342424 2.092054667
292 242 3 18213 2.092071499
323 230 3 4954 2.092080838
272 322 3 4554858 2.092082651
265 293 3 82940 2.092085819
275 265 3 52420 2.092089932
306 252 3 48963 2.092094081
290 309 3 3108142 2.092102849
246 319 3 3745658 2.092103987
318 255 3 1987279 2.092107402
312 299 3 1757868 2.092109913
310 261 3 4551036 2.092130324
229 278 3 144378 2.092159221
231 275 3 593430 2.092162746
301 324 3 199098 2.092166023
239 320 3 23324 2.092189234
297 321 3 9310 2.092194730
315 282 3 73609 2.092206410
281 306 3 270476 2.092214946
238 313 3 492454 2.092225907
283 243 3 3797461 2.092239000
319 273 3 3955 2.092254339
261 281 3 8225402 2.092272534
246 256 3 6174175 2.092287965
309 277 3 31078 2.092289645
264 287 3 14284 2.092298071
272 300 3 593331 2.092301609
323 254 3 614584 2.092305713
251 311 3 504043 2.092310941
319 283 3 3018 2.092315340
250 281 3 157044 2.092323382
285 287 3 29072 2.092330011
244 270 3 2119 2.092333159
264 241 3 2958989 2.092336948
233 292 3 90362 2.092350073
319 278 3 3694537 2.092354202
272 242 3 23358 2.092372069
248 316 3 13828 2.092374384
273 241 3 9719625 2.092376291
286 314 3 134161 2.092380579
281 290 3 9366455 2.092406351
274 251 3 1904540 2.092406632
309 304 3 2403781 2.092414039
285 311 3 24363 2.092415627
300 315 3 494333 2.092417455
267 229 3 1892603 2.092424109
322 234 3 19468510 2.092428767
285 254 3 7244 2.092429897
315 249 3 49421 2.092440221
242 309 3 4700966 2.092445386
299 324 3 3635597 2.092457494
273 317 3 27174 2.092463133
239 266 3 20095 2.092470800
321 301 3 66152 2.092474688
268 291 3 4575 2.092477858
312 280 3 3136850 2.092481242
293 315 3 50187 2.092490603
260 325 3 4765991 2.092493893
296 319 3 21100 2.092494385
249 243 3 471982 2.092495860
286 311 3 37220 2.092496238
241 316 3 2629123 2.092496779
324 299 3 1338697 2.092499077
251 322 3 5524 2.092503327
262 307 3 17316 2.092513043
249 240 3 2640547 2.092513923
238 271 3 1274941 2.092526695
290 325 3 46961 2.092545765
320 250 3 35867 2.092559525
322 251 3 22283 2.092580312
269 248 3 4907 2.092581520
245 283 3 121704 2.092595271
309 268 3 3033364 2.092610838
308 238 3 875021 2.092612564
249 243 3 1205245 2.092621025
271 262 3 6944617 2.092622595
263 322 3 21299 2.092633028
266 308 3 23640 2.092640068
269 252 3 31958 2.092652628
264 287 3 5452 2.092653912
276 238 3 1397 2.092666185
318 303 3 95861 2.092679261
279 301 3 7218 2.092687860
312 260 3 23460 2.092689544
228 250 3 22292 2.092691335
278 311 3 9832 2.092711231
230 284 3 7056 2.092715996
255 268 3 3818618 2.092717804
304 252 3 63544 2.092724293
264 288 3 1764295 2.092726013
289 250 3 1931134 2.092729407
259 235 3 1256952 2.092747280
312 284 3 1767260 2.092757220
256 322 3 8975529 2.092782803
325 303 3 33018 2.092787785
268 296 3 996718 2.092799407
264 290 3 986154 2.092802984
236 294 3 173763 2.092806303
248 296 3 26683 2.092810318
275 245 3 1574181 2.092816902
252 318 3 4903 2.092819587
267 304 3 48455 2.092840259
246 324 3 2954873 2.092849899
309 243 3 19088 2.092858771
240 317 3 180379 2.092862523
282 240 3 73794 2.092864457
240 291 3 50442 2.092872503
321 271 3 5211245 2.092882869
276 310 3 8464689 2.092886898
233 250 3 5911 2.092887588
242 300 3 1799938 2.092906496
228 266 3 234382 2.092911156
290 249 3 92158 2.092911974
239 254 3 5701 2.092914631
239 267 3 16409 2.092918614
326 280 3 76050 2.092919110
264 239 3 501568 2.092922556
288 257 3 28495 2.092929726
301 317 3 1753268 2.092939391
266 305 3 6083500 2.092947583
228 323 3 39475 2.092951128
297 252 3 74344 2.092958363
316 238 3 327 2.092972875
232 314 3 6871 2.092978514
307 265 3 3810372 2.092986468
320 270 3 71562 2.092988092
277 242 3 1299086 2.092998140
321 300 3 44156 2.093018862
294 326 3 73442 2.093025108
271 299 3 4801 2.093055433
253 313 3 136672 2.093057208
256 246 3 1455083 2.093073646
243 262 3 343207 2.093079861
292 277 3 487007 2.093088418
266 232 3 51252 2.093088910
278 325 3 4404 2.093099143
299 256 3 2994754 2.093103741
320 280 3 73726 2.093127038
312 277 3 4018942 2.093134310
233 293 3 78450 2.093157854
323 296 3 1651741 2.093158224
245 294 3 1713285 2.093160788
270 240 3 58693 2.093170468
244 294 3 4373307 2.093174704
274 250 3 5109 2.093176253
232 276 3 3855269 2.093186512
235 257 3 1097 2.093186698
294 254 3 10142 2.093205862
296 227 3 1633221 2.093219250
231 272 3 39659 2.093224094
230 254 3 24558 2.093233676
317 305 3 39613 2.093246096
325 270 3 5125 2.093246953
234 302 3 9426425 2.093248969
255 274 3 6120 2.093256556
299 244 3 505910 2.093268528
326 228 3 1312740 2.093272714
320 249 3 3918 2.093282642
293 229 3 442597 2.093283339
303 272 3 108463 2.093303955
295 235 3 57651 2.093305051
292 246 3 675367 2.093310667
309 238 3 23201 2.093317299
228 269 3 1263989 2.093330792
313 231 3 28928 2.093337464
275 289 3 31416 2.093339701
306 264 3 1226746 2.093339886
292 264 3 43895 2.093345426
248 271 3 5670 2.093355861
308 229 3 5284 2.093364768
262 232 3 1924700 2.093378724
238 259 3 1919308 2.093379220
276 300 3 20936 2.093379590
319 231 3 8984 2.093389400
259 283 3 181618 2.093390147
294 239 3 6538265 2.093391402
317 241 3 7462 2.093400369
235 315 3 76918 2.093403313
302 257 3 66755 2.093407496
313 289 3 16313 2.093460803
244 294 3 3347983 2.093461347
276 294 3 213506 2.093470201
254 241 3 1154286 2.093471461
279 326 3 28865 2.093471611
306 319 3 8071 2.093525753
293 253 3 25565 2.093537372
269 238 3 54460 2.093554650
326 259 3 28264 2.093555367
252 315 3 1327552 2.093557219
238 294 3 11126 2.093561741
232 254 3 46030 2.093565205
232 324 3 226924 2.093576164
240 295 3 3547449 2.093583983
263 286 3 8190 2.093589278
326 301 3 2672324 2.093594378
260 285 3 59034 2.093596647
287 322 3 29980 2.093597714
234 273 3 5758 2.093604727
286 265 3 196146 2.093609543
283 244 3 70270 2.093620297
279 311 3 3433 2.093632224
244 288 3 23093 2.093632628
294 257 3 8850 2.093635206
273 288 3 71328 2.093643655
302 277 3 42669 2.093666585
290 246 3 36066 2.093667684
236 296 3 3698768 2.093673494
301 252 3 1336258 2.093674399
289 237 3 1673370 2.093679283
236 279 3 27360 2.093696296
262 321 3 15945 2.093698877
268 312 3 324 2.093708527
325 241 3 60399 2.093722759
276 244 3 97707 2.093742263
287 247 3 267422 2.093743621
320 287 3 2226907 2.093762741
255 269 3 39196 2.093770327
229 258 3 26590 2.093780418
291 308 3 7044289 2.093783074
262 243 3 13112 2.093785535
310 246 3 8552124 2.093786224
237 274 3 903375 2.093787509
301 318 3 41017 2.093788493
256 235 3 702934 2.093794029
248 301 3 835506 2.093800590
318 278 3 1513437 2.093806252
250 304 3 6252839 2.093808879
246 301 3 3321075 2.093818669
310 292 3 188053 2.093822297
281 295 3 26835 2.093825879
235 272 3 18388 2.093843862
275 261 3 74278 2.093853583
272 229 3 32306 2.093855688
302 284 3 3510553 2.093860882
302 275 3 22423 2.093873638
305 231 3 9670355 2.093876909
241 320 3 21409 2.093882836
273 300 3 587377 2.093884312
243 271 3 7224953 2.093899262
243 323 3 50030 2.093921387
276 314 3 56284 2.093939848
318 232 3 1279718 2.093940339
317 245 3 1770117 2.093946658
282 266 3 34109 2.093955692
237 275 3 29694 2.093973000
295 260 3 75703 2.093983066
238 258 3 1915 2.093998309
254 245 3 1366 2.094011827
312 253 3 57921 2.094013219
306 281 3 2418271 2.094024626
274 264 3 48407 2.094029230
269 245 3 32397 2.094054727
299 265 3 1661 2.094061365
273 314 3 1874600 2.094077363
282 310 3 70733 2.094080578
246 296 3 65065 2.094081957
262 241 3 451778 2.094092217
273 248 3 195499 2.094092977
324 247 3 90706 2.094100819
279 303 3 23731561 2.094107084
271 251 3 169872 2.094119449
232 258 3 1617 2.094120046
305 309 3 9561694 2.094134662
270 261 3 1559183 2.094135262
243 292 3 75622 2.094140415
253 276 3 1974799 2.094145779
292 280 3 2934 2.094157622
314 301 3 7545171 2.094164768
227 318 3 1337956 2.094172927
326 262 3 46783 2.094178053
284 300 3 3106302 2.094178928
252 279 3 21418 2.094181400
265 275 3 2653873 2.094186456
276 293 3 1260605 2.094190019
265 296 3 194761 2.094196138
246 293 3 54840 2.094196659
313 228 3 24814 2.094212238
295 236 3 2569524 2.094215041
286 298 3 878782 2.094216456
300 325 3 62151 2.094237415
239 283 3 3944214 2.094240101
311 238 3 4511747 2.094245539
262 311 3 848765 2.094245832
257 308 3 36454 2.094251062
244 312 3 5154256 2.094261103
317 235 3 363098 2.094262597
284 306 3 1427305 2.094268428
276 234 3 37755 2.094271463
286 320 3 1743563 2.094272555
270 309 3 5393 2.094282717
242 304 3 1749929 2.094286112
311 272 3 15528085 2.094296969
230 253 3 18517 2.094299157
287 252 3 321 2.094303271
303 230 3 6990 2.094307300
264 309 3 32150 2.094316071
282 308 3 41533 2.094322500
306 272 3 8971 2.094326569
303 284 3 4151240 2.094328611
288 267 3 9660626 2.094329058
234 318 3 1978391 2.094330701
246 282 3 38906 2.094332271
233 306 3 2526 2.094339871
296 323 3 4029333 2.094340785
309 248 3 65088 2.094354536
308 267 3 15493 2.094369414
235 319 3 21381 2.094370648
276 293 3 4086 2.094378594
288 238 3 505 2.094389455
232 269 3 65308 2.094400097
258 276 3 585064 2.094409268
241 252 3 5877130 2.094412595
321 251 3 1786146 2.094425908
272 299 3 10236 2.094426505
271 319 3 2115899 2.094430493
263 279 3 9497797 2.094435505
256 323 3 845452 2.094438697
232 293 3 1982 2.094459576
259 286 3 20638915 2.094486546
310 280 3 1069 2.094494366
291 242 3 9983 2.094513767
228 267 3 1443066 2.094520213
310 280 3 1545 2.094523768
293 227 3 327568 2.094524968
266 307 3 8592 2.094528584
260 238 3 47152 2.094536155
239 299 3 1552149 2.094542140
301 228 3 21988 2.094545671
240 260 3 26578 2.094552726
245 295 3 37945 2.094553737
272 253 3 32220 2.094561662
298 311 3 70155 2.094569097
234 265 3 3140032 2.094589434
322 266 3 17973 2.094604833
301 231 3 974596 2.094633903
278 244 3 1517261 2.094650844
291 279 3 35334 2.094655194
295 282 3 6797405 2.094663175
233 324 3 4729666 2.094697922
238 267 3 6346 2.094712437
241 312 3 35631 2.094723717
287 271 3 4116 2.094745298
317 298 3 39118 2.094745954
259 300 3 22426 2.094749666
238 283 3 1094585 2.094760143
299 273 3 2581356 2.094760540
228 276 3 5922099 2.094763753
305 318 3 76684 2.094779433
273 311 3 6006618 2.094790788
294 311 3 1066 2.094802726
233 267 3 26427 2.094807005
243 312 3 21688 2.094808873
323 271 3 15130 2.094814413
256 288 3 2531372 2.094816030
241 324 3 22327 2.094821012
311 267 3 21318 2.094827336
287 237 3 3171559 2.094840363
266 295 3 25000 2.094860397
244 253 3 2051774 2.094863633
284 238 3 337312 2.094865940
296 321 3 3433437 2.094867813
243 279 3 1011308 2.094891948
305 313 3 113333 2.094920150
305 279 3 39602 2.094926307
317 268 3 716438 2.094940129
304 230 3 6678593 2.094945324
272 323 3 70326 2.094946691
312 285 3 7729 2.094949819
310 286 3 25424 2.094960616
283 290 3 1737 2.094990881
292 276 3 1546482 2.095029795
239 297 3 24389 2.095033301
227 266 3 17129619 2.095042393
262 326 3 15402 2.095044413
294 307 3 3577487 2.095044856
322 240 3 789337 2.095071452
261 304 3 8157 2.095073072
282 263 3 34580 2.095074311
231 255 3 53640 2.095077603
262 239 3 6036618 2.095082455
270 265 3 189282 2.095082757
289 268 3 17332 2.095106738
250 323 3 28893 2.095126281
278 239 3 31777 2.095127545
282 304 3 7527911 2.095133573
318 259 3 8063635 2.095136569
287 240 3 16012136 2.095148259
241 278 3 2666789 2.095152688
298 283 3 2903 2.095167199
243 282 3 73120 2.095178534
302 278 3 31134 2.095195854
276 257 3 9526 2.095205635
277 262 3 1876781 2.095209367
293 313 3 8448 2.095211261
258 300 3 3318 2.095220037
323 301 3 48349 2.095223345
247 295 3 1117 2.095238067
244 307 3 23757 2.095239178
321 305 3 3713209 2.095239291
301 252 3 1223286 2.095242158
264 321 3 5578 2.095247492
304 268 3 25950 2.095257091
295 279 3 26501 2.095262730
307 297 3 3190 2.095284758
321 281 3 300680 2.095285098
255 314 3 92135 2.095289514
237 304 3 34495 2.095333396
257 299 3 53941 2.095335958
275 295 3 8044 2.095344358
253 275 3 46296 2.095344879
244 318 3 30745 2.095347648
231 325 3 27771 2.095350956
291 231 3 53483 2.095354598
307 234 3 75399 2.095359156
295 248 3 576591 2.095369211
321 281 3 7303767 2.095370151
255 325 3 1504132 2.095378312
279 295 3 42609 2.095383350
287 276 3 24376560 2.095423020
285 239 3 13991 2.095424976
287 307 3 6533794 2.095426142
244 276 3 645397 2.095431602
291 308 3 74453 2.095445547
275 228 3 29521 2.095449407
239 303 3 456529 2.095458852
243 247 3 73190 2.095475517
261 244 3 276927 2.095484838
312 255 3 3478621 2.095517758
308 272 3 773756 2.095521897
285 237 3 58964 2.095526711
244 288 3 150242 2.095537552
297 266 3 472267 2.095537892
282 320 3 4215130 2.095541921
231 284 3 1497454 2.095542546
299 280 3 113225 2.095546909
229 283 3 66794 2.095549721
286 317 3 334361 2.095551907
269 316 3 39729 2.095555582
315 253 3 18040 2.095580581
285 255 3 3065979 2.095588676
301 320 3 8173632 2.095589774
247 298 3 48024 2.095594144
266 287 3 8811535 2.095597759
281 322 3 34534 2.095604058
258 272 3 35493 2.095615945
283 259 3 26200 2.095616657
268 319 3 41088 2.095628785
258 298 3 33538 2.095629122
318 303 3 17594 2.095631324
301 285 3 59758 2.095634419
238 267 3 1737598 2.095641949
326 277 3 8006976 2.095651211
309 238 3 13504518 2.095655512
323 238 3 3261 2.095663434
264 277 3 5523 2.095667353
267 253 3 14962 2.095668263
270 291 3 1558963 2.095669216
245 298 3 66201 2.095688951
307 261 3 923967 2.095698812
266 326 3 29232 2.095700365
260 240 3 3385476 2.095714295
284 228 3 19320 2.095723523
314 301 3 1171118 2.095727679
295 230 3 33618 2.095745581
231 294 3 8714 2.095762682
258 314 3 3012508 2.095768474
278 314 3 2279350 2.095772557
323 297 3 17234 2.095783959
303 247 3 890153 2.095784375
303 262 3 7224669 2.095796968
250 314 3 94610 2.095808225
320 258 3 28242 2.095812558
296 256 3 82097 2.095814923
309 262 3 118616 2.095823452
306 231 3 47839 2.095826796
301 262 3 17747 2.095829794
256 286 3 4238945 2.095830773
295 260 3 16232 2.095833220
237 283 3 704080 2.095833608
323 258 3 100611 2.095841037
311 248 3 948314 2.095842096
258 285 3 52312 2.095844246
266 236 3 14275 2.095846255
235 273 3 2491 2.095873938
264 315 3 1011676 2.095887942
233 269 3 4097384 2.095900148
276 238 3 2574 2.095901715
321 296 3 40711 2.095901997
268 289 3 1138786 2.095916192
301 282 3 7824086 2.095917751
252 275 3 1630732 2.095919206
246 287 3 71960 2.095924601
229 314 3 124119 2.095935721
291 251 3 1274 2.095946333
237 289 3 24219 2.095953052
297 325 3 4995 2.095953324
285 245 3 22907 2.095977998
318 269 3 74808 2.095992528
271 257 3 3891024 2.096012829
249 310 3 286296 2.096017274
285 249 3 32497 2.096048061
277 313 3 26236 2.096051273
318 245 3 7831 2.096062425
297 267 3 75457 2.096062706
313 286 3 6871089 2.096063270
228 249 3 4091 2.096063274
278 289 3 3175345 2.096063687
272 241 3 7714 2.096063887
259 279 3 166997 2.096068800
238 293 3 15357 2.096070751
308 246 3 26089 2.096080805
278 263 3 25210 2.096104179
312 238 3 188293 2.096105234
269 256 3 4770541 2.096109766
295 315 3 39353 2.096114069
232 299 3 1643344 2.096116679
269 235 3 757935 2.096118030
308 241 3 411851 2.096120432
260 270 3 198409 2.096132503
263 227 3 57628 2.096132750
258 291 3 3288 2.096133925
232 260 3 2938961 2.096140064
233 256 3 1116511 2.096145692
231 325 3 9655 2.096150489
266 267 3 47276 2.096154421
243 253 3 6861 2.096157084
312 278 3 475113 2.096167919
316 280 3 329 2.096168126
281 297 3 4319967 2.096171460
228 291 3 3905 2.096175358
280 294 3 7473 2.096176729
243 278 3 34193 2.096177118
265 292 3 24168 2.096190151
239 247 3 76996 2.096191629
268 240 3 7806 2.096204273
238 314 3 6071556 2.096229190
278 262 3 1678540 2.096233311
295 246 3 5103889 2.096254872
299 318 3 21666 2.096263285
270 250 3 2437531 2.096272454
265 277 3 1696852 2.096311376
294 308 3 8281 2.096313383
241 302 3 65374 2.096317254
278 295 3 2081688 2.096318156
239 309 3 27314 2.096350776
275 295 3 5131226 2.096355718
290 310 3 9498 2.096362348
229 299 3 159691 2.096363838
317 239 3 645622 2.096372605
318 274 3 375138 2.096385081
240 311 3 73081 2.096399002
310 284 3 110576 2.096420366
307 300 3 26214 2.096429578
231 250 3 48484 2.096463008
261 276 3 1228127 2.096481207
238 279 3 4426 2.096482854
250 286 3 441771 2.096487499
292 278 3 3151550 2.096511314
311 295 3 49394 2.096526463
255 296 3 3414411 2.096540777
318 231 3 5711 2.096554028
313 259 3 26912 2.096556690
321 286 3 24331736 2.096564302
280 234 3 48774 2.096578424
325 233 3 13941 2.096580212
293 239 3 9300 2.096593530
265 231 3 142131 2.096598013
300 323 3 50796 2.096600704
293 271 3 3557918 2.096605617
265 238 3 548094 2.096609043
316 243 3 164537 2.096610489
290 237 3 62784 2.096616649
312 265 3 615706 2.096617620
299 247 3 179021 2.096622076
237 302 3 122683 2.096623875
228 248 3 58940 2.096631635
319 292 3 34244 2.096633679
230 282 3 1438139 2.096641406
315 299 3 62609 2.096658318
321 260 3 353144 2.096660646
279 325 3 6074162 2.096684316
318 258 3 48628 2.096695191
264 241 3 6190 2.096701512
262 230 3 247962 2.096701983
245 251 3 138324 2.096715081
308 249 3 1333207 2.096725267
318 272 3 51873 2.096741562
272 245 3 52412 2.096753059
256 236 3 21552 2.096764041
281 295 3 583373 2.096768337
324 276 3 666621 2.096772740
271 311 3 6501 2.096780725
259 233 3 39450 2.096783741
268 266 3 1598267 2.096784381
244 291 3 14114 2.096792278
295 313 3 708539 2.096793634
311 246 3 2352852 2.096800032
262 233 3 13135 2.096810573
324 236 3 4574 2.096816167
233 324 3 426035 2.096816579
276 252 3 73249 2.096827959
233 284 3 6659 2.096828073
278 240 3 6926336 2.096847786
324 230 3 141983 2.096848024
320 274 3 29676 2.096856680
251 308 3 11319034 2.096860580
274 316 3 20035 2.096866557
307 304 3 402177 2.096867053
244 264 3 3466399 2.096867245
228 326 3 38128 2.096869972
285 288 3 2206711 2.096905362
320 262 3 31310 2.096916821
255 294 3 4244 2.096936028
228 307 3 18550 2.096948052
325 261 3 11449 2.096948494
314 284 3 9986 2.096949529
301 228 3 5861 2.096951334
271 317 3 132290 2.096964103
245 262 3 28961 2.096976354
302 277 3 2999 2.096984014
325 280 3 964053 2.096987292
263 314 3 3878332 2.096988052
262 298 3 1833694 2.096997233
259 278 3 4570060 2.096998524
326 254 3 1178 2.097001965
300 280 3 13444 2.097003113
317 249 3 47491 2.097007728
259 315 3 4768989 2.097045737
239 306 3 413561 2.097051258
313 268 3 12950624 2.097052012
264 294 3 7049138 2.097056131
323 240 3 8777211 2.097058576
251 313 3 28303646 2.097069903
242 268 3 423776 2.097093656
308 301 3 3676553 2.097106015
267 303 3 3970239 2.097120495
253 282 3 78559 2.097122560
312 238 3 4910 2.097160160
259 321 3 4535 2.097173938
303 324 3 9093357 2.097182369
271 260 3 1518592 2.097185702
275 255 3 62521 2.097188582
250 275 3 93726 2.097191202
280 241 3 5573 2.097196648
280 260 3 140863 2.097202182
237 306 3 7463 2.097208419
314 269 3 20196 2.097210799
246 261 3 19881 2.097218618
324 231 3 1144560 2.097238687
286 288 3 34180 2.097253000
243 304 3 984849 2.097260769
302 270 3 145102 2.097261572
287 265 3 3836 2.097279135
274 236 3 27930 2.097285862
295 268 3 2592408 2.097286302
260 294 3 25599 2.097299774
277 227 3 847782 2.097300591
250 319 3 447666 2.097309595
286 313 3 954839 2.097321683
268 326 3 22521313 2.097336556
323 268 3 70297 2.097340622
275 312 3 1817320 2.097341192
237 300 3 2616 2.097347819
238 323 3 20058 2.097350574
277 295 3 815601 2.097358590
311 300 3 46875 2.097365850
291 282 3 39769 2.097366554
250 324 3 3789767 2.097368644
263 242 3 2753243 2.097372859
237 287 3 26086 2.097376901
293 247 3 27946609 2.097383759
258 285 3 1694033 2.097388124
302 248 3 896506 2.097392063
259 270 3 165466 2.097400374
291 269 3 22510 2.097401262
317 243 3 26006 2.097402655
273 262 3 24925 2.097406316
306 229 3 67574 2.097413318
243 266 3 22711 2.097435373
311 258 3 2962 2.097437616
295 243 3 8995054 2.097442685
243 275 3 69607 2.097443845
319 240 3 50659 2.097445098
270 243 3 2002 2.097459397
241 313 3 79287 2.097476370
240 318 3 478421 2.097477497
321 251 3 9892 2.097483092
307 244 3 9 2.097492746
309 249 3 56501 2.097504152
279 320 3 183635 2.097505203
259 314 3 135523 2.097507019
229 257 3 34641 2.097514129
256 240 3 64572 2.097525617
260 233 3 91943 2.097532103
231 275 3 24986 2.097537809
236 283 3 610690 2.097558374
231 315 3 6996 2.097562472
308 238 3 3073 2.097566538
313 245 3 156680 2.097578218
237 294 3 563942 2.097580256
297 286 3 25031 2.097581369
259 326 3 6778281 2.097583389
279 287 3 27746561 2.097593469
315 277 3 10675 2.097602844
294 285 3 22149 2.097618559
276 251 3 17856 2.097646640
237 275 3 49125 2.097673651
240 293 3 310414 2.097678397
323 245 3 23531 2.097691640
279 287 3 60248 2.097694252
281 301 3 1287525 2.097704737
318 248 3 1794724 2.097717321
296 247 3 29648 2.097727030
239 308 3 30318 2.097733023
265 320 3 60663 2.097740385
278 256 3 176358 2.097749512
300 285 3 4068 2.097751577
325 241 3 4455301 2.097759378
310 281 3 42445 2.097767182
291 273 3 30458 2.097767652
297 230 3 37779 2.097770553
261 233 3 1940771 2.097774927
302 275 3 580574 2.097780795
261 286 3 18166 2.097780828
260 295 3 2717987 2.097782033
259 234 3 6886 2.097788972
310 228 3 40831 2.097809591
307 263 3 16138984 2.097821577
323 236 3 16987 2.097828578
256 303 3 3375 2.097828772
288 309 3 42474 2.097837913
246 325 3 58472 2.097841557
255 298 3 43880 2.097867057
325 277 3 1681260 2.097870576
310 233 3 33193 2.097870859
251 274 3 2081 2.097890405
276 246 3 50407 2.097895886
236 324 3 162 2.097906834
255 284 3 66953 2.097908363
297 233 3 10495 2.097921570
306 279 3 71683 2.097935806
246 307 3 1020473 2.097936049
228 258 3 2949179 2.097944503
242 287 3 76241 2.097954749
317 276 3 1125105 2.097964863
240 275 3 173000 2.097966481
243 312 3 7188 2.097966566
289 274 3 224799 2.097989491
253 288 3 1888163 2.097998135
311 227 3 9664 2.098010348
281 238 3 3460 2.098014157
314 280 3 51171 2.098028129
231 266 3 3116963 2.098048481
303 282 3 6753876 2.098087846
313 276 3 1141390 2.098088322
280 244 3 456410 2.098091271
280 324 3 2863218 2.098094739
268 306 3 3085676 2.098103942
257 269 3 13285 2.098123630
274 312 3 44499 2.098126309
236 248 3 69059 2.098127527
318 261 3 37495 2.098130835
258 278 3 11262 2.098133351
230 263 3 3776032 2.098134663
263 236 3 2873556 2.098153612
242 252 3 721001 2.098159058
248 303 3 7766842 2.098188283
248 304 3 8239 2.098194949
258 310 3 300964 2.098199256
313 258 3 67627 2.098200415
289 278 3 78298 2.098213445
282 288 3 5616 2.098216571
273 313 3 1205927 2.098219172
254 315 3 1342631 2.098226863
263 229 3 7950559 2.098230692
318 229 3 110423 2.098242586
274 262 3 45217 2.098265777
308 301 3 2997474 2.098265890
326 254 3 2921856 2.098281876
229 263 3 39291 2.098282355
250 275 3 24649086 2.098291550
242 260 3 1813212 2.098295760
300 281 3 2250 2.098305377
264 304 3 48923 2.098322204
303 240 3 1182352 2.098350310
310 288 3 8810217 2.098355730
249 325 3 1371 2.098367820
236 285 3 1873069 2.098370114
257 240 3 15151 2.098371646
231 285 3 8742757 2.098380981
272 240 3 133796 2.098401684
230 296 3 6086342 2.098412166
237 278 3 1817482 2.098420736
281 266 3 22956 2.098424371
308 258 3 172072 2.098425530
241 326 3 7731 2.098447088
323 246 3 4842393 2.098452940
242 281 3 36470 2.098462935
256 278 3 1607794 2.098466120
294 263 3 49398 2.098473468
236 272 3 28960 2.098481661
287 277 3 4368 2.098482105
313 258 3 72549 2.098484109
232 268 3 66287 2.098491312
275 291 3 185158 2.098499700
310 242 3 1003890 2.098500179
264 287 3 368855 2.098500833
227 293 3 15915 2.098509385
308 243 3 6272 2.098512639
261 232 3 50641 2.098522567
286 321 3 1240861 2.098522851
262 269 3 106444 2.098534834
278 306 3 21222 2.098540082
244 316 3 73718 2.098544208
265 228 3 180605 2.098563463
315 285 3 9068 2.098567371
290 246 3 81626 2.098581026
232 311 3 41006 2.098582094
302 308 3 18925 2.098588648
276 261 3 8005 2.098592296
229 296 3 12913852 2.098593021
288 321 3 604278 2.098614615
237 300 3 1389509 2.098627107
300 282 3 947626 2.098642523
245 250 3 6977597 2.098649646
298 321 3 40708 2.098665517
266 305 3 23011 2.098668917
264 313 3 8809 2.098675192
282 321 3 482 2.098678684
237 276 3 8500 2.098694053
297 242 3 109964 2.098717191
267 241 3 39254 2.098727491
275 257 3 376208 2.098727820
288 271 3 9906070 2.098749193
259 286 3 1157749 2.098754085
299 265 3 1067929 2.098756884
274 247 3 7971 2.098764850
317 294 3 69 2.098768309
273 303 3 21613 2.098772223
254 295 3 167710 2.098783620
325 297 3 218002 2.098785575
273 252 3 6444 2.098792031
296 255 3 24745 2.098796587
297 271 3 3767754 2.098822290
306 268 3 27196 2.098837278
296 244 3 6504 2.098841118
228 312 3 162997 2.098846067
304 320 3 5887254 2.098851568
286 320 3 2383 2.098854661
247 320 3 3488 2.098872529
288 228 3 42433 2.098882227
264 315 3 80013 2.098891114
241 252 3 1382142 2.098904068
262 296 3 6446 2.098907700
297 279 3 4864685 2.098920698
252 278 3 711 2.098932933
270 290 3 241242 2.098937040
255 235 3 553165 2.098960871
286 229 3 702 2.098961939
297 250 3 7746055 2.098977793
257 288 3 5439 2.098979534
281 261 3 2685386 2.099018277
240 262 3 1859746 2.099022999
267 235 3 9225 2.099027586
281 244 3 4684124 2.099033575
235 311 3 7120520 2.099046241
308 227 3 9618 2.099048527
247 233 3 88049 2.099069950
242 279 3 12173804 2.099076429
227 272 3 917346 2.099077508
279 257 3 20609 2.099095825
241 282 3 18900 2.099096462
294 240 3 597258 2.099102344
228 253 3 6230 2.099103731
286 297 3 2896096 2.099112888
231 326 3 22349 2.099119128
288 286 3 5923 2.099126377
320 246 3 1021201 2.099135371
306 324 3 22427 2.099142056
322 259 3 27527 2.099150447
227 251 3 67471 2.099162451
310 240 3 11126 2.099165701
243 312 3 1994143 2.099186340
275 256 3 1457553 2.099192136
254 243 3 27040 2.099207734
285 325 3 1383862 2.099221480
299 282 3 56270 2.099232992
266 271 3 8786311 2.099235657
242 260 3 3490407 2.099238187
270 233 3 55643 2.099253459
289 250 3 4235048 2.099258314
289 265 3 482575 2.099261344
302 248 3 28293 2.099268146
303 311 3 75602 2.099268651
315 277 3 1816119 2.099270315
281 236 3 63028 2.099273589
249 246 3 4055363 2.099276062
300 319 3 3810 2.099281454
243 293 3 29639 2.099282804
284 249 3 1146874 2.099302007
245 279 3 2273585 2.099315000
229 271 3 7321172 2.099316488
278 241 3 20772852 2.099331130
248 323 3 24174 2.099336446
267 289 3 1399 2.099339333
266 318 3 327255 2.099340406
248 242 3 27468 2.099345236
281 316 3 1323109 2.099345989
309 262 3 46391 2.099350951
271 306 3 162984 2.099356335
306 307 3 7164 2.099371132
238 314 3 5306 2.099375529
322 293 3 5099696 2.099375850
301 239 3 4658738 2.099378309
311 227 3 687645 2.099380144
227 259 3 157824 2.099383328
282 290 3 7096 2.099397313
243 286 3 647 2.099402325
318 284 3 1034726 2.099416159
262 274 3 23141 2.099419086
274 287 3 5208 2.099427687
311 241 3 2358689 2.099470094
303 233 3 103340 2.099474437
314 251 3 61343 2.099475176
237 285 3 31659 2.099500072
325 279 3 1372839 2.099507780
313 236 3 1211249 2.099508370
318 266 3 412096 2.099521604
302 253 3 36050 2.099541234
295 319 3 901894 2.099564769
316 302 3 123193 2.099567873
267 287 3 8796 2.099575422
260 297 3 14642 2.099577394
237 318 3 50041 2.099595405
290 286 3 63683 2.099598005
229 313 3 109852 2.099625768
304 264 3 46330 2.099628303
247 243 3 4434430 2.099637996
312 305 3 3408612 2.099657659
274 233 3 33985 2.099658667
250 286 3 1052753 2.099669041
229 313 3 1308507 2.099671599
269 232 3 792077 2.099671601
293 318 3 688722 2.099673809
311 248 3 135241 2.099673845
281 317 3 1625281 2.099673926
258 271 3 41584 2.099678046
261 320 3 4896493 2.099684639
254 273 3 73566 2.099686150
318 278 3 1988 2.099688101
228 256 3 24998985 2.099720023
260 276 3 85727 2.099728108
263 309 3 3319 2.099731943
304 232 3 98886 2.099735233
235 273 3 42904 2.099738814
249 237 3 2149688 2.099743007
275 297 3 7698 2.099751114
230 301 3 9317620 2.099761069
315 227 3 449339 2.099763648
283 292 3 8256 2.099805300
266 272 3 449976 2.099806944
268 251 3 1684424 2.099817550
262 296 3 19951609 2.099823594
242 286 3 5597072 2.099828314
244 298 3 63683 2.099840554
311 266 3 7962656 2.099842365
290 246 3 33278 2.099844055
245 305 3 120339 2.099845139
294 255 3 7010 2.099855493
229 320 3 19729 2.099855507
296 248 3 1120965 2.099856048
303 260 3 18844 2.099860543
257 269 3 70693 2.099866220
287 278 3 20415 2.099870570
296 321 3 14188 2.099878029
274 233 3 4158624 2.099880851
317 259 3 499212 2.099901304
324 289 3 354911 2.099906450
275 266 3 1099117 2.099907645
287 280 3 2727190 2.099912692
318 277 3 70067 2.099916161
239 288 3 8379617 2.099918999
283 306 3 7268 2.099920341
253 287 3 41372 2.099942106
297 316 3 1061 2.099943985
306 319 3 28459 2.099950501
280 236 3 63253 2.099951104
241 308 3 140243 2.099958117
229 286 3 194997 2.099963643
317 247 3 6921207 2.099966170
298 230 3 3795 2.099984987
309 271 3 40735 2.099989165
321 291 3 5891061 2.099993550
274 246 3 35609 2.099996309
