32731
85 87 3 250041 2.000001873
125 119 3 43537 2.000002023
194 119 3 5174516 2.000007186
0 2 3 37017 2.000011853
48 80 3 6918 2.000019111
45 37 3 3454572 2.000019515
153 162 3 61118 2.000021747
123 77 3 4905708 2.000025583
186 77 3 5103 2.000027007
112 120 3 4627 2.000027024
41 40 3 96 2.00002748
162 155 3 55636 2.000028456
192 49 3 13071 2.000029872
39 46 3 749272 2.000033043
81 78 3 41340 2.000033833
83 84 3 46252 2.000038334
10 11 3 6612143 2.000038699
118 191 3 74138 2.000044908
119 5 3 18149986 2.00005307
117 114 3 101398 2.000053633
151 152 3 2798339 2.000056324
50 43 3 4164261 2.000058976
193 189 3 2474905 2.000059871
8 7 3 3753629 2.000062548
5 156 3 6358636 2.000063058
111 123 3 12400 2.000071331
83 120 3 7927 2.000071509
193 191 3 877033 2.000082123
195 191 3 1445 2.000082632
87 11 3 28478 2.000083895
121 12 3 5520 2.000084975
199 193 3 65684 2.000085041
39 42 3 18682 2.000088247
9 12 3 112438 2.000098174
48 38 3 4391225 2.000099072
199 186 3 1995504 2.000107135
185 50 3 612437 2.000109989
44 38 3 2037222 2.000110608
5 7 3 62530 2.000113423
148 83 3 1940747 2.000118667
156 126 3 8265510 2.000121079
195 156 3 79956 2.000121385
115 117 3 1518002 2.000126247
160 156 3 597627 2.00012832
113 117 3 22988233 2.000129671
82 46 3 64292 2.000131297
76 192 3 1452186 2.000132292
152 149 3 5321 2.000136758
159 161 3 3046719 2.000137314
160 149 3 7667 2.000145395
80 81 3 1185559 2.000149262
117 111 3 43344 2.000149539
40 189 3 57426 2.000157561
154 156 3 12900 2.000161043
10 4 3 18434 2.000162722
126 7 3 1590 2.000165322
5 4 3 5361 2.000173239
83 88 3 2854477 2.000173894
3 14 3 5793 2.000181631
14 13 3 14628 2.00018175
118 126 3 5617 2.00018721
114 112 3 18236 2.000187922
4 78 3 6439036 2.000188001
81 83 3 21276 2.000188429
43 200 3 31684 2.000192457
159 160 3 489242 2.000208712
84 75 3 1888012 2.000211508
75 86 3 17567 2.000213376
87 80 3 2853324 2.000217111
161 159 3 1199038 2.000218858
189 156 3 27627 2.000230389
160 154 3 1359003 2.000240297
84 156 3 62288 2.000240705
149 0 3 11907082 2.000240873
119 111 3 1360988 2.000242393
159 153 3 140718 2.000243663
195 191 3 892372 2.000251497
48 77 3 178356 2.000254765
123 114 3 49197 2.000257998
78 74 3 7397 2.00026038
1 13 3 16264111 2.00027192
14 10 3 94617 2.000281958
195 194 3 21917 2.000292005
79 84 3 41507 2.000293041
47 50 3 370217 2.000294707
155 154 3 78507 2.000304208
41 42 3 3205 2.000317786
82 86 3 6850 2.000318145
48 41 3 66435 2.000325384
6 189 3 62364 2.000328187
155 148 3 188 2.000330778
12 4 3 24002 2.000330798
42 46 3 2050820 2.000338658
49 38 3 1974481 2.000341774
152 159 3 3418 2.000344027
185 197 3 3993878 2.000346599
46 40 3 65223 2.000348295
151 159 3 59673 2.000349876
114 125 3 76178 2.000351475
74 84 3 411190 2.000351707
191 188 3 4730824 2.00036583
197 14 3 6155160 2.000370944
116 117 3 178879 2.000374719
151 153 3 21760 2.000378526
117 120 3 4553788 2.000382121
162 156 3 18056 2.000386224
1 77 3 1363485 2.000387061
76 88 3 29967 2.000390171
113 75 3 68539 2.000391641
156 155 3 117225 2.000393606
51 44 3 18799 2.000408207
149 148 3 1247758 2.000411674
8 13 3 25493027 2.000419941
11 160 3 2260 2.000420407
78 84 3 2520832 2.000424908
76 82 3 7562632 2.000429095
82 88 3 43522 2.000433264
82 119 3 69049 2.000433759
124 126 3 8287394 2.000434939
160 155 3 33023 2.000441056
43 87 3 20551 2.000443561
47 117 3 2337092 2.000451631
187 87 3 8132 2.000453577
186 159 3 69759 2.000454065
192 189 3 979555 2.00045585
41 37 3 17013 2.000455938
49 45 3 727884 2.000457671
124 115 3 23356 2.000470226
190 198 3 299903 2.000486039
125 117 3 1269374 2.00049085
4 2 3 156069 2.000492197
39 157 3 9009729 2.00049236
193 189 3 1942872 2.000492758
157 163 3 1331030 2.000493595
4 1 3 5036 2.000499311
3 6 3 390353 2.000500132
151 150 3 4756151 2.000503917
45 47 3 377888 2.000504001
185 195 3 189670 2.000513552
86 82 3 5255254 2.000514974
159 163 3 68456 2.000518245
112 125 3 1933273 2.000527479
126 111 3 905550 2.000529289
187 198 3 77086 2.000530976
150 5 3 1846490 2.000536581
192 197 3 88469 2.000537142
198 80 3 1629337 2.000549052
11 7 3 42085 2.000551063
41 153 3 20887 2.000565599
6 118 3 42213 2.000566418
11 196 3 78431 2.000570374
114 86 3 6992 2.00057043
8 12 3 5714016 2.000571755
84 74 3 28545 2.00057293
43 149 3 3569647 2.000576851
47 38 3 182052 2.000579003
150 149 3 26481 2.00058378
112 118 3 40288 2.000587244
74 37 3 71095 2.000593174
40 49 3 26065837 2.000597608
156 163 3 61495 2.000605964
4 13 3 337675 2.000606173
188 195 3 8425 2.000614761
81 118 3 977422 2.000623398
0 115 3 24257 2.000633999
187 6 3 1123000 2.000634789
160 157 3 32483 2.000650752
51 41 3 1374 2.000654351
41 50 3 8199424 2.00065559
79 85 3 1224683 2.000669585
79 75 3 7060 2.000675418
119 159 3 17654 2.00067617
12 47 3 1171593 2.00067785
13 192 3 313886 2.00068596
193 189 3 7308346 2.000689718
15 6 3 3318944 2.000690924
84 113 3 76016 2.000692541
15 154 3 9570 2.000694144
83 86 3 7690 2.000696467
52 43 3 3997 2.000699185
151 161 3 12735 2.000700262
114 125 3 53946 2.000700953
160 43 3 115359 2.00070213
151 157 3 949569 2.000703456
126 125 3 2680054 2.000703591
0 15 3 632097 2.000705052
148 154 3 377841 2.000707391
75 83 3 29493 2.000708693
8 11 3 202732 2.000709786
2 111 3 26776295 2.000710152
0 12 3 4826 2.000713457
77 78 3 12061 2.000714759
188 46 3 28100755 2.000720009
111 125 3 325272 2.000720282
7 8 3 35186 2.000721639
125 41 3 45508 2.000725974
113 119 3 24271 2.00072744
113 120 3 3768490 2.000727632
89 2 3 77229 2.000730415
116 124 3 3986300 2.000735047
11 76 3 2305692 2.000737519
13 196 3 24479 2.000740935
41 51 3 17874 2.000741608
160 119 3 1483357 2.00074384
162 152 3 17939 2.000748239
9 13 3 31194 2.000752931
155 152 3 662258 2.000758243
4 78 3 74600 2.000758494
197 198 3 31784 2.000762303
0 12 3 27063 2.000764094
113 40 3 9447 2.000772008
116 122 3 63707 2.000773474
111 125 3 1364 2.000773905
4 6 3 5381 2.000777059
196 189 3 6290 2.000782314
125 163 3 48196 2.000787205
46 41 3 78816 2.000789132
78 81 3 33257 2.000792339
191 187 3 668407 2.000797499
117 126 3 6516009 2.000801951
9 8 3 4878088 2.000802082
86 81 3 76512 2.000804115
42 38 3 8644 2.0008066
86 80 3 8503322 2.000809236
158 153 3 7848 2.000809763
153 151 3 32581 2.000810767
200 119 3 755718 2.000813266
190 196 3 133738 2.000815302
49 40 3 1145228 2.000817244
154 153 3 56352 2.000818357
152 156 3 1288617 2.000818651
45 41 3 1020208 2.000819201
74 87 3 15353 2.000820207
196 191 3 119536 2.000825288
150 162 3 457169 2.00083023
52 49 3 1097843 2.00083378
49 7 3 6542 2.000838334
160 8 3 1012009 2.000840561
154 151 3 456239 2.000848593
199 188 3 846591 2.000852058
187 199 3 5899 2.000853459
47 113 3 1254355 2.000854522
46 40 3 58813 2.000856185
45 50 3 22573 2.000864839
78 76 3 26826563 2.000869308
152 74 3 21683 2.000872015
51 46 3 1893141 2.000879492
52 79 3 108062 2.000883833
126 120 3 466496 2.000886651
194 186 3 20045 2.000894623
153 194 3 28580 2.000895628
148 159 3 309305 2.000898472
154 162 3 7825 2.000899273
39 49 3 610039 2.000901167
46 50 3 1899 2.000901611
194 192 3 54550 2.000906449
124 121 3 350154 2.000906878
112 114 3 44625 2.000921863
113 121 3 71668 2.000921974
74 89 3 9939784 2.000923043
78 10 3 27063 2.000933825
123 126 3 1834275 2.000933867
47 39 3 15403 2.000936706
123 120 3 28780 2.000942422
75 41 3 75225 2.000946637
115 113 3 2553957 2.000947742
192 195 3 1726397 2.000954756
157 151 3 8933093 2.000965268
113 116 3 36292 2.000970768
47 1 3 77712 2.000974596
198 199 3 112819 2.000976784
125 114 3 4677225 2.000995987
8 5 3 181758 2.000998716
49 41 3 34826 2.000998943
148 51 3 2754 2.001000092
195 188 3 2999244 2.00100378
198 191 3 1653 2.001004266
41 48 3 5009574 2.001007511
185 199 3 3665967 2.001014929
195 186 3 4509801 2.00102316
5 3 3 24393 2.001025142
191 200 3 172647 2.001031036
193 186 3 190310 2.001038096
116 115 3 9862 2.001042901
9 195 3 4849473 2.001044986
195 187 3 6618323 2.001045365
117 51 3 63559 2.001046473
198 191 3 64502 2.001048125
2 7 3 1784 2.00105051
45 111 3 37122 2.001051207
39 52 3 76102 2.001070441
44 40 3 740 2.001071706
197 186 3 146143 2.001079181
48 87 3 604101 2.001086928
123 124 3 13491 2.001093794
121 124 3 26195 2.00110393
89 83 3 17258923 2.001104145
151 148 3 1924446 2.001113927
152 153 3 4889765 2.001122164
74 45 3 22099 2.001125258
117 9 3 76964 2.001140316
185 187 3 687914 2.001145374
114 124 3 16915 2.001149432
39 43 3 776279 2.001150644
120 118 3 1919384 2.00115254
84 87 3 4968854 2.001153473
112 199 3 12899 2.001155049
82 86 3 26473 2.001156348
119 111 3 191680 2.001157818
50 123 3 19736 2.001160584
82 89 3 49998 2.00116628
155 52 3 66222 2.001168322
148 162 3 23042 2.001169106
89 87 3 17833 2.001175149
119 123 3 13886 2.001175981
7 82 3 1367623 2.001176177
124 118 3 46816 2.001179133
120 118 3 3278950 2.001179732
87 74 3 2191 2.001180956
119 114 3 69589 2.001185614
10 12 3 842246 2.00118729
188 197 3 33006 2.001189389
163 153 3 6443199 2.001189497
188 196 3 5158259 2.001191097
44 48 3 36737 2.001193158
157 152 3 635284 2.001205005
80 76 3 50408 2.001207979
118 200 3 70626 2.001214149
76 85 3 1159081 2.001217683
186 151 3 16720 2.00122203
82 76 3 5593 2.00122433
49 187 3 111133 2.001225729
45 39 3 25406 2.0012292
192 199 3 390505 2.001229392
14 7 3 526132 2.001236107
89 74 3 1616 2.001238405
157 154 3 357443 2.001239352
6 0 3 21896 2.001240028
4 3 3 25333 2.001240381
82 75 3 45885 2.001240957
200 148 3 5086331 2.001249416
8 2 3 1018911 2.001254767
120 125 3 2248491 2.001256121
116 199 3 1184358 2.001257011
120 126 3 30108 2.001259356
8 112 3 10966 2.001261679
85 88 3 3086410 2.00126197
6 5 3 39002 2.001267585
149 148 3 63951 2.001273473
124 74 3 7714 2.001274454
39 150 3 45963 2.001280428
196 186 3 166388 2.001288913
7 121 3 55232 2.001296536
200 197 3 37388 2.001297563
6 111 3 15871118 2.001311747
1 15 3 14909 2.001320744
14 10 3 30429 2.00132219
9 15 3 1603120 2.001322259
158 2 3 4899600 2.00132304
198 114 3 196621 2.001323987
111 121 3 29469 2.001324799
121 118 3 464 2.001326843
111 115 3 1635497 2.001332745
84 89 3 5935830 2.001334613
122 119 3 8967646 2.001336139
46 42 3 175924 2.001342013
48 43 3 1150210 2.001343018
113 123 3 21250 2.001351692
15 4 3 1948002 2.001363782
7 3 3 31591 2.001364303
7 11 3 7598309 2.001370993
89 78 3 1287003 2.001376537
114 118 3 10362 2.001388439
79 5 3 774836 2.001393548
74 75 3 1217876 2.001400393
114 113 3 4570237 2.001404982
79 150 3 1983606 2.001405408
113 119 3 71670 2.001416474
199 194 3 17624 2.001416538
194 193 3 13559 2.001417328
114 74 3 2292402 2.001421761
6 11 3 3544708 2.001422911
76 6 3 8667000 2.001428318
148 162 3 31824 2.001428883
2 1 3 1548664 2.001429476
117 112 3 11856 2.001435885
149 159 3 4471827 2.001440801
122 112 3 144802 2.001441482
186 155 3 17362 2.001448608
80 78 3 6477 2.001455432
83 89 3 1918960 2.00145618
52 159 3 506023 2.001467134
42 51 3 952822 2.001468889
2 12 3 1271295 2.001471159
42 122 3 5438 2.001484677
41 50 3 4689746 2.001487258
157 40 3 3331 2.001498777
9 2 3 42641 2.001511973
78 82 3 1484 2.001515829
195 194 3 46389 2.001525344
15 5 3 4080486 2.001526068
45 44 3 5584 2.001532043
37 77 3 1821 2.001536294
75 79 3 40571 2.001538603
113 9 3 14548 2.001538918
39 42 3 3913 2.001539113
115 122 3 1361157 2.00154332
8 199 3 26067 2.001548719
157 162 3 16565318 2.001549124
151 161 3 329755 2.001551281
190 162 3 69319 2.001555381
1 8 3 6382 2.001560606
8 11 3 4541481 2.001562347
74 83 3 54619 2.001563572
74 76 3 12991903 2.001564816
163 160 3 17011 2.001565439
39 40 3 9720054 2.001565808
113 125 3 41630 2.001583839
114 116 3 107289 2.001584844
15 117 3 9976118 2.001588406
49 39 3 40932 2.00158861
189 200 3 81322 2.001590288
79 80 3 5711218 2.001595814
111 124 3 8026378 2.00160587
123 125 3 2082 2.001617236
199 191 3 52250 2.001621053
9 117 3 97818 2.001621457
200 10 3 544184 2.001629827
148 155 3 16369 2.001630287
87 78 3 626874 2.001632238
124 196 3 77306 2.001633524
119 120 3 798968 2.001637405
122 118 3 2098 2.001647497
8 14 3 126906 2.001647595
199 185 3 1737812 2.001648525
118 126 3 21002 2.001649091
118 124 3 10324 2.001650973
78 74 3 2017000 2.001653464
86 84 3 14414 2.001656338
86 81 3 31453 2.001659
89 82 3 182425 2.001659334
89 75 3 9112760 2.001659823
124 125 3 38401 2.001660225
124 123 3 164187 2.001661701
77 78 3 373 2.001670469
192 186 3 42597 2.001675221
1 0 3 33042 2.001676709
84 89 3 1700 2.001680221
37 47 3 1287409 2.001682302
51 43 3 1692522 2.001686412
0 9 3 526227 2.001690449
188 193 3 4337575 2.001690632
77 78 3 1093879 2.001694267
194 193 3 45878 2.00169678
84 43 3 497110 2.001703891
125 121 3 1024946 2.001721925
154 116 3 1084944 2.001723425
75 86 3 1454965 2.001725614
113 119 3 61503 2.001727406
79 120 3 891238 2.001732942
188 126 3 328871 2.00173745
116 121 3 25827 2.00173959
52 48 3 76028 2.00174092
47 79 3 33556 2.001741049
190 193 3 223 2.001743599
193 9 3 709640 2.001746533
79 7 3 1046015 2.001753985
78 190 3 104247 2.001754219
198 187 3 85598 2.001754759
7 0 3 75276 2.001756038
188 195 3 50516 2.001757522
120 122 3 9526 2.001757836
155 156 3 64119 2.001761375
77 79 3 287251 2.001761593
150 163 3 53376 2.001767915
191 195 3 178089 2.00176808
1 14 3 513594 2.001773913
160 149 3 22544 2.001777594
83 42 3 69492 2.001787036
45 50 3 7754 2.001792724
80 1 3 45819 2.001812178
15 3 3 76915 2.001818465
80 77 3 1182134 2.001818545
114 118 3 25764 2.001819611
148 155 3 16460 2.001822438
192 193 3 746432 2.001825631
198 194 3 1158234 2.001829807
51 43 3 26236045 2.001829921
200 196 3 1875865 2.001831404
4 152 3 3940 2.00183218
162 155 3 5277295 2.001835194
12 42 3 67505 2.001846474
120 41 3 23613 2.001847409
2 8 3 7195 2.001848763
38 89 3 3300 2.0018501
162 49 3 78178 2.001851331
156 155 3 64888 2.001852306
192 191 3 24271 2.001858277
50 38 3 58453 2.001858305
120 114 3 74774 2.001858751
116 113 3 14186 2.001866736
2 6 3 176145 2.001871477
189 195 3 559665 2.001876702
157 160 3 22966 2.001891163
46 43 3 30439 2.00189496
13 148 3 3069 2.001903816
155 161 3 403684 2.001903845
194 85 3 3039655 2.001905155
162 158 3 1034071 2.001905206
81 85 3 35399 2.001906081
190 116 3 40825 2.00191029
114 116 3 476324 2.001912468
187 195 3 2714344 2.001913862
84 189 3 145734 2.001914316
150 160 3 2703536 2.001916857
49 48 3 709446 2.001921233
83 78 3 27917 2.001921918
186 193 3 136846 2.001933784
1 11 3 76270 2.001938774
86 82 3 185507 2.00193922
1 190 3 63847 2.001949209
192 190 3 24969 2.001951418
39 46 3 37745 2.001953349
121 122 3 7934 2.001955603
1 4 3 165853 2.001956804
159 150 3 25616 2.00196005
49 79 3 11415 2.00196348
158 154 3 3706725 2.001969504
193 199 3 46258 2.001970117
160 150 3 51898 2.001971462
15 79 3 9325783 2.001971863
190 189 3 76306 2.001973394
79 83 3 9623 2.001974619
149 1 3 339787 2.001976602
87 44 3 16255 2.001984859
115 123 3 724264 2.001985055
85 150 3 25199 2.001987096
160 161 3 7062315 2.001988657
151 41 3 70099 2.001995891
119 114 3 2303817 2.001998115
40 45 3 151035 2.002011259
48 51 3 4057 2.002022784
88 77 3 6088 2.002025804
89 85 3 150234 2.002027939
82 84 3 56178 2.00202806
47 42 3 448 2.002035641
4 79 3 1143 2.00203781
42 40 3 28996704 2.002042527
77 80 3 14614404 2.002042706
151 153 3 1777496 2.002043458
197 187 3 98301 2.002045945
148 152 3 32956 2.002055576
154 150 3 20084 2.002057924
116 112 3 55090 2.002060985
0 9 3 8103 2.002061834
155 150 3 1261958 2.002062534
9 5 3 154598 2.002067877
49 41 3 735972 2.002069403
50 39 3 456 2.002076405
124 111 3 65901 2.002079906
83 86 3 8405 2.002086643
113 74 3 77467 2.002091114
85 83 3 1145399 2.002096576
113 5 3 676348 2.002101229
149 155 3 27187 2.002104289
163 157 3 74224 2.002106553
156 155 3 27176 2.002107474
125 117 3 16382 2.002122935
119 124 3 1947305 2.002123329
48 39 3 16435 2.002128946
40 43 3 131450 2.002132204
190 194 3 1652594 2.002137218
190 191 3 315000 2.002142207
37 49 3 54887 2.00214558
13 10 3 1262029 2.002158412
112 111 3 2370 2.002171225
148 120 3 8145 2.002174532
15 5 3 23818 2.002175164
193 187 3 38528 2.002177895
119 85 3 4437 2.002180942
7 11 3 15079 2.002183029
193 186 3 2856246 2.002183111
15 3 3 18865 2.00218707
42 49 3 175860 2.002190727
85 84 3 37917 2.002192144
153 160 3 579492 2.002199846
40 37 3 50468 2.00220424
163 148 3 112300 2.002204749
192 188 3 686506 2.002205297
84 125 3 4807044 2.002206592
52 41 3 5265681 2.002207138
79 158 3 6419 2.002207362
82 193 3 2154581 2.002210881
117 112 3 43808 2.002214278
195 196 3 788072 2.002219245
148 154 3 1332713 2.002229938
187 192 3 51396 2.002237314
47 48 3 9846869 2.002239655
8 200 3 163370 2.002241122
0 6 3 300581 2.002259642
1 11 3 675707 2.002264298
126 117 3 3957307 2.002264774
0 6 3 32240 2.002268864
45 49 3 1098219 2.002268933
111 121 3 921 2.002279859
187 186 3 20657 2.002282893
190 185 3 1803270 2.002283909
86 76 3 168319 2.002284256
154 152 3 7729 2.00228471
148 116 3 73600 2.002289959
123 111 3 27352 2.002290262
150 89 3 85331 2.002291972
151 163 3 29656 2.002293408
13 2 3 12589964 2.00229368
195 150 3 76280 2.002294984
189 197 3 47219 2.002295706
187 74 3 1948485 2.002295805
6 0 3 935976 2.002297429
119 86 3 10953 2.002301343
10 15 3 4870356 2.00230572
83 77 3 58618 2.002310882
52 47 3 74830 2.002312338
0 14 3 25561 2.002322344
12 11 3 21112 2.002324182
44 37 3 3144 2.002324521
118 113 3 13388700 2.002326559
86 88 3 1496 2.002327546
5 151 3 3472463 2.002331194
111 126 3 6944326 2.002331453
112 115 3 78403 2.002333096
121 115 3 142304 2.002336133
194 192 3 947688 2.002336374
77 5 3 13301 2.002337442
45 40 3 43633 2.002341032
10 3 3 588698 2.002341208
77 116 3 9376287 2.002341602
112 122 3 143382 2.002344169
154 149 3 32373 2.002357079
151 78 3 9936210 2.002362565
162 161 3 22502 2.00237077
117 77 3 27004 2.002382924
189 188 3 67479 2.002384999
118 123 3 59618 2.002386633
153 75 3 1912402 2.002387073
163 125 3 5628542 2.002391132
41 46 3 1289193 2.002393243
148 162 3 1876 2.002395778
116 112 3 1596332 2.00239661
126 121 3 38930 2.002405016
8 6 3 938260 2.00241614
189 5 3 22260227 2.00242142
1 0 3 9291 2.002422996
111 47 3 25429 2.002426715
149 162 3 7924229 2.002433201
13 9 3 21192 2.002436729
49 48 3 932535 2.002437234
156 160 3 9445157 2.002439527
85 189 3 59763 2.002440701
1 3 3 802 2.002443571
194 189 3 39324 2.002444571
153 149 3 176974 2.002454283
163 49 3 1753830 2.002454446
194 193 3 1629105 2.002457799
47 42 3 1642726 2.002460585
80 76 3 351334 2.002464229
155 160 3 9444 2.002471574
114 111 3 1124573 2.002471835
123 118 3 5298477 2.002475809
0 39 3 1857585 2.002475941
0 78 3 6732 2.002476863
151 148 3 3480696 2.002496249
14 7 3 892638 2.002497111
43 13 3 2685591 2.002499675
50 40 3 67988 2.00251372
155 151 3 13153 2.002518953
197 189 3 56535 2.002519025
89 88 3 17838 2.002522791
3 12 3 5110 2.002524824
89 48 3 32889 2.002528452
160 149 3 3386 2.002532327
76 151 3 3975904 2.002535488
14 15 3 6013587 2.002537981
111 123 3 22811 2.002543571
74 113 3 124 2.002543903
2 12 3 1277725 2.002544384
185 188 3 419049 2.002549098
155 120 3 5241169 2.00255785
154 150 3 156101 2.002561756
1 0 3 6741 2.002563305
40 84 3 2663238 2.002566071
49 38 3 53265 2.002584491
75 83 3 9030 2.002586104
83 79 3 20246 2.00260421
87 75 3 8212978 2.002604842
185 195 3 468952 2.002605406
10 14 3 38525 2.002607943
111 126 3 4265 2.002619533
75 74 3 71041 2.002620468
156 157 3 3506 2.002620795
46 42 3 2408189 2.002626338
37 39 3 967751 2.002626513
75 89 3 29842 2.002631392
115 121 3 2852221 2.002639849
78 83 3 161082 2.002641309
155 148 3 26371 2.002644049
189 200 3 1929201 2.002644095
156 157 3 18174 2.002645293
38 37 3 4360 2.002646165
80 193 3 10832281 2.002649903
44 43 3 380899 2.00266026
42 14 3 5728 2.002663189
77 88 3 651912 2.002663197
12 39 3 18224 2.002663958
116 126 3 77239 2.002664357
52 37 3 43547 2.002664715
113 123 3 2714630 2.002672386
162 148 3 34121 2.002673183
50 41 3 8723 2.002675356
200 198 3 60125 2.002676314
10 4 3 3468857 2.002678531
46 41 3 14674 2.002678968
79 155 3 3800 2.002681068
157 156 3 45076 2.002681279
15 148 3 186260 2.002683846
152 157 3 1292788 2.002686977
0 6 3 3316157 2.002688505
37 113 3 1271287 2.002689849
154 155 3 5443585 2.00269175
82 76 3 5268 2.002698393
121 112 3 2820854 2.002706217
11 9 3 4994815 2.002706257
1 11 3 1019821 2.002709325
13 1 3 3161615 2.002712532
77 78 3 22221 2.002717323
118 117 3 8803 2.002717707
191 185 3 1778382 2.002719705
45 37 3 105722 2.002721157
14 45 3 65966 2.002721527
38 112 3 76800 2.002732604
157 161 3 33212 2.002738287
12 52 3 22451 2.002740289
75 89 3 66384 2.002741007
198 81 3 571399 2.002748216
153 4 3 1787552 2.002750993
74 83 3 3287433 2.002755504
126 154 3 3797710 2.00275826
81 78 3 77036 2.002758273
87 50 3 6343 2.002766858
188 197 3 687470 2.002767571
89 155 3 1490022 2.002769557
157 163 3 46349 2.002772812
46 114 3 80598 2.00277441
112 114 3 2970808 2.00277899
185 195 3 1943592 2.00277987
37 48 3 9305995 2.002782863
38 5 3 1660463 2.00278606
0 7 3 34444 2.002787036
51 185 3 1737160 2.00279492
194 195 3 41804 2.002799936
187 199 3 960043 2.002802375
192 196 3 17385 2.002803028
118 113 3 40537 2.002803603
125 121 3 53017 2.002807993
87 9 3 29681 2.002819611
84 86 3 3254680 2.002819754
7 194 3 63571 2.002821252
191 197 3 18062 2.002822821
83 2 3 5961563 2.002824321
75 86 3 382217 2.002826693
38 41 3 1797972 2.002828321
121 116 3 1177803 2.002828505
199 190 3 2879 2.002832958
11 76 3 1267658 2.002837462
126 123 3 5164 2.00284215
119 112 3 77354 2.002842635
0 14 3 23189 2.002854478
4 7 3 3658 2.002854529
0 161 3 1273182 2.00285611
188 199 3 8150 2.002857302
2 14 3 420286 2.002858399
83 188 3 10293874 2.002860294
3 1 3 2290 2.002860939
119 200 3 20904 2.002865768
46 45 3 53422 2.002866157
3 187 3 56177 2.002867833
3 115 3 24454677 2.00287167
15 8 3 621380 2.002876123
88 89 3 478037 2.002878442
160 155 3 68218 2.002881095
125 124 3 3550582 2.002885548
47 2 3 58774 2.002888082
12 8 3 4030 2.002889616
15 2 3 3069262 2.00289005
87 78 3 14127674 2.0028992
112 117 3 2165476 2.002899506
160 200 3 2479469 2.002902735
152 49 3 7684 2.002911804
41 50 3 49103 2.002923913
7 1 3 1240073 2.002926699
50 42 3 27248 2.002927166
14 122 3 63540 2.002927256
188 190 3 500838 2.002937722
186 78 3 85415 2.002945738
1 123 3 17748 2.002956698
82 10 3 3371065 2.002961313
12 6 3 50742 2.002963349
151 152 3 9418 2.002965783
191 188 3 4972248 2.002967891
39 43 3 1434428 2.002968658
148 50 3 50127 2.002972502
117 116 3 37188 2.002975744
85 88 3 108564 2.002976324
160 149 3 822 2.00297703
39 45 3 88490 2.002983055
81 86 3 5907 2.002989552
161 154 3 300527 2.002998596
151 160 3 175036 2.003002457
120 112 3 43179 2.003002913
186 187 3 7141 2.003005744
43 40 3 3908115 2.003005932
49 162 3 3391841 2.003021088
156 125 3 127104 2.003021377
77 86 3 17028 2.00302322
124 117 3 118104 2.003024348
155 150 3 1335061 2.003028834
11 1 3 62045 2.003037167
88 39 3 8857460 2.003044935
41 44 3 29014 2.003052888
81 75 3 4697198 2.003059874
122 125 3 23846 2.003061057
13 152 3 1631030 2.0030632
45 43 3 1563706 2.003065191
114 126 3 359811 2.003068324
121 113 3 12779 2.00308036
37 2 3 9955419 2.003081255
42 41 3 50035 2.003089587
83 87 3 29992 2.003103559
78 48 3 6963003 2.003107353
79 74 3 18229 2.003107716
3 191 3 1568795 2.003109217
49 160 3 1584166 2.003110537
116 115 3 223169 2.003117614
52 51 3 10637 2.00311859
163 156 3 980330 2.003122758
124 117 3 122878 2.003125893
4 12 3 104209 2.003129019
193 187 3 5520356 2.003129958
8 10 3 876696 2.00313351
111 79 3 1935343 2.003144974
14 151 3 1573546 2.003147008
37 49 3 33357 2.003147338
8 78 3 157500 2.00314951
85 80 3 7667 2.003151677
188 192 3 46458 2.003160066
76 82 3 15930 2.003160586
187 195 3 53031 2.003162484
124 113 3 2139 2.003166255
7 1 3 70506 2.003168618
187 192 3 69095 2.003169591
39 37 3 38398 2.003170578
10 6 3 57969 2.003181498
86 83 3 29619 2.003183395
14 5 3 1484164 2.003186773
88 89 3 533207 2.003187186
126 115 3 8078 2.003189043
195 191 3 4568503 2.003192476
111 120 3 72457 2.003197238
45 49 3 5340560 2.003202454
194 196 3 1911 2.003212582
197 190 3 27428910 2.003212584
11 119 3 54483 2.003216236
38 37 3 35520 2.003216486
4 15 3 66991 2.003217693
50 43 3 14759 2.003222172
41 46 3 1439146 2.003234363
112 80 3 1725455 2.003234541
126 125 3 21048 2.003235886
148 149 3 77736 2.003237202
76 159 3 23400 2.003237499
189 191 3 5993 2.003241726
89 158 3 219349 2.003248988
3 190 3 20958 2.003253449
185 190 3 14224743 2.003254536
188 193 3 1905676 2.003262521
74 197 3 7826544 2.003264255
121 123 3 112156 2.003272687
123 125 3 5067 2.003286445
84 89 3 1688279 2.003288311
189 192 3 94168 2.003290239
185 198 3 62437 2.003291399
124 117 3 8972775 2.003291438
47 49 3 3322 2.003293766
47 39 3 2176 2.003301393
118 189 3 2045 2.003301447
10 2 3 10978 2.003306159
116 120 3 42924 2.003307976
162 149 3 27904 2.003316723
50 41 3 16820 2.003322515
7 2 3 52805 2.00332363
163 150 3 3104551 2.003325521
152 3 3 13801 2.00333846
149 151 3 24040 2.003344522
113 10 3 74124 2.00334621
76 49 3 3428 2.003348588
9 10 3 3146282 2.003349418
44 43 3 76494 2.003350998
113 124 3 78291 2.003356954
124 154 3 21383 2.00336577
193 47 3 15415 2.003372096
112 113 3 54852 2.003372737
121 122 3 1158437 2.003380935
50 196 3 5964 2.003388639
199 47 3 66493 2.003391566
43 37 3 1021315 2.003393024
119 156 3 66232 2.003405843
122 119 3 75631 2.003406632
121 79 3 9266 2.003414176
187 193 3 4638670 2.003414331
155 112 3 2819 2.003419142
117 126 3 149196 2.003423852
157 154 3 2480724 2.003424028
188 15 3 76088 2.003424141
191 194 3 2753073 2.003426014
14 2 3 33897 2.003433706
186 0 3 2362059 2.003435042
156 154 3 2130150 2.003438462
88 87 3 14573 2.003440078
45 49 3 61794 2.003442553
198 189 3 62670 2.003445813
193 188 3 66225 2.003447493
157 156 3 20997 2.003449645
80 84 3 820040 2.003451174
41 45 3 1302805 2.003453478
38 48 3 48202 2.003454031
193 200 3 54292 2.003454448
77 82 3 3356158 2.003456763
1 11 3 22503708 2.003460641
11 8 3 7530 2.003461799
151 163 3 31906 2.00346488
8 0 3 71025 2.003466827
125 115 3 23538 2.003475034
148 159 3 4915301 2.003475181
83 199 3 44827 2.003487652
111 126 3 45859 2.003488434
153 158 3 47039 2.003494215
120 118 3 20468218 2.003494827
191 193 3 56856 2.003498297
120 116 3 37413 2.003498839
113 125 3 4467804 2.003503425
81 78 3 5453133 2.003509673
3 5 3 57938 2.003524466
76 80 3 39767 2.003538141
45 52 3 3820372 2.003539125
8 4 3 804140 2.003544009
7 13 3 460198 2.00354575
113 126 3 25210 2.003555535
157 159 3 3286 2.003556761
75 88 3 22693 2.003557851
160 161 3 12104 2.003559895
81 79 3 18180 2.003561948
44 43 3 24989 2.003568128
49 48 3 6507 2.003569098
89 83 3 55150 2.003570816
125 185 3 1003 2.003571437
7 9 3 25459 2.003571522
3 6 3 8754317 2.003573707
195 2 3 138787 2.00357454
78 10 3 4368 2.003578985
85 75 3 23128 2.003579653
47 46 3 1762740 2.003580349
88 158 3 13331 2.003583937
125 116 3 4204 2.003589556
190 161 3 1004296 2.00359264
78 74 3 157009 2.003596502
76 78 3 63451 2.003597208
51 78 3 53550 2.003598148
14 6 3 1924863 2.003603906
149 154 3 947651 2.003606814
115 120 3 33025 2.003615714
162 156 3 3359848 2.003623884
199 188 3 1 2.003625148
125 50 3 1211 2.003628478
191 162 3 842 2.003628859
195 194 3 7625 2.003632693
49 150 3 514479 2.003634802
155 152 3 32645 2.003646509
48 46 3 3759959 2.003652369
162 40 3 1646369 2.003655571
158 157 3 3571 2.003660794
5 13 3 74796 2.003664893
163 149 3 52386 2.003667928
9 15 3 11437 2.003676253
14 84 3 71697 2.003680993
11 39 3 22690 2.003682243
43 40 3 1800775 2.003683711
39 76 3 9566018 2.003688622
191 188 3 38105 2.00368927
190 200 3 36771 2.003689354
126 2 3 213418 2.003689485
155 161 3 74123 2.003695993
112 123 3 1717233 2.003698466
2 14 3 19177 2.003705168
40 44 3 595959 2.003706741
111 120 3 5416936 2.003708841
126 112 3 74236 2.003708857
154 155 3 1291 2.003710448
111 117 3 51346 2.003710858
187 192 3 7607 2.003711016
193 188 3 59283 2.003712792
192 186 3 27591 2.003717321
152 159 3 31614 2.003717517
47 37 3 1569121 2.003719883
40 45 3 7064 2.003725678
125 118 3 82134 2.003733835
84 77 3 940541 2.003734151
117 116 3 29298 2.003735639
78 15 3 8838283 2.003738735
44 124 3 14929 2.003739761
158 161 3 60678 2.003748649
116 125 3 1399086 2.003754413
114 113 3 66558 2.003755543
190 47 3 16199 2.003755877
162 154 3 40885 2.003757361
123 194 3 25019 2.003757984
82 88 3 83686 2.003762665
158 159 3 9258145 2.003762718
116 112 3 3362603 2.003765802
190 194 3 137410 2.003771917
88 76 3 43574 2.003773425
14 82 3 21902 2.003781455
125 113 3 58297 2.00378456
152 155 3 28307 2.00378465
124 121 3 3878 2.003784709
157 148 3 8155 2.003795371
14 0 3 46769 2.003804969
124 121 3 1533237 2.003810148
160 154 3 2192139 2.003811644
86 79 3 694731 2.003812307
190 194 3 4461208 2.003814315
2 5 3 29519 2.003814544
43 46 3 34227 2.003820979
8 9 3 65050 2.00384142
161 160 3 62105 2.003842506
185 193 3 22755 2.003844241
121 150 3 25803 2.003846858
197 194 3 139803 2.003854861
162 153 3 68107 2.003860982
40 193 3 1295554 2.003865123
148 149 3 7573 2.003865852
37 52 3 959429 2.00386665
188 197 3 21000 2.003869432
151 152 3 13358 2.003870146
50 156 3 7073 2.003874863
78 86 3 53719 2.003883113
7 118 3 119437 2.003887478
148 84 3 29798 2.003890507
79 76 3 41778 2.0038946
0 13 3 11031 2.00389943
154 115 3 51287 2.00390295
158 123 3 36752 2.003903054
74 185 3 3300484 2.003904512
40 41 3 4945559 2.003904964
118 155 3 321847 2.003918209
197 195 3 3475178 2.003918604
185 150 3 47415 2.003921118
199 120 3 1983151 2.003923432
38 44 3 190539 2.003926741
83 81 3 30540 2.003928123
117 121 3 306485 2.003930288
154 153 3 5597066 2.003934395
117 116 3 52098 2.003944328
81 195 3 66217 2.003944592
152 148 3 1922629 2.003953088
6 12 3 8206678 2.00395319
187 52 3 4063575 2.003954592
87 88 3 28687 2.003964345
80 85 3 494627 2.003965793
52 50 3 193277 2.003970412
151 150 3 56356 2.003975736
123 112 3 51006 2.003975942
6 13 3 1936723 2.003982856
159 149 3 117543 2.003991108
51 81 3 3483 2.003991146
14 15 3 25233 2.003996261
0 117 3 27875 2.004005326
75 88 3 135059 2.004009299
79 194 3 42346 2.004014501
160 4 3 2972323 2.004038007
3 12 3 1212903 2.004043285
151 163 3 13793 2.004050492
188 126 3 42449 2.004050676
155 157 3 49528 2.004055094
161 148 3 8392466 2.004059502
78 82 3 2530002 2.004059851
187 89 3 4583238 2.004060504
155 152 3 1941530 2.00406213
159 154 3 24335 2.004063102
89 79 3 14123 2.0040659
160 1 3 1338785 2.004066573
158 155 3 3074383 2.004076806
152 148 3 437543 2.004076969
38 44 3 8830 2.004083662
161 156 3 52989 2.004090064
194 189 3 579010 2.004091391
188 191 3 576475 2.00409767
117 150 3 5907 2.004099908
5 3 3 69686 2.004101545
74 86 3 22819 2.004104959
38 52 3 177817 2.004105242
193 190 3 30871 2.004113327
158 154 3 1423136 2.004113412
9 8 3 52670 2.004118042
115 126 3 63321 2.00411925
195 155 3 21616 2.00412284
4 0 3 592335 2.004123961
152 148 3 20036 2.004127212
38 47 3 1116878 2.004130943
197 39 3 24186 2.004135799
79 78 3 192408 2.004138531
52 42 3 65675 2.004138715
118 199 3 52922 2.004141783
160 149 3 7057 2.004145612
14 9 3 7428854 2.004146947
192 198 3 18227 2.004147638
194 189 3 227967 2.004148014
52 49 3 307139 2.004155717
152 151 3 23185 2.004156048
77 86 3 16384149 2.004156135
10 15 3 10328 2.004159623
37 39 3 174436 2.004160546
121 122 3 1467114 2.004164274
7 125 3 9298 2.004178874
158 148 3 15214 2.004182114
84 80 3 24682 2.004185413
186 193 3 45537 2.004187237
123 112 3 4945360 2.004187663
194 193 3 6483075 2.004189106
48 52 3 2984 2.004193693
7 79 3 55839 2.004193854
82 8 3 2461052 2.004195448
77 156 3 2194 2.004204282
15 5 3 51630 2.004205935
2 5 3 72205 2.004213017
80 74 3 23425666 2.004230531
86 121 3 184652 2.004230692
47 14 3 614879 2.004233555
153 118 3 33915 2.00423372
185 190 3 442066 2.004235605
190 199 3 14760 2.004236767
159 157 3 23816 2.00423744
149 153 3 14915 2.004240523
157 156 3 1779154 2.004243838
185 193 3 942750 2.004246964
42 52 3 65119 2.004247382
160 151 3 223528 2.004254448
43 40 3 2643989 2.004255314
198 117 3 4671144 2.004258222
9 195 3 60164 2.004260876
161 185 3 2244985 2.004261661
148 153 3 303215 2.004262352
6 11 3 332 2.004265728
84 78 3 9139 2.004268555
112 15 3 700475 2.004287255
114 113 3 504796 2.004293248
7 8 3 3901216 2.004294025
195 84 3 2329235 2.004294995
84 88 3 70216 2.004296066
192 190 3 14247663 2.004297975
15 5 3 8214990 2.00430365
76 84 3 63484 2.004304669
186 193 3 931769 2.004306606
149 114 3 665670 2.004307989
119 112 3 410330 2.00430998
75 82 3 65121 2.004315876
39 50 3 24654 2.004316572
89 85 3 4332 2.004317233
89 161 3 79115 2.004320038
42 82 3 311694 2.004326328
82 80 3 61594 2.004331844
85 87 3 36492 2.004338067
41 45 3 135002 2.004338568
47 5 3 228002 2.004340299
150 148 3 9236723 2.004343674
75 86 3 7331562 2.004358561
196 198 3 1707939 2.004360849
86 159 3 565898 2.004362635
197 195 3 21168 2.004372071
124 119 3 71329 2.004373147
41 148 3 8040 2.004373984
124 116 3 15086737 2.004375217
8 2 3 9546 2.004376991
7 5 3 78541 2.004377259
4 0 3 38372 2.004388716
86 89 3 264 2.004393662
199 160 3 2359314 2.00440212
163 162 3 23262 2.004403785
79 77 3 839220 2.004404008
195 113 3 1119 2.004406529
185 189 3 27128 2.004421493
45 48 3 1946298 2.004424639
187 194 3 19322923 2.004427965
148 156 3 151447 2.004436354
48 155 3 39813 2.004438812
122 121 3 8743709 2.004439707
80 79 3 4581410 2.004450048
161 152 3 5730 2.00445226
14 3 3 13605 2.004456185
189 89 3 5245189 2.004463806
50 40 3 93301 2.004467306
193 192 3 50202 2.004472995
118 114 3 9617 2.004475267
191 200 3 3843035 2.004485127
85 49 3 1587762 2.00449317
50 49 3 79235 2.00449932
13 11 3 29210 2.004502473
14 11 3 4916928 2.004511372
159 50 3 404662 2.004519831
48 52 3 829588 2.004521157
161 121 3 2768 2.004525384
47 74 3 569179 2.004533449
3 6 3 29884 2.004533672
9 6 3 601 2.004535422
47 38 3 10996 2.004537353
190 195 3 43930 2.004537762
160 148 3 143442 2.004539169
158 37 3 3348 2.004540646
124 119 3 381127 2.004557975
6 9 3 52934 2.004561496
80 76 3 9193016 2.00457407
77 79 3 17987036 2.00457798
199 194 3 9782089 2.004580379
114 118 3 6915 2.004580609
87 40 3 6969896 2.004586344
121 120 3 9059031 2.004587098
122 111 3 69166 2.004587801
3 11 3 35316 2.004596843
149 155 3 25020 2.00460866
1 190 3 35050 2.004611545
186 192 3 533440 2.004612196
46 188 3 32909 2.004613429
111 9 3 20578 2.004615113
153 42 3 40779 2.004619172
150 163 3 8416 2.004621996
15 10 3 27056 2.00462241
77 81 3 34913 2.004628232
156 41 3 11145505 2.00463364
111 119 3 234772 2.004634398
149 6 3 855083 2.004635
11 9 3 1149056 2.00463544
195 196 3 20324 2.004638295
48 75 3 4621 2.00464428
2 3 3 57596 2.004644902
78 86 3 9443 2.004645143
150 157 3 72707 2.004656046
187 196 3 4075 2.004656991
190 194 3 2024179 2.00465903
186 189 3 11121487 2.00466047
118 121 3 3545484 2.004666269
78 89 3 4656 2.004675037
39 44 3 8895 2.004677561
82 87 3 3774410 2.004680217
45 37 3 32545 2.004680485
162 154 3 55225 2.004681518
44 39 3 738524 2.004689654
155 157 3 104820 2.004693177
122 121 3 44078 2.00469344
37 40 3 4771639 2.004694143
11 6 3 313099 2.004694448
196 186 3 2182871 2.004696547
4 12 3 5692958 2.004711394
47 187 3 46569 2.004712304
196 197 3 4756293 2.004716275
195 88 3 24561 2.00472388
158 153 3 1023 2.004724249
151 148 3 28883 2.004724404
42 50 3 65754 2.004724554
0 2 3 8299 2.004735034
45 50 3 147241 2.004741692
14 9 3 2508 2.004746827
42 39 3 21054 2.004758164
160 163 3 124986 2.004759909
76 81 3 2269 2.004761278
185 187 3 25075 2.004767245
38 43 3 30014 2.004775013
115 122 3 47993 2.004777299
0 6 3 823 2.004778519
199 193 3 63458 2.004779431
118 4 3 8846240 2.004780464
10 1 3 1018744 2.004785891
194 190 3 50027 2.004793062
193 116 3 173688 2.004798394
159 155 3 3200434 2.004805999
149 161 3 6759249 2.004806247
78 89 3 25072 2.004808351
4 11 3 2015531 2.004808895
81 80 3 9571 2.004809418
159 157 3 9148267 2.004809893
9 14 3 75562 2.00481046
13 3 3 74266 2.00481941
151 155 3 72870 2.004822817
121 126 3 1302 2.004826091
150 163 3 53789 2.00482671
88 80 3 21177994 2.004830604
49 47 3 4230171 2.004833242
9 14 3 17450 2.004835767
189 119 3 3753950 2.00483658
198 118 3 60353 2.004838408
189 185 3 165065 2.004840368
37 42 3 1693398 2.004846004
40 38 3 34834 2.004847259
45 43 3 75706 2.004855897
115 113 3 25241 2.004857487
122 125 3 59841 2.004858447
49 41 3 4758207 2.004858672
89 88 3 54247 2.004865114
122 114 3 91099 2.004869559
7 198 3 353162 2.004870797
89 87 3 65341 2.004875996
52 116 3 74333 2.004884644
82 78 3 9066 2.004885512
149 42 3 12915 2.004889797
162 148 3 24313 2.004894622
15 10 3 32557 2.004894882
190 188 3 37135 2.004896011
45 52 3 56492 2.004904942
116 112 3 8123 2.004905687
8 41 3 52934 2.004907044
189 74 3 8209849 2.004908715
38 48 3 20171 2.004912486
52 49 3 26686 2.004915086
149 80 3 34543 2.004918803
162 152 3 4388 2.004920261
193 200 3 37198 2.004921237
189 12 3 32555 2.004923999
40 37 3 3899 2.004926836
198 195 3 2568 2.00492765
156 149 3 3654052 2.004933809
45 37 3 963878 2.004934701
15 189 3 6343330 2.004936154
10 43 3 4516613 2.004949204
190 159 3 46380 2.004955856
42 119 3 147317 2.00496026
198 192 3 219691 2.004961008
89 80 3 66690 2.004965586
126 14 3 77920 2.004970843
50 44 3 2453253 2.004971342
116 120 3 267961 2.00497187
8 13 3 376062 2.004973866
2 0 3 26804 2.00497497
186 123 3 3848727 2.004979905
157 153 3 44545 2.004983345
89 86 3 42604 2.004985485
155 11 3 14617703 2.004986634
113 3 3 70459 2.005000994
112 114 3 9852321 2.005004431
199 187 3 27273951 2.005006803
42 41 3 2714424 2.005008709
199 193 3 7654 2.00501021
187 86 3 18395 2.005010777
50 47 3 5601882 2.005023756
125 115 3 6251 2.005031211
185 192 3 8807 2.005031768
7 15 3 2473 2.005033923
123 121 3 52569 2.005040075
120 126 3 120273 2.005044524
159 151 3 18440 2.00504549
186 185 3 122861 2.005047499
48 50 3 3782625 2.005053008
198 80 3 75494 2.005055629
125 120 3 73859 2.005059006
41 119 3 3700311 2.005060697
43 41 3 1646726 2.00506126
14 10 3 2763276 2.005063121
45 84 3 42726 2.005067907
158 159 3 866247 2.005076939
153 162 3 9527517 2.005079521
79 78 3 42147 2.005080103
196 116 3 913706 2.005088165
6 15 3 439182 2.005094701
200 189 3 1578826 2.005095487
3 11 3 71857 2.005098247
15 4 3 1007 2.005103638
195 188 3 462999 2.005104796
152 149 3 5591 2.005104804
197 2 3 911706 2.005114464
158 159 3 1968035 2.005114863
80 86 3 5692 2.005117207
11 9 3 35013 2.005119397
89 87 3 53623 2.00512974
38 39 3 9634146 2.005132258
188 6 3 1442 2.005137192
44 51 3 6942607 2.005138685
42 51 3 340803 2.005140533
150 119 3 29950 2.005141541
6 192 3 51616 2.005143902
199 198 3 64076 2.005154308
76 87 3 22408 2.005158793
13 0 3 5312 2.00516345
120 125 3 36616 2.005164113
14 0 3 1978673 2.005166573
156 155 3 60612 2.005172916
153 200 3 1040 2.005175973
8 11 3 2821281 2.005179493
153 152 3 54611 2.005180666
124 161 3 2153638 2.005181756
46 42 3 64370 2.005182246
50 46 3 79153 2.005184025
196 198 3 6162 2.005187369
148 154 3 583458 2.005187684
149 3 3 1627777 2.005189072
116 15 3 27058 2.005189706
4 12 3 8495 2.00519444
48 117 3 39595 2.005203001
82 74 3 513110 2.005206975
2 4 3 54651 2.005210887
151 161 3 12511 2.005214074
42 48 3 68117 2.005221994
75 81 3 1560706 2.005227725
116 117 3 47734 2.005231058
1 15 3 871453 2.005234156
159 190 3 1287482 2.005235016
84 117 3 25140 2.005236473
42 81 3 4996588 2.005240623
119 112 3 4947032 2.005249433
158 154 3 9850 2.00525156
87 48 3 2547 2.005260316
119 87 3 7101 2.005261693
81 75 3 8639 2.005276162
155 154 3 7965 2.005276981
85 79 3 13720086 2.00528598
158 157 3 41488 2.005296544
9 10 3 1629 2.005307847
186 199 3 9184500 2.005308895
37 46 3 30855 2.005323896
192 200 3 1847313 2.005327207
123 118 3 170654 2.005328217
120 114 3 4247596 2.005329412
112 122 3 45508 2.005331022
5 122 3 79861 2.005333496
2 10 3 36157 2.005334751
119 40 3 13268689 2.00533618
187 189 3 542440 2.005338317
51 191 3 1139957 2.005344569
0 11 3 9435 2.005345314
38 40 3 1674020 2.005346353
75 89 3 65812 2.005349541
118 111 3 15465 2.005353034
121 122 3 970024 2.005359172
123 113 3 48774 2.005363788
188 185 3 28824 2.005367226
122 117 3 4099024 2.005369875
187 186 3 12419 2.00537186
153 77 3 5543 2.005384686
162 163 3 1335935 2.005391156
152 163 3 4691 2.005393883
185 111 3 43993 2.005397465
79 75 3 3880724 2.005401487
10 6 3 35723 2.005408077
188 195 3 23104 2.005408958
149 161 3 1715232 2.00540989
194 187 3 7107 2.005411352
77 81 3 1265974 2.005415332
153 163 3 17832 2.005418
121 116 3 78519 2.005420295
12 14 3 15487 2.00542273
3 0 3 184638 2.005448957
197 38 3 41803 2.005450248
78 83 3 4223634 2.005450324
120 113 3 1051769 2.005451226
74 86 3 5500546 2.005451395
3 2 3 25053 2.005456596
80 187 3 20107 2.0054648
13 155 3 9494 2.005467545
193 185 3 30829 2.005467688
200 187 3 20961 2.005470554
80 150 3 4274 2.005472418
156 151 3 39276 2.005473366
47 161 3 3781921 2.005478553
38 45 3 25974 2.005479681
126 125 3 44456 2.005480103
12 10 3 34688 2.005482582
44 40 3 60001 2.00548425
50 47 3 865913 2.0054864
46 9 3 191352 2.005493576
81 76 3 3845791 2.005497331
118 112 3 648007 2.005498928
85 81 3 42953 2.005502467
15 11 3 651492 2.005507165
120 114 3 1282980 2.005508926
198 190 3 77848 2.005511292
157 161 3 8961375 2.005511491
81 78 3 3991259 2.005511901
13 5 3 1946 2.005516181
116 122 3 68435 2.005517017
111 126 3 18851 2.005519734
121 113 3 1349726 2.005520469
44 46 3 21455826 2.00552585
1 6 3 778609 2.005526351
151 158 3 4072075 2.005531928
185 188 3 27997 2.005535244
124 119 3 8709045 2.005535403
45 39 3 15832 2.005545208
126 122 3 4466386 2.005549582
37 40 3 217712 2.005552025
113 148 3 28602 2.005555522
194 197 3 79411 2.005555822
189 38 3 2113 2.005566186
149 152 3 78934 2.00557505
151 89 3 905525 2.005578653
156 155 3 936 2.00557921
150 159 3 12795 2.005580337
156 117 3 8094 2.005583487
186 198 3 2775042 2.005585948
6 189 3 31273 2.005588836
118 8 3 48010 2.005590155
197 198 3 1493 2.00559146
11 52 3 487139 2.005593404
125 77 3 762833 2.005600044
4 82 3 1566 2.005602697
37 49 3 5502 2.00561013
11 1 3 57262 2.005612971
46 47 3 7152011 2.005624505
75 79 3 130247 2.005629265
1 15 3 46632 2.00563284
14 148 3 24967 2.00563405
118 115 3 954791 2.005635683
88 163 3 133948 2.005641209
38 51 3 15621 2.005643783
160 156 3 1271543 2.005646774
42 48 3 53162 2.005654637
189 39 3 22789 2.005659389
112 118 3 25436 2.00567154
38 51 3 4316 2.00567212
187 192 3 161861 2.005672167
113 3 3 3948 2.005672738
193 188 3 3763 2.005676179
39 43 3 96095 2.005678102
121 113 3 243129 2.005680499
6 10 3 1172705 2.00568143
13 9 3 71434 2.005682477
125 116 3 75999 2.005682532
50 41 3 122138 2.005686221
83 198 3 980334 2.005687301
40 45 3 41824 2.005694672
191 160 3 1454098 2.005697098
43 37 3 10821 2.005702928
121 117 3 3240686 2.005705064
38 40 3 535916 2.005706802
74 76 3 4979 2.005710829
75 82 3 63298 2.005711054
1 85 3 7062 2.005730846
77 151 3 3118863 2.00573923
13 9 3 1170 2.005742683
9 158 3 11191 2.005742719
78 77 3 70319 2.005752682
49 37 3 48727 2.005759168
38 40 3 1635291 2.005764569
11 7 3 129767 2.005782278
37 46 3 55829 2.005782343
41 126 3 35635 2.005782661
158 191 3 6917 2.005787481
189 193 3 151117 2.005791669
85 79 3 1801149 2.005792382
125 5 3 3635995 2.005799137
193 199 3 43168 2.005800692
200 192 3 104017 2.005802402
112 76 3 4595 2.005807154
186 8 3 2369951 2.005808838
4 10 3 6056 2.005812628
156 51 3 1242566 2.005815419
8 15 3 41245 2.005816951
118 125 3 25512 2.005817398
46 10 3 24325 2.005817943
151 48 3 7255188 2.005831445
192 197 3 1925 2.005833062
148 149 3 3004698 2.005834618
80 78 3 4809 2.005840488
42 45 3 18268 2.005848051
148 78 3 58478 2.005848616
79 86 3 114555 2.005859647
8 3 3 73251 2.005862626
153 148 3 32074 2.005871303
159 163 3 19036 2.005877767
188 87 3 10501 2.00588843
154 155 3 26461 2.005888723
156 152 3 1642701 2.005898835
49 38 3 40211 2.00590082
37 46 3 56353 2.005902453
118 111 3 164068 2.005907383
115 118 3 987458 2.005907891
7 5 3 23758 2.005910308
156 155 3 31617 2.005910684
40 50 3 56886 2.005918051
79 186 3 36716 2.005924561
82 84 3 188330 2.005929708
84 77 3 1280617 2.005930014
43 39 3 35041 2.005942249
14 11 3 2454064 2.005944572
188 153 3 62131 2.005947691
7 15 3 1894605 2.005948558
84 75 3 170276 2.00594967
150 148 3 6068887 2.005950498
155 149 3 4703753 2.00595149
116 117 3 1607364 2.005951754
46 51 3 9914 2.005952479
9 2 3 145116 2.005953799
154 161 3 426424 2.005961908
117 6 3 39308 2.005963472
88 76 3 22881 2.005966601
194 37 3 23955 2.005970082
114 116 3 2469 2.005972189
49 44 3 7088891 2.005975758
118 123 3 2698 2.005979499
0 14 3 20183 2.005987325
122 114 3 11830 2.005987405
193 186 3 3379183 2.005989186
78 83 3 237306 2.005991664
149 148 3 1229042 2.005994312
49 45 3 5515722 2.00599972
126 118 3 70242 2.006001802
76 74 3 186429 2.006003208
112 113 3 68220 2.006003645
187 185 3 37647 2.006005053
193 187 3 20982993 2.006005478
190 195 3 53974 2.006005769
85 87 3 421097 2.006007278
44 39 3 3482038 2.006007814
150 153 3 181055 2.006012236
74 85 3 134 2.006015507
78 83 3 1129863 2.006021334
155 159 3 29385 2.006023577
118 126 3 5039 2.006023681
117 126 3 63143 2.006034258
52 49 3 6461850 2.006039082
86 79 3 57983 2.006041761
123 122 3 1517150 2.006044172
162 112 3 524658 2.006044549
194 188 3 51978 2.00604704
12 10 3 32649 2.006052335
15 9 3 121439 2.006053159
192 197 3 71411 2.00605865
200 190 3 1313941 2.00606146
42 47 3 582 2.006064956
40 48 3 14134 2.006067565
153 161 3 20895 2.006068966
197 198 3 558043 2.006071679
42 50 3 143050 2.006075732
0 10 3 4442 2.006079749
196 194 3 4801 2.006081768
82 87 3 43112 2.006090574
83 79 3 21417 2.006091607
48 189 3 1606819 2.006099668
88 75 3 16581 2.006102709
157 154 3 962144 2.006108067
117 189 3 664732 2.006111382
190 189 3 2149100 2.006113113
84 86 3 30118 2.00611322
10 158 3 50825 2.00611853
75 89 3 4594 2.00612212
48 152 3 31694 2.006127304
81 88 3 29031 2.006135697
199 192 3 124598 2.006136882
74 76 3 3561913 2.006141375
6 14 3 66284 2.00614262
198 185 3 2192 2.006149938
153 161 3 25291 2.00615759
85 87 3 1739698 2.006162849
42 51 3 477660 2.006165339
79 186 3 47199 2.006165442
48 52 3 52311 2.006167143
43 122 3 1275316 2.006169106
156 155 3 32584 2.006169174
14 11 3 29124 2.006169576
111 89 3 1507 2.006170539
1 44 3 5788980 2.006174379
5 6 3 35177 2.006177469
9 4 3 48754 2.006178178
197 199 3 65469 2.006180554
153 163 3 1307655 2.006187842
7 76 3 702221 2.006191539
120 115 3 3379589 2.006192003
83 86 3 5207 2.006194173
195 82 3 672224 2.006195546
42 40 3 62011 2.006197889
162 150 3 38531 2.006200677
120 111 3 3688026 2.006208613
47 151 3 10704 2.006208622
186 187 3 4772 2.00620933
85 82 3 45904 2.006219605
13 15 3 28867 2.006219977
162 160 3 61372 2.00622187
40 50 3 73128 2.006226913
84 80 3 67094 2.006229555
5 10 3 124053 2.006238053
196 186 3 74175 2.006247439
47 44 3 3078271 2.006247834
155 149 3 149501 2.006256753
154 86 3 19123 2.00625977
157 151 3 17282 2.006262319
83 74 3 41934 2.00626558
120 125 3 6749 2.006276213
157 148 3 73004 2.006277128
51 1 3 3914 2.006281129
50 41 3 9955413 2.006287646
46 151 3 5571817 2.006292743
42 44 3 75759 2.006293152
14 39 3 51588 2.006296656
198 197 3 2915195 2.006300051
116 112 3 4338 2.006302047
12 11 3 73322 2.006308457
162 153 3 543324 2.006311648
123 117 3 63493 2.006329212
43 44 3 1582 2.006331431
49 37 3 198137 2.006338742
116 123 3 28095 2.00634091
191 197 3 1298311 2.006347036
78 88 3 1495363 2.006347087
46 39 3 26257 2.006349524
51 48 3 9433 2.00634995
159 9 3 190775 2.006350313
86 85 3 1473891 2.006358682
196 199 3 53839 2.006360696
199 193 3 145677 2.006362164
186 163 3 75279 2.006370453
112 120 3 732424 2.006378624
120 126 3 30179 2.006381249
189 187 3 8128567 2.006383567
82 84 3 1404735 2.006386913
47 51 3 42540 2.006392259
80 86 3 7609282 2.006395656
199 200 3 6826542 2.006399879
2 8 3 43549 2.006400298
190 187 3 38850 2.006401155
150 4 3 768825 2.006401741
74 87 3 165335 2.006402661
45 76 3 14456809 2.006416409
155 159 3 3821826 2.006425604
2 5 3 51499 2.006437786
162 12 3 20676 2.006448167
88 74 3 1215158 2.006453917
113 161 3 61095 2.006458379
117 119 3 58507 2.006458612
197 188 3 53625 2.006463786
115 114 3 5546611 2.00646441
84 8 3 4483 2.006472531
75 186 3 5592 2.006476684
117 120 3 3156 2.006477937
158 149 3 45600 2.006479782
7 13 3 47214 2.006485754
195 154 3 39330 2.006487603
159 151 3 31614 2.006495006
114 119 3 2792 2.006495541
116 0 3 2593473 2.006495979
122 121 3 1670177 2.006509903
126 113 3 4130141 2.006510873
160 161 3 2214 2.0065179
3 89 3 11617 2.006518605
52 44 3 2383712 2.006520204
187 200 3 3464195 2.006521419
189 159 3 2504193 2.006525111
192 198 3 41535 2.006526405
148 152 3 2118485 2.006534829
185 119 3 57432 2.006535376
42 52 3 227530 2.006537185
121 111 3 1443594 2.006538338
198 189 3 45062 2.006539906
5 8 3 1709037 2.006541824
154 152 3 3472012 2.006549644
10 5 3 25494 2.006555727
154 153 3 1997986 2.006557116
46 49 3 37895 2.006559085
84 82 3 27428 2.006564139
38 114 3 27608357 2.006566934
13 2 3 7767 2.006567637
118 154 3 8603 2.006567682
84 81 3 76876 2.006569064
190 199 3 37847 2.00656921
50 42 3 1809403 2.006577274
40 117 3 1593960 2.006577604
11 5 3 42195 2.006579731
118 115 3 78154 2.006588363
113 163 3 57766 2.006599258
87 74 3 3056398 2.006599739
6 10 3 3871632 2.006600042
111 6 3 66647 2.006601166
153 149 3 8044958 2.006603489
13 7 3 4411839 2.006613294
51 45 3 23610591 2.006623604
11 8 3 19134 2.006625716
89 86 3 1205962 2.006629784
87 197 3 1213546 2.006632136
79 5 3 74775 2.006640616
15 40 3 20679 2.006642227
49 43 3 4362 2.006642881
38 45 3 37225 2.006644657
80 79 3 9911561 2.006647064
117 111 3 1431 2.006666092
192 37 3 25234 2.006668536
126 113 3 2934078 2.006680908
126 124 3 9344683 2.006681437
79 48 3 2362191 2.006685822
115 118 3 78260 2.00668668
199 198 3 172296 2.006689654
198 199 3 171844 2.006690812
187 122 3 4878788 2.006695693
15 13 3 1523644 2.006696512
48 43 3 55305 2.006699332
124 114 3 323177 2.006712193
41 40 3 193859 2.006713401
191 200 3 4642350 2.00672896
197 190 3 177866 2.006730823
48 51 3 68572 2.006733135
122 117 3 7450 2.006733567
14 5 3 28523 2.006735842
152 39 3 862171 2.006736281
8 14 3 242101 2.006738265
192 193 3 1554565 2.006738531
196 199 3 1326193 2.006748144
188 196 3 27325089 2.006749165
37 15 3 1914660 2.00674984
150 161 3 38632 2.006749933
125 197 3 16287 2.00675366
122 75 3 26058 2.006756036
81 159 3 1133955 2.00675986
187 198 3 563 2.006761555
125 114 3 3287 2.00676562
7 13 3 55153 2.006766494
2 0 3 7823 2.006771309
121 115 3 23034 2.006772043
123 156 3 53094 2.006774004
194 198 3 28275 2.00677492
200 77 3 3334 2.006779488
80 83 3 65966 2.006784257
149 153 3 529559 2.006785253
81 79 3 748857 2.00678915
76 83 3 34314 2.006789568
75 87 3 41821 2.006790547
115 123 3 17419 2.006792332
122 117 3 2316 2.006793612
187 195 3 60809 2.006793819
121 197 3 34960 2.006794264
12 2 3 2752429 2.006794844
149 193 3 38489 2.00679702
159 200 3 65122 2.006809736
47 52 3 49076 2.00682042
119 49 3 18442 2.006825798
4 2 3 47853 2.006827391
9 1 3 4118779 2.006827516
155 160 3 61841 2.006839422
14 9 3 978521 2.006844355
191 196 3 46442 2.006845104
121 159 3 23570 2.006845616
3 12 3 830830 2.006848003
153 150 3 48913 2.006848535
38 47 3 885843 2.006848655
80 89 3 1908482 2.006853085
158 149 3 5531135 2.006861159
154 160 3 1070208 2.006870525
150 158 3 64878 2.006872257
86 5 3 39476 2.006874103
124 116 3 17562 2.006874849
191 196 3 6684 2.006876704
43 46 3 2683 2.0068795
50 42 3 39997 2.006880897
52 50 3 51590 2.006883169
1 10 3 126 2.006886659
6 8 3 52071 2.006890658
155 149 3 64627 2.006891104
160 159 3 1408900 2.006895669
198 188 3 2568752 2.006897429
114 113 3 28523 2.006897537
80 11 3 11962 2.006903186
117 116 3 68597 2.006904317
111 126 3 3143 2.006907471
196 188 3 784431 2.006910869
4 10 3 50696 2.006932383
115 121 3 14454315 2.00693267
86 77 3 744891 2.006938837
117 122 3 2365 2.006941611
82 88 3 8241898 2.006952603
192 199 3 43894 2.00695359
37 40 3 289 2.006954769
52 44 3 1812501 2.006954986
193 192 3 9717 2.006955218
114 193 3 361001 2.006957534
123 117 3 1441 2.006964278
88 78 3 5510673 2.006971468
189 195 3 3961 2.006973997
10 0 3 75703 2.006974804
38 37 3 21809 2.00697505
120 46 3 58550 2.006978003
118 113 3 1120960 2.006979296
122 160 3 487935 2.006979542
122 119 3 5625003 2.006982341
77 82 3 64633 2.006983669
76 85 3 9521299 2.006983753
3 10 3 164842 2.006988782
78 186 3 72679 2.006997068
75 81 3 503146 2.007011037
5 10 3 5046 2.007016181
13 2 3 176408 2.007027185
149 152 3 18306380 2.00702759
187 198 3 1095920 2.007029698
50 44 3 6099200 2.007030549
193 194 3 3691748 2.007030606
50 41 3 24658080 2.007035693
2 10 3 29104 2.007038789
185 193 3 37159 2.007040908
187 116 3 9318091 2.007048642
13 5 3 42468 2.007049221
194 189 3 6193 2.007050496
188 197 3 2458 2.007050634
163 151 3 1005 2.007051446
82 88 3 5524701 2.007059474
86 83 3 4300 2.00705976
86 80 3 157592 2.007061165
15 13 3 113193 2.007067308
152 153 3 219261 2.007067638
41 52 3 1298996 2.007069264
44 0 3 525436 2.007073386
199 80 3 2540106 2.007075457
148 191 3 2954062 2.007076912
45 38 3 23271 2.007086049
115 151 3 763280 2.007095598
45 77 3 37750 2.007098512
114 51 3 2018199 2.007100677
79 86 3 78337 2.00710853
0 12 3 575320 2.007116679
4 14 3 70862 2.007117522
150 77 3 1467194 2.007118656
191 196 3 130727 2.007121468
121 160 3 903726 2.007124934
124 39 3 2851989 2.007126648
196 198 3 31648 2.007128469
163 158 3 57832 2.007130743
14 6 3 132758 2.007136293
155 154 3 51527 2.007137517
11 10 3 5393 2.007142498
123 115 3 146185 2.007145051
152 161 3 60631 2.007155754
191 195 3 452570 2.007162883
194 189 3 2346436 2.007174084
3 83 3 26942 2.007174398
7 8 3 2311461 2.007180129
112 156 3 2245 2.007186077
163 199 3 25846 2.007186685
45 46 3 44953 2.007189372
48 44 3 170708 2.007191406
15 4 3 67751 2.007193573
11 14 3 32569 2.007196626
198 185 3 55101 2.007214732
81 86 3 17928 2.007219701
89 148 3 1080342 2.007222221
189 193 3 18229 2.007223791
82 78 3 3991377 2.00723206
11 13 3 6416510 2.007232722
195 123 3 72169 2.007240233
5 11 3 46383 2.007240591
193 189 3 1367237 2.007241934
156 38 3 16687 2.007249027
158 152 3 21692 2.00725344
122 111 3 1411904 2.007254285
116 0 3 2789187 2.007258289
126 45 3 42137 2.007266637
2 7 3 25662199 2.007267294
7 10 3 170877 2.007268579
195 13 3 24376 2.00727357
3 14 3 10329 2.007275311
84 74 3 40797 2.007279912
197 185 3 8650 2.007282927
190 191 3 30399 2.007288902
199 197 3 147915 2.007290284
75 86 3 6025453 2.00729347
116 119 3 2649119 2.007295923
126 125 3 78574 2.007301509
157 160 3 26980 2.007311966
117 122 3 59155 2.007315028
37 74 3 6093178 2.00731688
155 6 3 3348022 2.007324652
0 7 3 1793872 2.007329178
188 192 3 24613 2.007330856
193 185 3 2087876 2.007334637
9 7 3 3873 2.007335119
194 189 3 37299 2.007338471
87 43 3 186036 2.00734453
197 186 3 4472238 2.007348609
47 42 3 9790 2.007348914
112 125 3 4075489 2.007351989
115 89 3 28159 2.007356845
161 157 3 194456 2.007365086
161 155 3 30671 2.007373745
150 153 3 1183 2.007382285
3 0 3 1733482 2.007382855
195 119 3 4395947 2.007383733
42 47 3 1615081 2.007385666
78 86 3 41349 2.007387109
160 156 3 15114 2.007392355
80 79 3 2400084 2.007395373
113 111 3 55457 2.007397115
74 83 3 9150478 2.007399484
38 48 3 4265863 2.00740293
157 51 3 157553 2.007406849
42 46 3 72017 2.007409273
10 8 3 16347 2.007416905
162 151 3 80300 2.007416943
194 186 3 63974 2.007419951
82 74 3 67821 2.00742059
48 44 3 4436659 2.007424695
192 186 3 79755 2.00742568
49 38 3 23549 2.0074257
50 75 3 1257614 2.007428733
75 80 3 58949 2.007431457
163 13 3 9805913 2.007432489
195 196 3 77418 2.007434798
196 193 3 462471 2.007440309
161 148 3 55210 2.007441191
12 8 3 6059478 2.007449063
39 43 3 671294 2.007450569
163 149 3 33312 2.007464345
196 39 3 176482 2.007464803
80 89 3 19884 2.007471733
10 0 3 29496 2.007475958
191 200 3 1290934 2.007490368
75 5 3 4081 2.007493287
118 121 3 25222 2.007496485
189 199 3 2901697 2.007511511
75 152 3 1708293 2.007523859
188 89 3 41636 2.007525145
38 39 3 4236733 2.007525792
112 113 3 69337 2.007527554
163 161 3 1105818 2.007527933
185 197 3 1779524 2.007528526
152 52 3 2019601 2.007530837
45 43 3 52297 2.007534638
120 121 3 15330 2.007537738
42 44 3 13612 2.007537947
47 39 3 7960273 2.007539142
4 12 3 562565 2.007551042
6 13 3 29056 2.007551873
157 158 3 12493 2.007565065
83 84 3 53083 2.007567062
75 188 3 3689 2.007568266
198 200 3 2858064 2.007570702
111 153 3 18290 2.007572206
111 125 3 79459 2.007579439
197 81 3 5638 2.007581658
119 113 3 123027 2.007590972
194 189 3 254876 2.00759838
74 80 3 43499 2.007600773
191 39 3 4146 2.007607126
158 160 3 1762413 2.007609484
150 152 3 47949 2.007609989
162 149 3 3152412 2.007614224
115 112 3 144006 2.007628938
161 84 3 9801796 2.007633871
160 162 3 1006926 2.007634377
126 155 3 11577 2.007637314
88 75 3 655283 2.007639154
156 150 3 72031 2.007642428
0 7 3 28700 2.007645635
15 112 3 27096 2.007648362
196 39 3 5159474 2.007651035
118 122 3 2449 2.007652103
49 37 3 149148 2.007653199
75 192 3 70799 2.007656531
125 116 3 78914 2.007659212
116 190 3 11425 2.007663019
15 2 3 7173 2.007665389
153 159 3 369707 2.007670527
117 113 3 9450 2.007674317
89 75 3 1450 2.007676245
11 14 3 70760 2.007688664
75 84 3 1300003 2.007695181
45 52 3 31144 2.007696532
12 15 3 1731575 2.007699324
152 162 3 53607 2.007705257
193 198 3 91263 2.007706232
160 159 3 53545 2.007708134
51 39 3 62632 2.007709031
43 52 3 1424 2.007714964
195 150 3 6085004 2.007720582
87 74 3 45555 2.007723905
195 199 3 75956 2.007727917
155 162 3 6455 2.007729636
118 87 3 107796 2.007734051
11 9 3 3135779 2.007740312
51 43 3 326363 2.007741167
11 80 3 5038923 2.007746494
195 187 3 44737 2.007753673
81 85 3 1530141 2.007753824
75 84 3 4195 2.007755391
8 2 3 6959198 2.007759015
115 150 3 1792467 2.007765868
89 83 3 321048 2.007774694
198 112 3 881137 2.007777302
117 160 3 1117940 2.007778149
10 11 3 1247948 2.007779395
89 83 3 52597 2.007783697
14 6 3 3606037 2.007790654
48 152 3 399686 2.007793991
151 162 3 942518 2.007804228
187 200 3 66233 2.007815988
42 37 3 40675 2.007819426
149 156 3 8062 2.007831487
154 157 3 68299 2.007835013
117 156 3 38701 2.007836388
122 120 3 3594 2.007838457
42 52 3 88207 2.007841658
43 79 3 41097 2.00784506
189 50 3 78545 2.007845603
154 160 3 1430261 2.007846995
1 9 3 55205 2.007850983
51 52 3 5632 2.007857472
43 193 3 3157352 2.007857997
78 82 3 3830 2.007858087
154 157 3 48531 2.007860157
158 84 3 541822 2.007862427
85 1 3 4106401 2.007863263
14 122 3 3909734 2.007864856
14 1 3 10709389 2.007865069
45 47 3 67100 2.00786657
44 42 3 3684273 2.007872934
120 123 3 4619265 2.007875866
2 12 3 54201 2.007881419
125 122 3 1704804 2.007885727
113 120 3 8866767 2.007889411
2 160 3 156478 2.007894721
150 45 3 54127 2.007894871
82 78 3 37164 2.007897781
15 4 3 175758 2.007900735
160 151 3 4265140 2.007901865
37 43 3 1142147 2.007902333
154 151 3 38831 2.007903924
87 82 3 182598 2.007904527
160 155 3 28145 2.007906223
2 51 3 58407 2.007906813
44 160 3 3595280 2.007908861
123 120 3 35934 2.007913366
50 47 3 2006226 2.00792037
79 148 3 7396 2.007921064
156 160 3 4261281 2.007921671
45 42 3 81944 2.007923823
122 13 3 9806 2.007925809
161 148 3 23620 2.007927825
114 152 3 2304 2.007937072
189 197 3 8058 2.007937102
126 114 3 51804 2.007943472
41 152 3 5295455 2.007956115
79 39 3 9052 2.00795698
76 75 3 402985 2.007960569
160 158 3 273288 2.007968154
85 84 3 40431 2.007974786
162 125 3 22020098 2.007977663
41 46 3 1147215 2.007981497
6 3 3 8753668 2.007995038
51 75 3 10130 2.007996337
45 41 3 17308641 2.007999074
153 150 3 3598288 2.008001377
52 37 3 557164 2.008002232
124 118 3 33887 2.008009321
44 42 3 70159 2.008011159
3 158 3 8689258 2.008014455
119 111 3 888971 2.008017035
158 187 3 37816 2.008022262
50 43 3 26129221 2.008022605
45 114 3 2957227 2.008033675
199 86 3 54102 2.008037361
6 7 3 321818 2.008039058
9 7 3 51939 2.008047604
80 49 3 3421833 2.008049221
190 186 3 4616153 2.008049243
11 9 3 8122 2.008056203
114 123 3 5315 2.008056529
149 157 3 6780 2.008058104
9 0 3 4636905 2.008063417
10 0 3 23564352 2.008065855
191 188 3 6220656 2.008069062
159 160 3 598366 2.008070157
0 2 3 1034914 2.008071186
38 1 3 31933 2.008079926
82 51 3 197891 2.008080826
148 151 3 42594 2.008084905
84 75 3 1755500 2.008085687
48 45 3 29896 2.008097494
152 150 3 1391350 2.008100045
150 159 3 165775 2.008103853
2 79 3 40825 2.008107389
83 81 3 21115 2.008116421
152 162 3 177489 2.00812918
89 79 3 659990 2.008130711
4 12 3 4516931 2.008131934
187 193 3 498704 2.008133192
115 124 3 23307 2.008134172
186 193 3 6478684 2.008134373
112 42 3 79576 2.008136909
123 114 3 25202 2.008147795
198 190 3 53946 2.008150562
189 196 3 1111 2.008160699
148 79 3 5004035 2.00816193
119 122 3 2983779 2.008163229
159 161 3 35296 2.008173909
40 37 3 6800863 2.008175356
87 37 3 584941 2.008176274
150 116 3 37381 2.008188967
9 3 3 27817307 2.008191402
200 188 3 78538 2.008194781
193 6 3 24166 2.008202211
111 119 3 22867 2.008207118
120 125 3 1915587 2.008212028
88 85 3 10199 2.008217541
83 89 3 9178158 2.008220837
37 111 3 13568414 2.008221701
117 113 3 21598 2.008223226
121 116 3 3001791 2.008231414
117 116 3 30457 2.008231542
46 50 3 65345 2.008232889
126 188 3 40463 2.008234195
49 37 3 5757288 2.008235144
199 198 3 36078 2.008239378
38 45 3 2974226 2.008249743
117 188 3 37080 2.008250451
112 121 3 68847 2.008252617
124 116 3 31019 2.008255388
11 2 3 7954004 2.008256413
119 123 3 16199 2.008257585
194 7 3 7402 2.008260065
79 78 3 1510558 2.008261431
152 194 3 51021 2.008263771
188 84 3 2097048 2.008268209
163 148 3 2003024 2.00826954
158 156 3 3450115 2.008273041
197 192 3 141210 2.008278345
78 89 3 54450 2.008282983
7 0 3 4808676 2.008291116
45 46 3 758 2.00829179
149 123 3 4326312 2.00831128
8 12 3 19061 2.008312012
82 77 3 9721254 2.008312405
114 150 3 62515 2.008313492
190 191 3 26411 2.008317239
79 74 3 182140 2.008318178
9 115 3 9715919 2.008319339
7 185 3 15144972 2.008326511
86 80 3 433676 2.00833378
82 84 3 3692541 2.008339878
125 119 3 162390 2.008339926
196 191 3 1584051 2.00834021
83 87 3 989051 2.008348876
42 41 3 3709 2.008352907
86 78 3 5668 2.008353154
125 151 3 91570 2.008359272
155 162 3 21773459 2.008364461
156 47 3 1609 2.008368824
152 155 3 30218 2.008373606
111 163 3 3230633 2.008379043
41 42 3 1830641 2.008381234
160 162 3 4038 2.008384947
47 38 3 41174 2.008389539
77 82 3 1345248 2.008393996
9 3 3 52973 2.008395056
0 15 3 73731 2.008401222
2 5 3 56320 2.008405493
44 39 3 543983 2.008407664
10 163 3 77132 2.008411666
188 189 3 57042 2.0084133
11 14 3 54488 2.008416418
75 163 3 1494540 2.008420214
38 52 3 349425 2.008428942
197 187 3 959731 2.008438515
84 77 3 4868184 2.008443274
197 79 3 23037 2.008447566
89 80 3 4578218 2.008448273
186 190 3 32845 2.008452903
1 6 3 64257 2.008455101
124 193 3 1718887 2.008461903
113 119 3 1443 2.008466246
41 78 3 46674 2.008469456
40 156 3 29029 2.00847359
15 200 3 2198 2.008480999
159 157 3 1897978 2.008481531
151 42 3 24191 2.008490054
89 159 3 6856968 2.00849247
47 39 3 59837 2.008496036
149 160 3 34188 2.008496125
80 83 3 786736 2.008504728
46 49 3 6540 2.008510372
119 120 3 1153825 2.008510711
87 82 3 800359 2.008511173
47 43 3 54051 2.008511623
122 4 3 26399716 2.008513215
77 81 3 13412 2.008513757
198 187 3 46613 2.00851482
80 81 3 2526 2.008515108
157 125 3 11614 2.008515323
9 2 3 45538 2.008516316
78 75 3 1767978 2.008518711
10 12 3 59915 2.008519478
13 4 3 1866473 2.008519915
47 41 3 74543 2.008521929
151 163 3 79732 2.008523303
161 157 3 225329 2.00852923
89 74 3 1356860 2.008529822
85 76 3 1988 2.008531002
114 151 3 24649692 2.008532183
3 4 3 1184643 2.008541208
159 38 3 4924598 2.008549158
191 185 3 20501 2.008550003
113 149 3 2834 2.00855512
77 78 3 396281 2.008555573
44 50 3 9310946 2.008556789
118 111 3 65964 2.008562103
13 79 3 22631 2.008568127
111 118 3 169901 2.008571095
194 191 3 3925 2.008573451
158 157 3 68532 2.008575403
75 85 3 47289 2.008577595
50 40 3 38404 2.008578703
120 114 3 5883 2.008582524
185 192 3 867036 2.008582804
1 123 3 34802 2.008587003
159 196 3 2667611 2.008588428
3 191 3 797597 2.008588554
39 149 3 70847 2.008589429
82 76 3 4356431 2.00859298
0 3 3 31496 2.00859355
159 158 3 6770057 2.008595633
190 198 3 7850 2.008605872
52 43 3 48303 2.008606443
188 196 3 5202 2.008612599
8 5 3 1656065 2.008615732
4 2 3 2109 2.008617484
75 124 3 37876 2.008619176
185 153 3 57206 2.00862026
151 148 3 58409 2.008624023
43 197 3 2860322 2.008625834
81 82 3 23519 2.008627814
12 13 3 7571 2.008632491
186 199 3 2264 2.008634853
50 43 3 2986 2.008636369
48 38 3 4468199 2.008647772
112 74 3 55610 2.00864905
151 50 3 2361 2.008652992
198 186 3 249027 2.00865305
37 48 3 19156 2.008653671
88 82 3 8880244 2.008653796
51 46 3 1881048 2.008655227
86 87 3 51628 2.008658071
118 119 3 2826 2.008665773
112 124 3 55958 2.00867226
124 126 3 144157 2.008675593
187 190 3 35760 2.008680809
159 152 3 112552 2.008683325
150 157 3 9322 2.008685015
14 4 3 1652577 2.008686024
37 38 3 5151 2.008686048
80 76 3 4132981 2.008687991
159 162 3 4032915 2.008693355
115 112 3 5585 2.00869718
44 52 3 188575 2.00870332
149 154 3 18517 2.008708527
158 111 3 69701 2.008717606
196 79 3 6327058 2.008723685
187 195 3 20268 2.008729077
13 85 3 806659 2.008733687
43 44 3 9759 2.008734609
45 195 3 45926 2.008735163
123 111 3 4192970 2.008735628
187 195 3 8096 2.008735678
117 161 3 53205 2.008736406
157 150 3 7978 2.008739078
112 163 3 815749 2.008739405
158 162 3 3357822 2.008741273
48 41 3 160722 2.008744713
118 111 3 24361 2.008751067
117 126 3 200992 2.008757692
82 119 3 810986 2.008759185
155 161 3 365773 2.008763001
112 122 3 108898 2.008764302
83 85 3 51818 2.008765078
191 196 3 43579 2.008765787
81 83 3 53221 2.008769024
154 149 3 20463 2.008769897
116 117 3 5950626 2.008771519
10 120 3 740031 2.008773161
84 9 3 1601949 2.008775796
122 112 3 9733 2.008777596
2 14 3 15426364 2.008779661
4 11 3 1851405 2.008785362
41 44 3 2600337 2.008790995
79 88 3 16814 2.008791005
121 119 3 51927 2.008806241
74 157 3 4192135 2.008807951
190 200 3 1699623 2.008809524
85 198 3 8959997 2.008813068
189 198 3 6901146 2.008817194
83 76 3 70338 2.008825547
124 118 3 1617900 2.008827582
115 119 3 42291 2.008827767
152 161 3 2690501 2.008835464
189 187 3 8680 2.008843396
5 6 3 56334 2.008845227
51 83 3 585575 2.008847914
124 198 3 54540 2.008852803
185 197 3 6005734 2.008859772
37 48 3 2543096 2.008860744
88 82 3 5799 2.008864395
199 188 3 43729 2.008872115
79 84 3 1444 2.008875055
152 189 3 5991247 2.008879201
10 15 3 45434 2.008880864
46 157 3 20133 2.008885785
158 155 3 56255 2.008895919
2 8 3 152794 2.008897809
161 15 3 4895536 2.00889899
159 156 3 900647 2.008903174
153 163 3 4775 2.008904877
126 79 3 3856 2.008907819
199 195 3 5554551 2.008923185
155 4 3 6075 2.008923767
87 6 3 1291568 2.008924569
41 48 3 23107 2.008926085
122 112 3 78616 2.008930873
6 197 3 6388852 2.008932763
112 124 3 121514 2.008933582
126 123 3 6345 2.008935379
13 161 3 5624255 2.008938492
154 156 3 399402 2.008939447
37 191 3 1088 2.008945918
196 190 3 141114 2.008955665
2 115 3 74374 2.008956894
114 118 3 1562745 2.008962134
83 78 3 2797356 2.008963056
52 46 3 1684025 2.008963062
77 83 3 5015 2.008964287
85 78 3 7655641 2.00896605
47 39 3 1138 2.00897366
13 0 3 644 2.008973706
10 9 3 3542 2.008982636
185 190 3 85612 2.008984183
159 155 3 17250 2.008986337
197 81 3 54934 2.008986801
38 47 3 4270198 2.008987137
14 11 3 21762 2.008990753
0 2 3 2305190 2.008991287
81 188 3 4373470 2.008993323
47 188 3 8943668 2.008995595
197 193 3 6074 2.009000544
195 186 3 16721695 2.009001785
8 185 3 33714 2.009008775
187 196 3 1941527 2.00900932
4 5 3 1889 2.009013866
75 83 3 6096033 2.009015287
4 5 3 1066 2.009016979
6 13 3 1143009 2.00902657
153 149 3 353780 2.009058077
6 8 3 722722 2.009061775
156 161 3 48525 2.009062265
38 43 3 6239 2.00906314
124 189 3 50625 2.009063884
47 51 3 5072400 2.009064814
185 191 3 231236 2.009066742
8 89 3 22881 2.009078374
116 120 3 3528 2.009080208
86 197 3 6435066 2.009083925
160 152 3 18806 2.009087316
120 199 3 20819815 2.009095602
46 199 3 7942431 2.009104701
158 155 3 21714 2.009107225
156 149 3 1468724 2.009107926
51 46 3 1848548 2.009108769
186 188 3 47915 2.009109408
155 86 3 14759 2.009110073
114 117 3 5776605 2.009112174
37 45 3 914900 2.009113313
47 149 3 6752877 2.00911368
77 193 3 420247 2.009118227
0 111 3 24359 2.009128213
87 12 3 4185020 2.009129131
87 89 3 403129 2.009132408
50 13 3 29362 2.009134131
185 198 3 8785 2.009135077
123 6 3 985604 2.009137389
85 75 3 91889 2.009161898
9 6 3 46508 2.00916323
11 46 3 44982 2.009163835
158 153 3 33694 2.009167704
89 8 3 4671589 2.009175706
163 198 3 23043911 2.009181331
82 74 3 3259076 2.009185
126 159 3 1889908 2.009185463
4 13 3 167475 2.009188019
191 200 3 273771 2.009188996
159 152 3 67824 2.009192039
9 13 3 5124 2.009193249
5 76 3 75072 2.009193932
187 191 3 2600151 2.009202543
189 187 3 836398 2.00920616
159 152 3 12827 2.009207369
87 80 3 539059 2.009213243
46 41 3 65578 2.009213908
7 82 3 8209628 2.009221442
111 117 3 591901 2.009223551
151 150 3 25336 2.009226827
40 200 3 27228 2.009227134
198 159 3 62208 2.009241433
3 0 3 56 2.009241679
120 151 3 1432142 2.009245848
6 5 3 2953279 2.009246931
46 47 3 428402 2.009252855
51 37 3 48259 2.00925642
156 162 3 5559927 2.00925917
38 74 3 34416 2.009262393
114 116 3 4555 2.009271257
46 48 3 7124 2.009272388
8 7 3 10529 2.009282625
152 75 3 940092 2.00928292
7 10 3 12167 2.009287349
83 78 3 4139048 2.009295388
149 151 3 31474 2.00929731
197 187 3 106381 2.009310376
148 49 3 76767 2.009316169
86 82 3 55168 2.009318869
118 154 3 26886 2.009319853
115 124 3 4292018 2.009322112
111 123 3 120975 2.00932238
124 125 3 4131 2.009324217
191 196 3 3477 2.009331399
41 87 3 4686232 2.009331496
126 156 3 83441 2.009335115
7 0 3 40450 2.009343334
44 190 3 203940 2.009344169
197 186 3 4239209 2.009352271
7 86 3 3378884 2.009356301
11 9 3 540399 2.009356482
199 191 3 22124 2.009358941
14 3 3 146641 2.009359041
13 14 3 47246 2.009359272
0 6 3 108364 2.009360314
157 154 3 944226 2.009360696
149 2 3 622812 2.009366267
77 78 3 6833138 2.009370428
37 48 3 78177 2.009374165
11 50 3 60586 2.009374631
80 76 3 169807 2.009380125
157 47 3 4869 2.009382361
113 112 3 67993 2.009394517
159 163 3 6131573 2.009399708
123 120 3 642397 2.009399836
150 158 3 1462790 2.00940111
199 191 3 4307 2.009403659
158 156 3 30721 2.009411277
3 8 3 97904 2.009416348
161 154 3 367740 2.009423682
52 187 3 6853878 2.009424277
88 160 3 12478370 2.00943426
124 111 3 51375 2.009435401
160 82 3 67897 2.009436013
42 39 3 65475 2.009436556
113 118 3 34566 2.009437749
37 39 3 9563 2.009437843
4 5 3 77768 2.009440603
37 51 3 33097 2.009443583
121 47 3 3049389 2.00944403
5 1 3 16934 2.009445544
111 123 3 1044564 2.009445821
8 3 3 107 2.0094497
163 162 3 988250 2.009452538
44 162 3 66176 2.009452567
86 75 3 1579839 2.009453851
47 42 3 356907 2.009458913
46 8 3 8501313 2.009466738
200 9 3 14716 2.009467548
112 119 3 49148 2.009470951
113 124 3 47351 2.009472483
162 163 3 79065 2.009475519
113 124 3 1796 2.009478651
43 51 3 1438195 2.009479113
112 185 3 1394114 2.009481003
47 50 3 25784 2.00949824
113 196 3 4019937 2.00949845
193 195 3 1473769 2.009503392
0 82 3 848444 2.009506375
82 80 3 1177097 2.009515144
195 193 3 1423012 2.009516534
77 113 3 8294389 2.009518766
197 194 3 15163 2.00951983
199 43 3 9526216 2.009524026
76 13 3 51595 2.009524855
4 8 3 2088 2.009527763
160 156 3 7422 2.009548214
122 121 3 5020 2.00954925
75 86 3 27506822 2.009552163
75 83 3 3125846 2.009560988
11 4 3 12671940 2.009562065
119 118 3 116997 2.009565698
200 46 3 114710 2.009567075
125 113 3 3404003 2.009567624
163 151 3 129060 2.00957016
124 112 3 31569 2.009574287
113 118 3 27669 2.009577611
153 149 3 47386 2.00957789
12 192 3 2694 2.009578985
198 194 3 277646 2.009583826
45 43 3 182861 2.009587777
185 39 3 1387191 2.009595792
188 41 3 1341337 2.009596103
156 15 3 139169 2.009598427
117 120 3 20041 2.009600987
83 148 3 6646 2.009601319
195 185 3 68119 2.009604468
200 188 3 143778 2.009610142
37 45 3 34296 2.009615791
5 9 3 75270 2.009617041
187 199 3 5923 2.00961984
200 198 3 23039 2.009620561
198 195 3 64505 2.009622146
47 42 3 46697 2.009624025
1 7 3 6319 2.00962679
197 12 3 12197 2.009627279
187 192 3 9826 2.009648151
76 5 3 1847877 2.009652399
116 124 3 2222 2.009655507
116 123 3 838225 2.009668878
0 50 3 5190 2.009671318
38 48 3 1619557 2.00967292
44 43 3 4153909 2.009673441
11 5 3 4141112 2.009676034
13 0 3 8185 2.009682881
123 114 3 219686 2.009690568
162 158 3 2800494 2.009692905
151 157 3 4290 2.009693079
114 118 3 30093 2.009693504
152 112 3 2749492 2.009694632
124 116 3 6337419 2.009696217
11 10 3 3168277 2.009698039
126 111 3 13001 2.009698421
151 77 3 22946 2.009701607
45 37 3 2455 2.009703473
88 75 3 1282395 2.009704579
199 189 3 58439 2.009706733
0 153 3 55081 2.00970729
79 161 3 3177573 2.009713615
1 37 3 769136 2.009714881
157 160 3 21302 2.009716644
3 151 3 62121 2.009719435
187 48 3 40624 2.00972351
161 154 3 6139 2.00972706
82 15 3 9052372 2.009728296
74 84 3 9550264 2.009731065
85 83 3 3255583 2.009734162
120 116 3 6843575 2.009735744
47 46 3 788162 2.009736346
115 42 3 29286179 2.009737383
77 200 3 70516 2.009738222
153 2 3 54871 2.009740954
160 5 3 60603 2.009745255
198 192 3 2003 2.009751599
80 87 3 766206 2.009754066
49 40 3 73734 2.009755292
87 88 3 1266135 2.009758271
119 125 3 1319 2.009762553
86 82 3 9994759 2.009765972
192 163 3 47076 2.009766174
12 6 3 35339 2.009769736
190 151 3 7657549 2.009772784
14 9 3 7341225 2.009775761
48 51 3 2616 2.009777562
79 76 3 2189272 2.009781495
121 114 3 72020 2.00978368
76 83 3 62287 2.009786588
160 161 3 2701 2.009788116
200 199 3 27963 2.009793099
152 157 3 8495 2.009804927
194 196 3 37010 2.009808172
11 2 3 1974318 2.009809626
12 150 3 44363 2.00981158
10 15 3 20398 2.009820139
113 114 3 3001 2.009820603
37 43 3 41726 2.009837881
85 122 3 39714 2.009838594
6 14 3 25464 2.009840295
189 185 3 137386 2.009841128
118 158 3 1243 2.009841844
80 78 3 1006 2.00984243
39 186 3 35547 2.009844557
189 197 3 61066 2.009844572
77 85 3 123433 2.009845428
84 75 3 4428958 2.009852623
11 3 3 62237 2.009855874
194 189 3 2215963 2.009859553
155 40 3 63064 2.00985989
11 9 3 5032697 2.009860119
198 188 3 8234 2.009864851
121 155 3 3736676 2.009868484
193 188 3 1942492 2.009871283
116 118 3 1553257 2.009876333
3 5 3 1167705 2.009889329
116 125 3 7755062 2.009890623
193 195 3 8416 2.00989258
198 185 3 23818 2.009895842
152 153 3 44111 2.009899039
117 120 3 66013 2.0098992
150 151 3 3887 2.009903031
126 124 3 778120 2.009923925
1 149 3 62043 2.009925603
50 40 3 4000888 2.009925928
10 4 3 4531220 2.009931941
163 149 3 10376 2.009937812
161 152 3 30809 2.009938917
189 194 3 56209 2.009939393
111 200 3 43659 2.009940206
153 148 3 22026 2.009941631
191 194 3 7240116 2.009943173
198 193 3 27210 2.009948279
43 111 3 729 2.009953592
113 111 3 582975 2.00996011
6 7 3 60478 2.009964207
188 189 3 322976 2.009972618
45 48 3 4379021 2.009980805
148 152 3 8576 2.009986586
50 117 3 79311 2.009987901
111 122 3 8203 2.00999127
194 192 3 195156 2.009994023
44 41 3 5294722 2.009995809
191 113 3 30597 2.009999498
40 155 3 3615970 2.010004025
51 52 3 459063 2.010005959
189 193 3 117601 2.010005972
88 87 3 29563 2.010008981
121 153 3 46920 2.010009623
43 41 3 983644 2.010013593
125 162 3 15038906 2.010014933
116 156 3 36092 2.010017317
188 196 3 33263 2.01001806
163 160 3 39117 2.010018217
9 10 3 1420425 2.010019933
76 85 3 2925 2.010020603
126 153 3 23535 2.010023387
148 154 3 134 2.010024692
79 2 3 20939 2.010027236
148 155 3 58281 2.010039344
81 82 3 1027292 2.010041382
52 10 3 1498858 2.010042903
52 48 3 52172 2.010044649
52 40 3 122 2.010045551
123 118 3 3149199 2.010048782
38 50 3 9558 2.010051496
1 10 3 27612 2.010061846
74 86 3 20776 2.010073007
187 185 3 121213 2.010073044
162 155 3 47375 2.01007596
51 197 3 16823826 2.0100765
46 47 3 7983994 2.010079976
149 148 3 9392511 2.010080932
189 199 3 153212 2.010087849
74 83 3 21718 2.0100906
0 15 3 1889 2.010097162
155 159 3 12767 2.010102314
124 154 3 22017 2.010103709
117 7 3 82323 2.010104198
158 52 3 3932 2.010106662
152 153 3 165023 2.01011124
153 163 3 66571 2.010113479
111 112 3 6207 2.010115196
200 193 3 62226 2.010121085
2 120 3 1686511 2.010134705
124 119 3 1478837 2.010139313
3 1 3 27721 2.010140158
115 152 3 4495 2.010144025
87 81 3 6423443 2.010165155
41 119 3 3071364 2.010165182
0 4 3 35971 2.01017471
112 149 3 38304 2.010175176
124 125 3 1480026 2.010175701
82 79 3 1233107 2.010177122
9 14 3 8661 2.010178313
186 199 3 69766 2.010178968
117 119 3 4311292 2.010179089
159 149 3 62274 2.010180098
118 156 3 49518 2.010183869
6 15 3 9308 2.010188247
200 5 3 39695 2.010191757
195 5 3 40315 2.01019387
185 190 3 62911 2.010194872
156 197 3 34647 2.010196062
6 8 3 46913 2.010198348
37 77 3 597 2.010205196
191 187 3 53509 2.010214314
3 6 3 66447 2.010216775
77 83 3 63363 2.010225333
122 114 3 9273498 2.010229804
8 6 3 2095218 2.010235648
156 152 3 5577 2.010237906
43 51 3 1550 2.010239907
11 13 3 124723 2.010241658
192 121 3 51324 2.010243072
195 187 3 43426 2.010244973
114 112 3 19315 2.010247515
14 13 3 3143900 2.010252541
6 14 3 49713 2.010253413
162 157 3 62602 2.010253559
89 80 3 3622732 2.010256637
79 153 3 76664 2.010259597
10 13 3 78234 2.010260035
13 14 3 900456 2.010262555
124 125 3 28494 2.010263415
160 156 3 156736 2.01026491
37 49 3 1824394 2.010273383
77 84 3 220191 2.010274693
199 185 3 629046 2.010274964
1 9 3 923620 2.010279174
40 48 3 1316974 2.010280982
156 150 3 426650 2.010283534
185 37 3 2339 2.01028573
200 198 3 169632 2.01028668
77 197 3 71702 2.010288742
85 190 3 838780 2.010295649
116 121 3 69445 2.010295956
117 150 3 35996 2.010298464
0 2 3 622 2.010298661
3 11 3 34558 2.010303754
81 76 3 28422 2.01030692
125 118 3 67354 2.010312021
82 83 3 27224 2.010320394
194 185 3 1168999 2.010322483
75 83 3 9332 2.010324245
116 123 3 24587 2.010326913
157 151 3 8579100 2.010335745
85 159 3 72360 2.010336059
115 155 3 44352 2.010341255
163 161 3 63890 2.010342994
15 52 3 1564986 2.010348114
151 156 3 2265678 2.010353735
6 83 3 1872909 2.010354107
196 185 3 1920 2.010354781
10 12 3 13088 2.010355276
161 159 3 43342 2.010362582
42 39 3 9951533 2.01036916
3 8 3 7139 2.010376339
156 154 3 1383542 2.010378996
119 149 3 1568007 2.010381932
153 149 3 4237933 2.010382169
13 12 3 345673 2.010385121
10 14 3 843375 2.010387003
8 14 3 69665 2.010396213
44 41 3 17104562 2.0104025
5 118 3 29186 2.010403376
5 157 3 115987 2.01040514
121 159 3 27739821 2.010406473
200 191 3 1688 2.010417514
51 79 3 70906 2.010419162
42 41 3 6632879 2.010432049
125 122 3 19587 2.010433039
84 151 3 9509618 2.010433763
13 0 3 5564608 2.010434573
81 79 3 5546363 2.010435089
1 116 3 2994389 2.010440557
158 189 3 474818 2.010443296
120 118 3 28105056 2.010445511
121 122 3 8762 2.010449454
185 195 3 9510 2.010450296
194 8 3 28919 2.010452203
115 121 3 4713773 2.010457761
89 148 3 46718 2.010460567
120 111 3 20748 2.010461211
52 37 3 14569780 2.010465306
123 197 3 5507920 2.01046816
124 120 3 7779453 2.010469498
6 74 3 48352 2.010471219
85 119 3 25025 2.010471464
5 0 3 50972 2.010477709
46 39 3 27641 2.010478727
84 88 3 110909 2.010480398
197 200 3 1884819 2.010481038
160 156 3 30416 2.010490438
47 118 3 9204 2.010490965
49 52 3 42777 2.010493065
199 187 3 29318 2.010495798
187 196 3 19074 2.010507686
159 77 3 111195 2.01050903
117 122 3 1889706 2.010509649
112 114 3 44015 2.010514947
50 42 3 8579329 2.010516846
194 193 3 54709 2.010518546
84 87 3 40956 2.010527656
50 51 3 1056455 2.010530674
191 195 3 26542 2.010531678
160 154 3 885341 2.010534537
115 153 3 13181 2.010538382
153 162 3 9451404 2.010543498
121 117 3 28134 2.01055598
52 39 3 43685 2.010562556
162 150 3 131 2.010564841
118 122 3 42514 2.010577511
14 5 3 6011 2.01057879
111 151 3 15506 2.010580811
49 44 3 68478 2.01058283
186 52 3 912243 2.010583821
111 114 3 58149 2.010585217
1 194 3 16241 2.010590662
190 200 3 300790 2.010604799
115 156 3 79813 2.01061341
117 159 3 191997 2.01061919
13 15 3 2109971 2.010621903
50 46 3 1625 2.010629028
51 45 3 41125 2.010635535
1 46 3 4697861 2.010636317
195 190 3 115 2.010637212
122 153 3 9947477 2.010638109
37 39 3 1361 2.010641691
198 162 3 679339 2.010642893
86 76 3 870067 2.010643746
39 50 3 2073236 2.010645051
123 118 3 1515357 2.010648313
81 87 3 74731 2.010649745
42 45 3 44075 2.010652832
121 185 3 543329 2.010655363
79 87 3 16746 2.010660996
116 122 3 7219752 2.010661366
41 42 3 146557 2.010668641
52 47 3 4163 2.010669621
10 186 3 197877 2.010670124
0 13 3 1375429 2.01067663
125 39 3 4316220 2.010678281
81 0 3 59024 2.010684331
88 87 3 3702 2.01069261
3 2 3 45184 2.010696006
191 195 3 25892 2.010696927
200 195 3 4199517 2.010699663
193 5 3 25872113 2.010700532
113 111 3 62488 2.010702204
163 161 3 31529 2.010704935
79 83 3 565112 2.01071429
195 191 3 10124863 2.010714753
45 46 3 76094 2.010717861
78 197 3 19440 2.010720291
200 186 3 6132180 2.010723353
111 123 3 3525094 2.010726689
0 10 3 27193 2.010730555
118 158 3 166 2.010731435
116 124 3 412362 2.01073244
80 82 3 64801 2.010733898
3 114 3 2949 2.010734265
42 44 3 2921 2.010735868
122 113 3 53782 2.010736486
161 157 3 543028 2.010737445
1 4 3 5824 2.010737894
122 160 3 64201 2.010739747
75 88 3 41585 2.010739847
149 154 3 6720320 2.010741519
47 49 3 8045 2.010747102
116 161 3 34161 2.010747835
115 121 3 4408 2.01075251
194 122 3 151051 2.01075473
114 117 3 22044582 2.010754934
153 41 3 42759 2.010761553
5 2 3 65406 2.010761972
193 192 3 1773675 2.010764155
12 0 3 810676 2.010764231
120 113 3 1381843 2.010766401
163 74 3 61689 2.010768246
51 37 3 49688 2.010771872
44 197 3 69285 2.010779531
48 44 3 1110563 2.010788861
87 81 3 125627 2.010789021
10 1 3 1711275 2.010802709
149 77 3 20992 2.010803445
188 187 3 32819 2.010803805
49 44 3 8654 2.010804708
74 200 3 1401491 2.010805723
12 15 3 9062760 2.010807487
192 191 3 1539999 2.010810835
158 160 3 28750 2.010815238
12 8 3 427090 2.010818771
163 150 3 65162 2.010822724
125 124 3 920444 2.010836887
38 52 3 57803 2.010838006
155 148 3 27123 2.010840793
118 158 3 6948 2.010843077
116 126 3 2254456 2.01084415
89 7 3 2198323 2.010849607
196 163 3 5942371 2.010854889
4 7 3 4325207 2.010859797
5 13 3 7882559 2.010862885
150 163 3 36702 2.010863111
40 47 3 890513 2.010871248
116 161 3 54411 2.010873554
11 10 3 8701 2.010875836
111 154 3 2855975 2.010876308
151 86 3 46919 2.010878792
126 122 3 9280574 2.010881306
44 51 3 67322 2.010888621
162 151 3 611853 2.010888989
80 40 3 2730166 2.010894859
74 75 3 1421 2.010895006
188 199 3 19752 2.010896557
148 162 3 802 2.01090334
187 10 3 21170 2.01091879
50 10 3 4559007 2.01092101
7 38 3 8401 2.010925854
148 153 3 40356 2.010925974
148 158 3 60456 2.010926879
119 117 3 47025 2.010928004
44 41 3 22113 2.01093179
120 119 3 38675 2.010932822
191 185 3 9575 2.01093425
13 14 3 7048 2.010935179
10 15 3 7828 2.010937843
3 86 3 68790 2.010942216
153 155 3 21183 2.010943439
45 42 3 56571 2.010954063
159 157 3 199950 2.010957623
154 152 3 48400 2.010959387
74 85 3 27418 2.010964145
196 199 3 5841867 2.010968705
157 149 3 2611753 2.010972332
13 195 3 26520 2.010972624
79 13 3 9122 2.010980376
86 159 3 31720 2.010982321
77 79 3 42225 2.010984898
84 81 3 26304 2.010985808
150 155 3 21031 2.010993191
13 38 3 5827184 2.0109966
114 113 3 65129 2.011006654
7 189 3 16379 2.011008799
191 195 3 8871730 2.011009027
39 51 3 132 2.011013196
187 197 3 2602089 2.011013261
159 157 3 575835 2.011014468
185 15 3 29403 2.011024228
158 156 3 23422 2.011025938
2 1 3 4064582 2.011035471
86 158 3 26842 2.011050277
185 197 3 25194 2.011052021
88 52 3 22847 2.011056649
153 158 3 969491 2.011057607
114 126 3 14543796 2.011075672
200 187 3 2386228 2.011076361
125 117 3 8533789 2.01107718
13 161 3 20927 2.011080557
191 40 3 61364 2.011090696
79 77 3 301473 2.011093956
160 156 3 749901 2.011095452
6 0 3 5160 2.011096009
46 88 3 43967 2.011111197
89 84 3 21135 2.011111829
7 9 3 21459 2.011112402
191 185 3 111893 2.011114349
3 14 3 70739 2.011115956
8 5 3 2210706 2.011125427
187 192 3 43748 2.011130231
15 4 3 5423188 2.011132376
162 152 3 44707 2.011133619
42 49 3 1293711 2.011139648
194 199 3 5039619 2.011140444
186 50 3 64088 2.011140614
79 78 3 162474 2.01114381
43 52 3 784556 2.011149621
122 196 3 22214 2.011152661
4 15 3 25556 2.011153989
45 50 3 45178 2.011156726
196 189 3 244470 2.011160422
186 48 3 40479 2.011160443
197 187 3 2375 2.011161577
151 155 3 74280 2.011162891
79 76 3 5408 2.011167542
148 152 3 1125576 2.011172647
115 111 3 1876480 2.011173608
15 6 3 56406 2.011179221
185 37 3 34445 2.011194777
154 158 3 61385 2.011199109
52 40 3 19325 2.0112069
194 189 3 4570844 2.01120746
117 124 3 1846095 2.011211505
80 88 3 9854357 2.011214101
15 8 3 42167 2.011219558
78 85 3 8098139 2.011220338
37 80 3 1907386 2.011222805
148 159 3 3804372 2.011224055
1 85 3 2063643 2.01122442
157 159 3 759841 2.011231438
83 79 3 4290629 2.011232192
5 3 3 2497975 2.011236549
9 81 3 5251 2.011242514
117 149 3 38438 2.011254514
50 49 3 110162 2.011261093
155 150 3 3891 2.011269048
39 40 3 65410 2.01127427
152 157 3 30483 2.011275082
185 150 3 1121226 2.011284037
189 194 3 1912123 2.011291748
5 12 3 8339996 2.011293717
40 51 3 27175 2.011294502
124 121 3 20984 2.011296012
156 81 3 534 2.011296624
187 190 3 890 2.011306543
120 161 3 3518 2.011307057
159 157 3 22239 2.011308975
12 0 3 61945 2.011317326
188 185 3 1016 2.011319131
37 50 3 694905 2.011319499
150 155 3 58259 2.011319507
47 37 3 69485 2.011320034
46 151 3 54277 2.011320103
159 160 3 7823 2.01132033
3 74 3 72132 2.011321715
49 51 3 2524388 2.011322442
9 2 3 4136510 2.011323042
1 4 3 36322 2.011333185
45 50 3 1445626 2.011338715
11 15 3 2145 2.011338787
161 122 3 7111904 2.011339314
83 161 3 686574 2.011343959
86 74 3 3473413 2.011347289
77 198 3 23360 2.011351434
156 79 3 24423 2.011352936
115 162 3 44437 2.011357214
153 156 3 28711 2.011361435
14 5 3 1490183 2.011361982
83 82 3 50161 2.01136322
191 2 3 51982 2.011374566
47 48 3 855376 2.011380406
126 111 3 13876 2.011381766
159 163 3 12482543 2.011383176
50 1 3 67897 2.011386761
37 40 3 63306 2.011390682
76 78 3 932149 2.011392714
7 191 3 9958587 2.011396181
37 50 3 9114407 2.01140542
40 45 3 930893 2.011410128
116 123 3 8587 2.011410631
51 111 3 92215 2.0114114
41 5 3 12041 2.011414505
189 199 3 1949 2.011417009
161 119 3 20432 2.011420724
89 11 3 3937474 2.011420882
113 155 3 1702808 2.01142453
159 157 3 32925 2.011425987
199 190 3 27216 2.011430582
196 195 3 76950 2.011436598
39 149 3 3489507 2.011443879
153 163 3 26523 2.011451281
41 52 3 62448 2.01147937
159 154 3 8857401 2.011480472
156 148 3 191960 2.01148243
123 116 3 4819 2.011486335
44 43 3 290084 2.011487811
86 77 3 366052 2.011487996
88 9 3 79505 2.011491351
158 156 3 535093 2.011496962
14 198 3 37767 2.011499417
40 44 3 60593 2.011499621
114 119 3 23140326 2.011499878
79 84 3 24464 2.011500183
12 0 3 599845 2.011504476
81 112 3 61875 2.011506511
186 189 3 147358 2.011507521
49 52 3 198740 2.011510792
119 84 3 146902 2.011510977
157 159 3 573537 2.011511251
199 121 3 3015501 2.011511866
46 156 3 1632 2.011514259
111 121 3 5303 2.011515193
39 44 3 25491 2.011516987
157 43 3 114536 2.011517155
124 84 3 320689 2.011519706
163 41 3 275347 2.011521863
86 74 3 21801 2.011521917
192 188 3 5001 2.011524036
80 75 3 29459 2.01152835
198 192 3 2227 2.011528621
160 153 3 6136452 2.011533434
119 149 3 19737 2.01153436
126 125 3 196094 2.011538484
44 51 3 3138256 2.011538744
162 150 3 1373965 2.011541576
46 49 3 14408831 2.011561435
12 5 3 36181 2.011566228
9 6 3 815920 2.011568701
198 43 3 1959270 2.011569467
116 125 3 49587 2.011571908
116 125 3 3111 2.011572347
89 39 3 4343 2.011574451
51 40 3 1652831 2.011574784
199 47 3 51672 2.011580071
156 123 3 1183689 2.011593353
10 119 3 479092 2.011594097
46 122 3 7949548 2.011594404
148 154 3 42339 2.0116007
83 78 3 31784 2.011602437
125 4 3 270 2.011605981
38 52 3 621168 2.011607146
149 153 3 2454165 2.011615143
124 117 3 29578 2.011620308
125 159 3 693276 2.01162571
83 74 3 2781414 2.011626995
11 112 3 28381874 2.011627318
112 118 3 1058 2.011631279
9 156 3 56326 2.011632332
11 15 3 1446 2.011633002
152 188 3 27360631 2.011635652
43 42 3 3141264 2.011635988
121 122 3 78241 2.011646354
41 52 3 46385 2.011646649
41 40 3 304978 2.011646996
193 189 3 799831 2.011648001
115 159 3 79376 2.011650124
185 197 3 26710 2.011658445
77 75 3 7629 2.01166036
114 39 3 51233 2.011662836
11 9 3 707339 2.011662933
40 45 3 7441425 2.011665199
156 89 3 79173 2.011669392
81 85 3 4176710 2.011674295
11 15 3 9170680 2.011681681
151 52 3 27813 2.011689878
49 52 3 889401 2.011690939
200 122 3 1009207 2.011692887
126 161 3 73251 2.011696377
77 197 3 3612582 2.011696691
118 149 3 31823 2.011696927
197 199 3 54525 2.011699481
2 11 3 3822485 2.011699804
189 13 3 14008 2.011707205
1 118 3 293433 2.011714049
43 52 3 51937 2.011720252
84 82 3 49720 2.011720676
160 150 3 8889878 2.011721883
43 49 3 3825870 2.011723159
12 77 3 71510 2.011724602
76 51 3 75067 2.011726706
122 116 3 53964 2.011737728
83 85 3 1054431 2.011737871
80 81 3 44897 2.011744082
187 191 3 16906 2.011744888
88 150 3 7232 2.011754387
199 196 3 549192 2.011758292
192 199 3 57344 2.011763488
8 0 3 1529923 2.011770901
116 119 3 65305 2.011772799
187 86 3 6300230 2.011773672
38 40 3 41631 2.011776956
189 187 3 8546558 2.011778003
76 88 3 34729 2.011779084
44 52 3 168849 2.011781899
114 126 3 8432 2.011786
120 112 3 5070 2.011788727
39 41 3 20376 2.011790011
116 118 3 1057332 2.01179663
115 116 3 1107284 2.01180215
6 159 3 41196 2.011807958
85 124 3 7295 2.011808721
43 46 3 3368584 2.011817126
6 39 3 7544442 2.011818661
7 12 3 38312 2.01182068
149 159 3 70142 2.01182229
47 50 3 3996672 2.011829785
197 126 3 166127 2.011836566
195 198 3 2379443 2.011840588
148 155 3 25310 2.011840622
113 38 3 4339858 2.011846256
49 46 3 32433 2.011846428
14 12 3 41994 2.011849024
79 88 3 29990 2.011849364
8 117 3 373318 2.011851412
84 78 3 4821506 2.01185169
42 49 3 47827 2.011853507
118 0 3 2883328 2.011855129
118 39 3 175405 2.011859113
114 115 3 1466507 2.011859632
197 188 3 99641 2.011860629
39 52 3 9667 2.011862174
41 43 3 864286 2.011863641
158 149 3 20399 2.01188118
10 0 3 20853 2.011881581
75 87 3 7521460 2.011886842
153 196 3 4175303 2.011897392
10 116 3 11380 2.011901683
8 43 3 66209 2.011903602
6 14 3 79872 2.011903622
198 193 3 8021095 2.011910756
82 81 3 464016 2.011912544
189 150 3 147156 2.011913541
3 115 3 273506 2.011915178
47 112 3 2139834 2.0119156
74 148 3 63616 2.011915814
192 193 3 27292 2.011918869
39 5 3 4982554 2.011924848
79 87 3 15229 2.011925678
159 163 3 25971 2.011927209
4 124 3 24764 2.011934612
14 5 3 22103240 2.011936203
112 115 3 22397 2.011937571
48 47 3 72621 2.011939451
50 42 3 56406 2.011945407
42 44 3 4571978 2.011950277
199 188 3 24176 2.011952025
14 2 3 2919800 2.011957155
114 125 3 542 2.011962748
41 43 3 25205 2.011962972
5 12 3 48575 2.011969667
1 9 3 4312167 2.011970084
38 41 3 6226670 2.011970199
40 46 3 29738 2.011971358
187 186 3 2709 2.011973556
41 47 3 1504241 2.011983468
77 80 3 29955299 2.011987499
2 6 3 4934 2.011987536
43 52 3 28944745 2.011993088
2 9 3 39617 2.011995535
3 112 3 37424 2.012001717
152 149 3 28476 2.012003608
52 48 3 11120 2.012009117
8 3 3 29122 2.012010116
196 49 3 1339397 2.012012482
155 159 3 4093627 2.012023055
148 154 3 1795396 2.012030838
87 78 3 6098885 2.012044639
77 76 3 7078 2.012047485
150 156 3 51448 2.012049112
154 159 3 70601 2.012054124
126 113 3 10281024 2.012072294
116 76 3 902980 2.012073787
112 76 3 66587 2.012074586
151 156 3 38177 2.012074929
158 157 3 1946317 2.012075295
197 198 3 26738 2.012076704
163 153 3 6447341 2.012077865
151 11 3 2909145 2.012078138
116 157 3 4525521 2.012079337
149 156 3 1955 2.012084
154 157 3 767961 2.012084993
1 125 3 1759808 2.01208516
38 40 3 31886 2.012088404
81 75 3 2667642 2.01209067
8 10 3 2930388 2.012093546
192 194 3 9091305 2.012094223
6 13 3 62291 2.012095413
186 11 3 24103 2.012097306
89 83 3 1013607 2.012103862
86 87 3 1166602 2.012105504
39 47 3 3703070 2.012109647
199 189 3 5330660 2.012113237
152 163 3 11118 2.012113638
120 124 3 5340429 2.012116287
39 38 3 961 2.012117999
49 120 3 3720 2.012124568
120 126 3 195369 2.012125515
152 198 3 4264660 2.012129152
116 122 3 55209 2.0121472
154 151 3 1240600 2.01215769
40 48 3 4497252 2.012163782
116 119 3 620099 2.012166858
187 150 3 4823602 2.012168911
89 88 3 28847 2.012168997
196 4 3 876284 2.01217476
80 77 3 37586 2.012178259
188 199 3 776207 2.012181793
194 198 3 10035 2.012189901
189 8 3 91404 2.01219098
120 9 3 770544 2.01220202
43 41 3 45662 2.012204534
37 50 3 13767 2.012210431
89 78 3 3381 2.012211175
190 194 3 151919 2.012225102
117 120 3 940332 2.0122302
52 38 3 4635383 2.012231893
199 149 3 3054061 2.012232438
160 158 3 924 2.012232979
15 5 3 531588 2.012237373
79 86 3 1546133 2.012238189
74 89 3 23941 2.01224129
199 124 3 15802 2.012241451
197 190 3 8251 2.012245545
42 52 3 9316 2.012251494
4 118 3 9572 2.012261917
87 86 3 1544490 2.012265248
13 6 3 46933 2.012265298
162 148 3 28260 2.012266115
9 43 3 170400 2.012266218
199 194 3 5934013 2.01227352
86 76 3 26582 2.012279424
160 5 3 13761 2.012281989
80 82 3 77462 2.012287795
14 116 3 75383 2.012288968
47 80 3 51664 2.012289635
152 162 3 28988 2.012290518
187 200 3 14648 2.012292589
155 148 3 7763 2.01229286
85 80 3 22557 2.012296359
10 46 3 3757866 2.012299319
121 11 3 1270618 2.012303318
152 149 3 39211 2.012308632
76 44 3 55725 2.012316587
118 122 3 3373721 2.012317687
189 200 3 78779 2.012319334
38 47 3 6721918 2.012320058
151 161 3 76246 2.012329298
41 47 3 88656 2.012335556
40 150 3 19866 2.012336023
114 189 3 325495 2.012340967
195 198 3 548713 2.012345554
88 85 3 23548 2.012350027
196 199 3 62334 2.012358835
157 152 3 34724 2.012360216
191 8 3 3194357 2.012366495
8 0 3 1595342 2.012367839
42 50 3 1516200 2.012368316
158 151 3 3254 2.012370079
0 116 3 46539 2.012372238
115 48 3 285008 2.012372475
88 80 3 32445 2.012382356
158 162 3 74247 2.012382853
5 117 3 7752103 2.012385889
7 8 3 27384640 2.012394867
114 52 3 29654 2.01240042
120 118 3 37712 2.012401427
199 196 3 156863 2.012404239
116 124 3 2485 2.01240554
86 15 3 2774504 2.012406138
162 160 3 19652 2.012407465
76 82 3 775846 2.012408034
115 153 3 3543 2.01240975
154 156 3 23526 2.012412073
41 82 3 59816 2.012414059
8 14 3 53584 2.012417718
11 87 3 4927429 2.012418049
198 190 3 2659681 2.012421598
188 122 3 1030918 2.012428745
88 79 3 962958 2.012434108
40 46 3 74361 2.012436524
4 15 3 44761 2.012436801
118 113 3 31655 2.012438648
2 120 3 45246 2.012438668
80 84 3 67620 2.012442111
196 191 3 28672 2.01244351
111 120 3 486973 2.012446924
49 83 3 167388 2.012448389
74 89 3 8471 2.012453719
115 124 3 52371 2.012466098
121 126 3 4119 2.01246616
200 197 3 204703 2.012474659
152 150 3 7895 2.012477775
194 193 3 261017 2.01247912
85 76 3 79992 2.01247992
9 11 3 74766 2.012486523
188 194 3 25894 2.012492515
111 115 3 6035 2.012498044
190 188 3 1555826 2.012502071
44 50 3 498574 2.012505405
49 48 3 8909413 2.012509552
42 47 3 187019 2.012510833
185 186 3 5410 2.012514013
88 82 3 3445144 2.0125165
43 39 3 30607 2.012521451
120 111 3 11381 2.012522732
13 12 3 3241869 2.012525421
194 195 3 4048194 2.01252554
50 40 3 18037 2.012526469
11 5 3 112751 2.012527223
125 120 3 2913108 2.012527954
78 75 3 59909 2.012529235
158 153 3 103679 2.012531698
10 115 3 47817 2.012533425
117 120 3 3099 2.012533916
185 37 3 1855004 2.01253559
190 157 3 30985 2.012539426
40 113 3 16836 2.012540607
39 37 3 1754 2.012540643
118 151 3 714265 2.012541344
86 76 3 90005 2.012543088
122 151 3 30248 2.01254394
43 160 3 34821 2.012545197
121 163 3 1500330 2.012546941
42 45 3 211545 2.012552908
125 152 3 21874113 2.012562312
13 4 3 67009 2.012563078
10 5 3 43759 2.012569253
157 160 3 5502697 2.012570674
40 3 3 7200 2.012578846
88 89 3 4736232 2.012579135
159 157 3 12690 2.012582793
197 41 3 1662003 2.012584809
120 52 3 74099 2.012589779
1 3 3 66591 2.012591483
13 113 3 10203756 2.012594487
7 13 3 21630 2.012597534
200 186 3 2003902 2.012597889
80 118 3 1612397 2.012601301
187 81 3 870316 2.012601778
82 77 3 4943 2.012606158
10 111 3 3850 2.012607996
160 43 3 4217 2.012608739
83 86 3 25796101 2.012611067
190 195 3 633335 2.012616197
81 76 3 437989 2.01261745
81 75 3 29912 2.012621795
81 151 3 1304232 2.012622893
154 162 3 4097042 2.012624427
86 79 3 993470 2.012625602
42 38 3 3158 2.012632213
185 190 3 20949 2.012642412
188 51 3 12046 2.012649503
194 126 3 260 2.012675527
112 52 3 6300 2.012675868
49 14 3 1638 2.012676837
124 126 3 4409544 2.012677824
156 148 3 19399 2.012679911
49 52 3 2013 2.012682323
4 13 3 27243 2.012682551
191 193 3 41744 2.012691165
75 78 3 1835204 2.012695879
119 116 3 1758584 2.012699176
78 191 3 117605 2.012700534
196 187 3 25262818 2.01270809
49 48 3 1332067 2.012712761
196 194 3 15781556 2.012714091
122 37 3 4044 2.012715399
49 195 3 6858 2.012717822
126 119 3 328698 2.012718022
114 156 3 148387 2.01271871
199 191 3 9310019 2.012722062
86 87 3 1216013 2.01272315
119 197 3 21130 2.012727947
111 156 3 78872 2.012731523
153 161 3 29991 2.012736554
80 81 3 1009547 2.012739745
50 42 3 2795304 2.012740197
8 124 3 65194 2.0127473
50 52 3 66988 2.01275207
10 11 3 57627 2.012754248
77 76 3 31838 2.012756169
193 200 3 674 2.012761703
157 163 3 370790 2.012764316
198 186 3 4193 2.012766745
199 189 3 3237 2.012770106
126 124 3 436433 2.012775646
85 115 3 111985 2.01277762
161 150 3 2162798 2.012782381
1 5 3 4092765 2.012782534
39 52 3 29024 2.01278396
195 191 3 22662 2.012785474
124 111 3 63264 2.012788235
185 195 3 53851 2.012789556
41 153 3 52230 2.012792338
49 42 3 196660 2.012798055
194 79 3 2570 2.012801257
126 117 3 14271 2.01280403
5 9 3 5956 2.012804195
38 45 3 1842933 2.012807343
1 117 3 15221 2.012810776
78 81 3 8599 2.012811796
52 39 3 1532128 2.012815046
39 44 3 24411 2.012815396
44 51 3 2898 2.012815645
50 8 3 781 2.012816756
48 37 3 12707343 2.012818203
119 118 3 802431 2.012819106
48 47 3 9732 2.012822518
116 111 3 44062 2.01282276
153 148 3 835267 2.012825235
192 88 3 2549523 2.012825379
5 3 3 1981371 2.012836723
4 11 3 28113 2.012837679
161 151 3 7388457 2.012838308
199 187 3 700641 2.012840584
190 193 3 8401157 2.012847014
37 160 3 40977 2.012848084
1 11 3 116063 2.01284862
150 155 3 3059654 2.01284979
80 163 3 31527 2.012852873
124 152 3 3691560 2.012856808
199 200 3 9427 2.012859032
8 0 3 515310 2.012862517
3 6 3 7761 2.012865268
41 40 3 1795908 2.01286582
14 1 3 6446455 2.012868434
120 159 3 26104 2.012873939
75 81 3 1711015 2.012874377
78 156 3 4188786 2.01287444
190 189 3 28011084 2.012875726
41 159 3 1890014 2.012876878
125 198 3 9562182 2.012881514
44 123 3 4394968 2.012885683
125 124 3 37249 2.012890445
37 119 3 5147903 2.012896474
117 113 3 8182407 2.012898957
113 111 3 30093 2.012905685
4 14 3 195867 2.012906087
12 114 3 4678984 2.012907373
163 151 3 23242083 2.012917876
78 74 3 25708 2.012920253
195 192 3 24061 2.012929759
9 79 3 1972 2.01293552
74 75 3 594709 2.012936372
126 112 3 4503635 2.012940018
45 47 3 8309269 2.012942294
10 3 3 19357 2.01294825
113 122 3 7703591 2.012954899
41 50 3 4525939 2.012957558
52 124 3 9841349 2.012959811
45 41 3 39993 2.012968999
14 1 3 73780 2.012970502
45 49 3 39873 2.012981345
83 75 3 5092 2.012982484
83 75 3 3321802 2.012982666
77 87 3 14596 2.012987041
187 189 3 8360134 2.012987197
9 10 3 669475 2.012990999
160 9 3 69395 2.012994837
118 192 3 59380 2.012998357
124 125 3 259976 2.012998394
188 189 3 4655818 2.012999287
114 116 3 6521879 2.013000609
152 163 3 4796 2.013003097
163 159 3 25532 2.013003312
189 194 3 1589380 2.013006367
122 116 3 772 2.013008375
118 122 3 17625713 2.013008591
5 8 3 17404 2.013012304
9 8 3 47692 2.01301644
156 151 3 6467327 2.013019153
52 48 3 20721 2.013022234
52 49 3 39751 2.013025351
158 125 3 7470854 2.013029471
42 43 3 54361 2.013035302
123 10 3 39973 2.013043971
149 188 3 24136 2.013046193
157 111 3 26813 2.013051039
187 198 3 605036 2.013052145
13 6 3 64417 2.01305745
197 188 3 517678 2.013059807
159 152 3 1254247 2.013060156
191 118 3 2748746 2.01306973
77 79 3 68963 2.01306984
4 2 3 172415 2.013070121
118 116 3 210371 2.013075438
79 76 3 24678247 2.013080784
77 89 3 2341296 2.013085055
152 87 3 55201 2.013086215
152 160 3 3435125 2.013086945
8 115 3 28450 2.013089042
160 152 3 10532 2.013092386
157 83 3 2526022 2.013096175
122 112 3 16250488 2.013097182
80 84 3 6676 2.013097346
77 80 3 25906 2.01310145
112 149 3 1998096 2.013101945
82 87 3 1361525 2.013104648
126 1 3 3883167 2.013105118
122 115 3 4903 2.013105179
82 80 3 79405 2.01310787
157 156 3 2718 2.013110273
74 86 3 5644 2.013111534
52 39 3 25058 2.01311636
81 80 3 66847 2.013117722
117 189 3 20394 2.013120343
49 14 3 46797 2.013120607
116 126 3 881 2.013122094
112 115 3 1196310 2.013123979
155 41 3 7404299 2.013128921
116 118 3 15412 2.013131853
116 124 3 315105 2.013135331
126 114 3 6178 2.013136041
117 121 3 57790 2.013138131
119 117 3 52636 2.013140646
82 89 3 73410 2.013140927
81 79 3 2309195 2.013151272
41 50 3 40855 2.013152259
3 7 3 9323 2.013153136
40 41 3 79112 2.013158595
191 52 3 9022022 2.013164814
6 14 3 2687589 2.013169049
148 149 3 1356551 2.013169259
121 124 3 4427988 2.013170151
38 51 3 48787 2.013176697
119 75 3 146428 2.013180056
85 79 3 20864 2.01318842
156 148 3 1850041 2.013196293
43 45 3 3742845 2.013199973
148 150 3 4338673 2.013200222
123 118 3 61238 2.013210781
83 80 3 1441619 2.013222943
156 115 3 1995 2.013225901
161 162 3 5007 2.013225981
111 115 3 5448412 2.013227358
0 121 3 122410 2.013229093
190 192 3 24182 2.013229804
157 161 3 1854605 2.013230603
80 194 3 119177 2.013232088
122 13 3 5234506 2.013232887
42 48 3 22491 2.013233396
10 5 3 26137 2.013235053
14 125 3 20543 2.013239297
14 3 3 106947 2.013254157
121 115 3 11893 2.013256713
13 6 3 276073 2.013257527
114 112 3 21776 2.013258399
156 163 3 197942 2.013259205
42 43 3 11028 2.013271712
159 52 3 2247110 2.013274767
198 191 3 18447809 2.013284603
161 158 3 809595 2.013285519
43 191 3 24580 2.013286876
0 9 3 1704859 2.013287848
11 5 3 526277 2.013288022
152 156 3 294268 2.013292198
200 87 3 39569 2.013292234
76 52 3 26968 2.013293635
77 116 3 4107 2.013301439
116 111 3 1418383 2.013315699
44 51 3 79778 2.013318653
48 4 3 2019423 2.013321699
38 47 3 72648 2.013327643
82 89 3 43272 2.01332969
151 155 3 1288439 2.013331153
116 113 3 864573 2.013331717
1 13 3 4892321 2.01333488
113 162 3 8727007 2.013338703
86 88 3 67897 2.013343634
41 46 3 5023 2.01334756
195 112 3 7752 2.01335066
161 149 3 8266 2.013357686
114 76 3 3827400 2.013359484
126 122 3 50865 2.013360326
79 76 3 8622568 2.013365546
158 153 3 62796 2.013365692
126 112 3 3142 2.013367538
4 10 3 31264 2.013375925
83 85 3 846662 2.013387031
8 0 3 4809320 2.013389027
197 194 3 1492275 2.013390376
185 8 3 29920 2.01339216
126 125 3 20518 2.013392652
43 50 3 27593205 2.013396192
74 87 3 25538 2.013398688
159 149 3 70733 2.013399825
124 119 3 133441 2.013402572
122 126 3 1528296 2.013415349
185 200 3 8824 2.013416839
111 121 3 63317 2.013418842
197 192 3 17473 2.013419572
3 80 3 4451576 2.013422194
10 6 3 1017517 2.013422411
159 158 3 4618167 2.013424909
123 87 3 5845708 2.01342502
12 7 3 7647987 2.013427059
83 84 3 538942 2.013427585
115 122 3 17411808 2.01342792
9 119 3 1793661 2.013433953
3 121 3 41220 2.013434161
13 10 3 1597677 2.013435243
153 154 3 8214583 2.013438411
86 83 3 5360373 2.013439845
159 152 3 2365843 2.01344132
13 124 3 7857241 2.013441913
186 190 3 72077 2.013443736
156 154 3 9680790 2.013446052
82 188 3 741393 2.013446392
42 41 3 8083468 2.013454781
114 118 3 616238 2.013459805
46 48 3 57406 2.013461954
86 87 3 17674385 2.013461974
193 82 3 3286893 2.013462997
115 122 3 68032 2.013463961
10 0 3 1874936 2.013464281
190 195 3 20956 2.013465945
7 86 3 1520544 2.013475401
122 114 3 44987 2.013476062
2 8 3 564588 2.0134776
116 156 3 128047 2.013479362
8 10 3 381757 2.013480085
82 125 3 57771 2.013480539
194 197 3 29735 2.013487426
197 199 3 1257139 2.013489854
88 78 3 11622 2.013495751
188 111 3 41224 2.013496642
49 46 3 4664044 2.013497813
74 84 3 1615283 2.013498776
86 89 3 2758040 2.013498971
187 199 3 3746454 2.013499224
1 8 3 16354 2.013503899
7 8 3 1121480 2.013509343
185 195 3 8701224 2.013512233
42 49 3 7419866 2.01351302
154 152 3 876251 2.013515149
152 81 3 64001 2.013518366
119 8 3 74149 2.013519903
74 45 3 28133 2.013523098
7 1 3 19026 2.013527186
198 189 3 75657 2.013527341
74 81 3 66177 2.013529233
42 48 3 70920 2.013534456
2 117 3 79346 2.013535349
199 196 3 1097077 2.01354091
89 78 3 38771 2.013544829
85 75 3 1834 2.013545044
195 187 3 4218229 2.013547486
153 195 3 65913 2.013549567
120 115 3 1321129 2.013553436
8 5 3 137679 2.013554035
39 41 3 92650 2.013554815
38 42 3 649587 2.013563916
39 44 3 23294 2.013566231
123 153 3 313537 2.013567434
151 152 3 74020 2.013568493
12 6 3 33602 2.013568867
155 161 3 2643538 2.013569618
86 189 3 1882414 2.013581806
49 40 3 9476 2.013582082
46 47 3 57150 2.013587273
75 83 3 1782781 2.013588352
161 163 3 75566 2.013588381
13 8 3 72408 2.01358954
4 126 3 1784277 2.013589709
4 112 3 20859 2.013594184
157 89 3 338447 2.013596586
161 150 3 4018 2.013597614
4 154 3 8188776 2.013599569
197 194 3 9657119 2.013602037
75 83 3 815727 2.01360252
163 152 3 4426 2.013603972
115 157 3 22247 2.013609461
120 124 3 62643 2.013609567
86 198 3 28022 2.013616619
80 86 3 76058 2.013632154
85 84 3 134193 2.013636864
118 119 3 959158 2.013639169
163 149 3 495758 2.013640632
113 185 3 103544 2.013650611
6 114 3 6449 2.013653138
89 81 3 8690 2.013653474
44 51 3 69204 2.013672229
3 120 3 22388594 2.013672574
78 83 3 8954 2.01367323
111 119 3 7625 2.013676007
187 77 3 7385566 2.013676063
188 186 3 22038 2.013676671
156 157 3 25776 2.013677247
112 119 3 77694 2.013685629
51 121 3 14169 2.01369
82 79 3 74072 2.013692855
45 41 3 20235 2.013697161
6 10 3 74227 2.013699879
78 79 3 8473835 2.013700466
89 82 3 874390 2.013709298
194 85 3 2888727 2.013710472
12 2 3 5046 2.013717208
14 188 3 1379412 2.01372477
37 45 3 38063 2.013729095
40 41 3 62519 2.013729986
44 4 3 831041 2.013732856
152 156 3 47624 2.013733404
75 83 3 7488 2.013734823
118 115 3 1374476 2.013735645
8 9 3 24618 2.013736416
149 159 3 34773 2.013736894
126 116 3 21740497 2.013738358
120 199 3 70932 2.013738899
163 151 3 26448 2.013741942
191 199 3 21003 2.013744446
123 114 3 108458 2.013745771
191 196 3 5991139 2.013751293
194 193 3 20356 2.013753344
7 0 3 21176 2.013755407
112 113 3 1767616 2.013756895
78 5 3 5429254 2.013768984
186 12 3 291673 2.013769661
89 82 3 1202 2.013771048
76 79 3 6792 2.013776275
152 155 3 67449 2.013788121
123 116 3 14172 2.013790873
124 114 3 1672513 2.013792888
88 77 3 56206 2.013793731
3 163 3 12749 2.013795518
13 188 3 27557 2.013797402
115 155 3 9239 2.013797911
157 149 3 21677 2.01380272
6 14 3 1128714 2.013804556
11 10 3 627 2.013806907
4 13 3 7148 2.013810215
197 189 3 57410 2.013814329
4 14 3 54403 2.013814816
81 86 3 1904588 2.013815199
111 113 3 2511 2.013816324
115 118 3 20007 2.013826263
37 52 3 2264 2.013834022
189 196 3 4582266 2.013842655
13 47 3 19412889 2.01384522
15 187 3 78758 2.013865921
112 119 3 4489 2.013871834
159 15 3 6131039 2.013877
51 160 3 485303 2.013877458
41 3 3 3329 2.013888678
121 112 3 74770 2.013890325
45 40 3 941146 2.013897438
77 123 3 1447844 2.013902871
126 125 3 3998145 2.013912055
148 77 3 75813 2.013913843
200 193 3 1193273 2.013915062
148 159 3 4475961 2.013915368
48 49 3 3324210 2.013916906
152 38 3 20094 2.013919457
123 117 3 1755222 2.01392631
119 118 3 44471 2.013926908
14 117 3 45191 2.013928944
47 38 3 1087744 2.013928958
126 119 3 54323 2.013940957
75 77 3 591831 2.013942214
121 111 3 24227 2.013945654
15 4 3 9295 2.013955755
4 112 3 234 2.013957155
158 123 3 309277 2.013958654
124 163 3 4210168 2.013963535
196 186 3 61879 2.013965168
192 197 3 61672 2.013966929
10 119 3 74930 2.013974994
196 190 3 79706 2.013982636
52 43 3 11179962 2.01398581
158 198 3 55833 2.013986156
157 159 3 31741 2.013991923
161 126 3 45916 2.013993403
114 115 3 2332933 2.013999416
153 154 3 40857 2.01400104
3 78 3 2166 2.014003283
80 193 3 8557 2.014003995
75 149 3 3222 2.014005673
156 76 3 8151 2.014009326
191 88 3 601550 2.014015984
187 191 3 860 2.014024085
85 83 3 55544 2.014026795
112 119 3 4918039 2.014029836
116 113 3 7722 2.01403425
4 2 3 32734 2.014038148
86 84 3 20244 2.01404212
160 157 3 23046 2.014052203
85 84 3 35150 2.014059526
88 86 3 2044630 2.014060664
192 193 3 51548 2.014063885
7 13 3 105806 2.014066984
152 40 3 27443 2.01406985
157 161 3 46800 2.014070732
158 148 3 1868028 2.014072458
44 50 3 13660 2.014080284
40 192 3 9158 2.014080317
195 187 3 22848 2.01408156
79 82 3 9727 2.014089616
161 150 3 61865 2.014102108
87 2 3 2901 2.014102359
149 148 3 36615 2.014107719
52 46 3 786990 2.014108133
197 191 3 1468239 2.014110827
81 74 3 75460 2.014111707
8 11 3 27136150 2.014112615
120 117 3 57315 2.014114211
155 149 3 1241034 2.01411524
194 196 3 20107 2.014124128
14 3 3 4019062 2.014124791
75 86 3 32329 2.014130228
14 81 3 34330 2.014130775
150 85 3 27398 2.014134199
115 114 3 3180518 2.014134512
187 191 3 26572 2.014134955
192 7 3 49571 2.014135612
150 193 3 35564 2.014139423
44 51 3 26717 2.014147131
161 119 3 71450 2.014150985
0 3 3 6175 2.014153868
43 44 3 77737 2.01415501
118 155 3 160732 2.014156408
118 161 3 9408427 2.014161626
2 8 3 33679 2.014171241
74 83 3 7637890 2.014171436
154 156 3 224166 2.014174126
82 39 3 64781 2.014183235
42 43 3 6850 2.014184591
82 75 3 2271 2.014186829
51 37 3 26096 2.014187236
119 113 3 44117 2.014193295
194 190 3 20742 2.014196528
89 78 3 3454 2.014196934
8 4 3 6659448 2.014197508
153 159 3 5437578 2.014202046
77 89 3 133962 2.014202632
52 160 3 59045 2.01420737
190 191 3 23102 2.014207574
84 75 3 58711 2.014212666
119 118 3 22797 2.01421995
41 52 3 148418 2.014236807
192 185 3 25867 2.014237812
89 46 3 5729 2.014245488
1 3 3 56718 2.014279154
75 74 3 1592707 2.014281317
4 149 3 3163 2.014282919
10 197 3 41880 2.014291823
14 8 3 26937 2.014297371
157 160 3 3162097 2.014303137
86 89 3 2211 2.014305806
154 151 3 16551460 2.014313309
81 189 3 26472 2.014318758
118 5 3 78511 2.014322994
195 194 3 7033 2.014325346
154 159 3 887219 2.014329039
44 10 3 9091 2.014336143
0 122 3 30861 2.014337249
155 37 3 34948 2.014339848
0 4 3 3584774 2.014340346
200 194 3 355 2.014341892
160 163 3 3230237 2.014343721
5 14 3 140887 2.014351822
5 126 3 1026312 2.014353637
153 155 3 1458649 2.014359635
6 159 3 52390 2.014363205
15 115 3 659 2.014363267
155 151 3 76971 2.014365166
198 186 3 2701 2.014366553
152 117 3 7660 2.014367362
43 37 3 56783 2.01436801
10 9 3 79955 2.014372152
46 79 3 944315 2.014373623
79 148 3 36027 2.014374115
0 2 3 67399 2.014375945
14 7 3 54570 2.014378886
88 85 3 6891468 2.014379919
161 153 3 1486690 2.014381391
156 162 3 22156230 2.014381409
44 199 3 66779 2.014381768
13 200 3 2761 2.014382302
190 40 3 51274 2.014384188
123 15 3 62942 2.014389174
163 156 3 61851 2.014389653
152 154 3 10726 2.014395217
13 7 3 21381 2.014398987
42 43 3 2966332 2.014399368
50 121 3 870666 2.014407918
6 13 3 120122 2.014411735
122 126 3 903 2.014413308
198 192 3 14883 2.014416793
152 162 3 74592 2.014418492
85 84 3 1333746 2.014419679
156 148 3 361774 2.014423415
115 124 3 59031 2.014428986
198 196 3 77883 2.014429919
2 0 3 8114 2.014430114
10 7 3 4281229 2.01443095
120 116 3 4833919 2.014436166
10 15 3 4640 2.014436683
12 160 3 76020 2.014438874
121 120 3 6830 2.014444347
191 192 3 447739 2.014451275
9 5 3 8031 2.014458862
153 162 3 11760 2.014462052
121 117 3 38435 2.014462711
112 153 3 18065 2.014465435
151 152 3 120736 2.014471679
76 75 3 152398 2.014473136
116 37 3 787499 2.014480033
75 87 3 20406 2.014485989
160 162 3 28167 2.014486705
152 85 3 9776301 2.014490638
189 199 3 2454 2.014492317
14 156 3 24185 2.014492327
195 187 3 5059 2.014496253
81 200 3 52866 2.014497876
161 152 3 1900318 2.014500177
85 152 3 74452 2.014503793
154 162 3 6846 2.014505193
188 10 3 48480 2.014514312
81 85 3 31351 2.014518341
88 79 3 6867913 2.014523051
47 51 3 24129 2.014528268
161 158 3 70597 2.014529571
39 38 3 8624 2.014532083
76 80 3 1390758 2.014536451
149 156 3 9003392 2.014537809
1 118 3 10017883 2.014539582
85 80 3 485440 2.014541603
120 40 3 21898 2.014546983
37 39 3 4616370 2.014549398
48 50 3 19644 2.014550869
89 74 3 5766 2.014556107
118 113 3 681579 2.014556446
6 5 3 96099 2.014560232
41 37 3 6706597 2.014563796
82 78 3 1407709 2.014566665
151 160 3 50719 2.014571115
74 87 3 6515675 2.014576783
152 149 3 1490520 2.014580094
111 117 3 15918 2.014585085
149 158 3 9926184 2.014588734
150 84 3 14147 2.014589255
200 197 3 74546 2.014590132
118 119 3 735156 2.014594824
188 187 3 100274 2.014598343
148 154 3 64825 2.014599348
121 112 3 3906151 2.014600629
0 50 3 37841 2.014600731
81 82 3 3278 2.014601959
155 52 3 74347 2.014604127
162 153 3 74899 2.014604648
149 154 3 1245 2.014615495
192 198 3 11370195 2.014620265
117 159 3 40182 2.014620935
43 116 3 181953 2.014621531
1 0 3 9302 2.014625916
159 155 3 57722 2.014627368
0 123 3 48154 2.014633908
197 198 3 1776023 2.014637148
195 198 3 3971517 2.014651117
189 188 3 95989 2.014652466
52 112 3 88829 2.014652764
77 85 3 42681 2.01465568
117 46 3 3770211 2.014661538
113 160 3 627 2.014665414
10 188 3 6104 2.014667947
0 12 3 1626827 2.01466908
151 148 3 51496 2.01467227
163 195 3 2738015 2.014680993
80 77 3 5041475 2.014683819
163 157 3 11364 2.01469338
120 159 3 3475278 2.014699194
192 193 3 12848 2.014700912
39 38 3 77479 2.014705576
187 85 3 221890 2.014707157
79 78 3 40654 2.014707541
157 162 3 20654 2.014707755
9 160 3 77682 2.014710181
11 4 3 17212 2.014716809
119 44 3 18026 2.014724321
190 189 3 6239549 2.014725064
75 82 3 19795 2.014725265
2 10 3 4195 2.014728069
123 188 3 55592 2.014732487
117 122 3 24002 2.01473404
44 163 3 4637029 2.01473449
77 84 3 5598298 2.01473677
85 185 3 8165 2.014747576
1 123 3 6971048 2.014749881
6 125 3 6754 2.014750133
116 112 3 75017 2.014753259
49 51 3 67838 2.01475527
13 3 3 4710107 2.014759201
11 15 3 2314830 2.014767703
78 85 3 17011 2.014774864
191 188 3 9563186 2.014780781
87 89 3 3042734 2.014784657
52 43 3 848658 2.014785967
13 0 3 3065954 2.014797165
39 46 3 998233 2.014803491
122 125 3 8443 2.014809905
9 14 3 469774 2.014810394
198 124 3 9085614 2.014811599
52 43 3 24800 2.014817896
124 118 3 14389343 2.01481857
118 156 3 775303 2.01482168
163 84 3 59555 2.01482272
159 45 3 4064694 2.014824432
150 82 3 43784 2.014824786
8 9 3 78450 2.014826596
157 158 3 6821 2.014833213
126 111 3 25812462 2.014834053
117 118 3 2516187 2.014848382
157 150 3 16058 2.014853152
46 47 3 1062594 2.014853387
82 81 3 47076 2.014855183
5 1 3 2975430 2.014855604
78 74 3 28331286 2.014860806
3 5 3 105897 2.014869395
124 47 3 21754370 2.014869751
153 157 3 472339 2.014876397
191 37 3 3582582 2.014883115
82 148 3 32761 2.014883916
86 88 3 58482 2.014886694
8 50 3 61391 2.014892031
114 154 3 3100 2.014893173
190 188 3 928 2.014894369
51 37 3 3785 2.014894765
193 197 3 1606986 2.01489732
74 186 3 3079754 2.014900173
88 1 3 27038 2.01490149
152 161 3 2565625 2.014905696
200 194 3 4517060 2.014908959
11 7 3 8583 2.014914245
74 85 3 30633 2.014916596
152 86 3 20849346 2.014922915
152 119 3 25409 2.014925905
193 194 3 1121601 2.014926163
124 85 3 970587 2.014930127
117 115 3 29317 2.014941533
15 112 3 24415 2.014948004
3 12 3 12714057 2.014950479
8 4 3 704239 2.014951559
3 75 3 3776366 2.01495295
43 112 3 119534 2.014953038
11 7 3 77820 2.014960047
200 198 3 3193490 2.01496424
8 1 3 26922 2.014974272
121 5 3 9982199 2.014977749
126 48 3 20781 2.01498062
41 48 3 2511978 2.014982734
123 114 3 3697056 2.014983253
76 83 3 4604 2.014983732
185 82 3 5076 2.014999785
1 39 3 1141 2.015003831
124 161 3 22213 2.015004626
198 185 3 72202 2.015005683
185 190 3 67448 2.015010045
2 46 3 73303 2.015011931
186 191 3 7322 2.015012546
79 88 3 63439 2.01501385
114 116 3 9551 2.015016114
76 74 3 8175586 2.01501732
160 117 3 78282 2.015021564
81 88 3 3916205 2.015023766
116 151 3 32781 2.015027773
121 152 3 55865 2.015028263
126 121 3 5359298 2.015029586
150 154 3 309745 2.015031405
123 38 3 74510 2.015031507
189 160 3 3354307 2.015032454
42 47 3 49353 2.015038733
189 185 3 59876 2.015039574
88 82 3 1205623 2.015042335
153 151 3 53848 2.015044348
89 85 3 1413684 2.015046906
49 37 3 734938 2.015048653
195 149 3 37176 2.015053289
149 161 3 7867 2.015053338
118 122 3 2364 2.015061602
194 191 3 7852597 2.015062991
124 123 3 29337 2.015065992
76 84 3 1314213 2.0150691
157 150 3 16763 2.015078302
159 162 3 21944 2.015081051
161 88 3 13605 2.01508116
162 161 3 1385094 2.01508743
155 78 3 1497300 2.015089152
161 152 3 1512351 2.01509018
11 15 3 82811 2.015094467
122 149 3 271920 2.015098518
111 11 3 9654 2.015099636
118 112 3 5889133 2.015107934
113 89 3 53289 2.01511141
189 85 3 1913184 2.015114252
89 85 3 21086 2.015116361
124 112 3 1350 2.015117506
149 152 3 1429869 2.015128629
126 192 3 7666 2.015130273
12 3 3 1165633 2.015130743
2 13 3 660969 2.015138308
78 12 3 41746 2.015139035
81 89 3 4589844 2.015141908
195 199 3 27217917 2.015142784
185 192 3 27486 2.015153671
194 149 3 124532 2.015154723
162 154 3 68281 2.015166143
120 119 3 40310 2.01516656
85 160 3 27337 2.015166614
83 126 3 433217 2.015172739
187 185 3 824892 2.015174068
45 50 3 117 2.015175668
120 151 3 262 2.015179683
6 111 3 72609 2.015190493
120 89 3 18698714 2.01519785
114 122 3 1538 2.015197978
161 160 3 12016 2.0151999
190 185 3 29192 2.015200071
74 76 3 11079310 2.015200474
185 157 3 26475466 2.015202871
160 158 3 17560 2.015202976
149 155 3 5218 2.015205796
152 163 3 9701947 2.015207235
37 0 3 130378 2.015208157
86 89 3 1193984 2.01521051
44 49 3 2262 2.01521382
50 43 3 705034 2.015218836
51 39 3 9793 2.015219925
2 4 3 9710788 2.01522295
40 78 3 332956 2.015229768
39 41 3 2993741 2.015230285
49 47 3 39230 2.015231768
10 89 3 1657890 2.015234005
124 119 3 56741 2.015234824
123 121 3 1374692 2.015235848
197 192 3 706212 2.015242137
14 15 3 37664 2.015257518
45 49 3 27895 2.01525891
122 150 3 951558 2.015259828
160 80 3 7627 2.015265241
163 155 3 149732 2.015266559
41 122 3 712860 2.015268372
10 2 3 874653 2.015272788
156 148 3 42920 2.015277174
186 197 3 141540 2.015287792
195 196 3 1773495 2.01528832
83 74 3 58095 2.015292383
156 160 3 178854 2.015294702
196 195 3 40487 2.015294739
152 161 3 19418 2.015298012
79 75 3 26467 2.015298749
125 120 3 70077 2.015318223
38 159 3 25453 2.015320631
12 151 3 807267 2.015325669
13 10 3 1619736 2.015326377
121 115 3 5082666 2.015330049
149 153 3 1098600 2.015332455
125 116 3 1929171 2.015333464
81 79 3 61310 2.015340029
114 120 3 3625037 2.015343439
155 163 3 6381544 2.015346527
47 50 3 41527 2.015350574
163 158 3 1028684 2.015351028
154 148 3 5630 2.015356784
153 161 3 1788466 2.015359775
14 11 3 3704 2.015366867
38 113 3 12956 2.015369437
48 82 3 8839985 2.015372017
118 11 3 113029 2.01539304
74 6 3 26035 2.015398165
114 126 3 9768 2.015402749
45 51 3 8682489 2.015408725
6 7 3 962741 2.015417623
50 5 3 21891304 2.015427551
199 15 3 94922 2.01543462
14 9 3 2236711 2.015436124
78 80 3 303783 2.015440139
117 125 3 55428 2.015442495
189 186 3 54987 2.015443981
15 190 3 28057 2.01544594
50 46 3 32050 2.015448359
77 80 3 4334791 2.015449343
199 200 3 24607 2.015450088
197 195 3 49060 2.0154586
1 163 3 28998 2.01546031
89 78 3 55861 2.015460467
117 161 3 9887667 2.015471396
113 124 3 3218162 2.015474712
151 153 3 72069 2.015475142
84 75 3 24556505 2.015479356
45 43 3 4006015 2.015482085
115 114 3 8320 2.015482369
75 86 3 1482759 2.015484136
163 148 3 4288647 2.015492621
89 83 3 5889618 2.015499858
84 41 3 12611237 2.015501311
42 190 3 1889460 2.015503629
4 2 3 26129 2.015505317
200 194 3 86944 2.015506618
163 149 3 6132271 2.015522851
47 42 3 47650 2.015525859
0 12 3 25123 2.01552709
114 149 3 21815 2.015533836
50 51 3 1622876 2.01553411
152 149 3 6985719 2.015535922
78 87 3 51627 2.015540139
9 193 3 13678 2.01554096
0 117 3 2513834 2.015542892
154 157 3 1191 2.015550488
199 188 3 33378 2.015551453
77 87 3 8800 2.015555461
50 44 3 737517 2.015557513
119 156 3 3195614 2.015560677
125 119 3 4519616 2.015560752
39 46 3 41826 2.015561086
114 188 3 756569 2.01556362
196 186 3 6671409 2.015563633
125 158 3 522723 2.01556403
118 119 3 6704 2.015564942
125 74 3 9336 2.015572703
189 40 3 71943 2.015577358
46 78 3 643 2.015578978
198 193 3 1804150 2.015579531
200 194 3 3657794 2.01558471
5 9 3 4236 2.015585075
10 115 3 114209 2.015586681
112 117 3 67045 2.015587069
196 3 3 9071 2.015587698
186 200 3 30975 2.015591402
81 75 3 668470 2.015591947
197 186 3 49489 2.015593388
74 87 3 12129 2.015594913
191 197 3 881 2.015601572
3 6 3 23235 2.015603575
15 6 3 8443 2.015610613
85 79 3 31693 2.015611705
12 117 3 75186 2.015612129
81 75 3 6573 2.01561635
153 191 3 46217 2.015624713
126 117 3 47560 2.015625572
43 0 3 428833 2.015626252
190 188 3 995061 2.015628249
14 15 3 65578 2.01563032
154 158 3 25135 2.015630791
80 163 3 933 2.015634624
84 77 3 68795 2.015636078
118 122 3 32326 2.015636664
39 43 3 4823233 2.015638741
119 113 3 65446 2.0156489
76 7 3 246159 2.01565319
121 113 3 2187603 2.015653589
192 188 3 53973 2.015656673
111 118 3 74538 2.015660592
198 195 3 26037 2.015666581
194 187 3 4671642 2.015671252
39 51 3 264729 2.015674858
77 83 3 29439 2.015675625
52 46 3 47338 2.015677847
188 198 3 78010 2.01567914
156 150 3 5221 2.015681602
48 42 3 186716 2.015687197
89 44 3 59984 2.01568967
116 9 3 383441 2.015696484
49 200 3 9188 2.015701317
195 197 3 59365 2.015709431
38 41 3 2642 2.015711059
0 2 3 5778 2.015711214
200 15 3 1332676 2.015718057
154 40 3 170040 2.015718598
84 8 3 26485411 2.015722866
1 148 3 68075 2.015723336
82 88 3 17806 2.015730901
194 188 3 7184377 2.015732613
79 88 3 450143 2.015735102
15 0 3 1339150 2.015741468
40 38 3 74525 2.015745106
86 77 3 37933 2.015749557
113 161 3 1545888 2.015749974
198 189 3 71053 2.015751253
193 189 3 36917 2.015755363
122 123 3 7993902 2.015756191
192 75 3 116422 2.015768745
38 124 3 1895364 2.015788359
79 89 3 649 2.015790803
157 149 3 717172 2.015791828
151 148 3 53245 2.015793504
111 124 3 1236 2.015794267
191 195 3 933188 2.01579627
89 84 3 9955 2.015799478
124 113 3 19851 2.015801568
8 3 3 5667 2.015803586
198 194 3 3254452 2.015803771
8 4 3 58117 2.015809751
44 191 3 1841776 2.015813901
9 2 3 27783 2.015815565
85 74 3 66769 2.015823299
199 11 3 51489 2.015831835
7 9 3 3786267 2.01583277
198 88 3 53289 2.015841268
187 191 3 16230529 2.015842015
124 113 3 42160 2.015842075
163 150 3 8003289 2.015842464
112 114 3 73399 2.01584604
148 150 3 27728815 2.015846914
186 189 3 67768 2.01585035
196 191 3 22539 2.015852895
191 163 3 4919 2.01585499
81 80 3 1301883 2.015855875
12 2 3 66069 2.015856379
151 150 3 2034 2.015860236
187 188 3 21752 2.015863705
197 187 3 8799 2.015863917
77 84 3 339794 2.01586397
5 3 3 181725 2.015864397
10 11 3 32901 2.015873301
37 48 3 38977 2.015876295
150 149 3 29477286 2.015876842
51 39 3 21204 2.015883259
2 11 3 6767441 2.015883939
198 39 3 2669 2.015886986
188 185 3 149404 2.015889462
123 149 3 115954 2.015894988
2 8 3 4018114 2.015897821
197 200 3 276118 2.015900295
157 46 3 1906979 2.015901855
4 1 3 148242 2.015907945
159 155 3 1337150 2.015909308
9 12 3 5341390 2.015913742
48 77 3 3368413 2.01591878
197 155 3 11692 2.015926943
5 15 3 18397 2.015931906
185 85 3 26170 2.015939206
194 196 3 3169932 2.015943819
195 187 3 66865 2.015948813
2 14 3 2838100 2.015951123
12 15 3 1563955 2.015960875
15 191 3 9799242 2.015962889
188 197 3 17524 2.015965638
40 155 3 577035 2.015968347
45 51 3 897806 2.015979193
39 51 3 57379 2.01598663
194 186 3 139608 2.015990287
189 188 3 27551 2.015991359
152 161 3 116291 2.015992513
163 156 3 796 2.015994532
83 81 3 7835667 2.015995607
162 153 3 4776097 2.015996635
4 114 3 1509620 2.015999181
4 6 3 50427 2.016000403
150 162 3 7496 2.016003171
185 189 3 25344 2.016004298
114 119 3 8953 2.016004482
5 13 3 9409874 2.016004546
13 2 3 27109100 2.016008445
3 10 3 29314 2.016012484
190 189 3 272911 2.016013671
87 196 3 397938 2.01601448
126 1 3 1019058 2.016015716
4 74 3 1042176 2.016027824
117 121 3 1676996 2.016029712
149 160 3 11625 2.016033868
5 52 3 48334 2.016034271
52 45 3 1547093 2.016035143
76 87 3 1279 2.016036244
15 0 3 6425737 2.016050467
111 125 3 36726 2.016053656
12 126 3 3419791 2.016058071
12 125 3 143 2.016061505
163 161 3 4554 2.016066873
5 4 3 17353 2.016067416
86 148 3 19677712 2.016070879
0 6 3 708440 2.016072662
112 122 3 74875 2.016074538
163 152 3 40424 2.016077631
82 84 3 35435 2.016079761
116 119 3 9116 2.016080184
4 5 3 3923 2.016084384
42 37 3 51063 2.016091483
52 41 3 7104 2.016091762
199 187 3 896354 2.016092048
9 7 3 3649472 2.016093337
51 151 3 530851 2.016098891
122 124 3 481870 2.016101695
116 125 3 76482 2.016102106
120 156 3 29514086 2.016104428
152 163 3 1746669 2.016105664
123 111 3 5781 2.016105892
4 116 3 1330178 2.01610789
39 185 3 6317 2.016109378
45 47 3 73000 2.016111154
42 37 3 2861728 2.016129448
88 75 3 2220 2.016130521
122 43 3 63826 2.016136597
157 161 3 59531 2.016137097
162 158 3 6426 2.016137265
8 78 3 165970 2.016137592
39 48 3 4928 2.01613895
118 121 3 52057 2.016141464
194 197 3 22046 2.01614223
199 196 3 24757 2.016142525
113 118 3 1395450 2.016147141
47 43 3 800846 2.016152643
3 1 3 5989 2.016154689
150 200 3 95141 2.016154771
196 185 3 1661780 2.01615649
12 1 3 3310 2.016165785
115 118 3 160004 2.01616976
150 155 3 1098255 2.016174452
42 52 3 2462788 2.016174714
159 150 3 988713 2.01617501
39 194 3 66140 2.016184002
43 122 3 1794537 2.016185491
82 86 3 5479342 2.01618761
11 157 3 5989520 2.016187948
160 152 3 41398 2.016188263
46 47 3 24841 2.0161896
150 161 3 26201 2.016191217
120 122 3 28673 2.016201188
39 45 3 1627467 2.016206536
152 163 3 655946 2.016207415
4 10 3 82794 2.016209847
154 156 3 68018 2.016211383
191 188 3 27837734 2.016212698
114 118 3 1256444 2.016215485
49 126 3 1561682 2.016219249
14 3 3 1719609 2.016219939
160 151 3 9227366 2.016221152
79 82 3 16827 2.016226436
44 50 3 2852080 2.016233507
48 15 3 2839172 2.016245621
157 152 3 188603 2.016249865
43 51 3 65462 2.016253146
75 45 3 1684597 2.01625422
80 84 3 9956 2.016262261
200 190 3 1691912 2.016263353
49 41 3 29289 2.01626343
200 186 3 32181 2.016268951
50 38 3 4100610 2.01627513
7 12 3 3134268 2.016281262
155 111 3 55561 2.016282707
8 149 3 99089 2.016282725
49 50 3 5034000 2.016282779
117 51 3 1391854 2.016283641
88 89 3 44535 2.016287662
163 150 3 21371 2.016292034
37 150 3 1174476 2.016293177
191 13 3 68890 2.016297478
8 117 3 4076630 2.016303444
163 15 3 11984 2.016309189
86 75 3 969931 2.016310235
197 192 3 9032854 2.016310355
158 163 3 123037 2.016311631
50 44 3 511585 2.016314476
3 10 3 134308 2.016328641
45 50 3 22581 2.016336948
122 39 3 477184 2.0163397
15 111 3 471601 2.016339802
154 150 3 6445 2.016339814
38 52 3 1322798 2.016340837
9 116 3 57417 2.016344026
2 190 3 20072 2.016345114
43 48 3 4585849 2.016358112
79 187 3 6872238 2.016358451
37 44 3 93436 2.016361224
85 78 3 7729398 2.016366482
10 15 3 53421 2.016368915
187 189 3 76398 2.016369722
13 2 3 2708762 2.016373355
151 88 3 245600 2.016376027
124 118 3 8693868 2.016379117
154 152 3 6440 2.016389026
80 74 3 8836116 2.016393026
9 7 3 6932407 2.016400409
80 82 3 1605719 2.016407538
200 190 3 44837 2.016408064
114 115 3 4503986 2.016410542
9 4 3 185814 2.01641097
9 113 3 76053 2.016411632
41 40 3 76610 2.016412462
185 196 3 2565521 2.016413312
185 41 3 214629 2.016414348
2 115 3 111978 2.016414513
163 152 3 3999779 2.016417138
186 194 3 12715946 2.016418595
161 159 3 1615263 2.016418754
162 12 3 1288975 2.01641932
9 2 3 18490 2.016422381
4 6 3 109543 2.016422846
86 198 3 4354604 2.016432719
85 78 3 1609223 2.016437465
83 191 3 32269 2.016445266
148 76 3 186311 2.016451395
163 152 3 74062 2.0164531
43 42 3 495 2.016457464
119 125 3 1630459 2.016460941
153 155 3 28309 2.016461092
78 87 3 1741396 2.016461242
192 186 3 37699 2.016468239
3 111 3 7501296 2.016483187
126 115 3 192384 2.01648954
187 196 3 26474 2.016493236
88 87 3 510994 2.016497764
8 10 3 6207591 2.016498397
13 12 3 16234789 2.016498792
151 155 3 59394 2.016500524
125 121 3 2008015 2.016501664
154 150 3 44377 2.016502869
152 159 3 688075 2.016507574
41 46 3 1061945 2.016507793
0 3 3 38680 2.016508969
52 48 3 25073 2.016509646
85 89 3 139768 2.016513047
1 124 3 32020 2.016513143
125 75 3 34088 2.016520097
192 116 3 5028 2.01652062
44 41 3 397241 2.016520871
161 185 3 68148 2.016522135
163 159 3 12823 2.016525909
74 87 3 52486 2.016527474
115 121 3 146332 2.016529322
5 119 3 205762 2.016529386
10 194 3 31374 2.016531881
15 52 3 3714 2.016532387
83 186 3 49244 2.016543968
192 195 3 1854934 2.016546419
41 45 3 29433 2.01654693
114 121 3 1686162 2.016556556
43 151 3 30827 2.016559224
13 3 3 27523191 2.016559445
151 161 3 30840 2.016561056
42 43 3 1935395 2.016561142
37 46 3 73608 2.016562655
39 75 3 24716 2.016563274
86 89 3 5151 2.016563291
80 85 3 12928620 2.016565931
52 41 3 655586 2.016566564
5 1 3 275043 2.016567389
87 86 3 7983 2.016575202
153 151 3 58723 2.016578384
13 117 3 9529315 2.016579983
40 52 3 7248886 2.016580323
81 82 3 1839281 2.016581841
118 123 3 80188 2.016592716
185 199 3 7181 2.016594193
52 49 3 3988 2.016597519
148 44 3 1607575 2.016597663
45 149 3 7550 2.016599754
74 48 3 4475373 2.016602663
50 37 3 47542 2.016603149
154 120 3 23011 2.016603418
12 2 3 39787 2.01660474
114 116 3 285805 2.016607176
3 81 3 5146 2.016607213
156 152 3 343820 2.016619993
5 75 3 10017 2.016621315
13 4 3 1978822 2.016621494
200 192 3 79835 2.016622806
48 41 3 4198 2.01662431
39 119 3 3719 2.016625396
112 159 3 10687 2.016625556
11 0 3 5302 2.016628483
41 40 3 18425879 2.016628812
115 81 3 650996 2.016630015
8 0 3 77876 2.016634391
151 163 3 41614 2.016637119
117 77 3 1060 2.016638709
186 199 3 6197 2.016643286
111 153 3 629103 2.016646519
7 11 3 17474 2.016657295
117 121 3 177330 2.016659826
155 163 3 8199 2.016663808
84 148 3 6910 2.016664716
40 42 3 39629 2.01667397
119 185 3 1197524 2.016676762
78 82 3 25826407 2.016681824
7 14 3 565070 2.016682554
121 126 3 3758930 2.016683103
185 198 3 2279877 2.016685013
6 117 3 3800759 2.016685304
126 161 3 4247585 2.016697666
7 86 3 1881229 2.016698254
77 6 3 492020 2.016702653
161 149 3 109 2.016707613
2 196 3 70425 2.016709727
4 12 3 1111219 2.016710734
81 89 3 853301 2.016713457
190 197 3 8779326 2.016714703
49 160 3 9990 2.016715838
45 52 3 25767 2.016721056
153 154 3 96290 2.016729721
3 6 3 733058 2.016730149
200 196 3 1855228 2.016735682
118 112 3 1432016 2.016738628
12 5 3 79894 2.016738729
47 42 3 8780 2.016744858
5 3 3 2526 2.01674746
75 74 3 7153710 2.016747606
38 39 3 73208 2.016748064
43 45 3 68989 2.016752762
88 81 3 3669630 2.016754325
50 43 3 1924221 2.016757683
38 45 3 1130653 2.016764168
160 14 3 61403 2.016771697
115 121 3 2857447 2.016779029
8 7 3 16081 2.016782135
76 84 3 100168 2.01678254
121 42 3 3504718 2.016783342
6 9 3 4610731 2.016783828
154 41 3 31095 2.016784241
79 155 3 42681 2.016788077
40 49 3 2700 2.016791325
81 87 3 29610 2.016798265
10 5 3 27629 2.016803138
194 187 3 2118977 2.016803549
187 197 3 85573 2.016805904
76 87 3 68215 2.016806283
194 191 3 41590 2.016806342
11 125 3 7707406 2.016806999
80 82 3 1554071 2.016807601
161 155 3 81917 2.016808525
126 42 3 123737 2.016808596
11 9 3 153377 2.016808722
84 115 3 1873925 2.016814426
52 84 3 2381343 2.016825766
190 196 3 85710 2.016827017
76 78 3 294729 2.01683057
122 151 3 38105 2.016830644
81 83 3 60104 2.016836117
42 151 3 69123 2.016836188
187 198 3 2197695 2.016839227
117 120 3 8766294 2.016842748
86 76 3 174387 2.016843946
15 5 3 24696 2.016847217
38 48 3 5673171 2.016848395
150 50 3 1756477 2.016848553
116 162 3 19759 2.016849519
38 52 3 654512 2.016852984
111 120 3 35087 2.016860128
45 44 3 14624 2.016863416
74 78 3 23375 2.01687797
156 162 3 2561 2.016880401
9 7 3 3186538 2.016882316
77 152 3 6824 2.01688724
151 156 3 3704 2.0168943
7 15 3 832176 2.016894749
52 41 3 23097 2.016911607
81 89 3 9209328 2.016911619
51 6 3 1227913 2.016915199
188 200 3 37447 2.016920254
43 47 3 30977 2.016921438
79 88 3 28392130 2.016922414
118 158 3 32384 2.016925281
8 6 3 24950 2.016928806
118 126 3 2424 2.016929538
118 122 3 9621882 2.016932935
198 185 3 13504296 2.016935175
114 156 3 10996557 2.016939191
52 46 3 164150 2.016939795
162 163 3 32657 2.016941108
78 76 3 406724 2.016943629
120 112 3 5898 2.016955167
188 189 3 8950 2.016957475
156 163 3 28394 2.016958564
113 121 3 48492 2.016960642
48 158 3 73860 2.016963356
9 117 3 9347423 2.016963501
9 120 3 4679255 2.016964679
42 45 3 2808499 2.016966131
3 149 3 6559846 2.016969506
2 15 3 3184466 2.0169759
120 118 3 52285 2.016976416
195 189 3 33990 2.016983896
163 156 3 4788 2.01698689
51 43 3 79512 2.016992193
199 38 3 73613 2.016994126
162 3 3 71902 2.016999051
15 125 3 1983088 2.01699985
88 81 3 74237 2.017001207
13 115 3 9137882 2.017003629
77 84 3 62667 2.017003892
196 190 3 3716343 2.017004517
37 15 3 19907 2.017005562
160 149 3 36548 2.017012627
86 87 3 20939 2.0170155
88 80 3 9853353 2.017017899
2 124 3 2139308 2.017023117
160 157 3 6831 2.01702789
39 44 3 18478342 2.017029908
46 49 3 73106 2.017041427
156 153 3 43589 2.017042437
3 8 3 23434 2.01705146
154 159 3 2010 2.017052298
79 74 3 9505 2.017056625
42 161 3 74877 2.017057987
185 190 3 77356 2.017061987
4 8 3 166922 2.01706219
185 199 3 3465387 2.017065444
50 38 3 3135711 2.017068994
193 123 3 1901606 2.017070301
7 192 3 3543 2.017075782
118 116 3 173022 2.017078041
80 82 3 1956248 2.017080453
77 81 3 1924 2.017083024
161 149 3 66942 2.017086522
85 187 3 752597 2.017092393
48 191 3 23518 2.017093541
123 117 3 97304 2.017102306
111 150 3 702585 2.017102748
76 87 3 43365 2.017103675
47 44 3 121396 2.017106993
76 75 3 8142 2.01710923
115 161 3 47222 2.017110525
111 124 3 39175 2.017111257
2 8 3 54377 2.017116859
40 192 3 8860 2.017129701
87 86 3 69101 2.01713
87 84 3 45781 2.017130483
9 2 3 9793419 2.017133332
42 38 3 31048 2.017134125
46 117 3 95722 2.017137722
121 112 3 5257 2.017140397
12 119 3 78894 2.017146934
196 195 3 12363 2.017148521
126 118 3 1420300 2.017149898
7 163 3 9132 2.017150631
190 185 3 301 2.017150856
4 11 3 23810 2.017163059
8 14 3 5786 2.017164566
43 52 3 758680 2.017168794
2 8 3 1490728 2.017174042
81 39 3 34682 2.017184272
84 75 3 4660978 2.017184951
12 8 3 7203235 2.017186052
3 121 3 170765 2.017194092
5 117 3 11512 2.017195222
199 193 3 55663 2.017202265
187 196 3 737118 2.017202341
42 45 3 52619 2.017206991
194 191 3 73782 2.01720876
154 159 3 659242 2.017213932
122 118 3 8462392 2.017224327
83 85 3 34306 2.017228404
151 159 3 8549 2.017230841
156 126 3 26941 2.017245313
200 185 3 8408052 2.017249662
126 114 3 54269 2.017252943
3 5 3 71653 2.017254389
191 185 3 21964 2.017257052
9 2 3 28890 2.017270508
44 42 3 30606 2.017275349
77 154 3 155588 2.017277343
188 199 3 3878 2.017277574
115 119 3 1641915 2.017284092
126 150 3 5062274 2.017284814
153 10 3 21837 2.017287369
83 84 3 21368 2.017293413
41 49 3 648255 2.017299014
150 161 3 30325 2.017306113
158 41 3 1192273 2.017313517
151 149 3 1889073 2.017314239
185 192 3 21129 2.017320741
191 198 3 69655 2.017320905
12 14 3 7801 2.01732491
158 160 3 53969 2.017326557
157 120 3 98475 2.017335879
193 155 3 597226 2.0173381
50 52 3 664202 2.017342292
188 200 3 7232478 2.017347086
118 116 3 16793650 2.017355755
195 190 3 34291 2.017360379
76 86 3 557 2.017364931
44 45 3 50148 2.017366974
80 84 3 71095 2.017368033
157 149 3 2729783 2.017371191
115 85 3 35624 2.017376239
118 157 3 52196 2.017381138
75 119 3 765365 2.017388861
86 85 3 1443 2.017391995
89 77 3 4449630 2.017392119
190 191 3 898364 2.01739315
77 11 3 8528 2.017397513
37 48 3 13339011 2.017397695
3 49 3 37332 2.017398304
11 10 3 36690 2.017400459
193 124 3 1488804 2.017400999
46 43 3 232485 2.01740266
8 126 3 22279 2.017407389
122 51 3 1056427 2.017408433
1 40 3 196252 2.01741574
150 154 3 5981 2.017417458
14 197 3 7980 2.017418325
0 4 3 72903 2.017424373
80 85 3 6277570 2.017428651
115 116 3 20396 2.017437206
192 198 3 27548 2.017437625
158 159 3 23903 2.01743902
121 163 3 31885 2.017446871
152 150 3 4453 2.017460633
125 118 3 40347 2.017462272
187 188 3 319091 2.017462327
124 115 3 1111434 2.017463456
123 114 3 8467873 2.017465932
192 185 3 27319 2.017466086
189 200 3 37086 2.017479559
158 160 3 17767 2.01748277
45 46 3 25668180 2.017486867
81 189 3 371270 2.017486995
116 111 3 251002 2.017487393
163 153 3 3545897 2.017488437
38 49 3 2019 2.017489642
38 88 3 5758 2.017491504
125 0 3 182347 2.017493224
43 46 3 13523 2.017507241
75 80 3 29164 2.017510366
185 192 3 25891591 2.017510624
85 83 3 7156 2.017526007
37 195 3 692018 2.017527417
192 188 3 12709 2.017530075
49 39 3 170567 2.017532285
82 49 3 49364 2.017542149
151 155 3 424034 2.017544815
38 153 3 17898 2.017547034
151 156 3 4856200 2.017550312
52 200 3 601277 2.017550574
153 150 3 75834 2.017553005
2 111 3 2975947 2.017558582
78 80 3 878199 2.017564152
111 123 3 29299 2.01756824
41 124 3 6981 2.017570929
153 149 3 38000 2.017576863
200 199 3 50182 2.017585443
115 118 3 110076 2.017586933
85 80 3 4504 2.017594242
194 200 3 59996 2.01759827
86 76 3 66121 2.017599929
79 89 3 157281 2.017609531
158 156 3 12050 2.017613542
163 160 3 9651129 2.017618081
79 87 3 8394837 2.017631216
44 38 3 159041 2.017632335
162 89 3 26655 2.017633251
189 190 3 8233 2.017635994
50 49 3 9380 2.017652753
193 188 3 905 2.017655934
40 52 3 9491 2.017668668
187 190 3 535853 2.017669022
14 8 3 43580 2.017672356
197 193 3 29090618 2.01767239
195 196 3 3034960 2.017678598
2 116 3 1370285 2.017681055
195 187 3 9473246 2.017682554
158 150 3 10627 2.017683359
38 39 3 52573 2.017683858
194 44 3 31478 2.017686819
49 12 3 75192 2.017698775
120 156 3 498553 2.017707748
124 117 3 2227 2.017709554
87 84 3 9506603 2.017728089
115 116 3 197239 2.017728119
37 52 3 1138977 2.01773697
43 45 3 404119 2.017737407
46 44 3 67587 2.017746767
10 154 3 1580077 2.01775445
163 7 3 550144 2.017757958
10 7 3 18213505 2.017758422
122 49 3 8978842 2.017760145
200 151 3 41391 2.017760331
125 120 3 4181 2.017763624
195 189 3 65064 2.017766558
198 197 3 3487072 2.017768437
156 149 3 377565 2.017775506
7 11 3 27999 2.017780982
5 112 3 2403690 2.017783636
46 37 3 3716651 2.017785054
4 2 3 16680281 2.017787973
155 192 3 7806914 2.017790347
81 74 3 74299 2.017803258
81 156 3 433827 2.017807637
148 158 3 29147063 2.017817673
3 15 3 23413 2.017818368
121 117 3 901045 2.017830887
44 125 3 5005 2.017830912
195 188 3 98968 2.017832873
199 200 3 8818935 2.017836761
74 84 3 65642 2.017839106
149 162 3 28113 2.017842674
79 50 3 40081 2.017845962
151 154 3 23048078 2.01785102
153 152 3 4113 2.017851127
185 186 3 9552138 2.017852455
117 122 3 24968 2.017854229
74 78 3 42724 2.017854697
161 154 3 8755 2.017855583
40 37 3 4317907 2.017856592
193 116 3 54045 2.017864397
157 150 3 61407 2.01786703
114 121 3 8194120 2.01787892
37 48 3 54348 2.017879514
124 126 3 507555 2.017886824
187 191 3 63379 2.017894667
125 120 3 74961 2.017894731
113 161 3 4067641 2.017897094
42 47 3 923236 2.017897368
3 11 3 34760 2.017899153
125 113 3 30050 2.017901556
123 112 3 3546 2.017901558
125 154 3 4681907 2.017902658
125 43 3 28753 2.017903538
200 148 3 2106214 2.017903759
191 192 3 1591 2.017905066
14 10 3 8551 2.017906496
52 126 3 2480766 2.017912456
78 82 3 2962 2.017915393
150 161 3 5273317 2.017916791
74 80 3 35767 2.017921547
125 112 3 1353315 2.01793803
51 15 3 19278 2.017940749
149 148 3 1060 2.017950056
125 121 3 12128 2.017950164
113 117 3 28637436 2.017953148
122 161 3 8134497 2.017955836
111 161 3 2674168 2.017956752
189 2 3 4155950 2.017965953
197 200 3 37267 2.017966855
123 111 3 345 2.017969472
189 188 3 66880 2.017973355
119 193 3 211353 2.01797388
126 112 3 6830 2.017974038
42 85 3 23118 2.017978937
113 119 3 16020 2.017982107
1 75 3 6105 2.017984788
198 191 3 186456 2.017989867
3 119 3 4741588 2.017991366
84 81 3 25424604 2.017991497
157 159 3 170384 2.017994247
115 125 3 1139889 2.017995502
80 79 3 262 2.017996318
159 151 3 6219029 2.017998664
193 188 3 8313 2.018000311
197 185 3 23504614 2.018001139
76 86 3 1659175 2.018007239
48 189 3 5263465 2.018010797
83 79 3 58254 2.018013703
125 124 3 78201 2.018014503
113 9 3 9101 2.018014806
2 8 3 106911 2.018017454
125 161 3 197353 2.018026508
8 10 3 1377297 2.018034147
196 189 3 7367 2.018034363
195 199 3 2620658 2.018036859
51 186 3 2345928 2.018042464
199 189 3 3850 2.018046075
200 198 3 18976 2.018047554
83 86 3 6495 2.018049519
82 84 3 7938693 2.018054391
123 159 3 48996 2.018061257
75 8 3 1259674 2.018063016
44 86 3 152987 2.018063967
15 113 3 7047738 2.0180649
4 8 3 57126 2.018068571
51 50 3 2706603 2.018074091
46 49 3 4749359 2.018076791
121 150 3 49867 2.018082495
126 1 3 28282 2.018088374
112 123 3 2647909 2.018088935
50 159 3 57111 2.018092536
162 37 3 1293 2.018093633
83 79 3 40911 2.018105923
187 192 3 66465 2.018109101
152 161 3 136111 2.018109138
12 6 3 7821539 2.018112674
5 3 3 68758 2.018114352
112 120 3 16872 2.018115288
39 48 3 159946 2.018115321
156 163 3 13924 2.018115866
124 80 3 23179 2.018116974
186 198 3 493662 2.018118058
150 152 3 4987 2.01811831
80 122 3 40402 2.01812169
37 45 3 628 2.018121902
11 0 3 24890279 2.018125432
121 120 3 44238 2.018139425
85 76 3 157002 2.018142302
198 200 3 3413 2.018144513
113 120 3 44007 2.018149989
163 39 3 75196 2.01815045
157 162 3 33489 2.018150738
48 52 3 64124 2.018151432
40 44 3 62243 2.018163871
84 79 3 167248 2.018163968
151 155 3 144386 2.018186488
111 117 3 31484 2.018188141
89 78 3 33799 2.018192943
50 51 3 57188 2.018193613
122 111 3 40339 2.018205576
0 5 3 11484301 2.018206106
118 112 3 1275146 2.018215121
123 124 3 20575 2.018222161
83 81 3 1480921 2.018226595
199 200 3 177441 2.018229277
195 191 3 73198 2.018234524
45 44 3 14776486 2.01823592
192 198 3 2942708 2.018237837
123 112 3 4404883 2.018241281
123 10 3 1821484 2.018250751
77 75 3 1803693 2.018253025
52 40 3 18177 2.01825412
118 200 3 28277 2.01825936
48 42 3 3099022 2.018262049
153 148 3 5542 2.018262263
75 83 3 23230 2.018267359
80 81 3 3067380 2.01827955
123 125 3 15960 2.018280712
111 126 3 1998473 2.018281326
12 11 3 4199220 2.018287318
41 49 3 37546 2.018294062
5 119 3 7686457 2.018295829
81 75 3 6350 2.018303717
5 4 3 2936593 2.018304847
1 4 3 419637 2.018305519
84 76 3 1687869 2.018310058
191 1 3 8446381 2.018310348
155 52 3 782850 2.018311537
89 77 3 41626 2.018313272
75 78 3 45970 2.018321381
125 124 3 18431 2.018324527
195 192 3 539692 2.018325122
1 47 3 912 2.018333074
118 153 3 3262795 2.018334051
15 5 3 110387 2.018334276
196 119 3 62801 2.018339486
84 79 3 1500886 2.018339582
40 49 3 1622523 2.01834124
13 3 3 33616 2.018347321
120 11 3 1047832 2.018356732
157 197 3 3951827 2.018358595
161 153 3 57831 2.018364195
200 192 3 38752 2.018365414
85 80 3 8334179 2.018368576
37 44 3 118404 2.018371036
80 79 3 65677 2.018371053
7 4 3 41125 2.018380418
3 14 3 41109 2.018381242
81 85 3 59563 2.018381489
149 156 3 2719109 2.018382028
37 43 3 7227 2.018387908
124 158 3 473993 2.018388935
189 195 3 813044 2.018389542
156 188 3 67546 2.018391239
193 46 3 7192399 2.018398107
50 46 3 21225 2.018407672
88 74 3 1096712 2.018410198
83 84 3 22719065 2.018412595
119 155 3 174520 2.018412617
119 112 3 3595213 2.018414114
7 113 3 1807259 2.018416562
1 7 3 6601 2.018417231
148 160 3 40887 2.018418401
41 48 3 3811240 2.018421043
153 11 3 1370029 2.018424774
199 190 3 38552 2.018432571
153 156 3 24532 2.018436764
84 83 3 6691 2.018443447
75 89 3 10768 2.018445165
124 116 3 47711 2.018449343
84 12 3 4148329 2.018450554
82 88 3 14926441 2.018451565
38 41 3 1320762 2.018452401
197 163 3 7914 2.018459465
126 148 3 1674218 2.018459795
14 152 3 3498406 2.018461815
126 158 3 37343 2.018463342
121 124 3 2498 2.018475365
48 45 3 25517 2.018475442
120 121 3 3859720 2.01848197
153 162 3 4008560 2.018483227
116 111 3 4854 2.01848423
117 121 3 7493 2.018485698
161 155 3 3408538 2.018487679
114 149 3 4726 2.018493454
197 187 3 59570 2.018496395
82 84 3 29027849 2.018501781
77 79 3 466170 2.018505557
86 79 3 554761 2.018510979
150 159 3 6918 2.018517305
89 114 3 24380 2.018523208
148 151 3 1038002 2.018523775
42 46 3 18207 2.018527177
188 15 3 24564 2.018538903
78 43 3 2058640 2.018540296
148 150 3 77498 2.018548112
15 76 3 22011 2.018549115
114 121 3 6173 2.018553975
163 186 3 90240 2.018555994
186 83 3 77477 2.018559856
114 121 3 175363 2.018560506
193 196 3 3275127 2.018561509
75 80 3 43006 2.018563192
43 41 3 61915 2.01857352
148 151 3 67931 2.018579333
89 188 3 9364364 2.018580238
192 189 3 117957 2.018585685
199 200 3 57677 2.01858673
186 194 3 156294 2.018586857
157 153 3 862341 2.018587933
155 156 3 67857 2.018587959
49 39 3 53670 2.018588262
114 39 3 1903032 2.018600644
79 86 3 31409 2.018600716
81 77 3 66101 2.018603884
86 161 3 8231200 2.018604666
75 116 3 5212748 2.018607537
159 151 3 81201 2.018610917
194 186 3 2264539 2.018613556
39 43 3 1430031 2.018614712
117 116 3 16696 2.018614889
48 39 3 381758 2.018624876
8 9 3 3234 2.018625459
193 190 3 26138 2.01862578
82 87 3 1976223 2.018627574
194 195 3 71473 2.018634723
88 79 3 74585 2.018635092
112 124 3 8179 2.018636871
79 187 3 20502 2.018637623
77 12 3 1431022 2.018638733
37 52 3 1109 2.018640804
121 119 3 8266289 2.018642992
162 155 3 4426548 2.018643392
114 125 3 77460 2.018645359
39 41 3 7116 2.018650273
200 197 3 2753 2.01865487
37 43 3 20128 2.018655727
15 0 3 22749 2.018659024
5 13 3 3586993 2.018660178
114 76 3 28947 2.018662447
195 189 3 7596127 2.018662887
123 112 3 87186 2.018666046
13 10 3 558 2.018670339
152 79 3 5872308 2.018673406
196 198 3 1703014 2.018682042
190 198 3 906223 2.018682796
121 123 3 981092 2.018683596
162 10 3 5794549 2.018687163
85 83 3 44219 2.018688578
151 161 3 36674 2.018694624
9 0 3 6540053 2.018695105
15 8 3 11680039 2.018695257
118 114 3 9298 2.018698028
196 192 3 58484 2.018701417
74 77 3 23478 2.018701513
118 123 3 76697 2.018703729
158 148 3 35313 2.018704744
4 3 3 4256295 2.018712514
50 38 3 576515 2.018714858
149 159 3 29383907 2.018716261
43 14 3 75574 2.018724717
197 199 3 840330 2.01872617
162 155 3 5140 2.018729243
51 50 3 2033 2.018729471
148 156 3 77018 2.018729617
187 200 3 5502 2.018733271
187 186 3 575194 2.018737746
192 197 3 47664 2.018738432
39 47 3 963974 2.01875526
191 200 3 74121 2.018755997
43 118 3 6235032 2.018758123
149 49 3 18393 2.018760247
113 39 3 432614 2.018761269
163 148 3 43325 2.018765025
113 155 3 4741736 2.018767893
156 150 3 15827019 2.018770909
74 78 3 39294 2.018774007
75 89 3 4869803 2.018775362
117 124 3 4107 2.018776319
11 13 3 8586 2.018779751
78 12 3 697874 2.018782999
160 3 3 36096 2.01878779
196 186 3 30669 2.018791376
80 79 3 4339856 2.018794183
9 2 3 3036424 2.018794266
79 77 3 22196 2.018798523
122 126 3 7806 2.018802549
80 87 3 1100 2.018811452
40 52 3 14662 2.018812006
111 14 3 1478479 2.018812099
120 118 3 641313 2.018818954
83 80 3 119964 2.018819167
1 116 3 72859 2.018823797
123 185 3 1057167 2.018826511
48 49 3 3246 2.018829156
47 38 3 171045 2.018832037
197 189 3 1026985 2.018832582
49 120 3 717593 2.01883736
114 125 3 1098825 2.018837581
194 186 3 2709378 2.018839108
195 196 3 3755692 2.018844257
41 48 3 28175 2.018848168
10 6 3 6939826 2.018848221
115 119 3 2062783 2.018849605
15 3 3 1470307 2.018850575
3 11 3 71184 2.018850841
116 84 3 6618677 2.018857582
153 74 3 62274 2.018858906
45 42 3 74040 2.018859941
151 76 3 66158 2.018860919
81 49 3 63009 2.018861841
192 193 3 10500 2.018861987
0 126 3 75868 2.018879835
196 187 3 4705516 2.018880261
52 37 3 57557 2.018883123
12 189 3 5522865 2.018887138
41 48 3 300866 2.018894234
85 81 3 2558777 2.018906377
157 75 3 362631 2.018909774
5 14 3 1837763 2.018912028
163 149 3 178470 2.018912811
37 42 3 1152103 2.018915237
124 113 3 1316564 2.018927431
118 114 3 655715 2.018928535
111 121 3 33455 2.01892953
195 125 3 837965 2.01893011
6 118 3 89690 2.018931152
123 118 3 4554 2.018932824
151 150 3 21205 2.018938529
74 76 3 822715 2.018940678
5 149 3 79003 2.018942581
44 196 3 5802798 2.018953039
41 38 3 151943 2.018955013
162 148 3 4323687 2.01895663
153 162 3 28607 2.018969949
114 121 3 297222 2.018971827
2 13 3 24593530 2.018977512
125 123 3 63026 2.018982248
188 198 3 40296 2.018986927
12 41 3 52937 2.018992396
83 118 3 3952 2.018992654
162 0 3 1957904 2.018999594
2 7 3 45731 2.019002445
3 14 3 49755 2.019018426
111 151 3 26695 2.019018632
89 87 3 13984 2.019020076
112 121 3 21979 2.019025621
3 114 3 25020 2.019026785
11 148 3 25843958 2.01903163
4 12 3 78145 2.019032109
6 82 3 18850 2.019038847
41 51 3 8925511 2.019039578
89 10 3 22116 2.019039927
39 51 3 53303 2.019040981
7 116 3 61537 2.019044236
2 3 3 1106049 2.019049999
120 162 3 18133 2.019055943
200 199 3 9099640 2.019058427
114 154 3 7095260 2.019059232
8 15 3 19917 2.019065576
111 115 3 9810530 2.019065646
43 198 3 166208 2.019068466
150 6 3 28755 2.019070745
199 197 3 4346 2.019074047
150 76 3 36850 2.019074882
119 120 3 1979753 2.019076914
84 81 3 68578 2.019080056
195 192 3 3597710 2.019085629
151 152 3 5585616 2.019086492
111 188 3 71006 2.019088614
189 196 3 429954 2.019089021
44 9 3 9709 2.019089512
88 78 3 2705772 2.019092345
159 155 3 2694 2.019095207
76 88 3 80856 2.019104273
86 1 3 2005761 2.019104475
151 163 3 919676 2.019104953
191 4 3 3750 2.019112089
86 88 3 6167 2.019112464
121 126 3 7892073 2.019113851
3 6 3 6296 2.019114667
46 39 3 908363 2.019114995
49 42 3 7213642 2.019115115
157 149 3 29008 2.019120173
199 192 3 9081642 2.019123302
126 149 3 40789 2.019124329
155 149 3 162640 2.019125006
82 88 3 2491 2.0191264
79 82 3 1614605 2.01912816
83 81 3 23697 2.019129437
38 45 3 463003 2.019129876
81 87 3 39220 2.01912989
5 3 3 27 2.019134424
155 161 3 58036 2.019138055
38 37 3 1612116 2.019144909
160 153 3 13611 2.019145283
79 86 3 1021883 2.019145608
123 152 3 1761411 2.019145653
74 76 3 68523 2.019149444
156 198 3 8746979 2.019155513
48 44 3 64787 2.019157257
46 44 3 561365 2.019161933
151 38 3 19665 2.019163903
5 6 3 1664982 2.019166742
112 121 3 1428446 2.019168361
196 190 3 36143 2.019173504
80 112 3 565103 2.019181671
46 152 3 5735121 2.019188909
45 52 3 7412 2.019190316
6 0 3 11420 2.019191881
13 12 3 13995 2.019199596
115 117 3 1774178 2.019199651
11 12 3 15835095 2.019204264
50 38 3 1998101 2.019207122
88 40 3 9246 2.019208065
6 3 3 7138 2.019208222
161 156 3 5536684 2.019208283
112 115 3 633733 2.019209733
15 11 3 26901 2.01921121
121 47 3 2111 2.019214568
150 198 3 148906 2.019215622
83 44 3 2929047 2.019216756
47 0 3 170294 2.019218456
192 200 3 4328945 2.019219829
12 1 3 18976 2.019220214
151 153 3 20791 2.019220548
117 116 3 20489 2.019224154
187 185 3 28802770 2.01923278
47 38 3 490881 2.01923305
193 1 3 390779 2.019234292
37 39 3 736023 2.019242216
163 154 3 17336 2.01924365
3 75 3 28398 2.019245895
48 41 3 1303162 2.019251025
126 121 3 7122 2.019255173
9 10 3 25988 2.019259674
89 75 3 1968155 2.019264924
195 79 3 2037 2.019270986
155 78 3 26504682 2.019271074
150 159 3 41522 2.019280061
111 152 3 654327 2.019281877
8 10 3 8430 2.019293488
38 118 3 39828 2.019294041
7 15 3 3294220 2.019294352
52 37 3 64806 2.019296288
85 37 3 398367 2.019299512
155 149 3 79018 2.019303467
9 7 3 1075109 2.019303577
119 117 3 9547154 2.019306265
194 186 3 6498543 2.019320139
47 195 3 5705320 2.01932349
161 150 3 37450 2.019335363
2 114 3 254517 2.019339183
15 5 3 1276811 2.019340129
0 11 3 1302558 2.019340487
160 148 3 5850530 2.01935037
46 42 3 9566 2.019352463
88 89 3 51947 2.01936145
1 7 3 6476312 2.019373337
150 149 3 106911 2.019377145
155 160 3 732750 2.01937743
38 192 3 26164 2.019378085
111 157 3 4930041 2.019379542
118 126 3 8369350 2.019384759
40 41 3 23326 2.0193856
157 159 3 4871844 2.019397328
48 123 3 27545 2.019398771
156 153 3 27237 2.019404671
157 149 3 15958390 2.019414472
149 153 3 193831 2.01941572
187 185 3 48791 2.019428095
187 84 3 2438023 2.019429048
118 122 3 26381 2.01943055
150 148 3 10170 2.019436468
50 41 3 4496 2.019436603
2 11 3 17046 2.019446341
126 119 3 9167 2.019449244
6 1 3 2066 2.01944979
48 43 3 25402 2.019450819
124 111 3 29450 2.01946239
195 197 3 48531 2.019467805
51 48 3 3212109 2.019468925
81 87 3 353 2.0194696
38 43 3 23217 2.019470287
45 44 3 3081536 2.01947258
88 75 3 4733367 2.019474892
39 50 3 45719 2.019480437
151 160 3 455954 2.019481154
191 77 3 4143662 2.019481174
77 195 3 53264 2.019490984
79 149 3 79006 2.019494629
122 113 3 805863 2.019497377
111 124 3 49727 2.019499973
153 157 3 71567 2.019500729
122 160 3 47883 2.019503776
197 43 3 9583 2.019511105
15 1 3 28293 2.0195181
118 112 3 65069 2.01951853
9 114 3 1009967 2.019520123
120 115 3 35481 2.01952424
111 113 3 1541193 2.019530059
124 37 3 175072 2.019532988
156 163 3 8956619 2.019533032
1 10 3 1099384 2.019533773
116 85 3 4697738 2.01953419
185 186 3 44603 2.019538438
82 6 3 8727465 2.019541237
2 1 3 1055324 2.019559749
119 113 3 647883 2.019560338
82 81 3 2567831 2.019562811
191 192 3 4404 2.01956438
77 196 3 13477 2.019564809
38 43 3 129744 2.019569535
45 42 3 3157918 2.019571982
76 74 3 1465861 2.019576773
154 156 3 140371 2.019579302
150 123 3 68030 2.019579325
157 159 3 19840 2.019582526
154 81 3 51534 2.019584091
122 8 3 189743 2.019584735
151 159 3 24828 2.019597402
13 2 3 69488 2.019598261
163 161 3 4907 2.019604343
3 10 3 1532746 2.019604489
195 124 3 4822670 2.019605366
148 151 3 206278 2.01961197
116 112 3 14944380 2.019615432
200 189 3 3655 2.01961678
191 195 3 28620872 2.019620056
151 158 3 163208 2.019626578
163 154 3 65891 2.019626821
123 193 3 21146728 2.019628636
121 118 3 5300218 2.01963773
14 12 3 533584 2.019638486
119 123 3 711704 2.019645162
112 121 3 757796 2.019645637
75 151 3 3377 2.019652428
117 114 3 63886 2.019656492
77 88 3 133816 2.019656628
40 39 3 24953 2.019657053
114 152 3 51050 2.019657196
83 15 3 1712750 2.019658187
88 87 3 121633 2.019665769
89 43 3 46917 2.019666606
151 194 3 48556 2.019669601
15 12 3 875516 2.019670009
74 163 3 1407169 2.019678092
3 8 3 67177 2.019681312
152 163 3 299 2.01968325
46 155 3 8854850 2.019684772
195 194 3 63603 2.019689477
158 81 3 105169 2.019697238
155 161 3 20670 2.019701879
87 84 3 16628 2.01970324
151 148 3 938022 2.019705565
0 3 3 51874 2.019706705
123 115 3 122834 2.019726682
149 160 3 79868 2.019736562
118 115 3 57618 2.019740171
151 160 3 1341041 2.019741004
0 10 3 3055 2.019745164
3 84 3 1580011 2.019749518
116 114 3 1222531 2.01975106
76 120 3 3932404 2.019751478
156 151 3 58991 2.019753205
155 159 3 27457 2.019754174
186 188 3 650 2.019757103
3 10 3 7439 2.019762026
37 39 3 24010 2.019763565
40 49 3 24567 2.019764539
48 37 3 11155 2.019767632
190 189 3 6965 2.019775389
156 148 3 1672211 2.019776919
80 81 3 49161 2.019779757
155 154 3 129858 2.019780001
6 11 3 2045883 2.019781518
0 6 3 48333 2.019782389
117 118 3 24123 2.019785922
87 49 3 29527 2.019796418
85 82 3 1572 2.019798819
39 40 3 1569249 2.01980166
42 37 3 61186 2.019803086
5 118 3 628211 2.019803114
78 80 3 213553 2.019806096
46 50 3 2751165 2.019808285
79 84 3 5515 2.019809493
37 14 3 20564 2.019811596
4 158 3 13076 2.01981382
38 49 3 66736 2.019814789
52 50 3 4358225 2.019820279
78 84 3 608412 2.01982211
116 88 3 297034 2.019833827
46 37 3 863095 2.019837034
198 185 3 118381 2.019840613
39 45 3 66287 2.019847542
163 148 3 10049 2.019854911
123 118 3 2220994 2.019855665
148 49 3 22050 2.019869336
123 76 3 46534 2.019872831
6 5 3 8329778 2.019873929
114 157 3 36206 2.019874459
199 188 3 23277 2.019876425
78 77 3 133684 2.019876891
85 83 3 183923 2.019878076
148 149 3 27552 2.019880989
82 78 3 12596 2.019882253
154 162 3 58860 2.019885443
117 157 3 44389 2.019892255
85 82 3 6410945 2.019895441
115 124 3 24411 2.019896651
3 116 3 2950223 2.019897966
44 50 3 22188010 2.019900589
196 122 3 50344 2.019906131
4 3 3 2317659 2.019907998
186 199 3 4631445 2.019908334
150 9 3 24935 2.01991566
154 158 3 6688 2.019923847
159 153 3 29860 2.019930139
199 195 3 150363 2.019933045
89 75 3 1760645 2.019936013
39 52 3 57575 2.01993746
154 148 3 2603 2.019940234
44 148 3 1752371 2.019940613
86 80 3 1653096 2.019951674
191 190 3 6352 2.019952271
6 14 3 8838564 2.019953414
191 5 3 20176 2.019956067
13 15 3 656 2.019958141
7 111 3 47353 2.019958382
185 187 3 1608804 2.019960744
83 88 3 617283 2.019961756
50 40 3 8241 2.019962867
148 81 3 41963 2.019974023
3 111 3 54082 2.019974593
126 148 3 29457 2.019978134
154 155 3 55677 2.019980757
155 162 3 38171 2.019982931
79 75 3 1853755 2.019985775
158 151 3 1949896 2.019986576
117 112 3 1153 2.01998962
78 113 3 57189 2.019990083
189 188 3 29733 2.019993814
87 81 3 85887 2.020000227
77 76 3 28836 2.020001767
159 152 3 26382 2.020005667
45 47 3 701459 2.020005861
200 198 3 2146237 2.020006446
9 13 3 27444 2.020015256
77 157 3 3781814 2.020015564
78 7 3 1553 2.020021977
83 75 3 42577 2.020027555
188 189 3 7423184 2.020029348
8 123 3 9958806 2.020029423
188 192 3 32622 2.020034816
52 154 3 33554 2.020035907
113 120 3 26197 2.020037144
200 89 3 67109 2.020041881
116 44 3 64990 2.020047088
74 89 3 47325 2.020047535
186 48 3 9285055 2.020049043
86 77 3 22086 2.020057463
89 82 3 39000 2.020058032
13 12 3 72527 2.020059325
153 163 3 38028 2.020066248
119 112 3 33373 2.020070776
81 158 3 18445 2.020070844
51 43 3 1542525 2.020071111
77 157 3 2641307 2.020073131
81 84 3 70954 2.020075427
74 79 3 1359335 2.020083595
149 13 3 591865 2.020087895
152 150 3 1617904 2.020092585
163 148 3 434054 2.02009301
197 188 3 54523 2.020094476
126 113 3 3154059 2.020096919
153 163 3 1267 2.020106495
155 82 3 652830 2.020111301
86 85 3 1438889 2.02011236
48 161 3 84223 2.020115323
196 195 3 1792976 2.020121672
125 120 3 52813 2.020121979
123 120 3 368802 2.020123334
156 161 3 1810710 2.02012351
190 193 3 8948310 2.020125135
51 40 3 1418136 2.020127168
8 5 3 80306 2.020130467
115 122 3 58062 2.020131193
149 163 3 15407515 2.020139933
190 199 3 9030 2.020141386
1 7 3 63934 2.020151462
44 43 3 3975 2.020155071
149 163 3 175543 2.020159538
5 116 3 14601189 2.020160115
126 117 3 24703 2.020163282
75 2 3 10149 2.020171522
189 193 3 9808 2.020174672
83 80 3 2825583 2.020175785
197 196 3 795103 2.020177028
113 115 3 1965 2.020178678
82 83 3 46838 2.020184359
43 152 3 166322 2.020185553
188 189 3 823172 2.020188371
113 11 3 45929 2.020192183
113 88 3 66577 2.020195595
88 85 3 9180069 2.020198364
200 40 3 57295 2.020199974
48 45 3 31811 2.020202862
48 49 3 5161 2.02020449
160 162 3 22480 2.02020785
76 81 3 8682205 2.020208199
156 163 3 27521 2.020211548
196 200 3 889 2.020216119
75 80 3 22524 2.020218364
37 44 3 5107078 2.02021877
126 118 3 9837704 2.020220435
6 8 3 14124 2.020220908
192 188 3 21529 2.020223608
196 189 3 1453887 2.020224033
200 197 3 6164 2.020229779
2 6 3 40340 2.020233562
154 44 3 10113 2.020236512
2 6 3 61939 2.02023775
161 124 3 3965002 2.020244607
158 163 3 1933361 2.020251315
121 150 3 25205 2.020266478
12 3 3 110214 2.020266908
83 7 3 23672 2.020274305
11 2 3 1149547 2.02027674
6 13 3 2888 2.020276854
188 186 3 6619194 2.020278445
155 161 3 856597 2.020283312
120 117 3 7604 2.020285208
51 111 3 20814 2.020294945
88 74 3 2743003 2.020297492
118 125 3 17977 2.020298251
47 38 3 55913 2.020300803
8 195 3 4826003 2.020305919
79 80 3 23046 2.020306379
196 187 3 34193 2.020310515
198 190 3 66563 2.020329401
9 116 3 1283465 2.020338487
151 162 3 759685 2.02034042
79 86 3 17151332 2.020344684
40 37 3 11024 2.020345615
78 83 3 3294716 2.020348764
154 152 3 42658 2.020354819
79 75 3 40388 2.020359842
190 81 3 60154 2.020360149
150 149 3 15798014 2.020361061
85 79 3 3870649 2.020361311
85 126 3 514627 2.020364
186 200 3 803916 2.020364438
77 79 3 66922 2.020364974
124 148 3 4175994 2.020366356
157 149 3 1853880 2.020371144
82 83 3 79346 2.02037119
123 112 3 1202152 2.02037522
124 122 3 733213 2.020375515
157 148 3 4507 2.020375999
48 2 3 310 2.020383164
160 163 3 23966 2.020386677
195 185 3 64678 2.020392362
44 38 3 149279 2.02039494
38 48 3 2533 2.020397661
193 189 3 5297097 2.020400164
81 88 3 5669 2.02040221
117 122 3 7398936 2.020408974
9 3 3 165995 2.020409704
122 150 3 5114647 2.020412495
8 119 3 1443074 2.020412963
37 41 3 654792 2.020424877
40 159 3 7935434 2.020427547
11 8 3 1459805 2.020430977
118 111 3 24872 2.020431342
159 162 3 11495 2.020432311
185 186 3 187207 2.020445903
40 49 3 4908001 2.020467326
189 10 3 8433 2.020471055
47 15 3 35205 2.020472638
6 156 3 1196937 2.020473428
159 6 3 4194450 2.020475527
113 125 3 1400973 2.020489039
187 193 3 841806 2.020489823
10 6 3 696922 2.020498676
122 115 3 83424 2.020502728
83 77 3 13523219 2.02050741
81 76 3 10825 2.020509472
157 77 3 9229433 2.020509903
185 189 3 6438 2.020510625
161 154 3 2444397 2.020510693
162 157 3 447984 2.020515806
4 189 3 582806 2.020518828
14 4 3 4076725 2.020522401
45 37 3 56322 2.020527804
0 13 3 62834 2.02053005
114 84 3 16015535 2.020532489
150 159 3 4542877 2.020539117
149 154 3 51776 2.020539208
8 115 3 28318 2.020542961
113 118 3 2054518 2.020547536
88 84 3 29562 2.02054797
158 191 3 6261468 2.020548536
126 194 3 51424 2.020552014
193 187 3 23105 2.020554468
2 122 3 3857662 2.020559232
194 190 3 2441 2.02056621
154 157 3 4097452 2.020574552
47 39 3 94568 2.020580957
81 197 3 69128 2.020582975
200 194 3 1205641 2.020586414
195 113 3 151119 2.02059058
150 154 3 60240 2.020590683
154 157 3 1236378 2.020591658
161 151 3 8642 2.020597743
77 89 3 857428 2.020599134
121 149 3 58936 2.020600157
126 116 3 2174 2.020611402
89 8 3 1225330 2.020618361
120 76 3 1970 2.020621735
113 122 3 38289 2.020635519
120 119 3 29261 2.020635617
15 2 3 2658332 2.020641406
48 47 3 3773099 2.020642802
41 43 3 2148424 2.020646382
47 40 3 1812922 2.020646572
185 191 3 22862 2.02065265
7 121 3 47384 2.020653265
49 39 3 7135 2.020654147
2 14 3 26426 2.020656728
81 87 3 74333 2.020657039
117 159 3 76592 2.020665664
82 79 3 20211 2.020666979
193 185 3 8720914 2.020678327
81 87 3 671 2.020687482
7 3 3 13729 2.020698133
13 2 3 51335 2.020701096
158 149 3 252 2.020705543
152 48 3 62985 2.020705563
190 192 3 2952 2.020705744
74 80 3 7471 2.020710846
7 11 3 78601 2.020712102
77 75 3 25246 2.020713204
186 193 3 24031 2.020717182
186 193 3 134068 2.020718337
158 152 3 3617 2.020719352
118 122 3 4533112 2.020723736
124 150 3 871659 2.020724121
83 5 3 22683 2.020729066
78 85 3 65346 2.020730633
119 158 3 9476691 2.020732374
149 159 3 23489 2.020735688
200 7 3 43134 2.020736399
10 11 3 877358 2.020743591
77 86 3 73025 2.020746203
79 88 3 23037 2.020749504
1 88 3 8306730 2.020754426
200 51 3 2277522 2.020755134
188 9 3 874 2.020757588
79 86 3 6371916 2.020763407
196 198 3 74272 2.020763947
4 5 3 74116 2.020765471
50 122 3 136553 2.020766041
198 121 3 658616 2.020767751
111 123 3 757554 2.020768507
162 160 3 2331407 2.02076963
13 7 3 5731369 2.020782642
124 122 3 40440 2.020783914
48 41 3 4346661 2.020784034
41 12 3 29296 2.020791358
157 118 3 964933 2.020794499
87 154 3 4681 2.020796277
78 159 3 192732 2.020796338
74 190 3 58751 2.020798693
123 126 3 7965 2.020799037
152 158 3 7092 2.020799098
122 118 3 26264 2.020802076
11 0 3 29008 2.020802855
42 193 3 12449 2.020804984
193 188 3 26639 2.020807219
47 162 3 1822986 2.0208084
193 187 3 134927 2.020811871
149 158 3 185853 2.020814086
185 162 3 44646 2.020827098
124 111 3 1494330 2.020829792
50 46 3 1301117 2.020833148
0 114 3 22162 2.020843799
111 112 3 2933 2.02084709
89 75 3 14808 2.020847273
194 197 3 109765 2.020849078
151 149 3 710860 2.020850696
52 121 3 7838 2.020851882
124 112 3 25168 2.020853176
114 122 3 121798 2.020858425
189 191 3 11874 2.020859547
39 50 3 1152738 2.020861212
157 159 3 696239 2.020863752
52 47 3 27421 2.020864045
83 87 3 44221 2.020872489
126 122 3 265219 2.02088183
124 122 3 66131 2.020882938
123 117 3 127570 2.020883665
38 49 3 33000 2.02088617
41 14 3 65224 2.020889841
114 152 3 25162774 2.020893082
162 163 3 74779 2.020895033
192 196 3 9014396 2.020896288
195 196 3 1025720 2.020897699
14 190 3 1350440 2.020899511
124 122 3 4408843 2.020918593
81 37 3 853787 2.0209197
82 85 3 146214 2.02092818
8 2 3 100598 2.020931196
79 75 3 3941235 2.020936121
194 78 3 1884300 2.020939858
193 200 3 9431856 2.020954242
8 89 3 7350 2.020966524
0 4 3 24192 2.020966644
162 156 3 897256 2.020970114
49 48 3 9706453 2.020971968
41 38 3 34889 2.020975239
5 14 3 163624 2.020978472
148 198 3 197635 2.020985333
160 153 3 1715548 2.020990035
87 84 3 72392 2.02099145
49 159 3 25324 2.020991887
188 12 3 1755145 2.020996363
14 0 3 1226735 2.02099677
44 154 3 6125 2.020998224
125 117 3 63998 2.021003682
196 186 3 18086 2.021008126
119 115 3 27325 2.021017401
159 155 3 20341 2.021020621
125 111 3 16242 2.021021368
39 37 3 3911207 2.021022067
45 122 3 15702 2.021023768
13 155 3 7847064 2.021026897
126 189 3 23325 2.021028343
43 45 3 4214 2.021040721
155 152 3 24046 2.021046102
115 152 3 2051018 2.021050368
157 161 3 67035 2.021050476
14 121 3 26972 2.021052417
1 10 3 67519 2.02105903
5 10 3 24635 2.021061288
51 41 3 150971 2.021064141
122 118 3 1665281 2.021066975
117 76 3 11568 2.021080617
157 159 3 7601447 2.021081448
6 118 3 5728 2.021087677
43 39 3 2396782 2.021090353
123 115 3 2538482 2.021100421
122 114 3 5895710 2.021100485
47 39 3 48125 2.02110051
188 15 3 1100 2.021105197
188 191 3 14122 2.021111055
118 15 3 1607651 2.021112043
158 150 3 7960 2.021113859
4 9 3 65040 2.021121285
15 8 3 74445 2.021138554
42 5 3 74692 2.021139111
158 114 3 280762 2.02114184
15 13 3 58943 2.021142367
188 199 3 66192 2.021149254
89 85 3 864701 2.021156871
148 162 3 43509 2.021158477
163 154 3 1331398 2.021166282
120 7 3 29698 2.021170901
152 157 3 1955628 2.021171821
10 5 3 3195556 2.021173541
153 158 3 91594 2.02117536
119 1 3 27515 2.021178254
185 193 3 50936 2.02117898
157 151 3 70115 2.021180166
86 89 3 18636 2.021180261
1 112 3 94131 2.021183326
122 151 3 6570038 2.021183989
81 75 3 11109583 2.021184861
153 156 3 32621 2.021188427
50 51 3 182780 2.021190562
51 46 3 70188 2.021193594
126 111 3 7164047 2.021194985
46 44 3 58446 2.02119586
11 111 3 2802226 2.021202079
5 125 3 530104 2.021207708
6 13 3 69550 2.021209201
185 187 3 89623 2.021211187
162 2 3 37777 2.021217371
192 195 3 39466 2.021221118
115 160 3 50223 2.021224099
152 49 3 57154 2.021224158
191 193 3 502279 2.021232421
150 158 3 13773 2.021235847
189 46 3 9814 2.021238245
162 163 3 71584 2.021240115
87 89 3 1395500 2.021245232
191 194 3 64817 2.021245713
78 87 3 9282 2.021246729
163 159 3 77617 2.021247736
39 42 3 75306 2.021247976
153 162 3 42508 2.021254425
187 153 3 8765 2.021255239
44 52 3 185870 2.021259317
83 85 3 47286 2.021260088
185 195 3 18609 2.021260595
14 12 3 679 2.021260712
160 41 3 89499 2.021262274
14 10 3 78873 2.021263735
111 123 3 9419 2.021266287
120 122 3 1949659 2.021279418
46 50 3 18820 2.021282915
152 193 3 4812531 2.02128558
158 160 3 2214 2.021287236
39 51 3 3483810 2.02128749
38 46 3 74720 2.021287647
10 2 3 585119 2.021289348
163 148 3 3927 2.02129652
43 113 3 2957759 2.021307137
111 151 3 1825722 2.021315325
10 8 3 58540 2.021316
187 154 3 647 2.02131622
194 197 3 29443551 2.021318682
113 112 3 75540 2.021321719
85 81 3 21151 2.021334098
86 2 3 4713025 2.021350019
121 118 3 116009 2.021351053
149 157 3 1898428 2.021351538
3 2 3 84404 2.021353538
126 119 3 2403122 2.02136891
44 52 3 7621752 2.021373065
84 86 3 14275 2.021374002
48 43 3 26276 2.021377723
15 7 3 56642 2.021385172
188 189 3 398598 2.021385642
112 161 3 5641 2.021391084
123 115 3 8463 2.021407155
160 157 3 64406 2.021423467
121 123 3 160881 2.021429523
189 200 3 1212209 2.02142995
10 15 3 8103 2.021438434
83 81 3 22787 2.021441403
195 187 3 40154 2.021442096
13 50 3 86215 2.021445068
121 115 3 1641196 2.021451426
79 87 3 34456 2.021452748
1 6 3 1546217 2.02145289
81 77 3 180526 2.021456636
87 80 3 785 2.021459748
2 1 3 1304 2.02146491
199 149 3 25856324 2.021474046
199 193 3 2765 2.02147811
14 111 3 26610 2.021479726
12 112 3 127756 2.02148676
151 153 3 41839 2.021487331
12 0 3 30202 2.021488536
48 44 3 1514095 2.021495413
148 149 3 8125884 2.021497904
193 190 3 278247 2.021499623
154 160 3 7181276 2.021501113
117 152 3 62281 2.021521932
198 192 3 310 2.021522326
121 118 3 27832 2.021525343
50 51 3 71890 2.021536841
83 78 3 25274 2.021538779
76 85 3 2123798 2.021541577
6 14 3 42381 2.021551055
77 89 3 472042 2.021565899
190 193 3 7908 2.021568662
12 1 3 2975149 2.021572368
78 82 3 15459 2.021576681
125 124 3 1528147 2.021585337
158 9 3 53507 2.021588627
46 39 3 1809 2.021589483
83 78 3 811083 2.021590057
153 149 3 3887407 2.021593694
48 38 3 25712 2.021594222
188 154 3 22152 2.021603771
9 2 3 935886 2.021605773
199 191 3 180808 2.021607174
160 158 3 684338 2.02161265
161 156 3 21047 2.021613229
77 76 3 4817 2.021620447
193 198 3 26344 2.021620545
13 195 3 31168 2.021623234
114 115 3 1587078 2.021629077
191 185 3 746199 2.021637691
199 188 3 27809 2.021639632
15 199 3 8175223 2.021649079
193 192 3 165002 2.021652619
125 114 3 7378329 2.021664502
191 193 3 42567 2.021667442
49 111 3 17912 2.021670896
159 149 3 71045 2.021675582
86 84 3 19968 2.021676166
47 78 3 43340 2.021679104
194 198 3 5638340 2.021681832
12 4 3 4058 2.021683815
45 46 3 30783 2.021690044
48 115 3 2560586 2.021693311
2 13 3 150461 2.021694958
39 45 3 78291 2.021704608
41 37 3 10912 2.021705679
88 114 3 28630394 2.021708794
46 44 3 12498813 2.021709005
13 1 3 599527 2.021715878
83 79 3 1085720 2.021715899
185 197 3 35109 2.021720363
80 159 3 35934 2.021724482
5 12 3 3719 2.021727205
126 152 3 2310513 2.021727321
153 200 3 1136857 2.021727756
9 37 3 49453 2.021728969
199 194 3 27622 2.021731844
51 10 3 54496 2.021733142
112 153 3 75110 2.021733719
76 85 3 1895 2.021736991
81 74 3 69061 2.021740537
188 196 3 5186915 2.02174144
42 40 3 27701 2.021742493
154 153 3 57382 2.021745571
76 74 3 8012 2.021748305
38 42 3 13353462 2.021752227
151 42 3 181783 2.021753823
189 161 3 25427 2.021754233
195 48 3 31434 2.021762533
185 85 3 72490 2.021763688
42 197 3 3137 2.021767868
197 159 3 36416 2.021771044
84 11 3 70934 2.02178059
76 83 3 1783793 2.021782356
2 12 3 2852 2.021791626
189 46 3 17923995 2.021794511
190 189 3 554720 2.021795012
37 42 3 9996 2.021796867
87 88 3 699749 2.021800986
119 151 3 7284721 2.021831739
148 153 3 98945 2.021833859
153 148 3 1345500 2.021849467
199 194 3 6789745 2.021851319
121 116 3 4926023 2.021856106
148 10 3 172993 2.021857512
41 37 3 21356 2.021857831
112 113 3 7941152 2.021858204
49 39 3 77380 2.021860509
126 114 3 74756 2.021861259
0 192 3 9126 2.021864089
10 123 3 1912564 2.021865333
119 159 3 1227391 2.021866514
117 115 3 1505049 2.021868931
113 115 3 33020 2.021873297
49 40 3 74590 2.021873526
89 196 3 2867081 2.021878357
0 10 3 47778 2.021879372
49 41 3 1089 2.021880516
82 80 3 1409411 2.021885775
187 188 3 4862 2.021886133
190 185 3 3141416 2.021892921
126 162 3 7386312 2.021894665
44 52 3 1170426 2.02190283
77 76 3 40904 2.021911463
49 46 3 4047 2.02191335
47 51 3 33176 2.021917441
89 81 3 23931 2.02192028
155 153 3 4928657 2.021933261
112 122 3 56461 2.021935784
200 196 3 3286 2.021940508
118 48 3 9019 2.021941333
191 197 3 4603412 2.02194628
38 46 3 7541434 2.021947241
156 149 3 13337 2.02195233
86 75 3 31225 2.021954254
191 194 3 15813592 2.021954616
154 155 3 1429366 2.021955938
84 157 3 50028 2.021959455
194 187 3 43754 2.021965968
122 121 3 14565 2.021966287
152 158 3 74388 2.021974726
119 122 3 9642 2.021978842
44 8 3 80107 2.021982277
152 151 3 140860 2.021987273
160 157 3 23737 2.021988231
191 155 3 18128 2.021989432
49 45 3 43916 2.021991435
187 194 3 1641 2.022009217
193 154 3 41680 2.022013072
196 163 3 753157 2.022013203
45 40 3 312633 2.022018849
39 47 3 2791908 2.022022532
123 197 3 5447 2.022024069
8 111 3 15766 2.022028319
118 153 3 5795 2.022036412
197 196 3 7548 2.022039446
45 38 3 550064 2.022040256
0 189 3 532338 2.022045079
155 157 3 30488 2.022046619
15 12 3 25451 2.022047216
87 79 3 1066220 2.022047838
196 148 3 36524 2.022049645
14 11 3 5807 2.02205225
42 153 3 70563 2.022054571
196 193 3 57476 2.022057596
198 51 3 65262 2.02206159
188 190 3 39872 2.022069697
15 120 3 7464 2.022070395
45 85 3 126844 2.022074705
194 188 3 39850 2.022081148
120 114 3 45364 2.02208984
187 77 3 795 2.022091104
199 38 3 4433662 2.022093574
82 88 3 41820 2.022097768
82 81 3 152315 2.022098154
10 4 3 50095 2.022102167
85 86 3 64933 2.022111213
114 122 3 30169 2.022114673
39 42 3 382216 2.022116911
38 48 3 57826 2.022120958
194 186 3 8860 2.022126221
80 81 3 736184 2.022126446
6 13 3 899841 2.022132253
190 153 3 679509 2.022135363
116 15 3 6660 2.022139579
190 193 3 25040 2.022144314
10 3 3 27074 2.022144967
42 5 3 1742334 2.022154
123 185 3 32985 2.022158388
1 4 3 3446 2.022163061
121 111 3 114210 2.022163141
85 79 3 3271 2.022164009
38 43 3 1162720 2.022179968
85 46 3 3605047 2.022183136
47 39 3 579721 2.02218475
114 122 3 7912541 2.022186552
188 190 3 587509 2.02219302
123 150 3 9537 2.022196595
199 186 3 4325799 2.022199146
6 3 3 52088 2.02219926
123 119 3 43978 2.022202552
38 44 3 4344 2.022203966
157 153 3 50196 2.02220451
148 158 3 6539565 2.022206653
37 47 3 15665 2.022208702
185 187 3 6751133 2.022213963
124 121 3 1701777 2.022215769
185 125 3 1886491 2.022217557
197 2 3 5423177 2.022218862
154 161 3 1056810 2.022219991
188 192 3 10336 2.022224053
40 49 3 8610 2.022230286
148 160 3 14868 2.022242595
1 84 3 8588162 2.022245197
148 158 3 69330 2.022251202
10 8 3 1293 2.02225153
159 153 3 3752948 2.022251862
189 186 3 77549 2.022253264
13 5 3 470282 2.02225955
80 13 3 76629 2.022263454
118 148 3 174462 2.022265398
155 148 3 5902907 2.022266695
152 156 3 30223 2.022271292
199 191 3 14052 2.022272518
119 120 3 41192 2.02228127
199 12 3 157585 2.022285482
193 51 3 5708 2.022287205
195 41 3 20043 2.022296157
40 38 3 146982 2.022298204
88 84 3 114045 2.022301646
41 46 3 7196582 2.022303175
126 116 3 68845 2.022305934
112 80 3 7787 2.022308805
118 112 3 22197509 2.022310444
158 82 3 25036 2.022313703
125 119 3 1443812 2.022317513
188 200 3 7830 2.022322996
5 10 3 683840 2.022325472
37 52 3 8537 2.022328637
79 84 3 8172 2.022332212
44 51 3 403175 2.022333139
83 80 3 31704 2.022338272
81 83 3 62376 2.022339596
124 155 3 8595531 2.022340287
163 152 3 9381 2.022342024
11 6 3 27615 2.022342629
89 74 3 3760556 2.022351566
192 160 3 26316 2.022356001
115 158 3 66373 2.022359888
199 185 3 3178 2.022359999
50 41 3 2478 2.022360934
121 111 3 29876 2.022367388
153 156 3 20794201 2.022369824
39 41 3 62530 2.022375979
191 150 3 26247 2.022377861
156 152 3 823673 2.022389597
2 5 3 12427 2.022393619
45 74 3 4346429 2.022393879
14 116 3 58913 2.022400138
186 194 3 1195009 2.022402116
155 89 3 67990 2.022408291
77 7 3 8115 2.022408588
7 0 3 2545658 2.022409819
117 125 3 73388 2.022410208
116 118 3 18012 2.022413089
11 192 3 1440473 2.02241623
197 157 3 20366 2.022420867
123 159 3 1179366 2.022421933
124 115 3 29540 2.022424174
12 7 3 1687 2.022424956
117 118 3 42726 2.022432682
11 78 3 1274065 2.022435413
124 114 3 2354493 2.022442861
193 190 3 524693 2.022443486
117 44 3 29130 2.022444982
77 75 3 8569234 2.022447388
119 115 3 3801998 2.0224493
81 80 3 1591155 2.022451746
37 113 3 344281 2.022456402
120 121 3 4326574 2.022457694
49 44 3 17507 2.02246082
0 5 3 61470 2.022462061
153 196 3 113199 2.022463566
85 83 3 64993 2.022465792
45 43 3 232220 2.022470138
193 185 3 30312 2.022477997
190 194 3 1666470 2.022478635
150 159 3 73447 2.022485568
191 89 3 38012 2.022487402
52 49 3 15347 2.022489961
153 162 3 52294 2.022490073
195 199 3 10273 2.022491696
75 84 3 163729 2.022493905
116 122 3 9074232 2.022505722
191 197 3 3836560 2.022506128
4 12 3 37255 2.022525711
1 190 3 1308046 2.022525825
47 49 3 25619 2.022528649
13 3 3 653831 2.022534602
200 196 3 469995 2.022534933
3 1 3 1438512 2.022547697
2 114 3 13782654 2.022550238
13 111 3 91676 2.022552826
46 50 3 109652 2.022554421
87 85 3 14120747 2.022555173
185 189 3 44413 2.022555338
46 51 3 111539 2.022561279
82 76 3 1567374 2.022568633
149 161 3 6815 2.022569041
14 118 3 6314 2.022570129
87 80 3 2122193 2.022574722
3 14 3 47411 2.022576613
148 193 3 461 2.022577923
82 191 3 262743 2.022579584
159 43 3 3575 2.022583338
115 114 3 37244 2.022584559
2 4 3 9567417 2.022586261
187 198 3 40922 2.022587167
84 81 3 50747 2.022587918
149 162 3 1855 2.022589072
155 157 3 73210 2.022592374
12 187 3 116543 2.022593135
117 192 3 676114 2.022602796
200 159 3 118147 2.022608146
115 155 3 29430 2.022611132
87 83 3 514646 2.022616752
0 8 3 8341 2.022623178
3 199 3 1118339 2.022625865
158 156 3 44868 2.022647023
8 14 3 17352 2.022659874
44 46 3 20362 2.022660816
77 156 3 26100 2.02266119
39 46 3 20156 2.0226616
12 116 3 31098 2.022671554
82 88 3 908 2.02267198
76 87 3 234137 2.022673063
187 11 3 15759 2.022675331
157 163 3 178573 2.022676273
11 81 3 5418870 2.022680136
121 159 3 71611 2.022690342
151 86 3 7660 2.022691606
113 126 3 79880 2.022692326
152 155 3 87910 2.022695905
117 112 3 1881608 2.022696487
150 151 3 59110 2.022697851
126 161 3 1524993 2.022697894
160 114 3 323480 2.022719458
156 152 3 67643 2.022719714
195 187 3 55599 2.022720647
1 152 3 5821 2.022721793
49 47 3 1459851 2.022722449
162 156 3 23705 2.022726009
187 185 3 16772574 2.022733333
199 189 3 7007309 2.022733407
3 6 3 17885 2.022741311
152 149 3 27818 2.022744225
46 45 3 8398044 2.022747711
13 154 3 39848 2.022751417
198 162 3 8821840 2.022768824
84 151 3 3322697 2.022772232
11 118 3 7667 2.022772764
117 123 3 311 2.022776789
156 158 3 70946 2.022778359
161 38 3 32575 2.022779899
46 44 3 402921 2.022783981
11 125 3 43323 2.022784128
121 125 3 61946 2.022784141
12 1 3 62695 2.022786766
51 48 3 156882 2.022790258
85 200 3 527623 2.022792235
191 196 3 19105065 2.022793067
52 37 3 21069 2.022795356
153 11 3 1594242 2.022796871
193 80 3 14583 2.022799846
112 113 3 28068 2.022802222
41 44 3 9586 2.022804053
111 123 3 82905 2.022809333
117 152 3 54697 2.0228102
121 112 3 1513841 2.022812905
192 154 3 565018 2.022813514
195 163 3 7056 2.02281895
154 156 3 16782 2.022819781
45 112 3 27590 2.022820143
50 3 3 558778 2.022824032
46 48 3 9197391 2.02283175
47 42 3 24103 2.02283191
195 163 3 1787469 2.022834226
13 4 3 2900327 2.022835909
43 39 3 3269450 2.022837529
156 153 3 43953 2.022838994
200 193 3 39054 2.022839105
162 125 3 1892966 2.022839558
150 148 3 179098 2.022847198
42 40 3 816953 2.022848203
78 84 3 77804 2.022853226
154 156 3 41955 2.022854339
77 75 3 3981 2.022860053
80 148 3 33331 2.022864904
77 79 3 21856 2.022870388
82 86 3 6073541 2.022872991
80 78 3 3919 2.02287369
37 51 3 176964 2.022874051
76 82 3 1022708 2.022874387
162 157 3 71086 2.022875123
5 3 3 1552901 2.022877915
159 191 3 28898 2.022878022
186 153 3 2607636 2.022878256
45 38 3 11320723 2.022878352
158 157 3 1633985 2.022879562
115 112 3 4491 2.022881483
83 196 3 39907 2.022881647
160 151 3 56056 2.022885079
151 116 3 1833132 2.022885814
120 43 3 534392 2.022887334
37 44 3 61841 2.022887484
161 159 3 9758 2.022889743
113 195 3 6639753 2.022889803
192 195 3 7939 2.022896858
187 118 3 43343 2.022904085
156 161 3 93599 2.022907534
114 126 3 5868924 2.022908604
49 38 3 3267 2.022909335
112 122 3 41987 2.022913481
118 123 3 147056 2.022913542
2 5 3 1142 2.022913685
37 42 3 8855 2.022914617
199 186 3 133696 2.022919509
114 121 3 2033811 2.022924299
50 51 3 12499 2.022924959
42 39 3 67891 2.022925793
191 186 3 23599 2.022926185
154 151 3 6660252 2.02292954
40 52 3 9380 2.022936014
195 189 3 53610 2.022947237
40 111 3 670267 2.022953229
118 39 3 57550 2.022956115
51 52 3 2088993 2.022956771
188 193 3 45741 2.022958752
154 116 3 647428 2.02295979
160 162 3 20446 2.022960424
3 2 3 39231 2.022965859
1 15 3 6840588 2.022970374
153 156 3 129387 2.022970661
81 157 3 31103 2.022972867
154 149 3 8128413 2.022974642
87 86 3 3050498 2.022974894
198 195 3 7323 2.022977632
6 15 3 4464892 2.022979162
12 84 3 47222 2.022981309
194 195 3 64008 2.022988127
116 120 3 68261 2.022988756
189 84 3 162600 2.022989117
186 196 3 59855 2.02298955
162 161 3 1769867 2.022992778
80 82 3 462217 2.022993063
46 45 3 66568 2.022997424
2 114 3 52031 2.022997974
192 185 3 38184 2.022999793
2 112 3 7829 2.023006248
156 154 3 6200 2.023017543
158 160 3 998072 2.023025499
74 44 3 61684 2.023030896
123 125 3 43224 2.023031731
149 153 3 1576389 2.023033111
119 194 3 6284470 2.02303635
159 148 3 3358119 2.023039388
196 188 3 4523 2.023045006
188 161 3 1103 2.023047804
121 151 3 34865 2.023054568
159 149 3 3782804 2.023057857
80 14 3 8825 2.023064023
159 158 3 2861781 2.023068487
119 160 3 190397 2.023071493
5 9 3 804087 2.023073109
197 191 3 3751853 2.02307312
190 196 3 15211 2.023078537
85 83 3 177329 2.023079758
39 42 3 1141035 2.023080727
195 151 3 804120 2.023081835
3 2 3 312104 2.023089498
196 186 3 2728467 2.023089671
2 188 3 659544 2.023089956
0 48 3 15383 2.023096845
185 200 3 2685076 2.023102281
152 160 3 3102761 2.023105809
82 74 3 68195 2.023110545
190 200 3 5987 2.023112252
2 117 3 23839 2.023114271
159 157 3 2106774 2.023121461
7 112 3 2301483 2.0231238
39 49 3 10596 2.023130614
52 41 3 46532 2.023136006
37 0 3 1385016 2.023138047
13 8 3 10958 2.023138291
189 196 3 23176 2.023145177
48 49 3 32570 2.023147677
46 43 3 1825744 2.02315277
6 111 3 23113 2.023153799
114 124 3 68 2.023160252
111 124 3 26619 2.023164994
78 83 3 3879209 2.023178348
200 194 3 1802880 2.023190581
42 46 3 8780684 2.023195619
5 0 3 3715 2.023200746
190 188 3 6246439 2.023202727
49 51 3 21360 2.023206354
187 161 3 71371 2.023208639
117 112 3 69806 2.023209021
120 187 3 2617790 2.023220061
8 1 3 7177 2.023221161
89 85 3 43630 2.023221661
187 159 3 4015980 2.023222811
196 197 3 4483637 2.023222889
162 155 3 9664171 2.023228534
163 120 3 23960 2.023229363
187 186 3 7410 2.023231493
190 149 3 7433541 2.023233283
4 14 3 101973 2.023237216
148 159 3 1671 2.023237844
123 121 3 27437 2.023240727
154 157 3 168916 2.023240919
188 186 3 90348 2.023245309
196 194 3 3066808 2.023245705
198 39 3 9091 2.023257231
115 111 3 19655 2.023259308
76 87 3 1797144 2.023260852
154 155 3 19495281 2.023262632
192 199 3 167717 2.023263784
3 15 3 9934751 2.023269824
199 197 3 17521776 2.023270074
10 13 3 9437823 2.023270974
196 195 3 8876 2.023273133
157 150 3 45292 2.023274898
2 5 3 23192243 2.023283517
13 1 3 989529 2.023284326
77 154 3 55190 2.023285814
117 114 3 2844 2.023293511
41 156 3 136373 2.023296478
197 190 3 1992871 2.023299277
37 49 3 1487573 2.023299478
116 126 3 8893898 2.023304016
196 187 3 49231 2.023306249
1 123 3 7715936 2.023308313
121 158 3 26397399 2.023313587
150 159 3 2947 2.023319917
4 12 3 60467 2.023321968
12 9 3 36903 2.023322676
158 120 3 1212535 2.023322786
79 84 3 4462776 2.023328942
12 117 3 26854 2.02332948
149 163 3 1660033 2.023329736
160 161 3 21502 2.023332984
42 47 3 2266651 2.023333425
159 84 3 1889812 2.023334957
74 78 3 38739 2.023335704
13 124 3 3325640 2.023337984
198 193 3 4590779 2.023338521
15 13 3 5897439 2.023341406
153 156 3 1860 2.023346601
6 13 3 67968 2.02334801
154 151 3 47412 2.023358472
190 192 3 45361 2.023361835
85 113 3 17754 2.02336229
83 84 3 3359967 2.023365742
189 157 3 70132 2.023365801
115 119 3 9290107 2.023367204
47 43 3 938821 2.023370551
86 87 3 490283 2.023373322
151 188 3 1881510 2.023374168
81 79 3 37867 2.023375018
200 156 3 1494950 2.023376136
113 120 3 2051 2.023376585
159 151 3 6333412 2.023376939
126 38 3 20783 2.023377596
121 126 3 673797 2.023378239
9 5 3 1228934 2.023389747
74 82 3 193706 2.023390398
13 43 3 56941 2.023393452
126 125 3 16791 2.023401335
12 7 3 946299 2.023401757
124 150 3 5238 2.023402328
47 38 3 73152 2.02340492
123 121 3 79320 2.023405751
149 148 3 55912 2.023409252
161 152 3 1698496 2.023409252
51 52 3 1867436 2.023411162
152 154 3 49155 2.023415809
78 86 3 6323 2.023415901
5 3 3 62811 2.023416343
198 196 3 1366 2.023417121
186 189 3 1328951 2.023422687
119 121 3 3371315 2.023431683
115 11 3 6417893 2.023431925
75 190 3 832968 2.023438291
192 186 3 2981094 2.023439038
0 6 3 840922 2.023443983
13 45 3 646289 2.023445623
112 155 3 1526704 2.023446795
119 152 3 448 2.023454848
120 162 3 1591 2.023460997
200 79 3 684526 2.023470878
2 4 3 52124 2.023471889
196 49 3 102946 2.023474962
89 81 3 6522569 2.023478065
2 115 3 1250403 2.023479142
11 195 3 9964164 2.023479556
150 148 3 23005 2.023482787
86 89 3 8260 2.023485934
15 117 3 56630 2.023486287
10 4 3 1690191 2.023486314
152 153 3 21273 2.023489299
163 149 3 68830 2.023491486
148 155 3 21014101 2.02349203
47 40 3 6751 2.023494381
120 112 3 3799815 2.023495595
2 15 3 32325 2.023505234
186 200 3 21537 2.023506782
187 189 3 27459 2.023514491
45 190 3 4016433 2.023514885
7 43 3 1017246 2.023516668
151 155 3 8284 2.02352205
47 123 3 1437078 2.023523235
190 196 3 4366 2.023526482
83 75 3 5538 2.023531314
15 193 3 31896 2.023538242
3 10 3 50934 2.023544779
45 37 3 2453475 2.023548291
187 161 3 14856 2.023552347
10 5 3 134451 2.023555894
83 84 3 21225 2.023557274
197 186 3 81995 2.023566853
114 115 3 1143942 2.023575302
160 161 3 3326 2.023575463
119 87 3 9223316 2.023576086
152 155 3 34517 2.023577185
124 113 3 71774 2.023577937
86 77 3 314743 2.02358019
76 81 3 23164 2.023583038
189 188 3 2609384 2.023588019
0 2 3 182233 2.023588273
41 48 3 109370 2.023590252
162 148 3 77838 2.023590292
197 199 3 173364 2.023592803
151 45 3 75228 2.023596535
15 8 3 541908 2.023603875
49 52 3 42318 2.023607312
149 154 3 387561 2.023610806
75 77 3 22874 2.023618693
44 114 3 4948 2.02363321
126 2 3 64817 2.023637351
163 149 3 349697 2.023637766
13 14 3 19311 2.02363782
195 198 3 889101 2.023640328
152 154 3 28248 2.023642494
188 83 3 7709281 2.023643312
83 40 3 402798 2.023645407
42 49 3 8471003 2.023647242
89 78 3 77641 2.023648598
87 77 3 51385 2.023660636
44 50 3 32684 2.023666293
159 155 3 19915 2.02366718
85 80 3 4049179 2.023668899
6 118 3 8028 2.023679946
46 41 3 26476 2.023681253
122 198 3 4122282 2.023687574
86 13 3 9135289 2.023687935
46 12 3 700671 2.023695059
121 126 3 25817555 2.023697594
114 119 3 31572 2.023700278
2 0 3 9194447 2.023701021
118 123 3 24610736 2.023705945
116 114 3 78219 2.023718848
150 163 3 251658 2.023721367
148 155 3 28845 2.023725149
45 49 3 1334086 2.02373079
37 52 3 6052 2.02373296
196 187 3 916453 2.0237344
148 38 3 63672 2.023735245
115 120 3 6050 2.023736076
41 112 3 8058 2.023737529
51 162 3 117502 2.02374001
83 88 3 1104 2.023741009
113 120 3 31213 2.023752845
116 126 3 62435 2.023753996
155 160 3 830788 2.023755071
14 6 3 168723 2.023758057
49 51 3 2852229 2.023758449
190 185 3 48095 2.023758818
117 152 3 633471 2.023759118
88 86 3 6124289 2.023760861
199 187 3 42903 2.02376096
189 187 3 979638 2.023762535
125 114 3 5496 2.023763469
187 194 3 927813 2.023764321
52 49 3 464011 2.0237815
4 11 3 123076 2.023789275
86 187 3 44238 2.023791759
120 111 3 7353 2.023793401
154 161 3 15872 2.023794081
158 149 3 47777 2.023794791
199 191 3 1149024 2.023796121
77 83 3 6349 2.023804254
112 119 3 1720621 2.023809404
123 114 3 3149118 2.023809806
154 156 3 34072 2.023817982
6 13 3 42705 2.023819124
195 158 3 41634 2.02382409
52 47 3 137634 2.023826695
43 38 3 1892928 2.023827118
199 187 3 7470 2.023827176
85 76 3 14319126 2.0238312
10 8 3 9590836 2.023835363
40 44 3 61705 2.023842091
8 123 3 57768 2.023842805
194 189 3 56474 2.02384497
198 199 3 4084 2.023845092
49 38 3 6720999 2.023854062
78 192 3 1573459 2.02385561
14 124 3 21805 2.023860744
15 42 3 21407 2.023861422
77 76 3 57165 2.023863199
87 198 3 48157 2.023865739
150 148 3 15466 2.023867106
8 77 3 5455 2.023875883
162 151 3 184543 2.023876347
117 118 3 7580249 2.023876877
82 85 3 2829579 2.023877145
125 116 3 28062552 2.023879024
194 188 3 51035 2.023881062
120 76 3 65389 2.023881209
154 150 3 272624 2.023883557
76 81 3 1449139 2.023888973
50 45 3 31419 2.023891496
81 79 3 1109505 2.023892788
192 187 3 56122 2.023895014
8 10 3 28623 2.023895515
190 193 3 15188 2.023898108
40 46 3 22752 2.023901407
187 157 3 25557 2.0239034
8 9 3 21984 2.023918599
37 45 3 175398 2.023920747
198 197 3 166904 2.023923146
40 52 3 36473 2.023923694
79 83 3 6520 2.023929295
37 39 3 7055 2.02393826
51 40 3 52433 2.023946721
115 121 3 9977992 2.023950337
121 52 3 25315 2.023960345
44 43 3 1727667 2.0239608
4 2 3 14263098 2.023963605
187 148 3 16035 2.023968585
86 80 3 19282 2.023970826
194 196 3 1213025 2.0239777
52 45 3 1254 2.023979182
78 125 3 29592 2.023984312
194 198 3 61323 2.023985268
114 116 3 27869 2.023985375
123 121 3 33768 2.023985401
195 188 3 33575 2.023985663
45 48 3 8675 2.023992621
115 112 3 143287 2.023996731
125 80 3 1893381 2.024001534
41 43 3 4145623 2.024003663
124 121 3 215580 2.024006909
154 153 3 444383 2.024007973
159 149 3 1168369 2.024008877
76 47 3 1940504 2.024009817
84 74 3 1016278 2.024015208
52 111 3 968261 2.024023846
10 11 3 29537655 2.024024805
118 116 3 2242 2.024025167
48 157 3 8591 2.024028286
192 157 3 3316 2.024028402
41 160 3 74090 2.024032263
88 11 3 80203 2.02403388
9 6 3 26861 2.024040664
186 48 3 6811 2.024043322
76 113 3 3874 2.024050133
113 119 3 4142 2.024050625
111 155 3 98941 2.024059132
2 1 3 9035 2.024060077
156 150 3 4856794 2.024063469
157 160 3 2613 2.024066089
161 149 3 7620429 2.024067016
117 119 3 2697659 2.024076045
37 50 3 7168208 2.024077936
189 196 3 32767 2.024087314
157 149 3 7330957 2.024087797
7 2 3 63538 2.024090397
192 188 3 58290 2.02409107
160 150 3 20373 2.024093276
37 125 3 43719 2.024102831
158 152 3 693360 2.024118587
155 150 3 1061501 2.024119361
125 114 3 18074 2.024127408
199 83 3 45825 2.02412906
123 117 3 44104 2.024137998
37 152 3 111673 2.024138978
196 149 3 7561 2.024142557
88 76 3 1091759 2.024143669
152 148 3 10269 2.024148599
192 186 3 9525 2.024149388
76 89 3 14868 2.024155328
51 52 3 1878793 2.024155829
158 154 3 38882 2.024157044
114 125 3 3940 2.024158839
78 118 3 1386899 2.024158863
189 198 3 565606 2.024165278
120 113 3 6370 2.024171388
159 160 3 5379773 2.024172768
151 161 3 392572 2.024177464
188 6 3 171 2.024180483
5 0 3 9784120 2.024189544
153 189 3 57958 2.024190291
118 157 3 104567 2.02419087
86 77 3 1961011 2.02419111
185 88 3 79277 2.02419502
85 149 3 8034 2.024200859
122 162 3 31231 2.024202092
163 159 3 407941 2.024207359
192 194 3 73049 2.024207962
40 78 3 6758111 2.024212641
153 148 3 155350 2.02422082
187 192 3 11549 2.024224449
123 11 3 6812174 2.024227129
5 10 3 3789 2.024242252
41 47 3 28107 2.024245182
42 38 3 1152987 2.02426383
193 200 3 2377852 2.024265843
151 13 3 6783395 2.024269295
9 123 3 29113035 2.024272892
155 158 3 23766854 2.024273486
5 8 3 554 2.024274773
125 119 3 55365 2.024280753
157 116 3 3487 2.024283025
117 113 3 21119873 2.024284554
89 82 3 9026 2.024285288
163 157 3 2402474 2.024285955
121 112 3 59722 2.0242866
186 194 3 5332 2.024289354
15 14 3 30386 2.024289621
112 150 3 3090743 2.0242958
111 123 3 9346 2.024299565
114 159 3 1209 2.024308617
191 194 3 155224 2.024309354
193 190 3 1185136 2.024310904
3 5 3 58071 2.024312542
2 14 3 1111717 2.024316741
125 117 3 21926 2.024329856
51 39 3 4415188 2.024330363
75 89 3 133178 2.024337712
2 12 3 41099 2.0243383
126 116 3 168384 2.024339846
75 89 3 76618 2.024348787
3 13 3 57679 2.024348908
13 8 3 23443 2.024350806
81 37 3 73911 2.024350819
193 153 3 1667 2.024352074
80 197 3 103248 2.024357657
122 162 3 29513 2.024361983
187 198 3 7053 2.024365553
195 185 3 355816 2.024368035
186 148 3 1418673 2.024369465
157 149 3 1042182 2.024369624
45 38 3 60598 2.024370705
162 151 3 72689 2.024373728
163 44 3 1842087 2.024373867
87 161 3 77754 2.024375519
125 123 3 177701 2.024376238
74 78 3 15196 2.024380569
78 148 3 2359 2.024380695
152 83 3 39941 2.024382151
41 49 3 13709 2.024382455
76 78 3 76175 2.024388915
51 41 3 8451692 2.024395879
120 122 3 1473518 2.024396655
153 152 3 1813247 2.0243984
191 190 3 25954 2.024398542
85 199 3 34008 2.02439924
160 50 3 13182083 2.024403382
117 114 3 6269 2.024407628
51 37 3 244 2.024409721
75 86 3 13837 2.024410256
158 80 3 1179418 2.02441304
14 0 3 5028 2.024414047
88 124 3 130951 2.02441814
157 156 3 1520653 2.024424694
75 88 3 52089 2.024430354
196 190 3 18575162 2.024432895
157 154 3 6412 2.024432904
111 114 3 563397 2.024439497
9 2 3 74115 2.024439725
123 118 3 2190230 2.024440222
38 2 3 8407 2.024442153
156 160 3 1327703 2.024442154
5 7 3 63138 2.024443422
4 79 3 27092 2.024444583
76 79 3 1922 2.0244511
200 199 3 1602333 2.024454374
156 155 3 9465 2.0244623
6 3 3 11792277 2.024463514
117 121 3 13223 2.024464343
153 151 3 1665538 2.024467276
3 47 3 1739393 2.024469107
76 156 3 46027 2.024473883
12 14 3 2020680 2.02447399
161 89 3 43877 2.02447428
89 78 3 1079109 2.024477668
190 153 3 262529 2.024479206
47 48 3 9969 2.024481312
46 51 3 63761 2.024498226
89 78 3 62842 2.024499951
8 113 3 624108 2.024502993
74 80 3 32275 2.024504652
6 4 3 6829 2.024505813
50 48 3 7869 2.024508838
198 7 3 14726333 2.024510865
185 200 3 7627894 2.024518967
44 195 3 15938 2.0245235
194 187 3 10557 2.024527753
46 47 3 64900 2.024535171
193 200 3 42539 2.024548648
200 194 3 73282 2.024549103
15 9 3 35013 2.024554512
150 162 3 9272675 2.02456047
49 52 3 23647 2.024561707
87 78 3 5804 2.024566094
6 112 3 26881 2.024576897
112 79 3 4303 2.024583809
85 78 3 21647 2.024592982
114 125 3 976849 2.024596874
156 150 3 8757794 2.024601414
159 162 3 7118 2.024605762
190 195 3 60897 2.024617324
87 77 3 241878 2.024627329
15 8 3 4247673 2.024631594
150 162 3 1259670 2.024631697
148 155 3 9447 2.024632184
122 125 3 1523333 2.024633011
50 193 3 1605011 2.02463581
163 149 3 188757 2.024643637
111 119 3 2240 2.024644473
8 4 3 2504436 2.024645587
80 89 3 639124 2.024647816
87 85 3 1647933 2.02465091
160 162 3 46697 2.024652832
189 197 3 162959 2.024654863
83 86 3 967675 2.024666616
13 3 3 27347734 2.024666732
1 5 3 70414 2.024676284
5 14 3 13670386 2.024677322
123 124 3 167749 2.024678783
155 153 3 4891907 2.02468452
47 45 3 20495554 2.024684824
89 75 3 47049 2.024684926
8 116 3 3296084 2.02468721
40 192 3 1769094 2.024698883
79 78 3 1449 2.024712341
154 150 3 22483 2.024714393
49 41 3 607583 2.02471454
5 2 3 8271 2.024715201
42 50 3 3184678 2.024717615
87 83 3 52734 2.024724365
112 115 3 53129 2.024725331
192 195 3 41970 2.024727961
119 117 3 4304 2.02472854
190 86 3 891402 2.024730428
185 199 3 45985 2.024730473
119 116 3 1015233 2.024734397
87 42 3 7194071 2.024742247
40 39 3 1032388 2.024743101
155 150 3 34161 2.02474447
158 162 3 18894740 2.024746354
193 117 3 11029 2.024746685
13 15 3 993 2.024749903
185 200 3 5708 2.024753416
196 1 3 7504759 2.024757387
42 78 3 7421 2.024770955
49 42 3 7924196 2.024772251
157 155 3 22834 2.024774369
192 185 3 8292 2.024777184
44 49 3 2725 2.024780561
4 152 3 695575 2.024788789
150 42 3 66183 2.02479443
187 155 3 14000 2.02479529
47 45 3 4963135 2.024799582
124 113 3 7037379 2.024802878
123 114 3 1903425 2.02480662
75 85 3 38652 2.024807805
82 84 3 1907848 2.024814025
154 156 3 511530 2.024818328
37 50 3 1756563 2.024818761
116 119 3 1710625 2.024819144
160 6 3 70612 2.024819306
154 148 3 64660 2.024819335
74 14 3 23803 2.02482266
189 200 3 5482 2.02482534
159 158 3 54163 2.024826334
188 185 3 4350 2.024827235
116 113 3 8020 2.024831012
190 196 3 1330272 2.024831486
116 114 3 25407 2.0248327
37 185 3 51312 2.024842285
117 122 3 3036002 2.02484485
117 111 3 1044 2.02485004
190 186 3 25648 2.024850395
76 88 3 146928 2.024856082
115 158 3 9571 2.024862292
14 11 3 24855 2.024864603
120 121 3 1643912 2.024867811
46 14 3 5907 2.024870473
149 157 3 1067315 2.024871785
51 44 3 73438 2.024872363
124 126 3 18621 2.024875371
0 10 3 133876 2.024880666
193 187 3 20257 2.024881685
200 188 3 581797 2.024882932
150 189 3 3828687 2.024890507
161 51 3 20471 2.024891869
126 111 3 539124 2.024895889
15 200 3 38247 2.024900645
1 7 3 5437317 2.02490689
195 199 3 3547 2.024908623
190 200 3 37742 2.02491878
195 126 3 15 2.024921856
89 74 3 28023 2.024924138
193 197 3 98342 2.024924543
186 196 3 73229 2.024929998
41 48 3 46860 2.024937896
86 78 3 641 2.024942313
2 152 3 1432206 2.024945502
85 86 3 8444 2.02496672
150 162 3 5381116 2.024976143
154 158 3 64889 2.024980633
117 123 3 21784 2.024980948
112 111 3 28120 2.02498489
88 154 3 1902523 2.024985819
85 77 3 23948 2.024988154
47 40 3 1703210 2.024990989
195 196 3 45110 2.024991684
152 156 3 755772 2.024991834
51 42 3 20974 2.024995014
6 7 3 65107 2.025008158
0 9 3 171975 2.025010496
2 12 3 35089 2.025013024
51 46 3 24533 2.025020388
153 163 3 4436 2.025023753
6 192 3 5036 2.025027171
114 122 3 3116 2.02502757
81 122 3 29695 2.025034294
196 198 3 31883 2.025045853
87 38 3 25378 2.025047722
187 88 3 1654269 2.025049097
118 117 3 74762 2.025050739
157 187 3 66212 2.025050937
74 114 3 25880 2.025052524
111 161 3 39032 2.025052944
196 191 3 186 2.025061075
48 45 3 3430101 2.025062994
190 193 3 191938 2.025064803
153 148 3 2503593 2.025065188
114 156 3 22460370 2.02507903
193 152 3 2390573 2.025084711
49 41 3 68885 2.025084805
151 154 3 4755 2.025085301
85 162 3 747654 2.025086839
150 149 3 1698749 2.025088007
43 76 3 31564 2.025097277
51 119 3 7131 2.025102828
4 8 3 58190 2.025103943
191 157 3 5172367 2.025106071
9 8 3 47912 2.025107921
40 52 3 45530 2.025109768
13 8 3 4929439 2.025110385
13 0 3 18670 2.025117835
5 89 3 969590 2.025122008
150 2 3 552959 2.025124222
5 124 3 1956620 2.025124381
190 7 3 5775 2.025134436
193 162 3 4017 2.025136858
156 159 3 148222 2.025137123
192 200 3 13272257 2.025137693
50 159 3 34324 2.025141935
163 86 3 29444 2.025142686
121 120 3 7055 2.025147647
155 200 3 273078 2.025150209
200 187 3 26070 2.025150671
148 160 3 9000588 2.025151393
155 156 3 29140 2.025155848
120 126 3 2225012 2.025164681
5 4 3 368436 2.025168474
120 116 3 4115562 2.025168666
120 163 3 1250507 2.025169154
45 44 3 1325964 2.025169564
195 78 3 53922 2.025175841
198 194 3 33281 2.025176568
52 4 3 25741 2.025179278
149 162 3 2295478 2.025179905
155 163 3 83288 2.025181762
7 11 3 4623098 2.025182676
197 199 3 6991 2.025184544
149 159 3 57569 2.025184622
43 40 3 38572 2.025184794
51 45 3 8344984 2.02518843
153 157 3 9175 2.025189342
152 151 3 9694 2.025189375
196 190 3 1552 2.025189395
88 154 3 65104 2.025193937
89 81 3 9590597 2.025196488
149 154 3 185241 2.025196982
111 113 3 7326107 2.025200812
156 152 3 4654 2.02521014
151 78 3 2201 2.025214852
41 49 3 5208497 2.025219013
4 163 3 13386 2.025229177
155 114 3 19397 2.025239858
52 40 3 7792532 2.025240409
42 45 3 17115 2.025242774
185 160 3 7570730 2.025246114
116 156 3 29739 2.025252653
3 122 3 2471018 2.02525269
188 189 3 409132 2.025252801
156 150 3 22245 2.025254515
198 158 3 713622 2.025268328
161 152 3 10470 2.025269243
77 88 3 20943 2.025270348
83 76 3 677 2.025270619
195 189 3 735 2.025271758
148 163 3 7484 2.025281457
197 188 3 1308762 2.025287008
117 112 3 577525 2.025292485
40 43 3 8883 2.025293334
126 150 3 26593 2.0252974
195 192 3 20854 2.025299538
10 151 3 7094 2.025299946
199 192 3 165837 2.025306852
161 150 3 10700034 2.025307403
51 42 3 1480137 2.025313313
157 152 3 5851998 2.025315552
41 51 3 20254623 2.025316728
195 77 3 3370040 2.025316971
196 200 3 3648111 2.025317267
124 121 3 1734262 2.025320197
114 159 3 151024 2.025324501
187 189 3 168674 2.025339752
148 153 3 58913 2.025341311
125 111 3 9661978 2.025343739
148 191 3 23991 2.025350873
10 3 3 1811778 2.025354849
123 126 3 28139 2.025359862
198 192 3 4751600 2.025360251
8 2 3 3676266 2.025365659
186 200 3 86191 2.025370452
152 158 3 1133682 2.025371486
157 153 3 28707 2.025378727
162 155 3 296539 2.025381279
148 154 3 7863503 2.025381864
117 148 3 892804 2.025383719
2 5 3 56036 2.025384776
9 15 3 59951 2.025387226
85 79 3 2275476 2.025388918
11 111 3 24873052 2.025392295
122 126 3 28101 2.02539232
163 157 3 187031 2.025393702
190 187 3 17235 2.025394343
12 4 3 62630 2.025397659
188 80 3 14163 2.02540028
161 155 3 26104 2.025414379
114 193 3 1549 2.025416672
197 195 3 36127 2.025424796
12 5 3 26126 2.025431116
41 44 3 8640 2.025431857
83 124 3 172476 2.02543557
44 50 3 20969 2.025441489
113 1 3 372923 2.025444001
11 9 3 2755809 2.025445225
120 6 3 4125028 2.025445399
194 196 3 845 2.025446733
41 2 3 36641 2.025448676
161 162 3 62147 2.02544907
86 192 3 36809 2.025452617
149 162 3 49567 2.025459039
117 111 3 34876 2.025460683
196 185 3 134859 2.02546633
80 74 3 13247924 2.025467478
37 44 3 59608 2.025469284
51 148 3 1909 2.025469937
79 75 3 763943 2.025470796
125 124 3 68131 2.025472758
115 154 3 818130 2.025488086
1 123 3 9300 2.02549089
155 162 3 65919 2.025494935
149 4 3 27461 2.025498696
13 42 3 1464840 2.025499563
46 51 3 74880 2.025499808
47 45 3 6985 2.025503451
40 50 3 55695 2.025506211
111 118 3 26225 2.025507992
86 45 3 60252 2.025509013
40 42 3 17231 2.025512453
10 2 3 7511 2.02551415
88 112 3 33921 2.025514451
126 116 3 47637 2.025515639
86 85 3 1380427 2.025516225
3 187 3 195507 2.025517103
2 11 3 21087 2.025525272
1 4 3 463214 2.025525646
113 37 3 24624 2.025538811
2 112 3 13285 2.025545675
11 8 3 9254044 2.025550136
44 191 3 26713 2.025553381
50 49 3 27944 2.025557142
7 5 3 922938 2.0255595
47 43 3 56283 2.02556046
199 190 3 1155216 2.025561777
150 162 3 46378 2.025562951
151 47 3 24190 2.02556331
158 153 3 3038664 2.025570121
12 9 3 120724 2.025572913
46 44 3 42021 2.025573669
84 195 3 9564 2.02557819
153 162 3 907095 2.025584033
119 11 3 1026342 2.025587332
186 10 3 140980 2.025591227
126 116 3 43465 2.025591254
163 148 3 38242 2.025592104
40 125 3 45295 2.02559937
2 8 3 107786 2.025602733
5 9 3 13036 2.025605133
41 44 3 29010 2.025606656
194 150 3 77543 2.025606784
42 51 3 4733 2.025606874
11 4 3 2539035 2.025615155
117 116 3 27917989 2.025617448
196 159 3 28705 2.025619746
10 113 3 49443 2.025621015
116 85 3 6240994 2.025622462
152 41 3 236111 2.025623559
87 75 3 5527 2.025624644
186 185 3 45281 2.025626523
124 112 3 23260 2.025628587
188 197 3 28021119 2.025631963
37 38 3 24873887 2.025632272
191 189 3 4815346 2.025632429
152 13 3 42558 2.025632689
156 149 3 605118 2.025638715
122 117 3 34505 2.025643107
79 198 3 7694 2.025643355
12 123 3 7766 2.025643367
194 195 3 10840 2.025643565
200 186 3 11065 2.025646257
188 194 3 3591472 2.02564714
156 151 3 9279 2.025648711
200 148 3 2581 2.025648933
88 89 3 750851 2.025651306
153 155 3 44892 2.025659323
84 77 3 6163022 2.025659775
161 13 3 4848346 2.025666756
39 46 3 9122 2.025667534
160 162 3 507748 2.025668293
193 189 3 13265 2.025672785
89 118 3 94697 2.02567381
74 78 3 7453 2.025675133
126 114 3 199738 2.025686177
43 156 3 3884139 2.025687213
191 195 3 6653 2.025687424
118 154 3 17499 2.025702579
187 194 3 772734 2.02570607
3 2 3 1736 2.025712701
79 89 3 49178 2.025713109
162 149 3 35596 2.025716761
2 0 3 7669693 2.025718749
191 185 3 158980 2.025720205
7 4 3 51431 2.025721078
120 116 3 526488 2.025722964
116 122 3 1734859 2.025727783
42 44 3 5260 2.025730602
82 88 3 50045 2.02573101
81 78 3 4058 2.025734146
112 121 3 197758 2.025734525
88 78 3 27273 2.025735217
13 7 3 122860 2.025736323
159 192 3 1614168 2.025740346
193 195 3 31426 2.025741886
10 119 3 10216 2.025743341
150 160 3 24514 2.025745128
76 83 3 5541331 2.02574548
75 47 3 1777164 2.025745705
111 112 3 1386895 2.025749673
200 199 3 45660 2.025750687
4 194 3 56263 2.025751111
155 157 3 3849265 2.025752556
198 194 3 3382835 2.025758907
156 151 3 2638151 2.025767308
162 160 3 55329 2.025769146
163 161 3 79540 2.025772141
188 198 3 42527 2.025773511
7 4 3 209813 2.025773875
159 163 3 7756 2.025774941
198 190 3 797075 2.025775816
194 89 3 4234 2.0257767
45 41 3 395085 2.025782659
112 113 3 51078 2.025784043
82 76 3 195744 2.025798105
158 12 3 20177 2.025806394
196 200 3 12684 2.025808615
39 52 3 4445269 2.025814704
10 117 3 679752 2.025815202
6 9 3 153765 2.025815866
48 40 3 39635 2.025816603
81 82 3 31676 2.025818881
39 49 3 65787 2.025823475
195 188 3 9958 2.025830619
42 14 3 9613 2.025836995
83 79 3 6372 2.025839141
87 80 3 8398674 2.025839329
2 1 3 7732 2.025840982
86 87 3 1711 2.025848416
192 189 3 5602076 2.0258502
118 111 3 5592 2.025852047
116 115 3 39761 2.025857874
156 149 3 793830 2.025859279
14 121 3 3654 2.025861098
77 79 3 8775 2.025861673
163 124 3 1837166 2.025862632
152 186 3 2210903 2.025862796
76 113 3 1502059 2.025864021
198 192 3 6130 2.025866792
117 115 3 1794013 2.025871615
185 190 3 57909 2.025872076
47 44 3 4025389 2.025872113
189 186 3 15693 2.025877334
150 148 3 3969 2.025881571
77 79 3 46438 2.02588657
155 120 3 24751854 2.025892367
84 83 3 6076803 2.025901432
198 193 3 30950 2.025910636
192 196 3 36020 2.025912155
124 111 3 761556 2.025917603
113 115 3 1004 2.025918705
190 195 3 9144938 2.025919832
161 158 3 3171 2.025920702
185 44 3 62256 2.025923549
198 52 3 5539 2.025925765
155 149 3 1486627 2.025925891
155 149 3 42901 2.025926997
197 150 3 6816804 2.02592994
199 189 3 1970 2.025931408
84 76 3 4229 2.0259319
113 111 3 7843 2.025933932
120 77 3 2849369 2.025937643
118 112 3 29176 2.025946879
190 161 3 22138 2.025950484
197 186 3 853427 2.025952112
5 7 3 4342 2.025961172
115 113 3 323587 2.02596186
82 83 3 28530 2.025962311
193 186 3 63432 2.025965807
111 126 3 6606 2.025968612
77 82 3 885132 2.025972622
195 198 3 3404673 2.025972828
159 152 3 2918 2.025973147
160 163 3 46055 2.02597385
81 85 3 25096630 2.025980687
77 87 3 43902 2.025980999
0 2 3 1207775 2.025982575
194 188 3 31968 2.025988337
82 38 3 7979 2.025991368
89 115 3 27523 2.025996024
114 121 3 2243698 2.025996369
153 163 3 966008 2.026007384
185 156 3 11987282 2.026011433
196 14 3 151536 2.026011601
198 11 3 565681 2.026012495
85 89 3 24297 2.026012958
192 198 3 32675 2.026013723
192 195 3 35366 2.026016875
191 194 3 58962 2.026019453
161 154 3 59588 2.026021616
191 151 3 391546 2.026035625
117 120 3 77923 2.026035689
13 116 3 26988 2.026035768
148 154 3 130566 2.026037668
12 87 3 46535 2.026038124
7 116 3 68491 2.026041329
80 88 3 58656 2.026049222
121 159 3 1402457 2.026050867
163 151 3 66054 2.026056714
151 125 3 74961 2.026061216
0 3 3 1833704 2.026065538
52 50 3 11214056 2.026069983
3 8 3 1057489 2.02607244
49 51 3 2869534 2.026077714
12 8 3 8257310 2.026078353
111 124 3 953863 2.026080687
78 189 3 1335106 2.026082686
46 47 3 28707 2.026084622
48 47 3 640913 2.026085595
155 12 3 4705815 2.026085818
40 52 3 1335 2.026087542
51 198 3 7766 2.026088618
115 112 3 7319622 2.026089933
160 4 3 180595 2.026100329
52 37 3 24636 2.026102209
160 112 3 6888 2.026102443
188 187 3 1110 2.026107687
44 37 3 1032682 2.026108887
197 149 3 103048 2.026113564
38 46 3 6961 2.026114003
200 197 3 4224027 2.026114836
115 126 3 28784880 2.026117538
49 39 3 1678 2.026120425
5 50 3 7581 2.026121334
148 150 3 1257296 2.026127715
89 87 3 202546 2.026128193
8 7 3 419563 2.026128822
194 188 3 34720 2.026131019
82 75 3 5293 2.026131181
81 118 3 1985 2.02613394
124 158 3 47350 2.026134147
12 80 3 6901865 2.026137533
148 155 3 43516 2.02614069
38 112 3 1537 2.026149909
198 187 3 499044 2.026151038
153 158 3 16891 2.026152494
126 186 3 9400510 2.026161507
77 87 3 4176026 2.026161897
148 150 3 19318 2.026164807
121 117 3 188763 2.026167089
124 113 3 39170 2.026172285
157 152 3 6220652 2.026175026
38 49 3 2853443 2.026181623
49 50 3 385009 2.026190439
186 185 3 9494687 2.026190606
48 50 3 1764926 2.026190919
82 80 3 4359154 2.026192583
3 112 3 3313675 2.026193418
0 11 3 8383722 2.02621008
120 187 3 2889 2.026212839
186 198 3 24107 2.026216758
42 46 3 27430929 2.026221218
112 117 3 41442 2.02622316
124 161 3 13951 2.026223434
198 185 3 181068 2.026223772
15 6 3 5429 2.026226793
198 196 3 5248179 2.026227851
126 121 3 58270 2.026230294
190 191 3 7145 2.02623157
47 2 3 8132 2.026233514
119 124 3 186150 2.026234914
80 157 3 142801 2.026239797
76 199 3 712630 2.026241847
196 192 3 65628 2.026250182
122 115 3 936806 2.026253687
196 153 3 924697 2.026254987
88 75 3 61914 2.026255364
162 157 3 1665052 2.026255604
156 155 3 63406 2.026262195
43 45 3 384045 2.026272614
8 38 3 9308000 2.026276431
42 51 3 99080 2.026277428
5 0 3 7245414 2.02627998
40 38 3 14854528 2.026283223
114 195 3 5383547 2.026284259
187 200 3 20766 2.026286728
49 83 3 31030 2.026286816
75 77 3 79161 2.026287814
149 157 3 47591 2.026289984
40 43 3 15893360 2.026292769
37 52 3 308923 2.026294207
15 114 3 24197 2.026301494
157 152 3 171043 2.026313001
191 185 3 52764 2.026316775
157 154 3 58683 2.026320457
47 50 3 32222 2.026323839
121 122 3 903620 2.026324449
121 117 3 5830 2.026325729
159 75 3 4782050 2.026333858
197 186 3 15334 2.026336732
125 118 3 1851122 2.026343421
78 76 3 6819 2.026343672
198 199 3 12643 2.026353509
88 86 3 13603434 2.026358761
87 88 3 53088 2.026360395
12 1 3 68558 2.026361539
40 191 3 31693 2.026370314
13 6 3 1414833 2.026375511
159 153 3 196529 2.026377593
48 40 3 16698 2.026378157
190 161 3 37518 2.026378284
154 159 3 67226 2.026381352
151 156 3 42135 2.026384277
156 159 3 22358 2.026392461
80 87 3 60257 2.026393391
42 38 3 195428 2.02639439
38 39 3 849219 2.02639605
199 189 3 47913 2.026397036
52 45 3 23215 2.026401696
41 196 3 9227 2.026402874
9 0 3 1500344 2.026403392
74 79 3 28836066 2.026403845
161 160 3 18690 2.026411017
162 152 3 36977 2.026411118
88 78 3 1767230 2.026412187
6 9 3 3166 2.026419515
116 115 3 5445 2.026426347
13 15 3 1377103 2.026430384
121 117 3 1377988 2.026433671
152 160 3 33492 2.026434038
0 6 3 17464151 2.026435905
14 117 3 2730875 2.026439348
157 163 3 19962760 2.026439905
47 51 3 33904 2.026446465
37 45 3 17182 2.026449511
112 122 3 7006162 2.026450183
148 151 3 16034 2.026451413
155 163 3 20588 2.026451681
115 119 3 578336 2.026459819
118 124 3 128244 2.026460442
188 197 3 61067 2.026461383
15 9 3 1539732 2.026462122
117 126 3 4041030 2.026465305
42 47 3 4669463 2.026468446
75 83 3 99143 2.026469439
83 87 3 30870 2.026469453
115 48 3 175962 2.026476512
38 50 3 481606 2.026481433
150 152 3 26293 2.026489781
2 3 3 37431 2.026491999
83 115 3 134353 2.026498965
83 88 3 130621 2.026498976
158 156 3 59066 2.02650123
198 77 3 33785 2.026502631
114 120 3 26675 2.026503353
48 42 3 2304958 2.026506215
196 186 3 56932 2.02651038
185 193 3 29596215 2.026514159
195 199 3 14132 2.026516312
198 186 3 54370 2.026522729
50 49 3 72872 2.026523376
50 45 3 677317 2.026523781
5 8 3 9045 2.026526822
153 163 3 3897074 2.026529625
39 38 3 15843 2.02653001
13 15 3 6776 2.026532255
198 190 3 75763 2.026541091
40 51 3 24482 2.026541816
152 2 3 1343820 2.026543661
159 48 3 1064467 2.026565828
113 126 3 468893 2.026570117
197 48 3 1545412 2.026577514
77 126 3 188588 2.026587461
117 114 3 1876047 2.026590755
121 118 3 5947265 2.026591203
5 116 3 10507 2.026591437
87 79 3 16817 2.026593722
38 46 3 3175311 2.026594606
116 123 3 4757 2.026596084
157 149 3 20845 2.02659849
52 37 3 155478 2.026602748
84 77 3 1521285 2.02660844
14 10 3 46521 2.0266101
157 159 3 1114231 2.026610528
117 156 3 207600 2.026613091
189 116 3 144 2.026616247
123 114 3 553303 2.026616907
80 75 3 7399 2.026619393
152 160 3 16405 2.026620898
10 125 3 6843 2.026622583
187 190 3 1901905 2.026627178
193 199 3 2402196 2.026627495
80 84 3 4377 2.026628785
186 185 3 2607 2.026629776
51 148 3 2654 2.026639025
10 13 3 33535 2.026652886
40 43 3 3436713 2.026653765
14 13 3 6285822 2.026657666
149 48 3 66839 2.026657741
5 111 3 1159085 2.026662506
162 148 3 3147930 2.026664938
191 196 3 146369 2.026671724
82 75 3 7541 2.026672323
156 113 3 17944868 2.026675446
120 111 3 23767 2.026676561
149 2 3 51787 2.026681863
76 86 3 37377 2.026683984
3 85 3 3991841 2.026685019
8 6 3 7393 2.026686826
124 111 3 1257047 2.026688762
5 10 3 2891 2.026691737
46 45 3 26083 2.026695734
9 0 3 160378 2.026702178
11 193 3 5094 2.026710923
12 195 3 15247670 2.026711972
151 48 3 118255 2.026724797
77 88 3 69237 2.026729997
115 114 3 471321 2.026734756
148 162 3 8417720 2.026736389
49 44 3 51535 2.026739092
152 155 3 201409 2.026740097
196 188 3 3852 2.026742774
11 12 3 4644 2.026749092
87 80 3 1719 2.026749765
200 189 3 24307 2.026755077
42 87 3 53408 2.026758471
196 193 3 2534 2.026763516
190 117 3 5874 2.026764094
125 79 3 63727 2.026767573
189 198 3 1754645 2.026772278
123 118 3 65008 2.02677421
200 194 3 3655621 2.026774786
87 79 3 26286 2.026781181
151 153 3 77706 2.026783157
38 43 3 53953 2.026783794
4 15 3 1493473 2.026795508
196 190 3 59718 2.026799252
81 83 3 161215 2.026805097
48 126 3 7107354 2.026806186
149 162 3 12036 2.026811928
75 87 3 15114 2.026817112
8 76 3 14516 2.026823033
197 186 3 33546 2.02682403
114 121 3 3133168 2.026824946
44 46 3 2742 2.026829701
77 84 3 2910030 2.026830086
126 120 3 494652 2.026833625
13 11 3 9340 2.026835203
121 75 3 23576 2.026836284
116 117 3 287300 2.026838551
114 163 3 14585 2.026838947
119 117 3 67207 2.026840108
123 111 3 5702 2.026840415
196 148 3 36997 2.026848036
6 154 3 1169709 2.026850141
120 122 3 58113 2.026861727
11 115 3 13906 2.026862708
3 5 3 40675 2.026863644
2 4 3 39243 2.026867323
187 161 3 6925 2.026867934
15 6 3 2955657 2.026868617
14 125 3 27901 2.026869617
44 45 3 5536 2.026869806
153 14 3 32060 2.026871829
9 88 3 68612 2.026873153
37 49 3 5203342 2.026873546
123 111 3 13504 2.026874311
45 160 3 44877 2.026875215
42 14 3 39207 2.026880761
84 74 3 48213 2.026882272
152 160 3 5744266 2.026885476
113 149 3 31205 2.02688572
113 148 3 75766 2.026889365
5 8 3 57427 2.026889836
13 11 3 6787072 2.026895645
111 148 3 73615 2.026910129
163 159 3 2994183 2.026914812
45 39 3 817340 2.026916203
38 46 3 2823 2.026941717
189 200 3 1999978 2.026944842
88 89 3 54588 2.026945439
186 190 3 7574 2.0269458
76 89 3 29765 2.026946032
51 42 3 7125 2.026952783
187 185 3 14531 2.026952991
45 39 3 3205647 2.026956552
162 160 3 756811 2.026958653
79 74 3 62260 2.026960173
116 121 3 69131 2.026960337
195 47 3 57188 2.026967311
78 85 3 72031 2.026969324
3 75 3 26501 2.026974496
200 198 3 57672 2.026974688
161 41 3 27986 2.026975186
87 150 3 41028 2.026976492
44 45 3 4383149 2.026977452
75 10 3 14174 2.02697838
8 87 3 25884660 2.02697873
10 5 3 52623 2.026981634
75 77 3 1278 2.026982315
111 126 3 3196972 2.026987441
2 15 3 17285025 2.02698864
89 74 3 62389 2.026991767
81 196 3 959919 2.027000772
0 49 3 1987508 2.027002972
123 126 3 71849 2.027003073
124 118 3 5013526 2.027004314
158 156 3 5650 2.027005853
195 197 3 54502 2.027009135
41 40 3 1711689 2.0270142
112 113 3 7282120 2.027019119
50 119 3 5836445 2.027028074
10 122 3 2680 2.027028083
83 9 3 5996098 2.027032053
120 113 3 22769 2.027034415
1 8 3 29928 2.027038993
115 111 3 4028732 2.027040468
7 1 3 22740 2.02704435
199 195 3 74660 2.027049353
199 114 3 1836669 2.027055614
163 15 3 168213 2.027056909
151 194 3 549129 2.027061334
120 115 3 5864 2.027067393
197 185 3 85769 2.027073285
7 1 3 42685 2.027087027
194 193 3 2718 2.027089504
82 86 3 803 2.027103487
1 15 3 9470 2.027104393
190 187 3 104346 2.027111113
45 44 3 26139 2.027111415
49 43 3 454978 2.027115483
153 150 3 21080 2.027118379
124 118 3 125991 2.027118765
125 123 3 12430 2.027125695
12 7 3 9278 2.027127898
124 148 3 68191 2.027130148
195 196 3 836434 2.027130283
84 85 3 10421 2.027135595
114 150 3 176394 2.027138129
87 88 3 20977 2.027139776
192 46 3 9929 2.027151219
124 112 3 65240 2.027154839
50 77 3 14084 2.027155638
83 82 3 1878561 2.027156185
121 160 3 1326069 2.027157094
3 115 3 145658 2.027160967
83 85 3 66905 2.027164654
12 122 3 41236 2.027168587
88 84 3 79198 2.027171314
197 190 3 92485 2.027173017
8 11 3 23776 2.027177774
38 44 3 9657677 2.02718854
160 151 3 29767 2.027192654
76 89 3 144229 2.027193447
8 3 3 2979 2.027193838
86 118 3 526180 2.027196707
155 149 3 8155 2.027204604
38 83 3 1844392 2.027205774
113 116 3 26182 2.027209043
153 156 3 204761 2.027209092
12 7 3 2007 2.027210642
192 51 3 3422 2.02721174
10 117 3 1105 2.02721713
150 163 3 27992 2.027230689
80 89 3 731494 2.027232936
154 152 3 5578385 2.027237141
83 86 3 280581 2.027239383
153 162 3 499759 2.027244334
163 161 3 1146006 2.027246505
163 89 3 4592786 2.027248384
89 191 3 176673 2.02725556
199 196 3 102473 2.027262314
80 161 3 10960 2.027263538
159 148 3 2949974 2.027266751
85 89 3 184052 2.027269323
77 39 3 1846662 2.027272023
11 3 3 61440 2.02727548
115 148 3 268673 2.027275674
157 148 3 6266 2.027278708
194 193 3 3455 2.027278709
49 52 3 7629 2.027279323
6 14 3 86842 2.027284612
186 197 3 8139714 2.027285457
1 6 3 26327 2.027288159
118 6 3 2174459 2.027289657
187 78 3 87880 2.027293714
200 198 3 31071 2.027298762
39 50 3 24132 2.027298877
186 196 3 72659 2.027299587
3 6 3 3655374 2.027303547
194 191 3 24406 2.027306685
87 80 3 660879 2.027311595
6 4 3 2723 2.027314162
5 8 3 3046534 2.027314897
148 150 3 4874552 2.027316977
190 149 3 654015 2.027322763
6 7 3 9045652 2.027326774
86 2 3 79091 2.027327552
85 83 3 1339 2.027329007
4 5 3 6089351 2.027333309
112 117 3 1002122 2.027340224
10 111 3 255389 2.027347095
44 41 3 16157 2.027351474
82 48 3 1940 2.027352523
75 83 3 187074 2.027354447
118 122 3 61036 2.027355694
114 112 3 42662 2.027357886
89 88 3 29003 2.027364863
38 46 3 68860 2.027369921
195 156 3 1124695 2.027371054
117 150 3 42414 2.027372952
12 149 3 35788 2.02737436
15 0 3 25225 2.027378083
46 40 3 67799 2.027380152
49 40 3 174817 2.027380315
6 13 3 163224 2.027381069
113 155 3 1348313 2.027381743
0 123 3 34005 2.027386237
7 113 3 1969402 2.027399981
117 115 3 1881763 2.027402442
13 81 3 52855 2.027403448
125 151 3 3209 2.027412609
157 148 3 38520 2.027416105
195 191 3 70357 2.027420823
193 85 3 2778168 2.027422625
199 198 3 5849763 2.027431717
52 38 3 3619 2.027433389
119 123 3 2495 2.027434522
3 8 3 6915 2.02743746
186 8 3 782719 2.027442025
39 152 3 52397 2.027443437
159 151 3 2246696 2.027446319
197 116 3 267026 2.027453062
49 156 3 67530 2.027455867
3 1 3 2651 2.027457309
186 189 3 6411 2.027458077
48 86 3 164851 2.027461901
80 86 3 21946 2.027464062
118 89 3 64975 2.027469475
75 74 3 2985 2.02746994
81 74 3 662948 2.027469948
192 14 3 171137 2.027470773
86 88 3 28549 2.027473262
47 45 3 55509 2.027477804
124 126 3 1287 2.027483877
6 2 3 5162 2.027484595
154 163 3 76390 2.027488288
155 87 3 29550 2.02748935
151 74 3 41632 2.02749743
192 188 3 63744 2.027498882
149 191 3 9358 2.027502892
43 187 3 69276 2.027506367
155 0 3 61317 2.027506912
191 50 3 7953 2.027509918
42 45 3 2317989 2.027510794
122 40 3 198078 2.027516099
39 156 3 1424 2.027519207
80 81 3 34928 2.027519843
77 89 3 41519 2.027524974
76 111 3 1248575 2.027527019
75 78 3 8112 2.027528602
117 124 3 30624 2.027530121
89 80 3 16640 2.027531221
115 112 3 3569557 2.02753302
41 49 3 14984498 2.02753467
37 6 3 50830 2.027537497
121 122 3 24850 2.027538819
86 9 3 3046 2.027545937
86 84 3 54859 2.02754708
116 148 3 2618 2.027548052
198 199 3 46174 2.027550203
196 162 3 1372889 2.027551941
49 39 3 9698977 2.027551947
193 45 3 4886 2.027557087
115 114 3 54881 2.027560229
46 88 3 496 2.02756953
191 149 3 34657 2.02757111
86 87 3 1437 2.027571349
14 9 3 163541 2.027574022
153 162 3 26098 2.027580086
125 113 3 177683 2.027580201
159 78 3 23913741 2.027581703
13 12 3 83795 2.027584796
1 190 3 3814704 2.027586559
193 149 3 23860 2.027587508
185 117 3 4575 2.027607276
6 89 3 532099 2.027607581
117 153 3 47812 2.027610821
149 76 3 13438 2.027610952
120 119 3 26120 2.027618062
81 77 3 9167144 2.027626486
119 123 3 6769 2.027627231
51 46 3 95638 2.027634658
84 48 3 39649 2.027636268
76 84 3 76425 2.027637748
123 148 3 4990 2.027647667
80 163 3 10170 2.027658412
43 37 3 19763 2.027660661
191 190 3 3346419 2.027660736
46 38 3 29836 2.027661545
45 38 3 5562 2.027668705
77 83 3 7879049 2.02768143
37 47 3 114808 2.027683696
114 116 3 1291584 2.027683704
41 46 3 944263 2.02768774
158 44 3 1492820 2.027689084
3 10 3 1921182 2.027690244
89 75 3 5987298 2.027694377
88 116 3 29516 2.027694495
84 76 3 54530 2.027695569
114 159 3 1912506 2.027696211
37 154 3 1489759 2.027698003
193 188 3 2934002 2.027703592
89 76 3 1130 2.027708992
1 79 3 12456 2.027712353
41 46 3 4245391 2.027713335
45 37 3 20466 2.027722449
13 114 3 3631294 2.027722509
87 3 3 8613 2.02772651
148 85 3 27486 2.027731759
151 13 3 8433 2.027734205
197 194 3 162990 2.027734222
46 43 3 55012 2.027737987
115 113 3 14628 2.027739617
4 13 3 3275 2.02774747
10 2 3 25839 2.027750016
8 88 3 5153608 2.02775277
43 163 3 9356067 2.027754081
199 200 3 1497475 2.027754601
163 153 3 6161062 2.027756165
163 158 3 157069 2.027756836
117 85 3 1760727 2.027757741
150 156 3 3019 2.027761301
87 85 3 25920 2.027761344
45 12 3 102949 2.027764472
156 161 3 444913 2.027768314
4 75 3 26779 2.027772129
10 14 3 3376719 2.027773125
123 38 3 497238 2.027777655
124 120 3 7160133 2.027782243
124 123 3 2342 2.027782629
81 82 3 26755 2.027783096
1 7 3 25979 2.027785162
112 119 3 489 2.027788278
117 161 3 9610 2.027802286
125 121 3 43190 2.027804382
159 160 3 19281 2.027805494
9 3 3 103476 2.027807587
5 15 3 32937 2.027811832
13 15 3 72914 2.027814164
3 116 3 2085812 2.027814244
78 75 3 32574 2.027816674
81 82 3 2012 2.027819271
9 114 3 68781 2.027819389
83 89 3 147824 2.027819723
76 84 3 33806 2.027820074
4 2 3 2736748 2.027824425
186 192 3 65787 2.027826485
199 191 3 66415 2.027827775
38 39 3 727 2.02783259
126 121 3 6851 2.027833976
75 1 3 1584 2.027835422
115 126 3 3227483 2.027835593
89 83 3 60692 2.027844449
50 49 3 96988 2.027847334
111 76 3 1244136 2.027851063
77 190 3 27088 2.027855484
111 117 3 2026288 2.027857556
187 199 3 8559 2.027864066
83 186 3 4035537 2.02786446
83 86 3 3378453 2.027865638
52 43 3 46250 2.027869098
153 155 3 36494 2.027869427
80 115 3 44013 2.027869811
84 74 3 679 2.027870609
39 41 3 13512 2.027874234
159 75 3 1685321 2.027874844
114 113 3 6802497 2.027880385
7 4 3 7866771 2.027880667
11 14 3 22506 2.027884528
1 11 3 568650 2.027886804
117 115 3 15710861 2.027888573
0 8 3 324061 2.027892637
163 151 3 3516957 2.027894369
118 112 3 1141548 2.027902161
116 122 3 12074 2.027912831
159 156 3 1963484 2.027913015
0 11 3 25421 2.027917698
50 46 3 1256083 2.02791901
13 122 3 40309 2.027919291
43 13 3 480856 2.027919843
75 11 3 21350 2.027923201
45 38 3 18084 2.027936654
88 79 3 975908 2.027938469
113 117 3 100319 2.027949169
125 151 3 1130302 2.027953421
79 86 3 839125 2.027953679
163 156 3 1111216 2.027955257
87 83 3 4232585 2.027956812
79 85 3 159425 2.027959262
122 116 3 74128 2.027963744
50 38 3 60586 2.027964486
47 14 3 7739 2.027968113
150 159 3 1370073 2.02797084
151 159 3 175316 2.027975757
0 112 3 3157693 2.02798025
3 37 3 8900 2.027984546
80 74 3 1350 2.027984701
49 118 3 6626 2.027985742
51 50 3 25046 2.027988635
162 155 3 4643561 2.027989333
151 159 3 24536 2.02799104
155 152 3 3618785 2.027994182
118 7 3 924359 2.027997321
159 154 3 283 2.028005925
114 12 3 2810 2.028006575
153 149 3 18135 2.028008407
150 159 3 16956 2.028011051
124 116 3 261826 2.028013223
112 196 3 48162 2.02801451
83 75 3 459 2.028016283
89 83 3 33929 2.028021734
37 45 3 3616 2.02802362
189 86 3 5399 2.028033054
150 156 3 1701 2.02803346
162 158 3 1066385 2.028034219
197 160 3 60315 2.028038987
114 122 3 556754 2.02803964
47 125 3 27555 2.028039904
83 74 3 709656 2.028041686
81 158 3 216745 2.028046474
3 15 3 9134699 2.02804653
189 12 3 12475 2.028047544
114 115 3 624933 2.028048812
126 116 3 1845 2.02804929
78 86 3 7006 2.028049511
155 157 3 1414052 2.028053814
186 188 3 70404 2.028055994
155 162 3 757 2.028057129
192 195 3 30780 2.028059482
199 190 3 4121 2.028066093
50 44 3 1679 2.028066609
85 77 3 183626 2.02806758
11 8 3 405765 2.028068851
8 4 3 718812 2.028068955
52 121 3 76465 2.028072738
10 15 3 5523118 2.028085829
15 11 3 28153 2.028085957
6 3 3 32428 2.02808754
186 52 3 7748 2.028090542
87 74 3 3932099 2.028098994
189 186 3 6765 2.028105142
188 197 3 5597536 2.028113099
192 79 3 27123 2.028113916
190 191 3 70216 2.028118065
113 124 3 3232 2.028118217
111 2 3 29595 2.02812566
9 3 3 34416 2.028127761
122 44 3 109001 2.028129801
196 46 3 6179376 2.028131919
74 41 3 43661 2.028132438
52 189 3 1524355 2.028134993
157 111 3 17498 2.028136354
77 87 3 4137817 2.028140548
8 187 3 11909757 2.028140552
156 154 3 3679909 2.028143405
9 87 3 41486 2.028144429
157 160 3 1717988 2.028150213
199 198 3 5960 2.028151288
12 187 3 8578 2.028154393
82 76 3 3197520 2.028155249
76 84 3 5638 2.028155306
8 4 3 2900314 2.028156173
14 117 3 8256 2.028157257
123 126 3 5589 2.028158723
200 198 3 2716928 2.028170649
5 112 3 18251 2.028175221
78 89 3 1041657 2.02817725
185 191 3 2141 2.028178663
4 9 3 94236 2.028180563
160 148 3 50043 2.028181088
112 123 3 5027 2.028184491
44 51 3 24180 2.0281881
42 51 3 78648 2.028188254
200 189 3 7772500 2.028189535
48 41 3 20811 2.028190632
126 158 3 1954148 2.028193052
186 117 3 57794 2.028201989
125 114 3 5369336 2.028202316
78 119 3 1459080 2.028202473
154 150 3 23578 2.028202731
112 114 3 45236 2.028203302
8 4 3 8213 2.028204838
39 185 3 9976 2.028212769
9 6 3 4313712 2.028213202
116 84 3 79575 2.028217346
9 13 3 1167116 2.028217457
0 75 3 170704 2.028217505
115 151 3 71852 2.028218282
38 40 3 886681 2.028224101
81 85 3 44986 2.028224747
189 198 3 52627 2.028229564
51 38 3 26048 2.028237114
78 79 3 3779 2.028239269
44 154 3 139400 2.028240532
80 125 3 6825 2.028241711
2 121 3 41044 2.028241989
150 152 3 20519 2.028242745
39 51 3 957370 2.028245059
9 11 3 113806 2.028246717
200 158 3 341819 2.028247565
79 86 3 6246 2.028251515
190 198 3 30790 2.028255626
38 158 3 4135 2.028260676
199 159 3 4925 2.028267965
11 14 3 53642 2.028270656
79 153 3 2817175 2.028272612
160 115 3 179197 2.028273485
39 46 3 5504348 2.028273995
48 42 3 47190 2.028276613
194 152 3 675789 2.028278509
150 159 3 34355 2.028279438
189 194 3 21432 2.028280486
78 153 3 1720334 2.028283745
194 185 3 2190 2.028286926
153 114 3 5758805 2.028299731
188 148 3 25314633 2.028299823
6 111 3 1907 2.028300672
163 155 3 8160050 2.028305903
74 86 3 5135014 2.028305921
149 52 3 5077086 2.02832418
196 187 3 3855 2.028331748
198 190 3 27288 2.028337108
38 160 3 212642 2.028354832
116 122 3 5354 2.028356425
83 75 3 178148 2.028358907
86 194 3 56801 2.028363949
0 124 3 235 2.028373361
43 51 3 43214 2.028376793
163 154 3 146926 2.028386781
197 196 3 211267 2.028388743
7 11 3 23304 2.028389335
7 5 3 1982288 2.028389347
111 156 3 64610 2.02839341
51 42 3 74168 2.028395985
4 10 3 2409 2.028396598
115 117 3 1120 2.028396639
5 7 3 63822 2.028402293
8 4 3 67784 2.028416198
194 195 3 68391 2.028420302
198 192 3 185285 2.028423261
41 48 3 99770 2.028428186
116 115 3 7469 2.028433122
149 153 3 4116 2.028433239
86 89 3 133758 2.028435981
78 87 3 24780 2.028439422
155 159 3 42828 2.028441793
113 118 3 1321263 2.028442218
7 13 3 43456 2.02844271
45 152 3 12599 2.02844577
14 11 3 11464 2.028449412
188 196 3 442204 2.028459824
197 193 3 67937 2.028467862
120 124 3 305187 2.028476492
121 151 3 1140 2.028480423
15 43 3 250420 2.028481344
44 163 3 67237 2.028485998
79 4 3 54998 2.028490404
162 152 3 73673 2.028492091
8 77 3 48580 2.028492794
114 158 3 69169 2.028501332
6 7 3 3160 2.028502237
3 15 3 616866 2.028504833
121 118 3 1480186 2.02850699
41 157 3 513607 2.028507121
13 15 3 17812122 2.028509859
150 157 3 2553045 2.028511746
155 154 3 649942 2.028512565
158 82 3 135122 2.028512929
9 87 3 1650499 2.028514226
194 199 3 9152127 2.02851435
151 155 3 26279 2.028515596
197 198 3 769883 2.02851819
89 76 3 492983 2.028523604
85 84 3 12843877 2.028523884
75 77 3 1572750 2.028525501
117 124 3 1758768 2.028526009
76 82 3 50084 2.028526571
196 11 3 391338 2.028527398
160 153 3 26261 2.028527827
74 191 3 13838635 2.028530459
45 38 3 68368 2.028534327
191 197 3 36016 2.028538128
12 2 3 2776789 2.028543632
8 10 3 1303017 2.028543871
88 77 3 29859 2.028549642
4 7 3 8663672 2.028553418
115 111 3 77457 2.02855886
15 5 3 53561 2.028560195
15 4 3 67461 2.028563478
185 152 3 57623 2.028563886
1 200 3 33737 2.028565565
161 152 3 5874 2.02856717
1 80 3 28480 2.028567467
40 49 3 6941 2.028569144
123 191 3 951738 2.028577108
0 8 3 1309155 2.028578218
120 123 3 285008 2.028586851
8 153 3 8685 2.028594319
81 85 3 1539527 2.028595017
160 163 3 1245147 2.028597142
187 116 3 686938 2.028597455
187 192 3 35083 2.028599349
157 38 3 57346 2.028608319
118 115 3 7497868 2.028612743
126 122 3 4438500 2.028613579
78 83 3 1634268 2.028618158
80 74 3 33180 2.028619169
126 74 3 23095 2.028623379
87 79 3 52165 2.028623602
196 191 3 3958 2.028627221
37 122 3 13772 2.028630824
121 158 3 74143 2.028634735
111 112 3 1525272 2.02863813
76 86 3 36331 2.028640618
51 48 3 700180 2.028640793
84 50 3 29137 2.028641601
187 192 3 3368320 2.028647173
44 48 3 143941 2.028648881
189 190 3 678825 2.028649191
163 0 3 28997 2.028649924
121 124 3 2739369 2.028650976
40 42 3 41744 2.028653135
13 4 3 29141 2.028658988
188 187 3 42739 2.028661443
157 161 3 6478 2.028662161
195 193 3 40154 2.028666321
196 188 3 3356052 2.028667591
13 197 3 3643380 2.028668214
10 0 3 7475 2.028669207
150 153 3 329281 2.028669964
42 48 3 415890 2.028676948
151 152 3 399523 2.028677908
86 77 3 27992 2.028681437
158 7 3 3140 2.028682106
117 121 3 20792 2.028682516
187 44 3 432978 2.028686385
39 47 3 1839310 2.028690707
5 155 3 71928 2.028697214
4 162 3 90934 2.028700048
13 0 3 152554 2.028701537
46 50 3 20147 2.028703435
37 50 3 72658 2.028703658
77 78 3 2401 2.028707374
40 46 3 2579271 2.02871069
51 119 3 18931 2.028720023
198 159 3 5860 2.028721007
154 149 3 7405930 2.028724031
12 200 3 29274 2.028725602
193 186 3 7655448 2.028727196
12 8 3 240 2.028731938
43 156 3 20857 2.028732283
124 4 3 357 2.02874131
3 6 3 21588 2.028742153
87 190 3 8833749 2.028747025
192 190 3 5529199 2.028749558
8 6 3 28880685 2.028754449
7 153 3 73604 2.028754774
74 86 3 55200 2.028755758
49 48 3 3420 2.028757741
41 153 3 29296 2.028766649
119 150 3 548772 2.028770808
118 117 3 3715080 2.028777145
74 76 3 589262 2.028778136
111 112 3 814 2.028783881
126 11 3 52424 2.028786021
114 150 3 7665718 2.028791158
37 51 3 76427 2.028796692
15 115 3 4372 2.028800456
81 78 3 155997 2.028804697
12 1 3 70653 2.02880523
192 189 3 515775 2.028810425
45 42 3 4716704 2.028815677
6 80 3 4160216 2.028818345
148 163 3 134109 2.02882337
197 199 3 9717821 2.028826311
14 78 3 1336695 2.028826758
197 149 3 48121 2.028828178
120 157 3 151518 2.028828666
13 9 3 35005 2.028838585
200 161 3 1843484 2.028847633
37 43 3 2560126 2.028857838
83 188 3 642060 2.02886112
187 191 3 11329 2.028865393
6 7 3 9391 2.028869911
195 114 3 1699052 2.028874526
185 155 3 33579 2.028878426
124 118 3 47390 2.028882001
122 119 3 6017 2.028884315
124 121 3 781178 2.028885699
194 193 3 2150 2.028887092
199 191 3 71737 2.028887543
195 187 3 1458366 2.028889988
115 150 3 8158 2.028891249
163 156 3 27040 2.028891441
12 13 3 2041 2.028899162
116 153 3 20487 2.028901403
41 46 3 932411 2.028902301
191 199 3 1270 2.028904327
193 191 3 6709 2.028911067
40 52 3 46178 2.028911136
12 8 3 14183 2.028917634
6 3 3 53200 2.028918834
200 151 3 41492 2.02892077
124 112 3 20956 2.028924413
44 10 3 100755 2.028927777
148 157 3 13166271 2.02892841
88 81 3 524 2.028934086
160 152 3 10728 2.02893759
89 75 3 115773 2.028938187
82 10 3 158439 2.028943458
198 196 3 19872 2.028947991
194 192 3 39521 2.028951508
81 77 3 33171 2.028952349
151 157 3 64054 2.028961172
0 122 3 48036 2.028962657
7 2 3 2382066 2.028967655
41 148 3 46664 2.028968448
154 151 3 798 2.028972469
119 114 3 118946 2.028972558
13 10 3 58046 2.028975756
15 8 3 374 2.028983622
199 187 3 8070798 2.028983789
2 1 3 79573 2.028986493
48 115 3 44857 2.028992589
89 76 3 29869 2.028992782
83 84 3 165349 2.028999137
44 46 3 1160824 2.029003905
197 191 3 1432 2.029004282
46 47 3 3956 2.029007137
191 160 3 732265 2.029017917
45 47 3 1293365 2.029018605
52 51 3 43022 2.029021003
6 2 3 23329 2.029022202
50 190 3 66894 2.029026242
44 51 3 17861 2.029027273
122 156 3 7305 2.029032581
1 13 3 8750 2.029036447
157 161 3 557 2.029041829
199 193 3 28626 2.029045812
85 198 3 4926952 2.029054095
5 15 3 849661 2.02906755
47 42 3 952857 2.029069523
200 196 3 18983 2.029074046
51 148 3 4157 2.029074646
120 125 3 50891 2.029076408
10 114 3 1767486 2.02908618
86 13 3 69453 2.029089192
116 123 3 24567 2.029091768
78 124 3 434002 2.029093063
76 89 3 60368 2.029095569
13 51 3 42114 2.029099617
44 151 3 17749855 2.029099993
124 125 3 13843 2.029104679
5 155 3 311 2.029111266
37 38 3 34226 2.029111616
155 163 3 9205 2.029111849
11 7 3 3054934 2.029122373
0 81 3 48162 2.029127188
0 8 3 4014690 2.02913058
46 200 3 45523 2.029132701
44 41 3 27562 2.029140832
15 3 3 18660 2.029146553
186 197 3 19416 2.02914814
112 196 3 10243 2.029159186
152 156 3 18753 2.029160109
3 13 3 66545 2.029161071
118 156 3 1028098 2.029177202
119 38 3 1903709 2.029178778
193 187 3 4034 2.029178853
123 1 3 5996 2.029180812
117 193 3 7274 2.029184543
4 6 3 143992 2.029185471
0 11 3 1205049 2.02918745
187 191 3 4301460 2.029187965
117 122 3 18631 2.02919488
1 13 3 1308720 2.029202725
111 119 3 12994 2.029204234
8 0 3 3646475 2.02920424
46 152 3 17248591 2.029204432
84 79 3 8860 2.029206519
7 155 3 26224582 2.029207936
197 52 3 3844501 2.029210759
191 156 3 3625688 2.029212842
193 8 3 4301280 2.029215269
186 2 3 5237 2.029216581
46 157 3 423129 2.029218844
185 199 3 512433 2.029227741
38 52 3 54126 2.02923213
2 195 3 46140 2.02923335
85 80 3 3666241 2.029235582
39 160 3 85539 2.029238329
46 151 3 75948 2.029240152
119 155 3 24918 2.029247997
185 188 3 127167 2.029248531
162 149 3 1390246 2.029249589
41 149 3 33944 2.029249796
114 112 3 46744 2.029256296
50 40 3 8903 2.029257007
11 124 3 90299 2.029257997
3 4 3 1102344 2.029258266
120 117 3 19064 2.029263517
11 2 3 4886 2.029265511
0 186 3 57734 2.029272913
87 85 3 1314547 2.029277221
120 117 3 28626227 2.029279447
48 158 3 1619025 2.029279499
49 52 3 21954 2.029281691
13 7 3 4454446 2.029282265
75 82 3 521710 2.029284808
43 87 3 830214 2.029288933
200 198 3 17274902 2.029290032
121 118 3 29961 2.029293815
47 119 3 165786 2.029297896
15 112 3 21085 2.029303535
81 39 3 831 2.029304382
14 10 3 358701 2.029310468
6 39 3 566309 2.029323058
114 163 3 32094 2.029326775
4 78 3 62792 2.02932741
48 46 3 21748 2.029331472
196 198 3 30732 2.029335368
83 82 3 2767091 2.029341507
158 149 3 7701 2.029341723
186 188 3 115826 2.029349584
193 192 3 68847 2.029350831
191 192 3 9490 2.029351531
126 149 3 4583617 2.029351538
41 159 3 39249 2.029357874
116 162 3 55307 2.029359499
116 193 3 46067 2.029360065
118 120 3 5760 2.029361892
89 0 3 3675442 2.029365035
158 152 3 179370 2.029371455
75 87 3 4996 2.029385349
120 85 3 8081 2.029385414
160 83 3 70386 2.029390912
196 153 3 15986 2.029392137
15 84 3 9081 2.029397128
189 185 3 3841364 2.02939796
190 115 3 9184 2.02940058
87 81 3 3317 2.029405183
113 116 3 58188 2.029405869
188 195 3 25613 2.029406537
194 149 3 19822 2.029406614
195 152 3 17258 2.029407017
196 186 3 70759 2.029419818
114 125 3 8131 2.029429536
160 151 3 5267 2.029432627
156 162 3 1097032 2.029434377
86 89 3 1814290 2.029434593
157 150 3 44596 2.029436626
46 157 3 90280 2.02943685
157 156 3 21600 2.029438713
13 2 3 1349 2.029445218
43 45 3 183015 2.029445428
6 4 3 760 2.029446703
1 111 3 22577 2.029450021
40 45 3 29318 2.029457544
158 155 3 31326 2.029458012
0 2 3 31009 2.029460063
112 78 3 2699 2.029460603
155 163 3 1363674 2.029466255
123 116 3 2128540 2.029466517
2 87 3 54879 2.029468367
42 47 3 69859 2.029476341
81 75 3 604066 2.029481497
149 162 3 2080 2.02948351
112 50 3 11257106 2.02948979
11 122 3 138339 2.0294912
188 200 3 1401566 2.029496896
194 51 3 69716 2.029499921
119 160 3 18729401 2.029504949
3 44 3 38811 2.029510583
155 7 3 45927 2.029515853
148 44 3 1453 2.029519392
117 116 3 61140 2.029520098
154 4 3 10367 2.029520212
52 47 3 5307786 2.029520342
41 50 3 76174 2.029524478
47 43 3 49734 2.029526583
44 1 3 40178 2.02952854
3 158 3 965 2.029531193
87 195 3 147910 2.029534574
187 196 3 6134 2.029536164
163 151 3 27855 2.029536673
0 78 3 1445716 2.029545559
14 78 3 37542 2.029545603
40 160 3 9189329 2.029545653
88 81 3 9534 2.02954775
189 186 3 15588 2.029553819
125 120 3 7777724 2.029555445
89 75 3 165399 2.029556272
8 3 3 67745 2.029561627
0 3 3 8356582 2.029575065
49 50 3 3800361 2.02958213
5 116 3 12873046 2.029588829
112 74 3 1628 2.029589658
75 84 3 6379023 2.029591203
84 191 3 29586 2.029591708
152 44 3 845903 2.029592007
189 198 3 102461 2.029592634
154 113 3 71911 2.029600482
193 124 3 191415 2.029600888
185 159 3 21838 2.029602487
46 47 3 34315 2.029606313
74 82 3 1275381 2.029610732
14 1 3 693227 2.02961382
77 76 3 14588219 2.029626979
84 156 3 5815 2.029629675
185 199 3 62219 2.029636275
123 85 3 4046989 2.029638817
163 158 3 3152985 2.029644685
195 199 3 4597366 2.029651792
87 79 3 126474 2.029657529
114 118 3 31540 2.029657716
118 124 3 70887 2.029666981
111 196 3 23846721 2.029667209
162 118 3 51946 2.029668765
190 187 3 54777 2.02966946
42 151 3 2613619 2.029680374
52 37 3 21103 2.029682473
190 187 3 13594800 2.02968327
120 77 3 39556 2.029683694
6 3 3 5751 2.02968381
74 84 3 831137 2.029685086
195 192 3 11521 2.029686749
4 2 3 1222704 2.029691658
153 160 3 877529 2.029691777
1 42 3 27251 2.029693746
87 161 3 22598 2.029693941
119 163 3 2271917 2.029694335
187 191 3 13345017 2.029695633
200 197 3 3593149 2.029697964
190 187 3 66633 2.029700462
80 46 3 53379 2.029700563
38 40 3 1375 2.029702637
157 163 3 11979 2.029703264
116 119 3 1062115 2.029706507
50 148 3 2576948 2.029707277
47 43 3 1684031 2.029711066
47 114 3 26749 2.029713784
192 187 3 6319215 2.02971383
192 187 3 15671416 2.029716511
122 118 3 8699 2.029718109
14 9 3 3796 2.029718571
83 77 3 7196836 2.029728482
126 148 3 4916701 2.029734397
8 3 3 2129267 2.029737235
88 75 3 4803053 2.029743241
120 157 3 6311 2.029743699
200 151 3 28567005 2.029746234
82 86 3 15724 2.029746416
6 1 3 61949 2.02974748
112 117 3 136399 2.029747507
159 163 3 27350627 2.029751852
87 75 3 42259 2.029752951
120 161 3 903560 2.029754399
40 193 3 1876 2.02975568
193 187 3 25688 2.029756564
126 125 3 7300 2.029767426
160 155 3 9020 2.029767821
116 122 3 1924 2.029770006
5 12 3 227323 2.029773151
148 150 3 166621 2.029775002
185 199 3 8144336 2.029778526
158 196 3 3890865 2.029780364
115 153 3 925147 2.029782632
15 200 3 22527661 2.029786638
151 163 3 2717360 2.029787606
45 157 3 488080 2.02978933
7 123 3 101948 2.029798518
76 189 3 9380 2.029801586
86 116 3 4245 2.029807499
111 115 3 329957 2.029808243
46 39 3 462074 2.029811018
150 156 3 64566 2.029812293
191 155 3 29845 2.029819762
11 9 3 590187 2.029820595
187 198 3 3629271 2.029821407
156 155 3 3181598 2.029824581
12 13 3 193748 2.029827075
82 84 3 9598 2.029829337
77 12 3 15185 2.029838068
118 117 3 52744 2.029838078
152 163 3 218123 2.029839613
119 77 3 5619682 2.029840072
113 155 3 38024 2.029840749
197 190 3 33260 2.029841168
161 155 3 38766 2.029851075
123 112 3 8630902 2.029851732
6 84 3 26634 2.029854802
51 152 3 34236 2.029865234
153 159 3 1367537 2.029867741
193 188 3 389422 2.029868747
47 41 3 211135 2.029868859
190 186 3 991199 2.029876906
81 152 3 4256862 2.029884627
39 46 3 9921255 2.029884703
2 1 3 6633749 2.029886002
122 121 3 72319 2.029886645
200 191 3 22605 2.029891043
14 42 3 4978412 2.029891558
11 87 3 2536726 2.029891586
113 85 3 28713 2.029894727
7 74 3 22230 2.029896676
120 117 3 3081467 2.029898783
13 185 3 96534 2.029900132
8 85 3 4656860 2.029907906
14 13 3 22409 2.02991027
192 189 3 766374 2.0299133
159 157 3 15786 2.029913885
11 89 3 74718 2.029916734
160 154 3 22924740 2.029919419
43 39 3 65318 2.029922908
48 38 3 4194584 2.029932577
191 148 3 948219 2.029933232
198 49 3 12592318 2.029936941
193 197 3 2985830 2.029946681
187 195 3 3750713 2.029952814
1 47 3 8279 2.029954171
6 192 3 1743648 2.029959239
125 112 3 1559538 2.029967316
45 41 3 21034 2.029969093
9 1 3 38622 2.029977107
38 39 3 67721 2.029977216
151 159 3 8872739 2.029978323
6 14 3 490652 2.029978363
121 4 3 70643 2.029991001
193 187 3 8281 2.029995152
7 15 3 45659 2.029997795
122 191 3 6429535 2.029997876
196 191 3 26326 2.029998519
74 88 3 887335 2.030005802
163 156 3 1393 2.030007365
190 199 3 20743 2.03001436
49 43 3 3006764 2.030015662
114 117 3 15650 2.030020299
44 41 3 2137845 2.030020606
39 89 3 10356 2.030022884
2 11 3 105828 2.030027509
1 113 3 123941 2.030029206
80 86 3 2078533 2.030035261
83 80 3 39938 2.030035766
49 154 3 3955 2.030036301
87 49 3 10104 2.030037786
151 150 3 71898 2.030042763
188 195 3 7657 2.030043205
41 48 3 68698 2.030043431
85 151 3 125563 2.030044722
0 152 3 49050 2.03004489
77 82 3 4182 2.030045544
74 88 3 27598 2.030047238
81 87 3 5588 2.030051669
48 111 3 17425 2.030054176
194 200 3 67922 2.030055048
193 192 3 4669153 2.030055652
37 116 3 2880153 2.030059162
113 148 3 54921 2.030063794
37 49 3 8011754 2.030065375
185 200 3 6431 2.030066108
193 186 3 630977 2.030068068
8 10 3 14716 2.030070041
123 116 3 27647 2.030081085
8 124 3 8172727 2.030083309
190 199 3 870843 2.030083712
161 185 3 169588 2.030090367
88 79 3 106455 2.030093909
79 199 3 60828 2.030097596
5 10 3 27610 2.030097948
150 151 3 22407 2.03010248
120 112 3 8967569 2.030105662
85 75 3 1946839 2.030109541
8 6 3 4384 2.030112518
4 11 3 9218180 2.030117497
8 2 3 9858 2.030120656
158 160 3 28204 2.030122395
197 192 3 26195 2.030132084
49 52 3 8360 2.030137386
150 192 3 24643 2.030144227
15 12 3 38482 2.030146699
50 189 3 20568 2.030149869
11 7 3 214562 2.030151951
83 82 3 35190 2.030152825
45 46 3 1924 2.030154798
45 160 3 133739 2.030158176
197 161 3 58697 2.03016005
185 200 3 18048141 2.030161331
115 112 3 2009185 2.030162009
15 122 3 1210646 2.030162817
49 51 3 5637 2.030165218
187 195 3 2541 2.030168429
148 163 3 48858 2.030172144
5 2 3 40276 2.030174183
159 151 3 24989 2.0301758
187 185 3 318 2.030177447
119 159 3 9398 2.030178349
14 74 3 27043 2.030180415
45 39 3 1551693 2.03018253
2 9 3 2201 2.030182748
198 123 3 3020783 2.030188007
195 155 3 2744264 2.030189124
199 193 3 457499 2.030189584
7 5 3 6333325 2.030191053
46 38 3 817542 2.030192932
193 191 3 1790021 2.030194523
48 191 3 483178 2.030196295
160 155 3 7904 2.030198611
74 76 3 48140 2.030201397
155 158 3 24056 2.030202366
86 76 3 5091928 2.030206834
163 157 3 35565 2.030208509
83 79 3 2757976 2.030210589
40 38 3 281 2.030211407
125 153 3 5898 2.030213901
149 156 3 1092537 2.03021461
10 114 3 464 2.030216859
185 192 3 18286 2.030233064
116 126 3 17167 2.030235169
193 151 3 4192641 2.030238129
121 89 3 2303599 2.030238387
193 1 3 124828 2.030238729
46 47 3 72551 2.030239669
111 158 3 35475 2.030239695
4 8 3 8114 2.030241918
47 46 3 91081 2.030244221
11 38 3 7182 2.030248557
44 45 3 32097 2.030250354
81 42 3 77732 2.030252334
113 123 3 10325 2.030252475
14 8 3 1735272 2.030255564
190 4 3 1438283 2.030255577
74 80 3 29915 2.030256957
113 126 3 20635 2.030263868
46 157 3 11276 2.030263965
157 39 3 3759506 2.030266456
84 5 3 16562 2.030268388
120 47 3 1559040 2.030269704
50 52 3 14720 2.030272604
122 118 3 24336 2.030274648
156 155 3 978283 2.030281194
12 120 3 75827 2.030284099
115 2 3 7817 2.030286343
123 4 3 42627 2.030290316
87 79 3 776409 2.030291075
117 120 3 1536551 2.030292337
84 80 3 21435 2.030294174
13 9 3 52920 2.030295136
11 9 3 8693 2.030301586
40 13 3 71876 2.03030254
14 15 3 3249281 2.030304828
7 45 3 27101 2.030311058
84 86 3 28358 2.030311161
41 112 3 6242408 2.03032115
197 185 3 78048 2.030323788
187 195 3 29822 2.03032394
118 149 3 3447274 2.030324909
79 194 3 69697 2.030324933
195 188 3 76997 2.030328871
160 187 3 9376532 2.030330677
2 84 3 42897 2.030333931
0 9 3 1011237 2.030334572
157 161 3 25165 2.03033807
190 154 3 27785 2.030338968
3 86 3 12636886 2.030342464
161 122 3 2937076 2.030347381
121 122 3 2611131 2.030347522
122 115 3 1603 2.030348092
43 46 3 6048666 2.030350665
78 83 3 2311960 2.030355096
112 125 3 36851 2.030361325
5 126 3 4746526 2.030362852
156 161 3 495463 2.030366231
79 88 3 86605 2.030366963
120 163 3 21485 2.030368789
9 77 3 101943 2.030375167
47 48 3 29419 2.030375434
42 38 3 19019 2.030376811
37 50 3 4217731 2.030378064
81 77 3 4289668 2.030381185
13 120 3 8742948 2.030381742
39 44 3 107714 2.030388148
87 88 3 1932282 2.03038856
76 83 3 345687 2.030389989
187 192 3 23614832 2.030391029
151 187 3 28444 2.030391839
37 41 3 922814 2.030392171
44 197 3 15653 2.030404748
15 0 3 5207576 2.030404966
6 37 3 29176 2.030405784
200 194 3 4520 2.030406122
45 51 3 9493 2.030406751
116 155 3 80614 2.030419601
190 78 3 3540911 2.030419898
74 83 3 33928 2.03042349
80 75 3 48515 2.030426539
52 7 3 48331 2.030428129
150 152 3 20933742 2.03044269
75 85 3 21775 2.030443672
10 11 3 124226 2.030444893
189 197 3 158539 2.030446079
4 8 3 672652 2.030452092
117 114 3 3914920 2.030452222
52 37 3 59408 2.030453598
192 194 3 1150094 2.030457753
85 76 3 75496 2.030461681
112 37 3 1793896 2.030468054
196 157 3 29796 2.030478056
4 11 3 1269 2.030481951
151 156 3 3448476 2.03048559
148 153 3 763787 2.030486849
149 200 3 188615 2.030487389
114 118 3 4180595 2.030490682
112 156 3 41799 2.030490698
12 6 3 36358 2.030496217
37 45 3 1679134 2.030496978
118 162 3 27498 2.030501397
114 123 3 19007 2.030501938
77 14 3 54129 2.030501971
74 89 3 364475 2.03051558
42 43 3 57831 2.030516927
113 111 3 330787 2.030517509
148 149 3 60848 2.030522134
5 15 3 18450 2.030525438
160 158 3 1433227 2.030529841
78 84 3 5240 2.030532394
40 50 3 7783 2.030533674
161 158 3 1219900 2.030536441
163 157 3 4318271 2.030539424
122 124 3 16613447 2.030539482
199 200 3 26310 2.030540016
117 119 3 201505 2.030540533
52 40 3 27112 2.03054393
194 192 3 27781 2.030547716
195 193 3 180337 2.030554348
45 41 3 46347 2.03056507
197 186 3 311935 2.030567322
186 113 3 25201195 2.030569563
122 45 3 4108 2.030571111
114 126 3 23397 2.030572704
112 41 3 43298 2.03057417
152 158 3 7989 2.030576406
14 76 3 2704 2.030580908
194 191 3 24489 2.030582674
6 8 3 7921 2.030584018
122 125 3 3586511 2.030584705
120 157 3 1015629 2.030585965
191 195 3 43560 2.030587271
44 38 3 1646 2.030588685
85 86 3 1832671 2.030593008
195 188 3 16178 2.030594108
39 38 3 28843 2.030599374
118 116 3 137497 2.030600776
4 45 3 3205261 2.030600898
10 149 3 1244105 2.030601741
120 156 3 11203 2.03060645
37 151 3 57596 2.030610163
116 123 3 4488 2.030612393
159 158 3 34262 2.030615828
124 116 3 9806217 2.030616492
0 119 3 1279548 2.030618631
3 115 3 93730 2.030622725
197 186 3 1019 2.030623842
200 189 3 418952 2.030625428
3 10 3 20089 2.030641251
81 86 3 1640577 2.030649205
194 186 3 63130 2.030650626
123 163 3 22214 2.030655965
38 45 3 3825 2.030658175
37 157 3 29815281 2.030662517
155 148 3 8837705 2.030664836
11 14 3 23635 2.03067028
121 112 3 8349 2.030670308
80 195 3 9062 2.030672901
12 111 3 1389880 2.030673562
79 76 3 7259215 2.030675591
120 125 3 138597 2.030680301
52 40 3 6940941 2.030688773
149 156 3 8410123 2.030693511
199 197 3 8894683 2.030701255
117 163 3 800960 2.030701894
196 185 3 31404 2.030705754
39 50 3 1153429 2.030712266
80 190 3 9400064 2.030720826
196 189 3 622 2.030722418
116 1 3 21996 2.03072359
123 118 3 59195 2.030724838
112 150 3 2349 2.030726381
156 152 3 5282 2.03072727
40 47 3 8478 2.030727792
186 89 3 2923 2.030733338
116 112 3 11730 2.030734106
0 151 3 14195 2.030750461
41 5 3 6837 2.030751905
121 125 3 556778 2.030759263
198 48 3 3148925 2.030760124
194 188 3 24658 2.030763191
39 46 3 136937 2.030763563
153 150 3 4313 2.030771614
200 198 3 775454 2.030772683
116 119 3 726 2.030778718
112 125 3 855817 2.030780158
74 86 3 714892 2.030780445
197 188 3 4632322 2.030780611
80 78 3 75944 2.03078193
51 89 3 176607 2.030782314
157 160 3 56088 2.030784403
112 149 3 22011 2.030788329
85 84 3 281784 2.030798477
116 125 3 50709 2.030803834
160 159 3 43231 2.030805575
120 113 3 898346 2.030807801
118 125 3 39621 2.030809198
151 150 3 3427 2.030809986
123 161 3 4050 2.030810563
85 88 3 8297940 2.030813768
150 159 3 5779312 2.030818204
158 148 3 7513396 2.03082102
151 8 3 7046 2.03082602
40 160 3 733168 2.030826982
163 49 3 24699 2.030827422
89 81 3 3089240 2.030829486
9 5 3 505754 2.030830025
161 15 3 29484 2.030832641
88 83 3 141719 2.030837517
43 47 3 5886 2.030839034
116 154 3 5707979 2.030841883
126 14 3 44535 2.0308427
12 4 3 576081 2.030843822
199 162 3 42960 2.030846817
193 160 3 3387 2.030851781
40 149 3 70508 2.030862689
83 89 3 8814697 2.030867574
2 4 3 61604 2.030871326
45 87 3 78445 2.030871361
1 4 3 6322646 2.030889135
115 120 3 12449 2.030898143
47 163 3 21777 2.030900957
14 12 3 4024965 2.030905399
200 196 3 5338 2.030910664
12 121 3 1528566 2.030916846
194 195 3 69546 2.030922263
186 155 3 29708 2.030922713
74 85 3 145325 2.030923252
13 11 3 5638 2.030926026
194 12 3 48434 2.030926564
161 151 3 6531 2.030926728
44 11 3 8238 2.030929533
50 41 3 1099316 2.030934067
190 192 3 22122 2.03093533
80 81 3 1779049 2.030939601
113 114 3 103118 2.030944406
11 115 3 1674633 2.030945354
192 196 3 26914 2.030948137
196 195 3 137 2.03095007
6 81 3 6158 2.030953145
51 40 3 13138338 2.030961564
121 43 3 1784186 2.030964543
118 152 3 104044 2.03096648
118 113 3 53425 2.030968233
10 9 3 7897 2.030974413
123 37 3 1254 2.030978148
117 122 3 1276345 2.030978517
14 82 3 534162 2.030986858
44 48 3 91915 2.030987463
77 87 3 9565044 2.030988469
197 45 3 212258 2.030993052
86 79 3 32394 2.030994099
200 49 3 50128 2.031000871
52 40 3 1329 2.03100344
4 13 3 5427 2.031004441
6 13 3 710 2.031011372
159 151 3 6117 2.03101154
197 194 3 2640 2.031012284
49 0 3 8455084 2.031013952
74 78 3 9312429 2.031015785
1 3 3 71001 2.031019169
112 153 3 28193 2.031025005
197 185 3 166360 2.031027147
198 195 3 1492462 2.031028468
148 157 3 4617394 2.031034948
86 81 3 29097 2.031039224
46 40 3 69540 2.031039795
14 157 3 7724435 2.031040386
3 0 3 171350 2.03104212
8 157 3 4442993 2.031051307
2 88 3 884391 2.031052429
1 5 3 112667 2.031053699
197 117 3 26151 2.031060036
118 125 3 5687329 2.031067308
47 156 3 44602 2.03106823
40 51 3 7518 2.031070765
15 124 3 9382429 2.031092506
119 112 3 317737 2.031096117
46 194 3 25 2.03110023
39 162 3 380592 2.031103072
114 11 3 49908 2.0311047
155 40 3 677214 2.031108503
160 155 3 7078086 2.031110359
113 124 3 72369 2.031114223
11 15 3 2089985 2.031116731
44 38 3 4842965 2.031127218
185 159 3 41496 2.031128883
85 87 3 1368202 2.031128925
122 156 3 387095 2.031130196
188 187 3 12220585 2.031131025
52 9 3 1948726 2.031131172
162 154 3 29240 2.031133305
41 37 3 1314689 2.031135578
116 118 3 78036 2.031139862
47 154 3 4333544 2.0311426
13 9 3 539456 2.031150255
52 122 3 1059546 2.031160021
115 126 3 23687536 2.031166875
116 123 3 2551577 2.031169996
47 42 3 62949 2.031174012
47 43 3 8939 2.031178342
200 191 3 2856907 2.031183098
88 80 3 797478 2.031184315
7 2 3 1703178 2.031187353
85 89 3 153698 2.031194685
83 78 3 810430 2.031197461
111 151 3 3569995 2.031197465
199 121 3 44532 2.031200685
9 86 3 1493452 2.0312026
14 1 3 4568317 2.031205674
153 37 3 52157 2.031206132
49 44 3 546094 2.03121018
44 197 3 12359 2.031219481
77 86 3 3711621 2.03122637
193 187 3 983665 2.031249378
124 121 3 64 2.031252478
154 89 3 752987 2.031257008
163 74 3 20555 2.03125778
189 199 3 19743 2.031264958
6 86 3 34365 2.031275696
12 15 3 1947836 2.031286509
13 117 3 2499513 2.031290211
12 118 3 24878 2.031291963
75 87 3 21939 2.031297837
199 189 3 24383 2.031310341
11 15 3 24423 2.031311402
160 151 3 599684 2.031312725
196 185 3 1154356 2.031314699
7 186 3 15558 2.031317483
119 116 3 19437 2.031323615
39 40 3 2527699 2.031325263
193 194 3 6069589 2.031330013
89 79 3 1019333 2.031336884
159 151 3 3927967 2.0313369
197 163 3 2695333 2.031339703
80 88 3 1863049 2.03134349
84 87 3 673593 2.031345957
194 193 3 1275 2.031346822
8 2 3 389124 2.031349856
83 86 3 45773 2.03135328
194 151 3 659191 2.031353815
39 157 3 59302 2.031354475
45 153 3 21416 2.031358029
190 191 3 2102924 2.031358282
52 40 3 10996 2.031358666
185 190 3 1216307 2.031369214
84 81 3 9732 2.03137422
39 113 3 3035 2.031375071
8 162 3 532696 2.031376711
193 195 3 25040 2.031383343
199 77 3 544973 2.031386535
192 111 3 858446 2.031388513
3 86 3 5198385 2.031399391
74 85 3 69770 2.031404478
114 124 3 13815397 2.031407664
200 126 3 20021 2.031412309
14 196 3 6732609 2.031413105
46 199 3 4380151 2.031417083
45 42 3 58225 2.031420877
74 87 3 57349 2.031423073
76 84 3 6150 2.031424777
11 0 3 7642233 2.03144614
3 8 3 117234 2.031448081
193 158 3 2785 2.031465343
121 126 3 38975 2.031466903
77 82 3 38586 2.03146835
199 87 3 20267 2.031469377
14 12 3 16123 2.031469424
76 163 3 15819 2.031472833
0 118 3 474110 2.031477056
189 194 3 58456 2.031481238
84 157 3 21750 2.031489108
48 44 3 23622 2.031494521
13 0 3 51644 2.031499278
8 126 3 52602 2.031500056
5 6 3 32098 2.031501519
46 50 3 42787 2.031501989
6 7 3 6404 2.031506352
50 148 3 638599 2.031506981
192 5 3 1677137 2.031507681
85 76 3 154857 2.03151044
125 157 3 251458 2.03151645
38 40 3 5054 2.031519493
86 84 3 761 2.031521977
6 1 3 9312045 2.031522774
12 82 3 9422 2.031523107
83 84 3 19140 2.031527531
122 118 3 9626 2.031534033
77 87 3 12879 2.031534544
7 40 3 107123 2.031537666
38 44 3 1332369 2.031545432
89 81 3 75104 2.031546029
189 190 3 1110032 2.031549243
118 161 3 2452876 2.031556006
159 155 3 12199677 2.031556732
2 8 3 53302 2.031568644
185 39 3 2422994 2.031570901
185 191 3 9280 2.031573601
119 148 3 75783 2.031576757
43 44 3 25031 2.031579684
123 115 3 22044 2.031586382
4 88 3 2156 2.031587434
196 155 3 1163702 2.031588715
111 192 3 520738 2.031594723
191 148 3 9871568 2.031596385
123 185 3 41039 2.031597615
3 5 3 37002 2.031598032
43 186 3 176239 2.031603409
2 111 3 89531 2.031605435
12 9 3 6484 2.031607312
89 85 3 2547821 2.031609969
51 153 3 77865 2.03161703
6 74 3 1549267 2.031623735
87 80 3 11898179 2.031625163
12 9 3 75118 2.031625744
87 76 3 477989 2.031630536
40 51 3 1507892 2.031633076
4 0 3 8086 2.031638645
12 7 3 2595 2.031639065
117 115 3 23296 2.031639412
152 148 3 56781 2.031656688
75 79 3 1337803 2.031658649
84 88 3 3211781 2.031660998
189 76 3 11065 2.031661274
120 113 3 1568971 2.031665872
122 47 3 1800286 2.031669021
7 15 3 31450 2.031674394
41 155 3 23156 2.031675187
50 8 3 1103126 2.031677257
113 74 3 19125 2.031678661
192 195 3 212577 2.031680412
155 124 3 1780807 2.031681393
200 190 3 288681 2.031681547
82 79 3 4631 2.031684065
193 187 3 50835 2.03168519
190 188 3 78747 2.03168643
84 4 3 37956 2.031686432
111 115 3 2602 2.031687328
116 124 3 4440001 2.031688636
115 155 3 5033706 2.031697369
13 88 3 2462110 2.031699956
6 51 3 20423 2.031704103
152 154 3 292935 2.031704182
112 162 3 1470920 2.031704592
186 185 3 38285 2.031706308
45 49 3 23480 2.031710771
44 43 3 126174 2.031712856
185 154 3 5282148 2.031713475
84 88 3 1655075 2.031715203
125 46 3 377965 2.031715421
123 126 3 118499 2.031717704
112 78 3 4984961 2.031719225
125 74 3 2640107 2.031726472
121 114 3 40486 2.031732247
1 124 3 3227 2.031736048
194 186 3 1587724 2.031736867
86 83 3 19293792 2.031737338
15 11 3 190939 2.031737366
2 6 3 77681 2.031740365
153 189 3 75345 2.031742597
159 160 3 1450789 2.031759203
161 155 3 2027532 2.03176501
51 47 3 4291 2.03176804
86 88 3 3989 2.031769414
47 41 3 1350493 2.031771366
52 49 3 6956583 2.03177685
74 80 3 31235 2.031778578
52 38 3 4990 2.031786362
7 113 3 22649 2.03178857
117 113 3 21170 2.031795218
194 195 3 1094970 2.031798963
42 153 3 8847 2.031799202
194 10 3 39933 2.031805475
6 2 3 41368 2.03180693
125 152 3 8553 2.031808531
200 192 3 9584 2.031814948
38 48 3 4157 2.031821141
161 163 3 10133 2.031823828
188 39 3 1777897 2.03182504
1 12 3 1469064 2.031828435
3 14 3 26191 2.031828742
82 85 3 3166 2.031828932
14 194 3 1833641 2.031832108
149 152 3 1110248 2.031835863
38 3 3 692960 2.031839314
191 197 3 1241811 2.031839343
149 151 3 1534989 2.031840468
80 81 3 13854197 2.031840797
195 48 3 722007 2.031843617
191 121 3 39452 2.031844867
117 154 3 1860753 2.031851269
190 153 3 67797 2.031852838
10 0 3 6022113 2.031857261
152 160 3 1238852 2.031857504
49 126 3 25443 2.031858255
117 113 3 74944 2.031865044
197 196 3 9939896 2.031865216
118 114 3 4472079 2.031870494
151 148 3 35625 2.031871811
5 89 3 15668666 2.031872126
152 155 3 8219 2.031875332
113 151 3 58171 2.031879156
194 192 3 70052 2.031880612
0 121 3 1958372 2.031880857
197 198 3 9257 2.031886975
10 150 3 42068 2.031888491
187 126 3 4384 2.031894975
194 81 3 439 2.031895078
125 151 3 54406 2.031899422
88 86 3 38538 2.031902106
114 116 3 13930561 2.031902703
2 15 3 2122024 2.031904645
186 198 3 3739182 2.031906406
116 125 3 7910 2.031912877
75 80 3 5270207 2.031918023
192 44 3 3980474 2.031918056
51 156 3 3906894 2.031919758
50 79 3 14094903 2.031927449
113 117 3 11763245 2.031927463
157 189 3 60791 2.031933224
2 7 3 2905817 2.031935947
198 189 3 4910340 2.031936266
112 159 3 33750 2.031939518
115 111 3 118000 2.031939614
115 125 3 28204033 2.031939801
122 111 3 2660093 2.031951358
5 7 3 4545866 2.031952329
161 198 3 27055 2.03195625
79 4 3 2706566 2.031956688
186 124 3 3024 2.031957972
37 38 3 76555 2.031960767
50 154 3 1313717 2.031962163
191 199 3 384152 2.031971985
84 81 3 38690 2.031980793
51 126 3 69614 2.031985196
192 195 3 1590124 2.031987304
116 151 3 1832803 2.031989414
113 198 3 26399 2.031991831
48 47 3 22947 2.031992286
119 162 3 79296 2.03199632
44 81 3 4586157 2.031996921
152 84 3 77146 2.032000387
197 191 3 1720009 2.032002575
75 116 3 6233734 2.032004713
113 117 3 1490209 2.032005514
14 6 3 5827660 2.032011766
86 80 3 63245 2.032012008
47 155 3 5133817 2.03201525
4 118 3 59376 2.03201531
3 13 3 50058 2.032018945
40 42 3 1879380 2.032023393
192 197 3 1962816 2.032026918
192 200 3 1114760 2.032028772
0 119 3 51006 2.032039287
154 150 3 458 2.032046208
118 124 3 25902 2.032048554
89 77 3 5426628 2.032048919
82 77 3 5371665 2.032050159
116 126 3 623794 2.032050197
48 50 3 1830496 2.032057378
123 112 3 58516 2.032059598
4 120 3 72930 2.032065956
39 48 3 7830975 2.032067036
83 76 3 18080 2.032075549
125 149 3 4102779 2.03207981
190 191 3 1809858 2.032080432
151 12 3 256474 2.032083346
7 86 3 27546 2.032093329
80 86 3 847660 2.032093445
124 12 3 1536888 2.032093837
4 2 3 36603 2.03209419
163 152 3 44644 2.032094584
13 5 3 2351850 2.032094844
8 78 3 2418 2.032094858
52 149 3 1412338 2.032097378
40 15 3 3669143 2.032100163
52 81 3 4297 2.032100294
83 79 3 2373773 2.032101684
13 3 3 3019 2.032107545
111 79 3 294943 2.032109396
81 154 3 34593 2.032111465
154 148 3 1479587 2.03211962
123 149 3 2482506 2.032119741
86 89 3 5085 2.032146073
8 116 3 16912 2.032146366
39 50 3 57743 2.032149962
117 9 3 12144 2.032150051
152 148 3 141203 2.032161735
80 83 3 964 2.032163918
6 3 3 50166 2.032166962
6 0 3 9924606 2.032167539
37 161 3 59056 2.032167826
116 118 3 50342 2.032168284
76 161 3 7800 2.032173716
113 116 3 6977 2.03217712
41 51 3 57280 2.032183474
8 76 3 4492785 2.032184989
122 125 3 4688438 2.032189439
45 48 3 4652364 2.032193901
194 192 3 1549217 2.032195302
43 45 3 4791672 2.03219649
157 158 3 485385 2.032196619
187 193 3 23357 2.032196966
157 162 3 1884617 2.032201611
42 45 3 31243 2.03220162
193 10 3 4497 2.032202547
188 195 3 1768684 2.032205049
40 154 3 3345 2.032209272
114 155 3 30338 2.032209904
81 87 3 4351845 2.032211285
113 123 3 2215 2.032211724
191 198 3 1102313 2.032215262
120 149 3 9409 2.032216662
122 120 3 58053 2.032222298
37 159 3 2911062 2.032225258
123 114 3 3081054 2.032235236
119 114 3 28848 2.032235723
188 155 3 45943 2.032237781
195 191 3 25888 2.032243058
8 14 3 865352 2.032249628
49 43 3 48059 2.032250302
118 114 3 14186 2.032252048
8 161 3 72076 2.032264061
11 83 3 4822 2.032271432
12 84 3 73383 2.032276434
199 188 3 21262 2.032277451
120 122 3 22503 2.032278806
77 83 3 707782 2.032284399
3 122 3 40959 2.032285551
76 80 3 8395250 2.032286615
163 155 3 168876 2.032289126
189 187 3 8067517 2.032291999
194 200 3 901195 2.0322921
8 6 3 39245 2.032300017
118 163 3 126200 2.032300028
0 4 3 79966 2.032303471
84 196 3 7871811 2.032308533
88 89 3 11736 2.032310919
117 115 3 420 2.032311548
51 52 3 9308340 2.032313394
82 158 3 15992347 2.032315337
10 12 3 27079 2.032325088
8 0 3 141078 2.032331964
76 163 3 615831 2.032334366
120 119 3 5327 2.032338931
148 200 3 37221 2.032340332
186 190 3 10035 2.032341204
113 119 3 40479 2.03234253
4 10 3 8567 2.032342861
192 190 3 163086 2.032346058
48 39 3 131374 2.03234918
51 119 3 20045 2.032354394
159 149 3 3428 2.032355129
8 15 3 165160 2.032369709
196 198 3 47111 2.032372966
42 155 3 30702 2.032374625
160 155 3 7098 2.032377196
86 199 3 2631 2.032384653
155 163 3 65485 2.032389407
191 188 3 20913939 2.032389776
9 2 3 2307567 2.032393546
115 125 3 3794 2.032393951
15 88 3 76761 2.032399808
200 0 3 16166674 2.032406252
150 158 3 571321 2.032407365
199 200 3 233721 2.032407737
112 51 3 59346 2.032413839
15 9 3 4700706 2.032415673
46 38 3 54344 2.032421548
9 10 3 16365 2.032423816
155 158 3 260070 2.032425391
52 38 3 16269 2.032430245
119 126 3 45517 2.032438075
5 43 3 24483 2.032438163
122 42 3 16540012 2.032454341
3 1 3 658081 2.032458853
193 75 3 2565210 2.032471933
76 159 3 78250 2.032473933
185 200 3 1441794 2.032474632
44 43 3 37397 2.03247466
89 75 3 7145 2.032476953
156 155 3 8128 2.0324811
198 200 3 22640 2.032490159
78 89 3 452008 2.032491675
192 46 3 18593586 2.032493535
79 200 3 1893986 2.032495012
37 41 3 18589 2.032495965
111 115 3 161443 2.032496225
46 52 3 28859 2.032497312
80 198 3 73478 2.032497322
46 44 3 181390 2.03250029
111 116 3 10048680 2.032503434
111 116 3 1212987 2.032505012
80 74 3 4987387 2.032506253
50 39 3 495692 2.032506836
116 113 3 1128922 2.032508214
78 10 3 88870 2.03251312
38 51 3 38606 2.032521014
187 79 3 3355188 2.032524106
126 87 3 1175420 2.032526663
43 198 3 6589834 2.032528123
52 39 3 1392555 2.032528641
191 188 3 197444 2.032529932
197 185 3 4096819 2.032531306
8 118 3 3328661 2.03253407
13 9 3 3527318 2.032534321
41 45 3 718846 2.03253528
124 117 3 1725303 2.032535781
190 161 3 91987 2.032537868
119 123 3 180681 2.032542418
85 80 3 173500 2.032543606
0 12 3 1468740 2.032546024
112 162 3 75900 2.032552946
15 87 3 1269050 2.032554691
50 192 3 5980 2.03255646
2 48 3 1998166 2.032557591
3 2 3 8457858 2.032566707
6 116 3 18230874 2.032568284
119 77 3 602 2.032582511
13 14 3 1756041 2.032587753
185 150 3 25938 2.032591386
83 77 3 27416 2.032594624
163 160 3 25109 2.03259532
14 8 3 547934 2.032601853
4 6 3 32226 2.032602851
193 187 3 7274428 2.0326118
50 41 3 29857 2.032621025
113 125 3 8107 2.032621601
4 83 3 34301 2.032629753
160 156 3 65868 2.032632562
185 194 3 1169598 2.032639501
13 152 3 865116 2.032644372
150 157 3 27770 2.032646925
5 7 3 7409047 2.032648471
199 155 3 69919 2.032650213
7 80 3 1511111 2.032660322
51 43 3 2624 2.032665631
162 160 3 68888 2.032668779
3 76 3 1831307 2.03267168
114 49 3 4343112 2.032673257
49 45 3 34422 2.032678794
14 6 3 60511 2.032680383
80 82 3 747529 2.032683483
50 40 3 177538 2.032694261
4 74 3 3801712 2.032695884
193 200 3 20271 2.032697526
8 6 3 3581 2.032702155
40 122 3 1152702 2.032708635
122 123 3 8133 2.032712767
123 76 3 955749 2.032715613
2 6 3 3490 2.032716984
5 9 3 74150 2.032719814
45 40 3 3561105 2.03272021
200 51 3 1786112 2.032725872
156 159 3 160592 2.032725977
125 115 3 141061 2.032726085
120 123 3 9293 2.032728963
192 83 3 3601 2.032730506
88 77 3 47746 2.032732494
52 46 3 77487 2.032734532
190 197 3 1384 2.032739266
85 76 3 5341983 2.032744102
79 120 3 47031 2.032746679
125 115 3 713148 2.032750807
6 15 3 5398787 2.032753119
149 163 3 8532 2.032754027
49 52 3 5667 2.032755914
200 37 3 2449673 2.032758091
79 76 3 3208330 2.032762597
85 87 3 4215384 2.032763432
199 74 3 117389 2.032766032
12 14 3 34750 2.032767103
112 123 3 6410 2.032770084
185 192 3 9426 2.032774414
158 185 3 418081 2.03277997
200 199 3 1689227 2.032780859
50 51 3 20739 2.032788669
193 196 3 6879334 2.032793049
115 119 3 4513972 2.032796195
155 163 3 48886 2.032797248
185 197 3 139242 2.032798155
9 13 3 63381 2.032801316
0 115 3 4133011 2.032813038
4 2 3 23071 2.032815542
193 80 3 150903 2.032825055
51 46 3 30521 2.032825932
192 194 3 44720 2.032828795
122 114 3 91092 2.032829019
118 111 3 10884 2.032829664
125 119 3 54803 2.032830919
161 156 3 466498 2.032831652
87 88 3 27407 2.032833686
7 85 3 16994 2.032834399
40 87 3 94835 2.032836157
11 1 3 6735764 2.03284425
185 191 3 39025 2.032854943
77 74 3 4551568 2.032855672
150 159 3 1078746 2.032856973
15 5 3 26924 2.032857299
3 4 3 34262 2.032858814
76 78 3 1913983 2.032860448
200 193 3 2172 2.032868316
197 194 3 58444 2.032870065
14 3 3 853072 2.032870853
155 163 3 104864 2.032871471
10 5 3 50484 2.032875164
39 123 3 1102927 2.032880896
187 197 3 77782 2.032881451
188 7 3 20553 2.03288201
38 151 3 49 2.032882306
4 12 3 49197 2.032895381
198 200 3 117376 2.032895554
47 37 3 53834 2.032896028
120 117 3 2305416 2.032901102
37 155 3 11847552 2.032903529
156 152 3 57614 2.032910535
123 193 3 622710 2.032914395
196 191 3 6844407 2.032914726
14 5 3 1656928 2.032916531
116 112 3 1115 2.032917154
15 83 3 2256299 2.032918878
4 83 3 1658479 2.032919304
113 194 3 4662165 2.032924445
6 9 3 4685791 2.032929643
195 190 3 909623 2.032930433
126 50 3 50380 2.032934666
14 189 3 1390141 2.032935288
88 41 3 2009 2.032937149
2 119 3 20073 2.032937466
187 156 3 7619134 2.032938185
113 122 3 2664283 2.032938941
84 47 3 24835 2.032939333
158 149 3 25371367 2.032967153
154 160 3 2700202 2.032968575
77 85 3 7694 2.032974793
185 199 3 31 2.03297845
6 10 3 79094 2.032982311
200 187 3 7804083 2.03298383
113 122 3 53848 2.032984039
78 79 3 5471 2.032992137
159 194 3 27729176 2.032995567
6 3 3 85511 2.032996404
11 6 3 1966645 2.033001206
52 160 3 86993 2.033001748
47 50 3 24955 2.033003198
116 124 3 9162149 2.033003981
200 116 3 819702 2.033005111
50 41 3 13880 2.033013067
44 42 3 37604 2.033013792
7 1 3 22996 2.033014622
78 4 3 5060 2.033020963
152 163 3 19747 2.03302613
193 196 3 6295 2.033029606
155 45 3 2972609 2.033031458
198 157 3 61413 2.033032658
159 151 3 2786 2.033033897
112 82 3 755971 2.033035271
115 89 3 1715821 2.033036105
124 122 3 7253 2.033036436
121 200 3 40489 2.033040291
81 82 3 22858 2.033042494
117 52 3 18309 2.033048038
120 162 3 133507 2.033051989
47 45 3 3148 2.03305748
43 38 3 29996 2.033060679
198 125 3 26996 2.033061448
197 148 3 3748 2.033066588
112 196 3 57605 2.033074196
112 157 3 28434 2.033085323
118 123 3 435906 2.033089831
82 84 3 2359852 2.033090386
82 84 3 10097 2.033094093
74 189 3 1022828 2.03310291
8 14 3 27928 2.033103616
14 113 3 5585020 2.033104225
161 160 3 1644863 2.033107828
48 46 3 4074 2.03311157
199 158 3 7162 2.033111635
13 86 3 1882805 2.033111831
7 11 3 21392 2.033112747
111 121 3 21294 2.033113383
123 115 3 53320 2.033114807
162 120 3 644 2.033115969
123 119 3 34492 2.033116341
117 161 3 1358120 2.033119525
49 42 3 4426472 2.033123883
118 113 3 78135 2.033130675
120 153 3 63724 2.033132506
149 41 3 24638 2.033133127
48 38 3 110571 2.033133951
1 3 3 1113046 2.033136132
163 153 3 10237434 2.033139557
155 148 3 41489 2.0331397
124 151 3 42548 2.033140151
0 121 3 2614891 2.033140242
126 112 3 55636 2.033158887
200 156 3 8381605 2.033161434
193 188 3 8050 2.033172064
113 123 3 16582016 2.033173701
189 187 3 5307 2.03317434
122 119 3 43168 2.033174902
199 192 3 38636 2.033176983
48 50 3 6353288 2.033178353
149 83 3 22122 2.033182307
77 79 3 5405937 2.033182905
162 116 3 6542234 2.033183927
152 151 3 2220504 2.033185616
150 158 3 3482664 2.033186715
124 155 3 47120 2.033187603
39 44 3 2647076 2.0331915
8 5 3 173878 2.033207087
4 9 3 25175077 2.033210345
2 1 3 26432562 2.033214952
38 45 3 79611 2.033218427
197 163 3 27887943 2.03322197
149 148 3 9460890 2.033232211
0 3 3 10741 2.033233614
114 120 3 139252 2.033234919
194 75 3 1148 2.033235493
11 74 3 8235617 2.033237432
126 159 3 2359 2.033238126
11 149 3 192618 2.033241857
52 41 3 25882 2.033244582
3 82 3 4173306 2.033250441
86 47 3 16490 2.033252231
47 158 3 42437 2.033252273
114 122 3 6338200 2.03325473
151 155 3 84797 2.033256577
15 197 3 38413 2.033262487
89 86 3 1141737 2.033265881
126 122 3 25629549 2.033271792
46 43 3 19003 2.033279341
2 7 3 15700 2.033280775
122 149 3 1535855 2.033282021
4 7 3 70164 2.033284398
198 187 3 24528 2.033284927
43 156 3 9020151 2.033285785
82 84 3 88996 2.033288554
161 152 3 964514 2.033289317
114 151 3 1091583 2.033289886
74 86 3 1012898 2.033295096
113 81 3 28005 2.033299723
185 194 3 6625401 2.033303032
51 37 3 6687822 2.033313201
78 88 3 38920 2.033314544
112 123 3 343799 2.033335573
7 126 3 38696 2.03334182
195 192 3 7699 2.033343943
83 126 3 2622182 2.033349174
78 88 3 67836 2.033351284
10 2 3 636 2.033352517
85 82 3 71159 2.033357277
189 192 3 1816563 2.033363132
52 81 3 1584454 2.033365291
163 151 3 99604 2.033366446
49 46 3 33510 2.033367192
1 12 3 3726425 2.033370195
4 11 3 1792310 2.033370586
115 123 3 1212446 2.033371113
198 199 3 5242536 2.033372056
1 9 3 1296705 2.033372405
111 160 3 1301160 2.033378593
43 46 3 24766 2.033380406
148 150 3 431287 2.033381742
45 152 3 2667620 2.033381949
82 77 3 151140 2.033383845
49 48 3 146573 2.033395594
192 187 3 40820 2.033396553
198 155 3 52646 2.033398919
189 197 3 56893 2.033404238
85 193 3 1598469 2.033409018
41 37 3 115207 2.033409639
152 150 3 1971751 2.033413034
86 75 3 23111581 2.03342316
124 120 3 20235 2.033423291
194 162 3 9083 2.033423857
3 9 3 104978 2.033426063
194 149 3 79298 2.033427524
192 195 3 72580 2.033428627
10 79 3 900083 2.033428975
189 163 3 38525 2.033431888
5 4 3 1156 2.033440161
80 79 3 8457477 2.033440675
191 190 3 69775 2.033443152
118 158 3 7851 2.03344349
187 151 3 1713 2.033451256
79 84 3 305739 2.033453374
122 112 3 15990 2.033456619
85 77 3 5073121 2.033462531
77 76 3 9255093 2.033463465
121 114 3 62238 2.033472309
82 151 3 211290 2.033472701
49 50 3 4014404 2.033473886
124 89 3 4015 2.033474435
200 161 3 73393 2.033476904
157 159 3 8302 2.0334777
82 84 3 9357 2.033477809
52 158 3 5871231 2.033480941
10 158 3 72943 2.033483386
74 82 3 141744 2.033485902
192 89 3 9171996 2.033488531
86 80 3 302546 2.03349086
187 155 3 10839 2.033492103
158 157 3 2232 2.033495713
50 192 3 67036 2.033497651
41 155 3 5366 2.033506025
160 162 3 5502094 2.033506957
186 8 3 72836 2.033507767
7 6 3 54117 2.033509119
200 197 3 26414 2.033509459
156 159 3 8507351 2.033513853
195 186 3 925 2.033516293
3 0 3 149777 2.033525843
74 86 3 1707407 2.033533003
89 80 3 53950 2.033533153
12 113 3 32931 2.033536515
189 196 3 1508312 2.033543714
89 196 3 387905 2.033548353
51 43 3 27766 2.033551514
12 13 3 25753 2.033554525
77 83 3 8536 2.033561178
83 86 3 2642924 2.033565099
4 11 3 8690557 2.033569041
6 80 3 25308 2.033570586
197 195 3 42858 2.033574819
114 112 3 5463 2.03357655
8 124 3 24138 2.033577523
81 75 3 86044 2.033585222
161 152 3 10722 2.033585985
45 40 3 5118 2.033589031
185 194 3 8108419 2.033589952
41 43 3 4922229 2.033592194
88 89 3 1341043 2.03359222
197 154 3 15934861 2.033592855
157 6 3 40627 2.033597834
111 116 3 572964 2.033599444
121 118 3 57727 2.033605078
154 152 3 24669 2.033621111
5 1 3 1848763 2.033621254
160 116 3 818455 2.033626832
83 75 3 374546 2.033630055
13 7 3 123118 2.033631482
40 41 3 11909 2.033632036
188 114 3 541750 2.033637667
160 163 3 23524 2.033638032
47 48 3 1668 2.033638942
52 44 3 27382 2.033654135
46 158 3 19952 2.03365574
80 82 3 27532 2.033667855
9 116 3 5351 2.03366792
195 187 3 9654 2.033673237
159 149 3 8804 2.033677584
38 50 3 450764 2.03367827
126 74 3 21230 2.033683626
185 194 3 1290584 2.033684362
198 194 3 4159 2.033684506
86 85 3 2227230 2.033685918
4 6 3 176083 2.033686336
87 79 3 6626 2.033691101
153 151 3 9167 2.033691733
87 76 3 71754 2.03369176
187 38 3 43343 2.033692101
88 83 3 658717 2.033693107
3 87 3 155039 2.033693368
123 148 3 65263 2.033695761
189 195 3 31458 2.033697571
126 112 3 27549 2.033699774
83 75 3 716775 2.033700554
156 157 3 22343 2.033700993
46 44 3 1410023 2.033701012
192 84 3 425760 2.033702984
116 84 3 5300 2.033703398
113 52 3 9614039 2.033705225
199 198 3 7740 2.03370648
6 148 3 913584 2.033713442
111 126 3 820343 2.033713498
6 9 3 62361 2.033717503
78 82 3 4541739 2.033719116
162 159 3 50954 2.03372213
190 193 3 199360 2.033732925
193 192 3 59214 2.03373664
83 80 3 3554975 2.033737067
200 120 3 217911 2.033743442
200 190 3 5010292 2.033747949
39 50 3 16457 2.033750427
46 42 3 48240 2.033751457
186 196 3 41658 2.033753964
85 81 3 10514 2.03375861
193 190 3 24752 2.033760691
190 187 3 884131 2.033763505
126 117 3 65944 2.033764293
160 159 3 6476 2.033765908
2 10 3 53470 2.033768252
80 83 3 25053 2.033772301
120 115 3 1063945 2.033772364
5 9 3 2619863 2.033772565
85 87 3 23348 2.033775431
42 51 3 6619 2.033782591
125 161 3 12563693 2.033784965
198 190 3 1556601 2.033786046
121 117 3 1891881 2.033792053
82 85 3 61313 2.033793189
150 157 3 4773 2.033793464
40 42 3 172330 2.033799663
192 116 3 1773592 2.033800563
3 13 3 141369 2.033805745
199 196 3 42547 2.03380957
152 151 3 28953 2.033810552
89 74 3 23060 2.033815648
37 47 3 148379 2.033818094
44 124 3 56185 2.033822431
199 190 3 22193 2.033824292
194 186 3 2347 2.033828278
14 15 3 12423 2.033832344
152 123 3 58742 2.033833192
158 148 3 693830 2.033844854
7 6 3 25773145 2.033846975
161 155 3 61593 2.033849084
111 86 3 4320 2.033849744
121 113 3 19709 2.033854267
11 7 3 1077343 2.033857847
75 124 3 1952069 2.03386123
120 161 3 3745704 2.033866035
155 160 3 1648 2.03386729
12 14 3 22097 2.033867334
156 152 3 9835204 2.033875317
37 47 3 2352679 2.033876331
116 148 3 8995278 2.033878542
81 87 3 1072051 2.033882691
11 3 3 23859 2.033886203
186 194 3 77468 2.033886437
186 162 3 1682 2.033887956
121 162 3 2176098 2.033896221
82 81 3 36961 2.033897491
11 193 3 23548 2.033903246
45 50 3 439485 2.033909307
45 38 3 4187850 2.033913124
125 117 3 5531 2.033915405
7 85 3 8054 2.033918207
194 114 3 146195 2.03392106
4 80 3 18262 2.033923222
196 193 3 55013 2.033927324
44 45 3 997088 2.033927711
39 112 3 27858 2.033934181
9 4 3 52614 2.033943994
47 191 3 28030 2.033944877
126 1 3 29181 2.033950392
83 84 3 7689 2.033954844
80 84 3 4488656 2.033955363
11 149 3 29848 2.033957757
125 115 3 57460 2.033960959
4 14 3 135332 2.033961393
10 1 3 1645434 2.033962096
0 12 3 3106189 2.033964446
87 75 3 54282 2.033967597
121 125 3 9085997 2.033967751
52 39 3 3010834 2.033969471
11 117 3 2972372 2.033979378
120 119 3 7115004 2.033981649
157 150 3 3735027 2.033982565
151 150 3 20754 2.033987228
4 0 3 77606 2.033996445
156 189 3 69314 2.033998643
83 74 3 102901 2.034003242
51 44 3 5317855 2.034007235
116 192 3 424 2.034009361
79 80 3 55825 2.034011181
37 44 3 66195 2.034013559
188 193 3 1779666 2.034016118
8 157 3 6180645 2.034016981
158 159 3 151084 2.034021067
113 123 3 3684 2.034028459
3 78 3 134988 2.034031574
52 8 3 7343 2.034036296
126 118 3 27620 2.03404894
82 76 3 60480 2.03405541
193 187 3 69958 2.03405604
87 46 3 1141587 2.034058226
82 43 3 26226021 2.034061024
74 82 3 41858 2.034062039
80 77 3 2718217 2.034063804
159 162 3 64688 2.034064729
112 162 3 1791954 2.034073833
118 113 3 2555292 2.034074865
161 153 3 9158559 2.034075193
149 157 3 1416603 2.034083918
83 78 3 33530 2.034086297
196 10 3 26596 2.034089222
163 154 3 11217 2.034092485
200 195 3 1682118 2.034093543
200 199 3 1100714 2.03409632
47 38 3 53857 2.034097272
49 46 3 4537585 2.034097904
75 83 3 439110 2.034098154
41 52 3 15983 2.034100082
48 40 3 3083084 2.034101958
80 15 3 22076554 2.034103681
9 113 3 563646 2.034107121
190 198 3 12304983 2.034112019
8 14 3 3865660 2.034113909
126 198 3 3699663 2.034119099
13 160 3 5045 2.034120706
188 198 3 4794873 2.034125461
185 199 3 5390119 2.034141238
80 77 3 37673 2.034142425
37 120 3 14426 2.03414509
160 154 3 120942 2.034149193
7 119 3 1967001 2.034160529
111 156 3 15103 2.034165689
196 200 3 63648 2.034167397
49 114 3 4540635 2.034168255
158 152 3 641641 2.034168318
7 112 3 1917083 2.03417804
3 0 3 77910 2.034179394
12 121 3 608561 2.034181154
47 51 3 44459 2.034186032
123 118 3 32779 2.034187883
125 155 3 8634 2.034189024
37 40 3 65761 2.034197014
123 148 3 80092 2.034197384
74 86 3 1798793 2.034200397
195 200 3 22731 2.0342135
151 158 3 35644 2.034215174
191 192 3 725837 2.034223091
125 116 3 3136460 2.034223621
76 84 3 4273785 2.034232882
13 8 3 3517501 2.034235499
88 163 3 9372 2.034248398
81 161 3 22579 2.034250378
192 194 3 37251 2.034250774
121 160 3 1660011 2.034253937
74 81 3 3248 2.034254866
121 116 3 7735041 2.034256858
120 123 3 991900 2.034258748
15 87 3 7886609 2.034262681
76 150 3 24235 2.034263949
121 156 3 5416128 2.034264781
159 37 3 3792425 2.034267994
150 162 3 1051608 2.034274923
82 85 3 936287 2.034281967
118 193 3 7691 2.034282067
125 120 3 5440 2.034282882
157 51 3 637949 2.034288047
156 158 3 1552100 2.034293877
189 200 3 22868 2.034296245
186 194 3 3137121 2.034300522
152 52 3 1460265 2.034301597
197 189 3 6490033 2.034314132
37 124 3 206578 2.034314739
46 158 3 3189089 2.034317277
152 162 3 43892 2.034317712
88 82 3 20638 2.034319414
44 43 3 1261530 2.034325789
198 190 3 18497075 2.034325963
124 126 3 11661 2.034332212
87 6 3 8202 2.034338963
117 115 3 33373 2.034340372
46 163 3 1048 2.034343244
3 6 3 177597 2.034347466
40 49 3 21191 2.034353441
49 39 3 32253 2.034354921
12 85 3 28300 2.034356442
5 2 3 5275230 2.034357453
78 86 3 7894712 2.034361726
84 77 3 338318 2.034362221
12 76 3 14762081 2.034369863
113 115 3 13077 2.034377055
1 4 3 2449 2.034378586
113 118 3 1921290 2.034380949
83 155 3 9256540 2.03438328
7 190 3 19288 2.034388311
155 194 3 3953578 2.034391713
11 113 3 3802 2.034392669
189 196 3 14596 2.034393592
15 11 3 4471344 2.034393787
2 9 3 51249 2.034403993
121 126 3 8906578 2.034408184
112 123 3 46015 2.034410753
11 122 3 31379 2.034412354
150 88 3 24937 2.034418048
125 118 3 26830 2.034424413
196 188 3 5704323 2.034428622
187 188 3 6476 2.034430562
121 196 3 1511319 2.03443606
196 190 3 17618992 2.034437318
4 3 3 7353283 2.034438988
13 12 3 58934 2.03443929
193 185 3 1023413 2.034442319
82 83 3 23448 2.034444784
83 81 3 69854 2.034445335
150 159 3 2713457 2.034449665
115 157 3 392457 2.034456207
122 153 3 79324 2.034457487
197 199 3 319446 2.034469355
185 156 3 26161352 2.034470505
157 89 3 4765 2.034475505
9 87 3 4407563 2.034477198
37 39 3 27845 2.034477666
8 115 3 71683 2.03448194
5 2 3 31911 2.0344854
116 119 3 4526452 2.034489529
8 81 3 20865 2.034489612
4 123 3 1500159 2.034498117
10 186 3 1655820 2.034500924
151 156 3 29882 2.03450175
48 41 3 7893 2.034502612
187 119 3 6670 2.034513258
84 74 3 1048079 2.034518743
123 125 3 79532 2.034534393
1 5 3 33860 2.034542365
187 196 3 48185 2.034551406
87 116 3 11405 2.034553158
152 151 3 132223 2.03455522
76 85 3 7188530 2.034560289
85 88 3 1138967 2.034560951
50 48 3 17715302 2.034564857
48 43 3 44547 2.034566592
148 154 3 7099806 2.03457192
82 79 3 8012863 2.034573507
158 40 3 99977 2.034576361
112 162 3 56277 2.034579922
3 149 3 23695 2.034586322
87 81 3 48199 2.034590643
12 86 3 214884 2.034595091
126 114 3 118120 2.034597573
39 192 3 100845 2.03460015
187 159 3 37445 2.034600439
47 160 3 28317 2.034601386
74 79 3 4453 2.034602631
41 46 3 7985317 2.034603956
50 81 3 63425 2.034605779
41 111 3 1553995 2.03460972
193 191 3 6732025 2.034610626
77 86 3 21974 2.034617439
82 79 3 23196 2.03461994
190 200 3 2183679 2.034626016
41 45 3 44238 2.034626853
195 198 3 164027 2.034634281
187 191 3 335974 2.03463429
190 193 3 28934 2.034634742
160 149 3 48437 2.034640828
80 120 3 47298 2.034645024
153 148 3 70622 2.034649452
194 196 3 766756 2.034655486
190 187 3 3252 2.034658855
160 155 3 4888429 2.034659041
84 2 3 158564 2.03466224
112 123 3 23007 2.034665772
42 45 3 74754 2.034668892
117 119 3 19664 2.034672623
42 80 3 15459 2.034673133
187 197 3 4553 2.03468941
155 15 3 34382 2.034689808
196 4 3 40849 2.03469249
50 49 3 38257 2.034693101
10 2 3 43166 2.0346933
186 190 3 440369 2.03469752
161 112 3 8477725 2.034700389
111 41 3 336485 2.034701115
156 153 3 1019690 2.034703337
38 15 3 69085 2.034703674
197 199 3 63260 2.034704297
149 157 3 153509 2.034705284
124 39 3 673995 2.034705414
42 44 3 646178 2.034710719
39 149 3 108697 2.034711259
10 123 3 2827319 2.034711464
44 152 3 39292 2.034713449
193 83 3 22176 2.03471417
3 8 3 18064 2.034717845
41 39 3 6330 2.034719623
200 197 3 152650 2.034721906
126 118 3 42775 2.034722913
52 50 3 72419 2.034723935
51 197 3 310620 2.03472498
161 158 3 10535 2.034726851
38 80 3 18288 2.034736323
123 151 3 3380253 2.034736796
191 156 3 4199944 2.034737958
189 200 3 21429 2.034740539
45 120 3 27892 2.034741189
191 151 3 543973 2.034741461
85 77 3 984177 2.034745684
50 149 3 112168 2.034747111
190 198 3 9929300 2.034754381
115 124 3 21968 2.034760347
117 125 3 4783011 2.034766268
48 2 3 762 2.034767915
42 52 3 4327 2.034770063
159 150 3 4741083 2.034771085
76 87 3 33488 2.034771332
192 193 3 51724 2.034775019
3 4 3 996434 2.034777508
113 154 3 3194149 2.034784428
44 151 3 45584 2.034784736
38 46 3 311803 2.034785268
42 162 3 3706891 2.034788043
84 87 3 2282 2.034790945
42 154 3 2985083 2.034791675
191 199 3 4084 2.034799452
80 77 3 15090 2.034800114
80 187 3 362 2.034808045
38 116 3 182545 2.034811806
6 115 3 16283 2.034818982
117 125 3 3048814 2.034820874
120 185 3 147336 2.034821932
148 150 3 137131 2.034828955
2 5 3 7416 2.034829487
85 76 3 35487 2.034833677
113 114 3 4310510 2.034834968
84 154 3 579128 2.034835316
191 199 3 267475 2.03483598
117 114 3 3838366 2.034844427
155 2 3 9396 2.034858961
42 51 3 3604 2.034858987
195 75 3 2398267 2.034864947
85 120 3 8140 2.034865379
162 196 3 893218 2.034870865
15 12 3 139109 2.034875717
158 163 3 6383540 2.03487684
122 126 3 107335 2.034878284
118 121 3 482118 2.034883236
185 190 3 8784 2.034883253
7 153 3 7991305 2.034884381
14 44 3 1569870 2.034886713
84 85 3 1363642 2.034890736
191 158 3 8839 2.034893242
81 83 3 77725 2.034896354
160 157 3 8041 2.034898943
154 151 3 4381468 2.034901956
120 116 3 3692 2.034903527
8 3 3 788026 2.034909908
84 75 3 22649 2.034911131
157 42 3 88071 2.034911514
41 37 3 2265570 2.034916579
187 41 3 6528 2.03491916
118 117 3 3045844 2.034921129
157 163 3 843285 2.034922013
149 155 3 3044212 2.034922304
6 5 3 410516 2.034923335
47 37 3 310000 2.034923827
45 52 3 11474 2.034931442
120 126 3 87785 2.034932739
89 82 3 4324597 2.034933915
74 89 3 267 2.034936656
86 74 3 7171 2.034937109
11 9 3 8503719 2.034941127
156 148 3 3091023 2.034950739
111 14 3 67069 2.034955894
195 188 3 1445595 2.034962279
118 122 3 74644 2.034963372
6 111 3 59028 2.034964576
116 187 3 6961417 2.03496623
190 194 3 3877749 2.034972352
115 3 3 165125 2.034975168
161 157 3 131235 2.03497525
79 81 3 825206 2.034975841
83 87 3 78320 2.034979219
4 7 3 171 2.034979478
41 124 3 26427 2.034980754
188 200 3 3745466 2.034989288
124 46 3 4077732 2.034992388
83 77 3 59203 2.034996022
187 195 3 44703 2.034999819
5 152 3 29261 2.035001947
160 154 3 4841 2.035019002
0 11 3 112515 2.035019559
14 125 3 1677 2.035021492
2 4 3 218918 2.03502162
124 150 3 35775 2.035021961
149 47 3 3692 2.035024373
13 6 3 73791 2.035027121
152 151 3 119424 2.035028633
125 124 3 28450 2.035032658
83 76 3 75175 2.035034029
77 195 3 5586919 2.035035892
51 7 3 19749407 2.035037091
153 82 3 22095 2.03503738
49 42 3 4558 2.035040884
8 125 3 1456 2.035045192
46 158 3 908434 2.035050106
189 198 3 60017 2.03506046
119 113 3 5909662 2.035061129
187 199 3 52267 2.035062384
10 5 3 1836858 2.035063339
49 38 3 858336 2.035068537
86 84 3 73382 2.035072371
159 158 3 554556 2.035072907
81 83 3 835686 2.035072913
2 155 3 5897 2.03507411
195 151 3 72685 2.035075478
38 13 3 114350 2.035077194
148 162 3 73072 2.035081539
154 158 3 111242 2.035086389
75 74 3 20796 2.035086595
111 161 3 20195 2.035088289
10 14 3 21870 2.035092915
159 163 3 28126 2.035098423
3 13 3 1135738 2.035101285
43 40 3 24385 2.035106105
78 86 3 451295 2.035109543
51 50 3 907 2.035109604
12 8 3 399069 2.035110826
3 122 3 660301 2.035113626
163 160 3 21326724 2.035121943
117 115 3 1546876 2.035129406
189 188 3 676681 2.035131283
75 76 3 504374 2.035132378
190 198 3 19598 2.035135216
85 86 3 39462 2.035136042
83 78 3 1934021 2.03513901
113 150 3 2474078 2.035140261
11 4 3 23747 2.035141168
48 51 3 105582 2.035143002
158 160 3 27219 2.035148937
76 87 3 64865 2.035150194
159 158 3 25214 2.035151891
151 152 3 2272730 2.035153025
46 37 3 1225402 2.035153164
75 121 3 25113 2.035153908
76 80 3 29116 2.035155921
86 74 3 40185 2.035157696
11 3 3 54063 2.035159696
159 153 3 28414 2.035159802
88 115 3 53828 2.035163178
161 156 3 814 2.035169393
115 123 3 459414 2.035177549
85 75 3 8263047 2.035187933
82 150 3 6289 2.035195294
83 84 3 1357169 2.035202811
115 10 3 3804520 2.03520385
51 49 3 948366 2.035206738
198 47 3 7503 2.035218184
10 0 3 27616 2.035220823
191 194 3 115771 2.035220965
117 161 3 9099 2.035221847
14 150 3 636039 2.035223378
39 40 3 2490 2.035229974
44 41 3 908783 2.035235719
81 75 3 33425 2.035235807
51 151 3 79899 2.035237533
148 160 3 363599 2.035237933
185 189 3 4518097 2.035242727
198 188 3 27312746 2.03524572
43 15 3 231177 2.035249589
9 4 3 11532 2.035256254
78 87 3 8983054 2.035258187
88 15 3 60927 2.035266923
186 187 3 96536 2.035271528
74 76 3 24477 2.035272376
43 50 3 4842421 2.035276927
38 47 3 208548 2.035277821
15 152 3 21218 2.035278382
3 79 3 51361 2.03528046
7 89 3 722434 2.035288305
5 4 3 74635 2.035290841
85 80 3 46889 2.035292167
52 150 3 6453 2.035294824
49 42 3 3092113 2.035296261
8 15 3 4923241 2.035297668
83 78 3 4292 2.035298317
86 78 3 1116398 2.035302744
14 192 3 26725 2.035308584
126 114 3 70758 2.035310208
9 4 3 56127 2.035310348
44 39 3 6791 2.035312377
114 111 3 36184 2.035314117
118 153 3 17242 2.035317473
192 191 3 787661 2.035318502
83 85 3 32254 2.035329097
4 14 3 70173 2.035331912
10 14 3 65057 2.035338274
191 198 3 175548 2.035339193
47 160 3 54590 2.035346434
74 85 3 260562 2.035351621
122 8 3 20006 2.035354349
121 120 3 1683590 2.035356888
43 160 3 667881 2.035362606
78 186 3 260960 2.035364326
75 80 3 95526 2.035364825
44 42 3 8810337 2.035365091
0 3 3 76272 2.035365559
190 150 3 4731994 2.035370708
118 112 3 69303 2.035371346
37 52 3 17931 2.035374442
124 114 3 23282 2.035378491
192 155 3 9658849 2.035378674
13 10 3 2005111 2.035380715
44 48 3 19232 2.035380921
116 115 3 21806 2.035381373
121 115 3 34726 2.03538162
118 115 3 19342 2.035385503
81 89 3 12991 2.035385647
74 84 3 67875 2.035389057
80 83 3 5515 2.035390631
50 38 3 104698 2.035392882
9 74 3 32938 2.035393524
124 3 3 804 2.035405503
152 148 3 33773 2.03540672
0 51 3 49602 2.035407901
15 85 3 83479 2.03541449
160 194 3 1062048 2.035415504
10 1 3 240733 2.035416664
113 160 3 849502 2.035417355
12 77 3 1816729 2.035422779
11 9 3 1502093 2.035426951
191 198 3 4399 2.035428409
160 149 3 7351550 2.035431846
85 78 3 63731 2.035435545
80 5 3 1574061 2.035440444
187 13 3 38163 2.03544321
40 44 3 7872 2.035443444
85 186 3 28753 2.035444606
84 87 3 52834 2.035445913
195 196 3 2493608 2.035449096
196 191 3 87566 2.035456151
195 157 3 2882759 2.035457573
199 119 3 456977 2.03545912
187 186 3 23829369 2.03546813
197 38 3 634591 2.035471244
151 152 3 5146 2.035474822
15 77 3 1608805 2.035478113
189 199 3 30925 2.035479178
154 149 3 7319840 2.035480147
124 161 3 535063 2.035485992
126 122 3 198475 2.035492972
11 125 3 98410 2.035499485
116 115 3 6969162 2.035502979
6 2 3 161534 2.035518282
9 12 3 1139817 2.035519368
197 154 3 75720 2.035520782
89 80 3 920145 2.035525835
47 37 3 11920529 2.035530301
45 197 3 2869986 2.035532788
2 12 3 1652107 2.035535925
198 148 3 23299 2.03553935
14 78 3 19421187 2.035539391
186 187 3 112655 2.035551731
45 47 3 76177 2.035556906
14 6 3 27504 2.035560008
163 154 3 3697679 2.035560111
75 15 3 31933 2.035560291
42 46 3 12219 2.035563166
161 152 3 224623 2.035568511
193 185 3 20643 2.035569489
114 111 3 3247418 2.035570741
6 2 3 38225 2.035574051
78 75 3 24151888 2.035576587
118 116 3 1658762 2.035578367
126 114 3 13872 2.035579161
9 120 3 3986 2.035588048
77 76 3 75496 2.035588412
6 83 3 76160 2.035588627
87 89 3 41988 2.035589803
195 50 3 46521 2.035591109
152 160 3 31544 2.035596556
89 78 3 1987210 2.035597367
192 188 3 2000152 2.035598741
188 156 3 1012 2.035600032
88 80 3 50572 2.035611157
148 6 3 70051 2.035614648
85 82 3 168170 2.035617522
84 83 3 169914 2.035623755
194 189 3 118600 2.035629104
188 200 3 2781 2.035638543
115 121 3 747413 2.035640329
47 50 3 26145 2.035640519
80 79 3 73258 2.035640713
44 37 3 66451 2.035644707
12 8 3 2208893 2.035648622
186 196 3 2175157 2.035651021
6 10 3 4261132 2.035651959
85 75 3 5899444 2.035663745
162 153 3 674648 2.035663971
125 126 3 247184 2.035673476
14 2 3 1018792 2.035678365
47 43 3 15073 2.035679918
126 116 3 42256 2.035682804
79 86 3 4749214 2.035685768
161 158 3 5891040 2.035689589
49 47 3 624255 2.035695203
45 46 3 26604 2.035696759
118 148 3 4665103 2.035700031
50 157 3 20411140 2.035701739
5 4 3 187043 2.035703406
83 86 3 28715 2.035704301
149 156 3 71677 2.035715435
40 13 3 13893088 2.03571798
84 75 3 77518 2.035720361
51 45 3 22469142 2.03572048
191 115 3 3658743 2.035722786
14 82 3 1075912 2.035725064
8 12 3 73804 2.035726112
82 38 3 3881545 2.035726871
5 0 3 3482 2.035732379
49 196 3 5838511 2.035732957
81 84 3 21859 2.035737978
44 190 3 9272 2.035739787
4 3 3 501541 2.035740094
126 47 3 757723 2.035742636
191 188 3 1598780 2.035743629
2 79 3 41093 2.035750444
186 185 3 39019 2.035750679
45 88 3 9382521 2.035760649
39 44 3 66027 2.035765004
43 156 3 60569 2.035765433
15 7 3 1538845 2.035766952
45 40 3 4733675 2.03577123
42 155 3 3891 2.035773493
190 156 3 1126099 2.03577572
86 77 3 7296 2.035788223
9 2 3 485893 2.035790381
190 187 3 75748 2.035798473
189 192 3 8219547 2.035799989
87 77 3 6203686 2.035801605
85 2 3 62701 2.035804274
193 200 3 7683 2.035805875
200 194 3 91570 2.035820465
200 195 3 527561 2.035833116
75 82 3 4587356 2.035833574
196 187 3 24514 2.035834945
47 40 3 44819 2.03584162
198 189 3 26242 2.035844036
187 191 3 1604192 2.035848316
195 81 3 77763 2.035851701
13 52 3 2502172 2.035854257
1 8 3 73860 2.03586379
15 6 3 5119828 2.035873651
47 50 3 19801082 2.035874849
193 199 3 1867263 2.035878904
198 197 3 9393 2.035879978
76 87 3 22179 2.035880043
81 151 3 9354 2.035887922
119 155 3 286439 2.035894528
111 158 3 6611 2.035897695
154 153 3 2545922 2.035904199
194 197 3 6271 2.035927074
126 123 3 984801 2.035930007
158 155 3 176915 2.035930795
157 149 3 26822 2.03593127
199 156 3 2988010 2.035931764
122 161 3 227009 2.035933127
185 161 3 32216 2.035947715
187 190 3 1834910 2.035951291
52 45 3 175758 2.03595442
155 15 3 60472 2.035960969
126 121 3 20871 2.035972477
2 83 3 50677 2.035974733
120 119 3 6555 2.03598338
123 112 3 7287994 2.035988063
155 163 3 687095 2.035988208
12 15 3 1846002 2.035991387
186 195 3 21299 2.035994471
161 7 3 8488 2.035995991
115 157 3 1049569 2.03599698
85 88 3 3823 2.036000284
42 37 3 38549 2.036000471
77 52 3 48576 2.036003059
115 124 3 28461 2.036003303
115 5 3 1974122 2.036004054
11 0 3 29419 2.03601564
149 151 3 134276 2.036017451
115 196 3 1875554 2.036018661
121 111 3 18036 2.036022397
158 157 3 4710324 2.036022586
113 114 3 22543 2.036022605
118 126 3 41483 2.036024808
79 78 3 51173 2.036026504
157 159 3 8385 2.036037796
44 51 3 9937 2.036045142
7 2 3 38323 2.036049823
196 200 3 1758519 2.03605767
148 157 3 15814 2.036062922
48 162 3 5306372 2.036066708
2 6 3 1722066 2.036068082
187 191 3 74264 2.03606888
114 15 3 3410836 2.03607001
185 189 3 2164323 2.036071007
15 78 3 4426175 2.036073717
116 156 3 1620745 2.036074215
37 161 3 67242 2.03607631
185 192 3 2804507 2.036083287
44 45 3 1971150 2.03609029
6 7 3 1733130 2.036091179
185 196 3 8567 2.036091272
112 115 3 6578552 2.036095261
37 199 3 1130494 2.036095356
160 152 3 171147 2.036100454
44 158 3 243570 2.036104053
119 114 3 21141 2.036109659
120 40 3 55488 2.036109782
151 155 3 1328 2.036110774
89 88 3 55987 2.036112695
114 113 3 42022 2.03611439
154 150 3 28429 2.036115307
186 79 3 62565 2.036115956
123 124 3 9205722 2.036117317
2 6 3 7499 2.036119697
6 3 3 78196 2.036125824
194 44 3 28535 2.036128799
5 125 3 4858111 2.036129569
153 113 3 22121 2.036133215
8 15 3 150879 2.036133497
148 160 3 32417 2.036135284
45 46 3 4915365 2.03613945
81 77 3 32643 2.036139567
89 77 3 63809 2.036141778
13 8 3 4538161 2.036144451
189 80 3 79628 2.036151278
195 194 3 3353 2.036157494
155 156 3 7479 2.036161998
150 111 3 9442057 2.036165659
163 157 3 6874036 2.036172133
13 10 3 1708 2.036177122
12 0 3 4201251 2.036177965
189 190 3 877859 2.036184545
1 7 3 27946 2.03619081
75 85 3 43282 2.036192962
124 119 3 5061196 2.036198437
11 113 3 9608 2.03620044
13 118 3 73492 2.036205783
42 41 3 62403 2.036206209
196 191 3 2459513 2.036206492
195 13 3 64577 2.036208479
152 13 3 268337 2.036209994
88 79 3 7399 2.036211194
50 39 3 4162593 2.036216374
75 79 3 1802276 2.036216908
4 81 3 1899773 2.036220329
112 114 3 19421 2.036220647
37 7 3 3798 2.036222051
8 44 3 60560 2.03622499
153 159 3 17859 2.03622587
163 75 3 22340 2.036227139
46 83 3 9230 2.036230992
156 160 3 7407 2.036235756
82 80 3 19179 2.036239596
163 81 3 4465201 2.036240696
119 152 3 5838 2.036241272
156 151 3 491670 2.03624556
75 76 3 67957 2.036246032
116 157 3 3729735 2.036251362
125 50 3 3004973 2.036253627
47 79 3 1283231 2.036255838
14 9 3 1800683 2.036256982
4 6 3 3414 2.036257431
4 111 3 51413 2.036257618
52 47 3 22531942 2.036260253
8 75 3 2464 2.036262328
7 5 3 6124 2.036264371
153 163 3 1566829 2.036264541
10 117 3 2841752 2.036266995
12 0 3 45019 2.036270819
49 38 3 371 2.036277013
113 116 3 1096485 2.03627873
162 154 3 4490 2.036279
124 122 3 79812 2.036279736
43 44 3 16476 2.036282146
117 194 3 22819 2.036289485
192 119 3 7528 2.036293936
44 82 3 12162 2.036294056
81 41 3 4522254 2.036295922
42 46 3 62518 2.036296176
40 84 3 7469 2.03630134
1 13 3 15065 2.036301714
189 111 3 99999 2.036308294
200 190 3 7108480 2.036309371
51 150 3 5369 2.036312505
121 154 3 508454 2.036318109
85 116 3 19809 2.036321694
120 115 3 1096601 2.036322036
86 75 3 953679 2.036323789
195 14 3 4591 2.036325613
15 126 3 11892 2.036327923
194 185 3 51783 2.036329758
195 193 3 142174 2.03633134
113 117 3 61339 2.03633196
125 122 3 4763573 2.036337131
89 44 3 6615873 2.036349278
42 41 3 64047 2.036349577
196 154 3 4609593 2.036355304
114 0 3 9365602 2.036359646
123 148 3 3608 2.036359974
5 88 3 18204 2.036360906
113 148 3 2563416 2.03636206
161 163 3 2020865 2.036362179
46 45 3 52587 2.036363743
148 151 3 2090 2.036369628
198 197 3 7684 2.036369714
75 89 3 6376543 2.036370634
49 45 3 29850 2.036373403
157 116 3 11719 2.036374469
80 78 3 40769 2.036378159
45 161 3 476962 2.036382098
12 1 3 144593 2.036382299
88 87 3 28070 2.036383152
79 84 3 42853 2.036391757
79 89 3 9457 2.036396987
43 15 3 29398 2.036399031
187 188 3 6866 2.036400482
8 5 3 1652888 2.036413639
44 190 3 387102 2.036414756
37 51 3 1622964 2.036417832
81 89 3 77249 2.036418706
4 11 3 1723937 2.036427056
10 3 3 851038 2.036429457
123 77 3 1419489 2.036431256
194 162 3 20082 2.036434091
49 199 3 23350 2.036441812
115 122 3 2191408 2.036443051
117 113 3 62557 2.036445256
84 87 3 146123 2.036446703
81 74 3 33008 2.036449066
85 89 3 4658041 2.03645514
78 84 3 45716 2.036457201
84 87 3 2757733 2.036457645
45 41 3 1044026 2.036459067
77 113 3 3437833 2.036459448
11 80 3 3581237 2.036461207
39 40 3 6416675 2.036462501
191 188 3 80956 2.03646347
9 5 3 40752 2.036463653
152 149 3 68383 2.036464046
0 10 3 31281 2.036465075
6 116 3 1657963 2.036473099
196 191 3 1223 2.036476702
114 159 3 281855 2.036477579
1 3 3 72284 2.036480897
124 113 3 4585724 2.036489586
160 155 3 983895 2.036491457
159 162 3 134 2.036512479
85 75 3 38608 2.036514364
11 3 3 1984677 2.036515713
151 156 3 58823 2.036520245
3 6 3 4210195 2.036521062
5 197 3 979907 2.036523385
46 37 3 4897 2.036525135
5 123 3 34212 2.036527181
158 154 3 2676 2.036532937
187 189 3 54034 2.036536745
121 119 3 20927 2.036540162
78 76 3 22537 2.036540696
88 79 3 70515 2.03654376
186 194 3 2468458 2.036554464
83 84 3 126348 2.036560129
119 156 3 55937 2.036564531
152 163 3 73513 2.036576792
48 43 3 554413 2.036579551
163 162 3 3300035 2.036582749
186 200 3 2735526 2.036599483
77 75 3 62681 2.03660652
125 111 3 803359 2.036610769
0 157 3 144093 2.036624646
196 155 3 32134 2.036627486
156 158 3 73613 2.036630377
192 187 3 1702972 2.036631974
113 119 3 49789 2.03663405
51 186 3 1998042 2.036634581
44 46 3 2122153 2.03663482
74 84 3 6623 2.03664265
117 124 3 5714 2.036643439
9 7 3 19225040 2.03664517
44 77 3 4040399 2.036649571
114 118 3 10573 2.036649641
10 12 3 1318784 2.036652484
122 115 3 362645 2.036654926
81 87 3 1788295 2.03665892
42 155 3 666238 2.036662981
0 48 3 69906 2.036674353
191 199 3 24243 2.036683432
187 186 3 69449 2.03668495
195 151 3 25835 2.036695501
190 122 3 58521 2.036699529
6 8 3 2515283 2.036699623
5 8 3 17078114 2.036701906
13 11 3 2742179 2.036702013
122 117 3 21083 2.036704162
126 117 3 3324898 2.036716988
112 126 3 649 2.036720103
0 10 3 5524 2.036726703
15 13 3 259134 2.036731652
193 186 3 25323 2.036736191
81 3 3 59752 2.036738043
37 46 3 86260 2.036738821
111 121 3 62424 2.036740965
112 114 3 56759 2.036750284
42 155 3 3015 2.036750548
112 46 3 34742 2.036755026
7 11 3 24673 2.036756145
50 52 3 1293092 2.036759657
188 187 3 1357098 2.036766253
118 125 3 73831 2.036768319
189 190 3 2136151 2.0367762
193 199 3 69189 2.036779844
191 195 3 8436 2.036787693
189 187 3 4993 2.036789257
189 40 3 1171 2.036789706
187 194 3 1289131 2.036790281
9 12 3 19614 2.036790659
193 195 3 71401 2.036793156
121 114 3 3787282 2.036793748
75 86 3 47886 2.036794023
125 122 3 25055 2.036795693
159 47 3 23258 2.036796603
11 13 3 7330801 2.036798478
118 51 3 29384 2.036801468
81 112 3 21972 2.036803863
186 191 3 4000182 2.036804716
9 5 3 4277 2.036809459
194 187 3 79003 2.036810692
12 0 3 6627214 2.036818467
190 196 3 23939 2.036825356
44 38 3 34099 2.036829543
84 86 3 46869 2.036834462
84 77 3 57452 2.036838421
9 11 3 101773 2.036841379
82 81 3 12486 2.036845305
154 190 3 43586 2.036845856
86 77 3 24367 2.036847789
121 119 3 587307 2.036848
155 162 3 4227045 2.036848256
199 194 3 53765 2.036848854
199 46 3 55864 2.036848887
187 191 3 5849507 2.036849108
43 112 3 8903 2.036861468
192 187 3 5818095 2.036863962
5 15 3 13429 2.036864372
12 13 3 36954 2.0368646
40 160 3 18739 2.036870551
186 185 3 138369 2.036877331
115 114 3 4474618 2.036877475
87 86 3 51199 2.036879258
185 158 3 1033258 2.036881198
185 193 3 3437 2.036883699
189 86 3 14498 2.036885845
159 0 3 1062667 2.036891997
196 199 3 23752 2.036892883
0 8 3 145742 2.036893955
79 86 3 2359763 2.03689542
2 11 3 8742152 2.036899702
122 119 3 23716 2.036899981
150 161 3 8212 2.036901398
12 126 3 43679 2.03690294
198 150 3 79129 2.03690385
74 81 3 2233 2.036909924
38 155 3 2722 2.036909976
111 151 3 26231 2.036911672
1 87 3 13464 2.03691663
51 192 3 19615 2.036917005
126 120 3 4016928 2.036922986
14 15 3 45983 2.036935133
197 186 3 5643 2.036942073
195 190 3 2766400 2.036942232
44 79 3 24471 2.036946807
3 85 3 42293 2.036947665
121 199 3 1616583 2.03695006
121 116 3 55507 2.036950802
37 44 3 25307 2.036954247
80 83 3 1943407 2.036958638
193 188 3 1585703 2.036959071
197 190 3 30881 2.036959351
194 76 3 2698757 2.03696091
4 9 3 138143 2.036964943
185 82 3 32006 2.036970094
6 9 3 1287981 2.036974307
126 116 3 1390 2.036979671
87 82 3 2877364 2.036983104
1 81 3 1931428 2.036989037
2 9 3 62577 2.036995758
12 5 3 76040 2.036998737
120 111 3 494968 2.037002798
2 121 3 35258 2.037006383
11 192 3 84510 2.037006588
195 196 3 7184 2.037011695
48 75 3 59691 2.037012945
116 117 3 52563 2.037013652
39 45 3 59277 2.037013837
76 89 3 9599365 2.037024022
6 149 3 1057230 2.037024855
42 46 3 905044 2.037025672
192 187 3 7028 2.037026237
158 153 3 1477506 2.037029632
52 48 3 30078 2.037029728
89 4 3 119021 2.037030519
112 111 3 37891 2.037040626
116 126 3 7676 2.037041545
12 1 3 7550 2.037043665
161 149 3 55866 2.037044065
154 148 3 45343 2.037047338
37 152 3 6364 2.037051938
158 154 3 20090 2.037055445
2 43 3 66815 2.037055826
49 156 3 4100219 2.037059874
15 7 3 31849 2.037060053
151 149 3 29661384 2.03706148
46 50 3 16617 2.037062501
153 162 3 89852 2.037064502
113 112 3 1359330 2.037067842
12 45 3 53721 2.037074837
123 86 3 7717 2.037079333
38 118 3 4734981 2.037079832
126 123 3 1907280 2.03707987
156 153 3 75174 2.037080495
148 160 3 1994431 2.037082557
188 190 3 7757075 2.037096287
163 158 3 49788 2.037108259
126 125 3 46494 2.037110156
193 185 3 119595 2.037110222
199 193 3 456672 2.037111449
119 120 3 5319 2.037111955
159 163 3 31554 2.037112193
5 3 3 27321 2.037114962
48 45 3 21910 2.037116874
150 80 3 27402 2.037117055
75 74 3 4050371 2.037123786
44 195 3 8069882 2.037123828
0 79 3 168762 2.037124729
5 15 3 891653 2.037130407
193 186 3 5235983 2.037138071
189 148 3 23807 2.037141272
162 159 3 5307 2.0371441
185 199 3 1473925 2.037147651
80 86 3 1548422 2.037151306
78 124 3 5338213 2.037153292
126 116 3 4563701 2.037173681
42 40 3 9805 2.037176477
43 40 3 23003 2.037178749
190 199 3 1291150 2.037185262
116 49 3 4143 2.037185555
117 114 3 2596 2.037187341
77 120 3 9144979 2.037197294
44 47 3 4357671 2.037202753
112 111 3 103245 2.037209494
2 9 3 5538 2.037209524
87 78 3 43948 2.037210465
117 113 3 7484448 2.037211431
153 6 3 1269816 2.037214428
37 38 3 2196739 2.037217614
192 157 3 1310566 2.037220398
38 44 3 146921 2.037224861
8 7 3 1167228 2.037231673
48 43 3 734025 2.037237104
125 120 3 1947708 2.037239117
15 8 3 2193314 2.037246849
160 157 3 27869 2.037247132
37 48 3 35589 2.037248633
77 79 3 32493 2.037249372
15 0 3 22831 2.037256593
41 149 3 7133328 2.037260644
125 112 3 1895175 2.03726397
77 82 3 6950 2.037268535
15 2 3 1182420 2.037268571
195 193 3 75146 2.037268589
80 77 3 9986 2.037269752
78 118 3 1643903 2.037278707
126 116 3 22748 2.037280856
113 43 3 8132 2.037280906
11 87 3 1058656 2.037282786
200 49 3 36551 2.037289796
113 124 3 2053763 2.037298822
192 6 3 47636 2.037309794
190 151 3 1043 2.037316543
194 185 3 1900594 2.037328271
188 38 3 54634 2.037341894
188 152 3 4819857 2.037342331
7 79 3 2541 2.03734412
194 37 3 6376 2.037346943
161 156 3 60014 2.037360039
192 152 3 766665 2.037364387
39 199 3 1261600 2.037366622
114 115 3 16696 2.037368473
85 51 3 54092 2.037369069
160 151 3 828517 2.037372741
40 156 3 45956 2.037376805
0 5 3 3219 2.03737827
7 126 3 430 2.037378382
119 125 3 11717 2.037379425
121 79 3 172309 2.037384725
114 112 3 977536 2.037392106
162 149 3 4783439 2.037400248
198 197 3 62682 2.037404955
9 5 3 6189071 2.037405373
48 161 3 13791558 2.037406457
41 52 3 11939 2.037407697
5 6 3 1257 2.037413273
82 84 3 1427 2.037421211
111 112 3 60673 2.037423528
186 151 3 35631 2.037423702
195 198 3 1698939 2.037427014
52 38 3 1389 2.037427143
187 195 3 27126 2.037427567
161 155 3 23976 2.037428661
151 150 3 644656 2.037431893
83 123 3 85755 2.037433455
192 188 3 12978 2.037434902
84 80 3 29311 2.037435626
191 196 3 199060 2.037443108
154 152 3 2761 2.037443895
192 187 3 185857 2.037446241
86 79 3 51995 2.037447592
149 158 3 45681 2.037447657
10 84 3 21281 2.037450541
51 45 3 583423 2.037455674
49 38 3 8359 2.037461083
86 82 3 1056620 2.037462668
190 196 3 1229508 2.037467764
74 80 3 329838 2.037471813
13 9 3 1784194 2.037475415
186 153 3 5974364 2.037477727
7 10 3 7286 2.037480785
124 13 3 35059 2.037485751
76 89 3 57338 2.037486542
7 0 3 29939 2.037486962
124 120 3 23032 2.03749042
121 11 3 60509 2.037499463
11 12 3 5368 2.037499961
77 86 3 5550 2.037512819
89 82 3 65590 2.037514786
148 81 3 28432 2.037516901
158 157 3 69057 2.037518214
197 200 3 4897246 2.037520697
111 114 3 693647 2.037521063
185 189 3 2824 2.037522813
151 156 3 2141735 2.037527723
121 112 3 66528 2.037528207
158 149 3 25310 2.037529693
161 158 3 1063608 2.037533066
49 41 3 21143612 2.037534344
115 196 3 551 2.037540859
160 151 3 66197 2.03754292
47 151 3 38803 2.037548855
195 77 3 1975280 2.037549537
162 157 3 116 2.037550421
148 156 3 29480 2.037550755
116 121 3 5401793 2.037551109
75 84 3 154850 2.037551879
148 151 3 14182857 2.037554998
14 45 3 74747 2.037556143
79 75 3 72386 2.037556281
40 50 3 13407 2.037556997
193 191 3 50694 2.037559848
188 192 3 155633 2.037564246
43 46 3 8293 2.037568489
86 89 3 13884 2.037572969
38 42 3 182164 2.037579299
112 126 3 50410 2.03758464
156 153 3 70826 2.037591024
79 75 3 674152 2.037596647
49 52 3 3017 2.037598127
15 88 3 25611 2.037603789
37 160 3 3349119 2.037607213
43 37 3 1584804 2.037609676
163 191 3 33476 2.03762028
8 83 3 2881828 2.037624039
115 124 3 5666377 2.037627391
159 150 3 28390 2.037634631
111 117 3 197079 2.037635567
126 52 3 7226 2.037636038
48 52 3 9102389 2.037640273
193 159 3 850197 2.037644142
46 40 3 4218 2.037646174
74 83 3 63316 2.037646346
120 113 3 12473 2.037650494
117 115 3 5901431 2.037657558
11 6 3 18144 2.037664685
162 163 3 1648884 2.03767243
195 200 3 33058 2.037672578
43 40 3 21046453 2.037673435
14 11 3 408126 2.037679633
113 195 3 23179257 2.037680352
187 185 3 60062 2.037680499
11 1 3 1954847 2.037691866
189 199 3 18783 2.037701078
161 198 3 5358 2.037702804
114 125 3 30094 2.037703295
116 80 3 6374 2.037705375
38 149 3 42419 2.03770569
47 50 3 6688730 2.037707815
124 47 3 19315 2.037708495
81 85 3 56681 2.037712374
4 156 3 190982 2.037713078
115 8 3 8461218 2.037717114
122 111 3 9049 2.037717968
188 195 3 51476 2.0377211
15 81 3 568752 2.037721293
1 84 3 25178 2.037725319
193 159 3 615860 2.037729198
150 149 3 65129 2.037730912
156 157 3 13142 2.037731513
76 87 3 47223 2.037734293
192 187 3 5148845 2.037735976
37 163 3 8134 2.037736322
114 125 3 5352 2.037745915
45 40 3 74828 2.037747212
4 14 3 63559 2.037749314
199 52 3 356876 2.037754346
88 75 3 115922 2.037754471
187 200 3 62774 2.037755627
114 126 3 27033 2.037757806
83 81 3 2876509 2.03775869
153 158 3 70306 2.037761251
77 83 3 1350774 2.037762258
158 86 3 5805175 2.037763541
6 84 3 7857 2.037763798
121 42 3 73804 2.037766453
122 124 3 23196 2.037767253
77 82 3 6970 2.037767805
148 159 3 140 2.037768723
6 9 3 3625296 2.037768948
5 8 3 16281 2.037772659
38 49 3 216566 2.037774234
162 119 3 83624 2.03778336
50 52 3 1444655 2.037784754
78 79 3 2258586 2.037790859
12 89 3 77290 2.037794002
8 7 3 4006 2.037794846
195 200 3 23340 2.037803694
50 39 3 26842 2.037807692
38 185 3 4653 2.037810363
3 2 3 40670 2.037813338
83 86 3 30214 2.037818251
7 46 3 1565 2.037819205
49 37 3 7859 2.037819367
11 117 3 16186350 2.03782304
162 152 3 29554 2.037824797
149 79 3 9978130 2.037833291
39 46 3 1921409 2.037835821
46 44 3 40729 2.037845444
192 2 3 12532 2.037849336
123 113 3 23412 2.037852405
120 118 3 4433670 2.037854149
84 119 3 10689217 2.037857969
123 46 3 8870500 2.03785829
88 87 3 890894 2.037859385
44 163 3 9128 2.037864756
6 9 3 61971 2.037868254
7 37 3 7119620 2.037868492
7 10 3 13564 2.037873156
12 111 3 6565895 2.037875611
189 190 3 4483288 2.03787607
124 117 3 21457505 2.03787752
162 149 3 537271 2.037880657
185 194 3 1530109 2.037881756
88 123 3 5702149 2.03788217
153 159 3 2847775 2.037884434
185 160 3 45086 2.037884545
5 10 3 1054824 2.037887418
153 149 3 143584 2.037889206
7 6 3 18077 2.03789628
193 153 3 61450 2.037903369
80 13 3 3977 2.037908478
114 161 3 27690 2.037909665
42 39 3 62093 2.037911696
163 154 3 78795 2.037913023
189 192 3 75643 2.03791571
4 11 3 9923074 2.037915979
120 49 3 867343 2.03791706
125 113 3 72677 2.037918406
186 156 3 5157 2.037920183
83 79 3 45082 2.037920441
51 50 3 24118 2.037920596
0 9 3 325 2.037922101
191 148 3 706689 2.037922637
8 15 3 48474 2.037926447
45 44 3 2333298 2.037930125
74 81 3 64849 2.037931525
197 148 3 2599624 2.03793207
11 0 3 1932 2.037940067
151 159 3 128963 2.037941185
81 82 3 31190 2.037942334
9 5 3 1770004 2.037943995
153 162 3 62121 2.037944846
123 200 3 4277803 2.037947369
5 123 3 21435 2.037950609
148 152 3 21164 2.037950667
149 155 3 3266 2.037956818
38 37 3 29832 2.037961046
7 38 3 239986 2.037961928
44 45 3 21637 2.037967079
8 2 3 3953 2.037971386
163 12 3 90769 2.037978459
39 46 3 1189 2.037982414
191 189 3 566967 2.037987335
1 115 3 22207 2.037988869
149 148 3 653534 2.037994226
187 192 3 4716252 2.038001438
8 15 3 28390 2.03800416
113 150 3 1966126 2.038005106
194 200 3 1464042 2.038007751
119 115 3 65574 2.038011431
52 156 3 1805 2.038017808
152 157 3 8447083 2.038017808
196 185 3 340689 2.038020711
12 151 3 78837 2.038022529
198 187 3 2488 2.038024199
192 79 3 661585 2.038027204
7 4 3 6027 2.038027492
75 85 3 14557156 2.038029217
112 113 3 58373 2.038030257
89 77 3 637833 2.038031353
162 163 3 9016400 2.038032336
185 150 3 28433 2.038032859
74 88 3 7405 2.038038604
115 111 3 133924 2.038039034
196 193 3 73366 2.038041406
5 14 3 38495 2.03804226
124 117 3 2905795 2.038042264
82 81 3 2634362 2.038046198
186 155 3 1398967 2.03805383
123 40 3 6725 2.038056391
195 116 3 29370 2.038062891
187 162 3 142820 2.03806786
187 197 3 64184 2.038068508
44 197 3 2544 2.038080498
88 119 3 3519 2.038092532
150 43 3 2813 2.038092701
187 198 3 60965 2.038096746
44 157 3 3502970 2.038097775
47 121 3 633458 2.038102613
151 150 3 6542 2.038114729
2 13 3 7492790 2.038116498
10 116 3 63497 2.03812079
187 188 3 3370474 2.038123824
38 122 3 10542 2.038132068
148 153 3 3053 2.038137965
3 1 3 1759205 2.038144826
7 115 3 7316 2.038145274
193 162 3 30521 2.038152454
44 51 3 374456 2.038154199
87 10 3 17507 2.038154392
11 150 3 43742 2.038164013
1 8 3 75536 2.038167605
10 9 3 17617 2.038168919
1 3 3 2105910 2.038168929
186 148 3 38055 2.038172407
11 81 3 249735 2.03817417
116 13 3 6484866 2.038175022
119 113 3 1726421 2.038175743
50 7 3 4079666 2.038175905
151 159 3 7699682 2.038176058
160 163 3 1702660 2.038178991
9 83 3 1777410 2.038179328
81 46 3 16013 2.038179382
194 191 3 1156061 2.038181796
4 1 3 2005 2.038188148
11 3 3 46929 2.038193623
39 185 3 1224571 2.038201294
193 187 3 34985 2.038201886
82 78 3 76260 2.038218364
77 84 3 775565 2.038220578
152 4 3 4067 2.038226056
10 12 3 49352 2.038228887
49 37 3 3884 2.038230857
15 81 3 4595 2.038232866
151 39 3 9917 2.038239338
4 6 3 5038789 2.038241362
15 7 3 5992 2.03824232
197 111 3 3599666 2.038246295
10 74 3 49197 2.038253804
111 124 3 196388 2.038260672
8 153 3 12321 2.038263997
158 163 3 9867933 2.038264943
112 126 3 1079407 2.038269495
190 188 3 8162452 2.03827929
39 156 3 9685501 2.038281774
2 113 3 64457 2.03828764
156 157 3 1377685 2.038287912
151 152 3 18192 2.038297727
189 199 3 244048 2.038300184
7 186 3 76824 2.038303237
37 50 3 31772 2.038305978
87 81 3 78694 2.038307603
197 125 3 55062 2.038308181
197 200 3 156169 2.038311551
186 89 3 5669 2.038318109
191 186 3 4197668 2.038321933
125 112 3 3499 2.038331273
37 3 3 5507 2.038336594
49 74 3 134574 2.038339494
7 78 3 12026892 2.038340547
115 113 3 4405759 2.038345313
13 116 3 48204 2.03835156
84 87 3 21359511 2.038351669
9 4 3 921815 2.038351921
187 186 3 87032 2.038352266
200 149 3 19779 2.038352553
193 188 3 24986 2.038354418
1 3 3 66450 2.038357998
155 40 3 7058 2.038358127
157 148 3 79894 2.038362342
48 46 3 20767 2.038365654
115 120 3 4701917 2.038368866
161 15 3 30601 2.038370494
115 118 3 3439 2.038372074
83 77 3 1159163 2.038373898
82 3 3 6552636 2.038374238
116 122 3 104135 2.038375134
192 191 3 3552132 2.038379259
48 149 3 189068 2.038380013
111 113 3 4964734 2.038380379
81 74 3 97483 2.038381117
89 148 3 1632909 2.038388287
6 112 3 20437 2.038395241
48 160 3 51581 2.038395478
50 39 3 25465 2.038396269
113 121 3 48001 2.038398918
125 122 3 7473672 2.038407936
48 52 3 166133 2.038410708
157 158 3 75364 2.038411398
15 1 3 70627 2.038411533
199 154 3 339548 2.038412165
2 14 3 5194048 2.038413149
81 89 3 19320 2.03841853
113 122 3 46183 2.038420941
189 199 3 841866 2.038422266
123 185 3 7813967 2.038424073
45 161 3 2465235 2.038429754
76 84 3 1327958 2.038430499
7 77 3 76123 2.038430699
40 48 3 1679093 2.038431847
119 48 3 1554573 2.038432913
48 40 3 5659 2.038438347
85 48 3 6891 2.038438887
48 154 3 4637317 2.038454403
0 114 3 3622911 2.038454978
43 157 3 3508962 2.038456395
47 41 3 5044 2.038457345
80 88 3 42314 2.03846245
113 187 3 5432 2.038463071
193 149 3 26943 2.038468483
199 149 3 57757 2.038469602
200 126 3 23108 2.038477129
37 44 3 71518 2.038484462
115 114 3 2305501 2.038489262
186 198 3 3401775 2.038492834
0 48 3 25607 2.038495157
1 51 3 6349 2.038496841
125 193 3 1516376 2.038498432
87 83 3 5559 2.038499943
2 87 3 5836 2.038501826
86 39 3 27929 2.038502448
49 44 3 176377 2.038510885
124 195 3 24514 2.038514889
159 39 3 5394 2.038516016
199 192 3 7884726 2.038523123
163 49 3 51964 2.038524391
149 152 3 22930 2.038525566
188 157 3 27789 2.038526168
122 120 3 23549 2.038526587
194 190 3 4025 2.038530786
152 7 3 395889 2.038536665
196 153 3 4884343 2.038538394
0 4 3 5049 2.038542789
82 159 3 867198 2.038544305
7 122 3 111177 2.038544323
45 87 3 55902 2.03854892
121 116 3 709898 2.038550497
38 37 3 8943 2.03855051
123 200 3 1426772 2.038550934
187 189 3 1927827 2.038552268
125 113 3 135762 2.038558387
37 46 3 6422 2.038559029
199 195 3 7374693 2.038562808
87 76 3 8858660 2.038562963
8 14 3 585 2.038570106
188 192 3 102814 2.03857554
119 125 3 40925 2.0385765
121 124 3 38268 2.038579233
198 152 3 5387834 2.038583164
153 123 3 69361 2.038591436
48 50 3 594396 2.038591739
51 45 3 9128 2.038603029
6 9 3 53896 2.038607345
40 48 3 52477 2.038607495
37 161 3 1696022 2.038609185
45 48 3 51062 2.038611031
86 113 3 1251896 2.03861271
0 150 3 25808 2.038615551
153 155 3 17928 2.038616498
163 156 3 28101 2.038621354
200 154 3 8077 2.03862388
163 3 3 368973 2.038627172
37 39 3 1919132 2.03862843
85 76 3 104948 2.038637086
121 45 3 39758 2.038638618
161 156 3 7286 2.038638722
75 51 3 694 2.038638791
50 37 3 77265 2.038642757
11 77 3 183264 2.038645084
156 154 3 31113 2.038647881
46 155 3 497 2.038648683
8 1 3 4674449 2.038649071
82 185 3 3457494 2.038658987
195 163 3 7138 2.038659703
83 76 3 1966911 2.038660226
126 163 3 1843829 2.038662325
154 152 3 26051 2.038669395
82 77 3 16208 2.038669769
15 148 3 3706259 2.038671143
74 155 3 34589 2.038671435
75 122 3 1462380 2.038673006
39 37 3 2892942 2.038673527
114 119 3 205658 2.038677569
41 37 3 45023 2.038677738
159 150 3 8431 2.038678333
13 82 3 747063 2.038682399
120 119 3 9550767 2.038684834
114 118 3 38685 2.038686738
44 42 3 170958 2.038693769
191 194 3 5740 2.03869839
12 10 3 19489 2.038703767
13 195 3 1333430 2.03870785
116 123 3 1653 2.038710774
45 51 3 232745 2.038710947
7 86 3 4277344 2.038723903
198 122 3 105658 2.038725027
15 1 3 10484 2.038728265
85 84 3 7951 2.038741575
200 153 3 2084 2.038741686
46 44 3 55439 2.038741999
154 158 3 3330752 2.038745352
162 151 3 8014 2.038748366
159 160 3 25392 2.038748525
50 38 3 58660 2.038750527
44 47 3 952068 2.03875562
13 122 3 44358 2.03875568
46 156 3 9891014 2.038768404
82 1 3 548824 2.038769821
163 148 3 176877 2.038770864
38 49 3 13768829 2.038773094
45 75 3 2757485 2.038780481
198 191 3 199228 2.038780599
196 191 3 6776 2.038782462
40 49 3 1961375 2.038785368
44 43 3 1937 2.038796812
9 11 3 49958 2.038797165
195 198 3 91165 2.038800591
13 3 3 1138997 2.038801741
86 77 3 52943 2.038802496
82 88 3 7316 2.038812183
75 81 3 57326 2.038812298
0 85 3 20399401 2.03881289
13 149 3 27189 2.038813023
197 1 3 75498 2.038814029
9 15 3 3295191 2.03882473
187 186 3 50201 2.038825818
124 38 3 9076062 2.038829135
79 76 3 68989 2.038830103
77 83 3 51921 2.038830845
84 78 3 24580 2.038831666
51 162 3 5131 2.038832792
40 46 3 82594 2.038838671
88 76 3 12224 2.03883878
52 120 3 139951 2.038839509
198 192 3 765 2.038841645
84 87 3 34050 2.038841904
9 76 3 180668 2.038842776
124 113 3 11732 2.038848
5 78 3 1171 2.038850369
13 87 3 27432368 2.038850789
75 77 3 3763 2.038853302
38 41 3 3204429 2.038854385
124 115 3 22350 2.038855604
187 198 3 4630430 2.038860673
76 84 3 2584379 2.038862559
187 153 3 1365949 2.038863253
162 160 3 1007180 2.038865971
122 115 3 45876 2.038868315
198 200 3 1118 2.038873039
115 113 3 13048 2.038874453
12 4 3 4347934 2.038874745
124 187 3 46044 2.038875134
51 163 3 34667 2.038876816
81 48 3 25756 2.038885022
6 125 3 3307 2.038889076
159 150 3 38479 2.038889091
43 37 3 41306 2.038895516
156 151 3 109076 2.038896486
86 87 3 1875642 2.038901658
186 196 3 77369 2.038906718
163 162 3 47016 2.038908325
51 48 3 1775573 2.038915406
112 117 3 28239 2.038918055
121 51 3 3882734 2.038920397
12 114 3 26968 2.03892547
11 10 3 1529 2.038927345
6 1 3 29198 2.038928467
0 13 3 7033383 2.038930438
45 47 3 52950 2.038931928
78 49 3 3621 2.038938213
122 123 3 45557 2.038940066
113 121 3 8803248 2.038940782
149 153 3 29670 2.038944193
10 14 3 177358 2.038949312
79 80 3 23588 2.038954086
47 45 3 5888 2.038954184
9 6 3 6839096 2.038956096
150 74 3 1496436 2.038956101
15 13 3 6926805 2.038958588
82 89 3 6408 2.038968543
121 119 3 6821965 2.038968612
186 188 3 568714 2.038984588
200 191 3 63025 2.038995529
42 48 3 125168 2.038997886
150 149 3 9291779 2.038999248
84 74 3 12621 2.039005288
51 48 3 301419 2.039007762
39 45 3 174786 2.039008726
86 79 3 4570 2.03900888
6 39 3 4257704 2.039013443
190 186 3 28044 2.039015377
12 5 3 4688262 2.039018303
77 115 3 79570 2.039019328
42 150 3 41258 2.039036237
191 116 3 233564 2.039038276
44 191 3 9464822 2.03904783
15 194 3 2843624 2.039048521
195 194 3 135526 2.039050314
82 88 3 76256 2.03905799
126 111 3 6927 2.039058344
195 200 3 8490 2.039058549
153 152 3 29227 2.039062854
152 148 3 11377 2.039070218
0 115 3 7954872 2.039072854
186 163 3 26167 2.039077928
151 154 3 40286 2.039082642
125 124 3 4002556 2.039085829
47 38 3 3416 2.039085895
159 156 3 1823 2.039087975
151 150 3 7006662 2.039091456
113 52 3 56274 2.039097329
6 114 3 6056316 2.039100917
15 126 3 156004 2.03910128
186 199 3 705971 2.039104186
2 80 3 9000874 2.039104631
163 156 3 23862 2.039107619
44 42 3 5641 2.039110772
121 113 3 9577796 2.039114529
188 196 3 28984 2.039115912
41 46 3 137645 2.0391231
190 191 3 78240 2.03912579
199 190 3 62842 2.0391259
4 10 3 22227 2.039135231
151 161 3 6146 2.039135692
185 87 3 1871087 2.039141219
192 190 3 1198211 2.039144017
48 154 3 1021138 2.039144021
5 193 3 16006 2.039144868
196 197 3 42639 2.039147372
41 37 3 39745 2.039147779
161 187 3 4624265 2.039157508
85 75 3 24157 2.039157959
48 148 3 183559 2.039158682
38 42 3 3723945 2.039160343
44 37 3 1937581 2.039161063
125 118 3 65879 2.039162508
120 118 3 51180 2.03916603
124 111 3 4846 2.039170866
14 85 3 9703945 2.039171171
125 39 3 66164 2.039182072
0 7 3 9952 2.039189004
45 14 3 36851 2.039190844
7 10 3 34045 2.039191498
126 82 3 9290730 2.039193069
7 5 3 528530 2.039194885
119 114 3 1352482 2.039195315
149 157 3 1398593 2.039196277
83 87 3 22835 2.039196401
162 155 3 2573 2.039202429
124 113 3 8784707 2.039204042
196 192 3 16209 2.039206545
118 115 3 58361 2.039207564
43 156 3 36314 2.03921138
192 194 3 13373 2.039214642
40 44 3 17619 2.039217354
186 162 3 21785 2.039219266
89 87 3 8615130 2.039220182
76 79 3 627678 2.039222924
153 150 3 419448 2.039225802
199 193 3 3820819 2.039231264
6 49 3 452606 2.039232892
74 77 3 20867 2.039235035
125 114 3 256290 2.039237428
0 11 3 4638930 2.039237496
83 75 3 2319417 2.039237551
50 44 3 2799875 2.039243136
187 112 3 2350339 2.039248748
77 78 3 1126421 2.039251391
194 199 3 65597 2.039251827
188 187 3 3707239 2.039254443
78 112 3 1863406 2.039259584
87 79 3 5080690 2.039262634
160 156 3 1277205 2.039262866
126 118 3 52398 2.039264764
150 155 3 34242 2.039265031
46 154 3 68472 2.039270437
89 77 3 3729297 2.039271903
85 44 3 15850 2.039279332
6 10 3 14543413 2.039294925
43 39 3 21133 2.039294945
3 4 3 4110 2.039296208
44 42 3 136750 2.03929697
151 158 3 2436328 2.039297707
161 148 3 26748 2.039299563
125 43 3 6758 2.039312115
86 122 3 26738 2.039314432
52 45 3 76516 2.039317002
188 198 3 3086 2.039317421
117 122 3 2459 2.039318101
200 186 3 452491 2.039319884
197 6 3 1914687 2.039326212
84 76 3 341388 2.039329491
47 51 3 6269373 2.039331102
15 7 3 120640 2.039331922
37 125 3 5603 2.039332665
41 37 3 40844 2.039333552
155 163 3 50022 2.039337375
48 158 3 48977 2.039343435
10 77 3 12512 2.039347573
122 117 3 181582 2.039356635
189 198 3 21161 2.039357056
2 11 3 146099 2.039358699
6 12 3 49137 2.039361807
49 43 3 259 2.039362153
190 148 3 8116 2.039365642
112 10 3 66860 2.039368811
81 75 3 28647 2.039371728
121 113 3 79427 2.039373836
148 85 3 1118466 2.039376063
49 43 3 723180 2.039382043
163 155 3 4255567 2.039382509
50 39 3 159460 2.039382815
74 86 3 31871 2.039384827
149 155 3 40070 2.039386159
198 149 3 4117173 2.039391032
88 84 3 11497 2.039408659
199 185 3 482680 2.03940989
46 157 3 25017 2.039415218
190 193 3 66733 2.039421767
189 187 3 186435 2.039428668
120 121 3 135160 2.03942948
82 83 3 367 2.039433486
121 160 3 1449151 2.039441187
52 161 3 39233 2.039448681
161 113 3 63305 2.039450999
81 112 3 3543 2.039456295
120 117 3 17240 2.039458005
152 162 3 1776022 2.039460118
124 123 3 472769 2.03946415
116 121 3 58584 2.039466265
79 80 3 1429 2.039469898
4 15 3 1439675 2.039471495
51 39 3 36511 2.039475427
42 50 3 177089 2.039476071
118 115 3 1501447 2.039478936
114 122 3 2891 2.0394807
44 42 3 73541 2.039482453
46 75 3 9176 2.039486302
15 9 3 3867591 2.039498302
87 80 3 6661498 2.039498485
197 44 3 23052 2.039500823
150 157 3 3383382 2.039503692
155 150 3 76790 2.039504772
113 111 3 22767 2.039510491
37 43 3 75732 2.039514933
198 191 3 26703 2.039518168
83 199 3 65265 2.039518723
3 11 3 21401 2.039522175
116 156 3 30720 2.039522302
197 195 3 51765 2.039522335
122 119 3 40175 2.039524436
158 153 3 941133 2.039525021
13 2 3 150265 2.03952583
126 111 3 1701288 2.039527435
185 191 3 14659 2.039531765
3 89 3 1283872 2.039532523
84 88 3 3386695 2.039533282
8 15 3 18467 2.039538724
156 150 3 525805 2.039540175
7 8 3 9547 2.039545954
85 80 3 3841254 2.039548152
49 44 3 4408122 2.039549394
52 83 3 850833 2.039551002
77 89 3 196799 2.039553733
39 192 3 20906 2.039554313
192 189 3 47946 2.039558521
45 5 3 23265 2.039563723
42 38 3 41913 2.03956407
189 195 3 16868 2.039564502
192 187 3 1052692 2.039574641
9 5 3 4355 2.039583638
188 187 3 26615 2.039583783
117 125 3 54022 2.039584282
198 160 3 16609 2.039584437
88 74 3 714061 2.039586677
89 83 3 25409 2.039588703
197 200 3 627983 2.039590478
198 88 3 1011 2.03959141
197 161 3 123655 2.039592033
0 81 3 6349542 2.039592749
7 125 3 18121754 2.039599202
44 51 3 6872485 2.039600974
7 11 3 29200 2.039601176
197 84 3 100582 2.039603855
190 149 3 1630197 2.039608708
74 76 3 46924 2.039612306
161 7 3 601466 2.039612507
192 189 3 26614 2.039613352
12 126 3 7861 2.039619769
77 87 3 79113 2.039624352
50 154 3 8566 2.039624446
120 114 3 19629 2.039626608
84 89 3 17827 2.039628218
43 46 3 6221314 2.039630571
118 116 3 20800 2.039632329
85 77 3 1823884 2.039637648
4 80 3 40679 2.039639013
76 79 3 61417 2.039639196
88 81 3 7330 2.039644197
186 197 3 39425 2.039646028
188 195 3 19475565 2.039655789
13 10 3 5929 2.039660994
149 162 3 4398789 2.039662155
200 187 3 8414 2.039663993
45 38 3 20984 2.039665146
48 47 3 19175 2.039665196
79 75 3 1922509 2.039670065
49 1 3 2715135 2.039671193
50 81 3 56741 2.039671886
153 150 3 2309474 2.039676721
38 39 3 12374601 2.039681823
162 160 3 662700 2.039683536
38 88 3 13162 2.039683972
185 190 3 42503 2.039690661
10 196 3 46379 2.039693378
161 46 3 24157253 2.039710714
85 158 3 1494365 2.03971148
187 199 3 21416 2.039719258
116 121 3 28856 2.039719938
10 13 3 55534 2.039723492
10 5 3 568882 2.039724676
37 49 3 9121398 2.039726737
12 81 3 5429 2.03973802
46 153 3 4971 2.039743886
4 112 3 832909 2.03974452
11 12 3 1231894 2.039746246
153 152 3 73130 2.039757269
157 159 3 4538168 2.039758386
9 1 3 4995561 2.039758675
191 195 3 116434 2.039759155
192 89 3 25648 2.039761494
6 13 3 25883 2.039774703
117 84 3 10473 2.039774935
52 42 3 487269 2.039776762
158 48 3 20346 2.039778299
2 7 3 4559444 2.039779919
125 112 3 1424381 2.03978052
4 15 3 20264 2.039781337
119 112 3 328463 2.0397817
82 79 3 1892109 2.039783032
162 159 3 2911 2.039788369
51 41 3 780220 2.039788426
159 148 3 326913 2.039791568
81 47 3 5351 2.039794774
157 156 3 790 2.039795128
187 193 3 2183 2.039795712
81 88 3 1033 2.039797665
156 160 3 1152801 2.039800227
195 158 3 30797 2.039805463
189 152 3 25958 2.039808329
198 149 3 25985 2.039816973
196 187 3 169297 2.039817207
10 89 3 1276222 2.039818083
160 152 3 3333894 2.039819429
121 126 3 30068 2.039824706
9 160 3 1130388 2.039838668
48 42 3 3063681 2.039839049
12 9 3 1897593 2.039840549
126 118 3 39213 2.039842163
37 39 3 51213 2.039843962
125 112 3 170383 2.039850808
186 189 3 2606715 2.039861275
44 41 3 27515 2.039865136
3 13 3 550484 2.039866271
117 115 3 4055965 2.039866363
114 112 3 47801 2.039866907
196 188 3 59034 2.039870593
198 200 3 8179 2.039875707
193 10 3 27731 2.039876177
126 121 3 2573863 2.039879716
43 187 3 184414 2.039880743
199 187 3 21559 2.039881123
52 160 3 1508635 2.039881151
112 123 3 10003433 2.039883821
161 0 3 1082163 2.039884806
3 2 3 2907594 2.039904519
47 49 3 68250 2.039906568
44 42 3 25917 2.039907234
199 191 3 5717406 2.039908963
124 119 3 3124581 2.039913812
7 191 3 42932 2.03991417
185 192 3 53539 2.039916259
7 84 3 5803 2.039918374
118 125 3 1887223 2.039919446
88 44 3 24559 2.039920279
162 156 3 33992 2.039920346
15 7 3 4724299 2.039925167
14 9 3 66043 2.039925334
116 126 3 128544 2.039927841
120 121 3 24840 2.039929962
7 13 3 4159947 2.03993275
52 43 3 8498587 2.039935981
159 162 3 9103 2.039941006
8 120 3 70112 2.039943885
153 149 3 23655 2.039945035
113 115 3 598686 2.039946665
80 79 3 1801 2.039947102
158 162 3 73118 2.039948
50 44 3 1643537 2.039953753
88 79 3 72419 2.039959053
123 80 3 63114 2.039960647
47 52 3 1309890 2.039964114
80 74 3 3993892 2.039965788
192 46 3 154287 2.039965946
4 2 3 827 2.039971927
191 197 3 4016590 2.039977391
198 196 3 1866600 2.039994398
15 4 3 1598111 2.039996539
194 193 3 2110 2.039997671
86 80 3 5151452 2.040004275
14 13 3 28303 2.040005464
3 1 3 967151 2.040005609
159 157 3 45576 2.040020998
160 1 3 640166 2.040021427
76 89 3 161414 2.040032181
51 37 3 64624 2.040034245
115 118 3 17353752 2.040034943
114 112 3 8930428 2.040049518
150 160 3 287793 2.040054312
87 86 3 7139760 2.040056483
189 158 3 33416 2.040062935
43 45 3 4960700 2.040065307
161 187 3 20603 2.040066701
44 45 3 360114 2.040068409
116 194 3 7636 2.040070719
117 119 3 63766 2.040075059
41 49 3 1453504 2.040080441
85 155 3 24311 2.040081544
5 6 3 3677 2.040081942
193 187 3 7745090 2.040084193
193 200 3 22380250 2.040085113
155 163 3 56521 2.040088441
115 126 3 56703 2.040093196
200 158 3 747969 2.040095993
4 2 3 2548014 2.040099926
88 79 3 12211 2.040102892
11 125 3 1585033 2.040105514
114 112 3 29496 2.040105732
88 87 3 24212 2.040108865
196 185 3 25507 2.040111008
155 150 3 943080 2.040115714
85 78 3 133673 2.04011647
48 46 3 4098 2.040118097
160 163 3 3040 2.040119017
11 14 3 64427 2.040121968
151 155 3 115723 2.040127496
12 15 3 28963 2.040132172
195 196 3 25801 2.040136106
52 37 3 14038 2.040137609
195 112 3 5666 2.040140593
78 45 3 1531272 2.040145965
199 161 3 49858 2.040148322
84 82 3 79582 2.040148865
152 158 3 6241783 2.040149151
11 12 3 36781 2.04015223
160 155 3 68991 2.040153345
81 82 3 6246 2.04016196
81 118 3 1784398 2.040161974
51 46 3 11934 2.040165568
198 194 3 29223 2.040167553
4 186 3 2180665 2.040171225
6 113 3 31330 2.040174704
75 86 3 3324 2.040174982
86 45 3 1438423 2.040177851
45 50 3 1257252 2.040181036
121 112 3 20462 2.04018245
86 155 3 18678 2.040191236
11 13 3 6733788 2.040197275
9 1 3 22809356 2.040199539
46 85 3 3168911 2.04019996
89 79 3 7406741 2.040202392
52 39 3 160923 2.040210585
39 45 3 4795769 2.040214137
41 45 3 32268 2.040215655
11 126 3 54703 2.040218061
86 84 3 526189 2.0402184
38 88 3 4249907 2.040221742
39 125 3 104298 2.040227616
120 114 3 168663 2.040235406
198 191 3 5129 2.040235821
45 162 3 4771847 2.040236091
2 13 3 214045 2.040240202
7 15 3 46020 2.040241382
37 52 3 3888031 2.040244505
5 6 3 880758 2.040244854
82 86 3 3006255 2.040248875
111 124 3 186597 2.040250975
11 114 3 7050 2.0402512
75 89 3 110275 2.040253712
0 75 3 9674 2.040254601
186 196 3 2055124 2.040266773
115 125 3 1363802 2.040268042
0 11 3 59263 2.040268109
194 150 3 3194 2.040268813
155 154 3 9349164 2.040269034
155 159 3 5426070 2.040269396
162 149 3 963047 2.040269917
51 46 3 372881 2.040282165
11 14 3 68347 2.040284413
8 10 3 303968 2.040286928
191 119 3 54678 2.040290912
162 153 3 39204 2.040293625
89 195 3 2449920 2.040294479
191 74 3 38265 2.040295629
188 196 3 2132629 2.040296523
149 153 3 18988 2.040302884
152 187 3 3661 2.040305501
75 76 3 282929 2.040306797
0 9 3 3827835 2.040306947
79 12 3 800165 2.040308422
121 116 3 181252 2.04030985
77 81 3 48946 2.040310381
115 126 3 54416 2.040312174
9 1 3 10555 2.040315954
87 78 3 827652 2.040317673
3 76 3 574187 2.040327009
114 46 3 9315068 2.040332924
126 114 3 27702731 2.040335995
191 190 3 1026671 2.040337814
6 75 3 2728 2.040352187
3 86 3 46501 2.040352501
10 124 3 2334197 2.04035809
80 79 3 21202 2.040358238
46 45 3 932952 2.040359285
119 116 3 20510 2.040372769
44 163 3 5937939 2.040372838
116 114 3 22776 2.040373037
43 51 3 1889804 2.040373875
197 198 3 23384 2.040374616
126 148 3 8644258 2.040374778
150 187 3 1106730 2.040378115
8 0 3 1518551 2.040388337
80 89 3 228660 2.040392851
10 8 3 9975 2.040392963
5 89 3 137546 2.04039509
5 15 3 7148384 2.040395495
156 150 3 715518 2.040398804
113 126 3 3545189 2.040401095
186 82 3 779845 2.040405786
111 126 3 1688330 2.040409562
113 120 3 1044202 2.040418614
151 157 3 288 2.040424119
196 158 3 4268911 2.040424951
49 43 3 7462883 2.040428435
11 4 3 177893 2.040428799
190 193 3 397651 2.040429691
14 80 3 52645 2.040429886
42 118 3 29267 2.040432402
111 41 3 7472279 2.040433286
89 190 3 9976646 2.040438553
47 48 3 62355 2.040438775
79 82 3 829478 2.040439629
189 187 3 33150 2.040439859
75 197 3 9340956 2.040443909
40 43 3 175705 2.040455699
39 48 3 2582432 2.040458166
48 186 3 27636925 2.040461215
2 74 3 62454 2.040463839
154 151 3 2620372 2.040464995
82 89 3 8981 2.0404684
37 48 3 55527 2.040474623
4 3 3 58138 2.040474794
150 153 3 124905 2.040492993
120 118 3 42354 2.04049842
125 115 3 1049529 2.040500198
155 150 3 9218615 2.040503001
186 185 3 26745 2.040503733
89 82 3 39301 2.040504063
186 185 3 11848 2.040504731
44 40 3 22272 2.040506633
40 45 3 204328 2.040507159
15 123 3 4827925 2.040508773
8 10 3 5783 2.040511983
14 118 3 26773 2.040525355
162 1 3 37178 2.040525557
0 4 3 9852 2.040528987
191 192 3 26841 2.040531116
112 49 3 333747 2.040535269
122 1 3 16468 2.04053544
44 40 3 3953412 2.040538907
120 112 3 2532 2.040539169
82 122 3 1578 2.040544555
1 11 3 73747 2.040544567
82 87 3 704777 2.040544851
76 80 3 9021883 2.040545098
121 124 3 1367024 2.040547188
50 44 3 1250264 2.040548725
9 79 3 2339842 2.040548797
10 6 3 21257 2.040551813
45 162 3 857455 2.040552998
87 75 3 5795 2.040560735
13 4 3 61400 2.040564346
193 196 3 55921 2.040570164
79 81 3 6442 2.040570737
47 157 3 33321 2.040571874
9 11 3 40277 2.040575693
49 160 3 254898 2.040576262
85 87 3 25978 2.040580449
13 14 3 7956 2.040583306
124 126 3 148052 2.040586646
74 80 3 45722 2.040586657
191 153 3 94674 2.040594709
152 159 3 53574 2.040595195
126 123 3 26244 2.040599177
112 120 3 1951 2.040603082
85 84 3 38647 2.040609465
3 153 3 66032 2.040622929
186 8 3 34193 2.040625296
186 187 3 173712 2.040628013
77 80 3 61858 2.040631649
10 112 3 15023709 2.040631679
193 199 3 46496 2.040634232
115 117 3 1624958 2.040635258
123 116 3 61823 2.040637966
197 163 3 8090 2.040640435
40 89 3 58337 2.040643767
38 126 3 40285 2.040661435
114 37 3 3299157 2.040664932
77 85 3 8373909 2.040665526
9 1 3 360842 2.040666585
122 74 3 49119 2.040668583
10 1 3 4632 2.040671754
5 50 3 231681 2.040681097
82 84 3 68623 2.04068479
7 78 3 54531 2.040689529
153 6 3 7731976 2.040697955
84 77 3 634789 2.040701985
113 124 3 4839419 2.040704683
14 74 3 498719 2.040711561
87 81 3 77 2.040712308
125 78 3 699399 2.040715829
194 161 3 3511275 2.040720833
75 74 3 1850663 2.040727739
50 52 3 9237285 2.040736061
195 81 3 6500710 2.040748395
155 158 3 27499 2.04074884
5 1 3 384 2.040756162
150 156 3 140646 2.040758054
152 157 3 71133 2.040763123
10 7 3 12983 2.040764207
11 1 3 62143 2.040771736
195 190 3 3136 2.040776106
148 158 3 129500 2.040780947
126 113 3 50810 2.040790148
77 81 3 5555959 2.040790159
2 3 3 39885 2.0407924
84 77 3 99637 2.040796328
84 75 3 28454 2.040800712
5 149 3 38276 2.04080113
189 199 3 7858 2.040801477
195 158 3 27482390 2.040802692
148 163 3 3875 2.040803163
148 155 3 3141 2.040806524
6 1 3 6720598 2.040808371
84 81 3 1355278 2.040808696
191 196 3 4124730 2.040810068
46 157 3 1061109 2.040812571
200 185 3 27021 2.040812975
194 200 3 603 2.040816926
187 192 3 3561 2.040822785
194 48 3 736 2.040824459
193 200 3 9080331 2.040825542
162 152 3 65464 2.04082762
126 74 3 64519 2.040831356
160 3 3 61215 2.040832304
5 7 3 3030 2.040832751
161 155 3 1011 2.040842054
6 44 3 1308187 2.040842752
41 42 3 27065 2.040847274
13 121 3 7456719 2.040852018
6 8 3 37208 2.040852249
154 111 3 459139 2.04085405
87 85 3 1576703 2.040864695
8 13 3 5301227 2.040867345
45 44 3 66991 2.040869772
13 149 3 792627 2.040871411
161 153 3 1183888 2.040872198
186 196 3 29293 2.040875753
2 4 3 920996 2.040877693
89 48 3 888771 2.040879211
196 198 3 8261100 2.040879991
37 50 3 4244859 2.040880103
44 156 3 78177 2.040883137
13 116 3 27573 2.04088534
4 7 3 28529 2.040891994
161 160 3 1039179 2.040893358
157 155 3 2663088 2.040894183
116 122 3 15856 2.040894854
185 198 3 3207616 2.040907735
124 13 3 99506 2.040911109
185 44 3 4614244 2.040913494
3 118 3 75768 2.040919791
163 158 3 46992 2.040923479
188 157 3 3615485 2.040927318
191 185 3 77179 2.040937725
116 122 3 50629 2.040938659
14 11 3 25628 2.040947701
15 2 3 7647 2.040953144
185 200 3 3645322 2.040960227
76 79 3 27052 2.040965266
81 49 3 8593858 2.040966888
185 149 3 320648 2.040970333
191 199 3 46939 2.040973019
185 196 3 3188676 2.040977025
190 188 3 42913 2.040979115
155 150 3 48058 2.040983298
161 126 3 2002 2.040986911
7 2 3 66383 2.040987203
51 12 3 5990862 2.040987309
40 45 3 532626 2.040993358
81 4 3 6809222 2.040998638
52 40 3 971160 2.041002241
159 163 3 4734204 2.041002423
199 197 3 289634 2.041008213
84 81 3 177640 2.04101227
155 156 3 27986 2.041019954
159 149 3 224752 2.041023136
85 86 3 2929 2.041023795
188 193 3 620013 2.041023873
89 83 3 68916 2.041025247
9 10 3 8953347 2.041028067
125 120 3 171735 2.041029175
40 42 3 1122568 2.041030194
11 84 3 33173 2.041030959
45 74 3 636376 2.041034073
117 122 3 2817 2.04103642
120 151 3 4673802 2.041038282
121 126 3 57200 2.041038837
76 81 3 25122 2.041041739
188 198 3 15774 2.041042387
187 150 3 4621 2.04104308
50 13 3 119719 2.041043609
154 15 3 938021 2.04104434
43 41 3 43065 2.041047558
41 149 3 1403508 2.041049247
126 88 3 46170 2.041052126
160 50 3 1127248 2.041052816
119 111 3 128955 2.041053005
83 75 3 21055282 2.041057586
192 193 3 41499 2.041064995
121 113 3 43797 2.041065813
189 197 3 5223374 2.041070696
52 44 3 34804 2.041071726
0 10 3 199811 2.041083491
87 78 3 46995 2.041086031
7 75 3 49861 2.041086091
89 75 3 2880762 2.041088028
159 151 3 64207 2.041089102
120 124 3 6407118 2.041089992
80 112 3 50150 2.041091392
7 85 3 22067 2.041094356
75 191 3 1842898 2.041097259
114 119 3 452758 2.041101019
37 48 3 5655274 2.041107423
39 37 3 8569003 2.041111392
11 7 3 42631 2.041114736
4 13 3 5156273 2.041117592
111 126 3 1032201 2.041120791
197 186 3 199230 2.041124329
48 42 3 10639 2.04113968
42 161 3 1870862 2.041148377
89 82 3 9078 2.041151874
111 47 3 32519 2.041159494
12 80 3 29392 2.041160315
14 9 3 66766 2.041161759
197 159 3 885 2.04116338
122 126 3 97319 2.041165081
4 89 3 106417 2.041170927
14 2 3 37212 2.041172888
89 76 3 9602 2.041174372
120 125 3 4949968 2.04118106
156 191 3 34606 2.041186817
88 152 3 40740 2.041187162
83 81 3 73313 2.04119046
81 157 3 244969 2.04119705
126 125 3 1590900 2.041197257
161 154 3 1506048 2.041198297
51 50 3 7711728 2.041202624
8 12 3 66016 2.041202757
160 151 3 5212804 2.041204764
10 150 3 1221723 2.041217671
163 154 3 8330792 2.041223534
149 160 3 2310316 2.041225045
10 14 3 691305 2.041227133
115 118 3 237397 2.041233392
15 10 3 6881777 2.041238695
0 112 3 4024 2.041241795
151 149 3 3521105 2.041246628
48 41 3 46919 2.041246826
191 187 3 25208 2.041247539
3 6 3 3286125 2.041248584
126 120 3 65027 2.041249536
49 42 3 2497761 2.041249655
154 43 3 2618935 2.041253489
80 85 3 21215 2.041257186
157 80 3 23898 2.041260902
3 86 3 424389 2.041268972
14 126 3 748244 2.041275073
159 193 3 19378980 2.041275217
150 148 3 12566 2.041277617
76 89 3 3069761 2.041284441
114 121 3 51327 2.041284548
14 3 3 1525724 2.04129255
120 118 3 7799143 2.041297136
119 115 3 4807809 2.041300488
191 199 3 62061 2.041301098
125 122 3 5261307 2.041301382
11 15 3 25898 2.041307872
155 158 3 1730232 2.041313828
159 155 3 77539 2.041318584
80 79 3 1097469 2.041332887
186 196 3 1580370 2.041338193
186 188 3 9574516 2.041339346
188 149 3 1325437 2.041342309
85 82 3 60666 2.041343514
52 148 3 5097867 2.041351477
149 152 3 5366800 2.041358097
1 119 3 4319169 2.041358546
122 9 3 119650 2.041360952
50 159 3 1043741 2.041361414
50 85 3 7023198 2.041371862
4 85 3 47264 2.041372441
79 81 3 1548 2.041375522
3 124 3 4370100 2.041377973
119 112 3 42600 2.041379953
124 84 3 7313 2.041383735
199 191 3 2119 2.041389939
195 124 3 7661118 2.041396888
194 185 3 7895 2.041400083
51 44 3 536 2.041400538
125 112 3 4634402 2.041410004
4 43 3 15768 2.041412884
7 50 3 9570120 2.041419644
7 2 3 330 2.041422917
121 191 3 3068 2.041439708
159 198 3 656009 2.041441166
13 0 3 61639 2.041447573
188 2 3 130597 2.041451031
76 49 3 2051283 2.041451535
126 124 3 48138 2.041453426
52 185 3 1819131 2.041459776
119 120 3 31338 2.041462225
12 9 3 155163 2.041465214
124 112 3 6256744 2.04146954
42 41 3 33031 2.04147114
46 41 3 2545443 2.041473594
191 197 3 134355 2.041475538
12 5 3 6980 2.041479433
111 114 3 71476 2.041484588
118 122 3 5802 2.041484978
8 13 3 4271684 2.041488522
113 112 3 68481 2.041489814
78 74 3 1639639 2.041494649
9 12 3 25874 2.041497127
41 46 3 9168 2.04149918
4 154 3 9653 2.041499199
6 3 3 106376 2.041500205
6 186 3 1896138 2.041502621
3 1 3 40706 2.041506336
50 155 3 27769 2.041509222
154 161 3 880519 2.041512089
83 153 3 27023185 2.04151347
116 121 3 12601541 2.041516883
89 188 3 43479 2.041519032
86 87 3 33567 2.041519288
38 39 3 23742 2.041519378
74 120 3 8289 2.041522285
2 84 3 383 2.041522796
185 188 3 654307 2.041524877
2 115 3 834685 2.041532596
158 199 3 3733 2.041535696
14 81 3 22288 2.041537253
117 114 3 28359 2.041538046
6 4 3 905709 2.041541941
124 118 3 720661 2.041547117
114 115 3 3793649 2.041549293
162 157 3 28756 2.041556405
46 114 3 1268444 2.041558564
13 4 3 55755 2.041558593
124 116 3 627074 2.041560458
7 11 3 21593 2.041569737
49 88 3 104 2.041570796
116 113 3 63999 2.041572179
14 9 3 9126 2.041573327
83 75 3 1913506 2.041574313
158 51 3 39126 2.041579154
152 186 3 332206 2.041582394
120 121 3 33219 2.041585638
194 185 3 45156 2.041588055
151 158 3 69153 2.04159007
78 198 3 8281383 2.041596402
185 187 3 24105 2.041607428
0 89 3 13704 2.041608725
196 187 3 26159 2.041613538
151 150 3 1175 2.04161832
151 197 3 14732 2.041620075
1 12 3 25398 2.041620516
150 163 3 11450 2.041624277
10 78 3 9937284 2.041632998
116 115 3 27302 2.041635484
152 49 3 172070 2.041641733
193 162 3 2441124 2.041646472
195 86 3 9516 2.041646869
1 9 3 23989 2.041655715
42 47 3 3828002 2.041658604
50 44 3 230 2.041662412
6 51 3 152028 2.041666556
85 87 3 8868597 2.041668253
42 48 3 50773 2.041672245
190 199 3 189622 2.041678995
192 195 3 2968758 2.041681901
43 80 3 59540 2.04168226
190 200 3 3668 2.041683212
161 38 3 49000 2.041683258
149 150 3 1344514 2.041686518
49 148 3 1355382 2.041703815
123 117 3 991322 2.041705003
189 193 3 1165404 2.04170857
163 155 3 33202 2.041709046
126 42 3 60836 2.041710662
10 12 3 406 2.041713185
51 38 3 1072776 2.041714153
154 158 3 1504049 2.04171709
162 158 3 21017 2.041719103
200 189 3 4129804 2.041726866
158 163 3 501024 2.04172889
81 89 3 2006882 2.041729963
13 2 3 9640 2.04174477
115 39 3 154792 2.041744772
52 50 3 60051 2.041747145
196 46 3 28425 2.041750485
156 158 3 40484 2.041754363
7 11 3 1069111 2.041757055
155 148 3 13916 2.041758179
119 111 3 4050178 2.041758797
198 186 3 22929 2.041766617
113 111 3 5525530 2.041767515
77 80 3 78216 2.041771993
6 200 3 858441 2.0417757
154 152 3 1670923 2.041775882
43 151 3 46582 2.041776659
40 47 3 49495 2.041780477
151 112 3 3414236 2.041781084
154 163 3 40031 2.041788508
45 51 3 47057 2.041795543
49 52 3 187505 2.041799257
186 15 3 29363 2.041803527
118 120 3 855398 2.041812434
117 112 3 20141527 2.041816585
121 77 3 24744 2.041817759
154 151 3 86697 2.041818148
1 11 3 512029 2.041827267
52 50 3 28407 2.041830873
157 188 3 224 2.041836255
187 190 3 7186 2.041838569
189 162 3 4424401 2.041839293
124 120 3 21703 2.041841156
50 43 3 33286 2.041843483
117 118 3 3100519 2.041846383
0 87 3 5663 2.041847553
74 42 3 21058 2.041848866
185 189 3 24379 2.041850356
149 191 3 520147 2.041850482
82 52 3 22130613 2.04185202
15 89 3 21279122 2.041853475
1 14 3 1466850 2.041857495
195 158 3 24149 2.041862142
117 126 3 25722349 2.041862267
125 118 3 59307 2.041864389
112 15 3 1311742 2.041864641
200 197 3 6367 2.041877733
113 117 3 8048 2.041885431
158 152 3 35273 2.041890481
112 119 3 42909 2.041898285
10 89 3 1850489 2.041902982
51 50 3 1960391 2.041914579
51 149 3 756805 2.041921252
85 89 3 4698594 2.041921383
83 80 3 81866 2.041925174
51 111 3 22185 2.041929441
118 116 3 27283 2.041930983
0 78 3 1375 2.041934419
8 81 3 41033 2.041939694
120 124 3 16449 2.041945021
148 163 3 5973431 2.041956162
39 42 3 124577 2.041965274
161 200 3 500037 2.041966022
51 37 3 1224095 2.0419781
189 200 3 10131 2.041982769
42 14 3 8582743 2.041982974
52 42 3 59499 2.041983376
156 154 3 1300835 2.041984406
48 46 3 593134 2.041985015
185 197 3 6441745 2.041986512
186 185 3 7630 2.041994167
186 111 3 206337 2.041999242
39 44 3 7841832 2.042003745
50 46 3 12962009 2.042006332
112 123 3 1496152 2.042006966
74 85 3 9330370 2.042008725
89 75 3 1346993 2.042009083
152 189 3 65816 2.042012769
123 115 3 849930 2.042013309
14 188 3 42555 2.042018204
84 75 3 24661 2.042020907
163 190 3 4182 2.042020978
82 83 3 42567 2.042022704
196 157 3 8344 2.042026336
152 84 3 2131086 2.042028137
76 74 3 55093 2.042040284
153 149 3 24985 2.042044489
75 80 3 510798 2.04204549
49 158 3 1183189 2.042048825
196 193 3 62766 2.042051256
47 43 3 3110089 2.042054024
3 126 3 107427 2.04205716
87 80 3 3711216 2.042059131
12 121 3 9591677 2.042060777
155 125 3 140103 2.042063205
82 75 3 9660020 2.04206887
7 84 3 30761 2.042074266
2 7 3 642047 2.042077483
199 200 3 180427 2.04207838
0 1 3 12450 2.04208203
187 46 3 20617 2.042082688
193 188 3 108814 2.042085377
49 40 3 5649998 2.042087723
157 159 3 6101291 2.042087782
14 3 3 4222 2.042094074
8 9 3 182154 2.042096699
37 157 3 26308 2.042101811
150 151 3 5788997 2.042103249
196 151 3 18752 2.042103519
119 124 3 18257 2.042109041
5 190 3 801229 2.042109454
197 196 3 6366422 2.042109923
120 114 3 7379 2.042110297
117 126 3 30107 2.042112458
116 115 3 67081 2.042115183
86 81 3 48890 2.042116804
198 3 3 6703 2.042117167
198 78 3 36719 2.042117977
37 44 3 29165 2.042118566
196 115 3 5743589 2.042120161
112 116 3 5607327 2.042128383
0 3 3 9234 2.042130111
78 76 3 133879 2.04213259
187 153 3 57362 2.04213398
48 52 3 112620 2.042158805
89 88 3 3931899 2.042159522
194 186 3 3395404 2.042162019
199 185 3 51260 2.042163873
192 198 3 88549 2.042167834
51 47 3 73078 2.042169513
5 9 3 99210 2.042173737
197 89 3 1000465 2.042174044
45 44 3 26947 2.042174364
149 188 3 2934166 2.042179774
191 197 3 9361967 2.042182645
194 9 3 4795588 2.042187719
6 15 3 16703 2.042187847
78 82 3 817 2.042195753
125 117 3 30447 2.04219614
0 14 3 2625 2.042199686
196 156 3 2815665 2.04219994
42 43 3 8431353 2.042201341
192 190 3 8830 2.042203375
87 86 3 29063 2.042205727
123 117 3 11648 2.042206445
112 158 3 13140 2.042207097
194 154 3 53784 2.042208913
87 86 3 2872 2.042208951
185 188 3 56288 2.042226773
12 5 3 2015 2.042230539
13 1 3 13624 2.042232831
80 76 3 39132 2.042237154
159 148 3 8473 2.042241507
114 111 3 733240 2.04224221
151 160 3 11531 2.042244337
153 149 3 838823 2.042244431
81 13 3 54841 2.042246827
150 158 3 365838 2.04224992
160 161 3 25299 2.042253011
198 148 3 587454 2.042253294
162 155 3 6086 2.042259577
49 1 3 12263 2.042261327
193 192 3 576545 2.04226449
125 152 3 2012238 2.042265958
10 1 3 1993271 2.042273056
198 186 3 27261 2.042278444
85 77 3 33661 2.042278678
195 200 3 6850 2.042281896
111 112 3 47031 2.04228576
39 190 3 892130 2.042289303
39 52 3 26365 2.042291409
113 120 3 38105 2.042298862
126 117 3 40213 2.042305573
79 86 3 179688 2.042312685
10 7 3 70171 2.042316891
4 15 3 1794500 2.042318217
10 0 3 1217149 2.042325102
162 121 3 71356 2.042325287
89 83 3 171379 2.042331445
11 0 3 53707 2.04234108
190 156 3 2202261 2.042350261
50 41 3 24523 2.0423533
10 13 3 15429 2.042355177
15 5 3 47099 2.042356487
75 44 3 239155 2.042356668
7 111 3 70789 2.042357316
119 126 3 922499 2.042359083
9 11 3 26256 2.042359235
4 15 3 79876 2.042359949
6 1 3 142595 2.042360076
115 114 3 177402 2.042362993
40 39 3 7784 2.042373097
163 158 3 4022854 2.042374537
195 185 3 476057 2.042375143
4 162 3 948279 2.042379929
115 149 3 2563570 2.042403314
191 189 3 166754 2.042404219
13 12 3 51475 2.042404227
199 77 3 906518 2.04240836
0 2 3 441150 2.042414059
148 161 3 1783292 2.042414862
49 43 3 26002 2.042415267
37 38 3 1960826 2.042421063
52 47 3 9943666 2.042421611
46 47 3 117400 2.04242465
185 199 3 52480 2.042426289
48 39 3 3181 2.042429062
75 161 3 739292 2.042430652
154 150 3 43929 2.042440623
159 152 3 1472239 2.042443112
11 3 3 3496 2.042445606
84 89 3 76615 2.042448226
42 153 3 65571 2.042451261
151 153 3 17781 2.042451613
85 86 3 115151 2.042452068
113 118 3 26080 2.042455763
75 84 3 10067 2.042459452
114 122 3 5109076 2.042460247
113 191 3 28250 2.042462088
4 87 3 9800 2.042466614
48 192 3 3505 2.042476898
40 153 3 41332 2.042481658
187 89 3 25407 2.042485052
199 161 3 71371 2.042487717
74 85 3 145023 2.04249228
74 88 3 71336 2.042493176
41 158 3 4569164 2.042497078
116 114 3 9549 2.042501189
119 113 3 19479 2.042504899
5 86 3 75966 2.042506536
156 151 3 59479 2.042509185
190 151 3 3337778 2.042510066
200 80 3 42447 2.042516547
42 1 3 3773 2.042517189
46 43 3 1719697 2.042523345
119 122 3 40415 2.042524101
155 192 3 26122786 2.042525136
160 159 3 2658 2.042527741
154 153 3 329671 2.042530536
121 111 3 79015 2.042530762
161 162 3 9441224 2.042532722
155 157 3 78569 2.04253442
150 163 3 76291 2.042535323
124 123 3 4869356 2.042535336
38 49 3 49350 2.042539356
198 158 3 1321336 2.042557003
42 37 3 1706472 2.042560278
46 192 3 175244 2.042566978
42 118 3 3250276 2.042567161
87 78 3 677043 2.042567591
43 155 3 33761 2.042568736
77 187 3 1234 2.042570341
156 199 3 66580 2.042576944
74 154 3 30272 2.042578105
8 10 3 70504 2.042578341
44 162 3 15690 2.042581492
14 13 3 4630790 2.042582848
87 79 3 7795 2.042584199
193 191 3 6961 2.042584458
13 123 3 7357 2.042586159
112 123 3 247048 2.042587241
47 37 3 1407297 2.042593897
195 89 3 71211 2.042595742
8 78 3 76237 2.042595946
46 52 3 1926171 2.042605168
89 158 3 16742 2.0426073
12 15 3 11048027 2.042610902
87 83 3 6185396 2.042613949
156 155 3 817794 2.04261613
14 112 3 2259797 2.04261967
117 14 3 51326 2.042624824
43 40 3 7459 2.042630523
186 191 3 38024 2.042638529
111 199 3 37494 2.04263948
42 44 3 40048 2.042639705
87 77 3 6803637 2.042645145
156 41 3 28251 2.042645228
196 189 3 23080 2.042646373
198 197 3 676157 2.042656754
81 86 3 3394358 2.042658924
43 40 3 539841 2.042673812
75 82 3 3885483 2.042674646
50 39 3 3073950 2.042680915
186 155 3 7669316 2.042696232
4 0 3 327387 2.042696702
186 195 3 4934 2.042698264
38 48 3 11733 2.042699981
44 46 3 1045 2.042706423
114 122 3 26174 2.042707682
123 112 3 666408 2.042707979
154 198 3 1855879 2.042711997
81 119 3 74105 2.042718761
196 75 3 61714 2.042720958
163 153 3 48596 2.042726674
75 87 3 21917009 2.042726781
195 193 3 919861 2.042730149
114 116 3 31305 2.042739839
5 15 3 366312 2.042741617
152 161 3 140003 2.042743253
160 163 3 1316336 2.042746916
83 76 3 1421489 2.042750266
192 185 3 10791 2.042755633
76 88 3 58968 2.042766336
149 47 3 74397 2.042766666
48 49 3 1409298 2.042772205
83 14 3 18405 2.042777034
51 37 3 6029 2.042780049
197 14 3 1652606 2.042784371
77 79 3 982317 2.042789435
115 125 3 7382385 2.042793925
89 40 3 759821 2.042800188
159 154 3 70939 2.0428019
192 194 3 51946 2.042802104
50 152 3 17633 2.04280312
87 75 3 62063 2.042803927
120 0 3 5159086 2.042806168
194 192 3 153679 2.042809121
157 149 3 1611 2.042810341
12 152 3 16614 2.042810654
43 38 3 8155052 2.042814008
185 77 3 28905 2.042816964
159 149 3 486732 2.042820439
118 154 3 1256897 2.042824257
163 193 3 2240032 2.042826424
190 158 3 22704408 2.042828638
14 6 3 533011 2.042836681
10 8 3 425 2.04283863
113 124 3 23630 2.042840222
40 49 3 8199090 2.042842805
124 114 3 4395362 2.042844447
112 120 3 7286832 2.042845642
49 42 3 4551384 2.042850707
46 39 3 15979 2.042852839
119 158 3 29841 2.042859785
38 3 3 4460104 2.042864322
42 155 3 3957234 2.042866189
37 45 3 5765193 2.042870626
158 195 3 801901 2.042873898
45 13 3 25231 2.042874022
159 192 3 29904 2.04287606
160 3 3 20134 2.042877251
158 150 3 31085 2.042880502
49 38 3 55926 2.042880767
154 148 3 25732 2.042882444
192 189 3 5494 2.042883318
154 153 3 3515367 2.042884585
15 0 3 8046781 2.042886237
117 123 3 11532739 2.042892812
6 2 3 27158 2.042893555
117 114 3 238275 2.042896877
126 74 3 58382 2.042897282
85 86 3 855187 2.042899546
156 153 3 71317 2.042903274
81 86 3 28944 2.042905265
15 12 3 24500 2.042908026
199 159 3 675 2.042909764
192 199 3 32471 2.042910501
185 192 3 62928 2.042912913
86 48 3 9609665 2.042913972
45 47 3 582043 2.042915073
79 41 3 150683 2.04292537
13 89 3 8780 2.042925462
122 42 3 4776 2.042927753
185 200 3 59498 2.04293079
188 160 3 4114924 2.042936298
75 200 3 23108 2.042948996
81 154 3 15036 2.042950904
149 4 3 41771 2.04295589
156 149 3 8477251 2.042962473
114 121 3 52484 2.042964485
40 37 3 48090 2.042970211
11 4 3 28693507 2.042972562
50 153 3 26651471 2.042974654
84 82 3 50315 2.042975746
148 154 3 16936 2.042977188
193 86 3 19491032 2.042982016
160 159 3 105276 2.042985689
121 113 3 4901661 2.042989296
190 189 3 276 2.042990984
189 188 3 56072 2.042991382
7 89 3 53137 2.042996875
41 44 3 55178 2.043000034
39 37 3 4278272 2.043007249
114 113 3 2962353 2.043008233
48 156 3 52018 2.043010218
52 37 3 43100 2.043011801
122 124 3 9067 2.043015284
84 88 3 143106 2.043020617
8 13 3 28213231 2.043024522
198 186 3 47633 2.043036609
10 153 3 19623 2.043038891
3 13 3 547799 2.043039006
189 195 3 9612 2.043039436
6 76 3 103151 2.043039575
89 82 3 522046 2.043046245
37 44 3 59216 2.04304768
161 155 3 1103704 2.043049799
153 161 3 29714 2.043058232
198 189 3 45313 2.043058798
159 154 3 36961 2.04305939
197 185 3 43656 2.043060466
40 187 3 26111 2.04306074
149 126 3 28717 2.043064656
13 4 3 3676 2.043065911
115 111 3 2301300 2.043066049
77 87 3 93611 2.043069762
1 7 3 801930 2.043070213
125 122 3 9947 2.04307315
196 161 3 28619 2.043076935
154 192 3 446207 2.043078486
11 10 3 60374 2.043081587
13 7 3 8777 2.043085206
148 41 3 8872123 2.043086329
80 77 3 7326 2.043086397
43 46 3 11518 2.043090772
159 162 3 163548 2.043091688
8 0 3 23279 2.04309713
156 162 3 9834192 2.043101078
126 112 3 58020 2.043106454
87 74 3 106534 2.043110783
45 151 3 45429 2.043117224
3 88 3 7912807 2.043117573
153 157 3 23518 2.043118329
193 89 3 74604 2.043119815
186 38 3 2021 2.043122063
113 119 3 3966 2.043132326
4 12 3 1494350 2.043146437
42 75 3 3912718 2.043150416
154 197 3 26748 2.0431586
3 2 3 110543 2.043163608
48 149 3 70074 2.043168827
115 118 3 2144 2.043170415
40 10 3 470229 2.04317131
39 52 3 5205665 2.043174058
194 156 3 19442 2.043174464
198 190 3 69537 2.043180003
41 150 3 696928 2.043181918
160 163 3 620029 2.043186087
46 50 3 91877 2.043188902
200 195 3 54102 2.043191708
192 3 3 8912428 2.043192225
123 122 3 35831 2.043195372
2 13 3 1559087 2.043195435
50 41 3 55504 2.043197578
112 114 3 143756 2.04320088
81 84 3 19634 2.043204038
81 49 3 6815 2.043205076
84 76 3 64258 2.043205813
8 5 3 999762 2.043209083
120 162 3 373058 2.043212572
121 44 3 9856696 2.043214874
126 111 3 5005 2.043218527
120 121 3 2952479 2.043222924
117 123 3 72840 2.043227824
118 120 3 14272 2.043229199
88 81 3 968 2.043236788
7 81 3 43752 2.043246762
124 125 3 118727 2.043247169
87 185 3 77199 2.043247853
77 74 3 7493152 2.043248241
162 44 3 1349977 2.043256948
151 190 3 3161533 2.04326316
81 79 3 76075 2.043272591
153 152 3 24938 2.043277553
187 189 3 1922536 2.04327964
196 148 3 1392442 2.043283942
197 192 3 3157 2.043284457
82 84 3 1150287 2.043286411
15 3 3 58092 2.043288068
75 88 3 1194086 2.043288454
115 119 3 2189353 2.043299481
192 87 3 18870 2.043299912
85 78 3 689012 2.043302066
39 48 3 2352874 2.043302641
163 189 3 55960 2.043319348
152 156 3 27817 2.043325615
159 150 3 26603 2.04332716
39 7 3 57601 2.043327234
14 86 3 118659 2.043331436
119 120 3 16788 2.043334514
187 192 3 634738 2.043340483
4 12 3 8225889 2.043342135
81 89 3 19777 2.043347387
125 113 3 1181290 2.04334841
163 148 3 68389 2.043352288
161 5 3 8036883 2.043354569
8 13 3 160501 2.043355896
150 185 3 9258928 2.043356406
125 124 3 1058323 2.04335813
161 52 3 719562 2.04335935
88 119 3 9662437 2.043361443
186 185 3 52470 2.0433645
190 197 3 24857 2.043367032
120 115 3 64357 2.043373975
47 149 3 24767 2.043378438
43 148 3 2091588 2.043379477
195 150 3 39960 2.043386653
42 44 3 5912320 2.043389985
39 6 3 3985 2.043390632
155 163 3 109393 2.043393563
83 85 3 113361 2.04339564
195 0 3 1287504 2.043401175
153 157 3 1156946 2.043402063
163 40 3 951612 2.043403542
45 43 3 36386 2.043406017
157 148 3 6565515 2.043406699
75 82 3 1461206 2.043408901
121 125 3 198557 2.043410017
0 3 3 475 2.043414569
48 154 3 3398 2.043414689
41 52 3 1024876 2.043424114
192 197 3 4809650 2.043425514
186 195 3 23972 2.043441305
114 119 3 218356 2.043444247
187 159 3 58083 2.043445644
48 43 3 12302400 2.043448462
115 120 3 196936 2.043448672
192 199 3 3002 2.043451914
193 191 3 665835 2.0434548
12 9 3 22209622 2.043458276
39 45 3 639503 2.043458387
87 83 3 92963 2.043462029
48 50 3 132862 2.043464152
119 114 3 152676 2.043465731
153 163 3 37444 2.043468371
116 124 3 19626 2.043470559
198 74 3 5743 2.043474448
51 43 3 1237 2.043476645
81 80 3 63316 2.043486075
113 121 3 487882 2.043486555
188 195 3 2651587 2.043488384
4 47 3 531262 2.043488673
5 15 3 5746 2.043489062
191 81 3 91936 2.043491582
4 11 3 1841973 2.043492067
1 163 3 178836 2.043492529
123 87 3 45972 2.043493839
75 74 3 1065441 2.043499396
13 82 3 9369 2.043504762
190 195 3 115802 2.043505703
5 155 3 15406768 2.043511568
198 154 3 3646 2.043513272
120 123 3 53332 2.043515914
188 154 3 1771063 2.043518612
198 87 3 66099 2.043520803
198 197 3 75913 2.043529308
112 113 3 17080 2.043533788
39 51 3 11770 2.043534999
154 160 3 537641 2.043535897
82 84 3 2648941 2.043542712
115 11 3 11668175 2.043544904
11 1 3 56552 2.043547351
1 13 3 14517 2.043549014
186 190 3 8674396 2.043554838
153 150 3 39058 2.043556876
37 52 3 194509 2.043557173
40 48 3 34424 2.043564274
162 39 3 719959 2.043570226
84 89 3 873885 2.043576813
188 162 3 964 2.043578789
78 87 3 29746 2.043585265
199 190 3 9123 2.043592942
188 160 3 24589 2.04360198
2 12 3 3374736 2.043602436
43 42 3 67652 2.043605138
120 124 3 34171 2.04360564
115 117 3 211320 2.043607306
122 2 3 370493 2.043607731
9 10 3 2837 2.043610553
76 116 3 676036 2.043619554
82 9 3 20631 2.043623474
156 157 3 50785 2.043624322
186 196 3 192468 2.043627392
194 81 3 55655 2.04363158
160 7 3 110628 2.043632267
51 155 3 44343 2.043634228
8 10 3 47214 2.043634546
126 150 3 37699 2.043634655
149 152 3 435138 2.043634925
52 49 3 44212 2.043636574
150 193 3 46328 2.0436383
113 119 3 66475 2.043642549
149 160 3 58135 2.043644833
117 114 3 261228 2.043657117
190 187 3 20526 2.043657413
85 87 3 2986865 2.04365746
157 162 3 758907 2.043658812
79 82 3 7209715 2.043664218
49 51 3 166136 2.043665327
11 13 3 45771 2.043667491
14 0 3 1218940 2.043675001
89 118 3 27182044 2.043677311
116 123 3 18244 2.043684954
191 195 3 132801 2.043696818
200 187 3 40533 2.043702156
114 115 3 5158 2.043703588
157 153 3 6286641 2.043704454
151 43 3 65406 2.04370487
78 116 3 7229 2.043705467
52 48 3 39217 2.043706301
47 163 3 763966 2.043707462
80 89 3 3727915 2.04370853
197 185 3 343687 2.043712374
10 8 3 690980 2.043718356
152 157 3 5693 2.043719795
191 196 3 712527 2.043723504
3 76 3 131758 2.043730799
188 197 3 16634 2.043734679
3 114 3 24031 2.043734696
111 85 3 29350 2.043740107
156 152 3 4168270 2.043745076
191 85 3 26343711 2.043754195
122 126 3 10989 2.043766721
5 14 3 326802 2.043776837
187 185 3 4392 2.043777316
5 12 3 73250 2.043780967
189 197 3 699579 2.043781869
117 126 3 3510559 2.04378703
194 185 3 615185 2.043787674
40 49 3 2072580 2.043803166
0 12 3 8285951 2.043803925
194 80 3 7783 2.043806392
1 85 3 33761 2.043810585
189 190 3 24044 2.043816976
74 84 3 794982 2.043821133
38 187 3 82117 2.043829152
75 84 3 67327 2.043832852
49 10 3 3858001 2.043840438
41 85 3 2318697 2.04384119
2 8 3 1509986 2.043847188
187 41 3 7927510 2.043851509
38 42 3 20134 2.04385378
74 76 3 1595957 2.043855307
115 157 3 50482 2.043855494
84 76 3 40947 2.043857715
186 151 3 14654 2.04386108
120 85 3 3686 2.043864131
84 125 3 63868 2.043876147
79 89 3 849441 2.043882446
196 192 3 12593475 2.043883757
149 154 3 5629121 2.04388542
52 74 3 49040 2.043886311
0 75 3 799121 2.043888985
197 2 3 55114 2.043892422
117 113 3 26281 2.043892532
197 187 3 571925 2.043900821
78 88 3 27983 2.043902825
197 191 3 42689 2.043903205
191 193 3 962818 2.043904593
116 118 3 1853685 2.043908824
15 13 3 791944 2.043909872
112 124 3 354272 2.043911127
42 80 3 1248205 2.043914506
189 121 3 76153 2.04391759
82 148 3 7639 2.043925909
154 198 3 191637 2.04393313
194 196 3 670440 2.043938156
76 81 3 22517 2.04393964
112 126 3 2950 2.043945121
49 38 3 20038 2.043946223
153 148 3 662940 2.043947339
161 192 3 105677 2.043956221
80 77 3 170480 2.043957896
112 155 3 13280 2.04396318
79 89 3 8860980 2.043963609
191 78 3 169357 2.043964268
154 150 3 161147 2.043972385
50 52 3 15434 2.04397302
159 77 3 4715029 2.043977295
0 11 3 13467 2.043977721
154 162 3 62037 2.043979397
48 47 3 20633 2.043982008
163 148 3 3794 2.043986279
47 159 3 589914 2.043994496
82 74 3 7503858 2.043995202
47 37 3 1444589 2.043998252
153 161 3 77056 2.044000481
113 114 3 70391 2.04400187
14 6 3 1742430 2.044004259
46 50 3 115507 2.044013506
149 75 3 3149 2.044017507
159 186 3 8685255 2.044019981
47 148 3 70681 2.044024346
77 89 3 74900 2.044032535
45 185 3 9956205 2.0440334
40 41 3 6324 2.044035779
41 40 3 21050 2.044037992
150 153 3 1768400 2.044038588
112 122 3 743261 2.044041094
161 163 3 8183341 2.044041816
111 125 3 25740 2.044047535
5 88 3 8843 2.044048064
47 45 3 1514332 2.044048834
12 11 3 172290 2.044052399
5 0 3 56596 2.044057582
11 78 3 1201449 2.044060173
189 186 3 397 2.044060718
186 81 3 24405 2.044064542
126 13 3 1350572 2.044065729
83 78 3 3525114 2.044067936
87 83 3 18562646 2.044068662
52 162 3 3176656 2.044070672
148 155 3 6834 2.044078313
191 190 3 47585 2.044086298
190 79 3 26677 2.044095209
74 84 3 77517 2.044097986
157 152 3 1318 2.044098161
118 115 3 25165 2.044100684
197 188 3 9908054 2.044102546
185 189 3 45593 2.04410503
78 8 3 22136 2.044106886
49 42 3 1572045 2.044107673
188 192 3 1677825 2.044108153
192 81 3 1403332 2.044108412
44 5 3 1426895 2.044111246
5 77 3 4841291 2.044114174
1 0 3 7880092 2.044114222
111 122 3 25903 2.044116029
10 82 3 1176470 2.044118881
158 118 3 1896705 2.044119068
189 12 3 6531608 2.044119415
12 148 3 142734 2.044119991
157 7 3 4666142 2.044120717
85 89 3 57136 2.044120747
163 153 3 417814 2.044121687
10 148 3 49129 2.044125147
86 12 3 939032 2.044128921
152 83 3 387603 2.044130408
117 126 3 9035 2.04413117
125 199 3 324268 2.044137224
5 39 3 6927517 2.044137319
79 85 3 21957 2.044144465
41 51 3 623 2.044145224
38 49 3 66723 2.044149688
119 83 3 26496 2.044150204
38 4 3 5022 2.044153398
4 13 3 1990922 2.044159918
155 161 3 947875 2.044161554
2 9 3 26655 2.044165703
155 156 3 52614 2.044174873
198 191 3 58214 2.044175156
149 163 3 57692 2.044176995
43 42 3 1686 2.044177083
185 77 3 70570 2.044177886
191 190 3 34810 2.044179306
151 161 3 78611 2.044185187
0 12 3 5958521 2.044188089
49 41 3 25813922 2.044188366
38 44 3 27809 2.044191181
48 40 3 9129892 2.044192001
124 113 3 6818 2.044193592
44 43 3 6979 2.044196068
124 121 3 914689 2.044196897
14 11 3 54819 2.044202024
159 160 3 27457 2.044204564
193 162 3 33337 2.044217705
193 188 3 55331 2.04421957
11 13 3 11208 2.044223957
6 80 3 6516 2.044235899
196 193 3 2446 2.044238628
163 154 3 26577 2.044239868
38 51 3 8901 2.044247308
200 111 3 77919 2.044251637
74 45 3 5489299 2.044252202
46 40 3 9031 2.044255383
37 44 3 22215 2.044259157
81 191 3 14593 2.044264712
195 86 3 1978709 2.044266451
157 113 3 6305 2.044268625
82 88 3 516845 2.044270575
4 3 3 623394 2.044271615
191 190 3 683 2.044272834
86 74 3 8829355 2.044273865
154 162 3 52575 2.044275457
4 159 3 2640504 2.044278227
46 52 3 5517842 2.044280343
15 3 3 187419 2.0442878
12 14 3 10713032 2.044291687
161 190 3 38534 2.044296932
188 155 3 5094 2.044302372
123 116 3 79038 2.044323637
199 191 3 652331 2.044323822
121 123 3 58784 2.044328353
196 117 3 6924 2.04432922
15 185 3 26005 2.044330913
163 153 3 67283 2.044336679
198 85 3 125513 2.044337309
43 44 3 5944 2.044338278
120 117 3 78351 2.044341588
83 74 3 16178943 2.044343009
51 161 3 42143 2.044343417
149 158 3 1200130 2.04434944
155 77 3 4506599 2.044350347
11 80 3 1600985 2.044354633
80 78 3 64154 2.044354703
117 116 3 31467 2.044357756
194 186 3 67092 2.044361253
42 44 3 7848582 2.044363281
199 186 3 272284 2.044367362
194 200 3 4522970 2.044371869
37 42 3 964090 2.044376395
122 125 3 20829 2.044376447
50 45 3 1607511 2.044377438
122 113 3 80195 2.04439068
89 80 3 38808 2.044391418
162 114 3 9788 2.044396802
157 198 3 77583 2.044397766
82 87 3 52976 2.044398354
7 11 3 1585848 2.044399789
188 190 3 176723 2.044400473
188 198 3 28757 2.044409078
40 45 3 48166 2.044414017
6 12 3 67338 2.044426495
52 150 3 9351 2.044435356
41 51 3 52256 2.044435473
117 125 3 29439968 2.044443177
6 7 3 28737 2.044443358
39 158 3 426164 2.044444332
43 46 3 26860 2.044444561
153 157 3 1057560 2.044444876
197 77 3 23850 2.044449179
49 154 3 18165 2.044450371
156 160 3 5355 2.044452856
77 156 3 2693988 2.04445426
193 195 3 8302538 2.044454921
38 46 3 11757 2.044455109
11 12 3 40569 2.044456151
44 51 3 10965393 2.044463619
48 157 3 9971 2.044470624
117 113 3 63115 2.04447128
37 0 3 5752869 2.044473424
155 153 3 9546 2.044477393
192 86 3 44296 2.044477579
5 49 3 4258889 2.044480935
116 115 3 9557570 2.044482697
118 117 3 13033 2.044484999
85 87 3 43561 2.044487008
160 77 3 54302 2.044488485
14 80 3 4624226 2.044490055
40 199 3 74465 2.044493609
149 162 3 27303 2.044497902
41 46 3 24758 2.044499098
87 152 3 4782 2.044499605
124 122 3 48066 2.044500292
47 160 3 4255398 2.044501834
82 80 3 51141 2.044502557
150 162 3 885978 2.044507327
124 113 3 135040 2.044511012
13 7 3 6304 2.044512083
7 163 3 28216 2.044514028
46 188 3 4980912 2.044514996
111 123 3 4407 2.044519224
189 190 3 63751 2.044523554
86 8 3 49013 2.044534835
8 10 3 6812073 2.044537525
83 80 3 4888338 2.044538411
157 159 3 15082 2.044539523
15 10 3 8983 2.044541304
11 160 3 2496708 2.044541326
9 10 3 8215233 2.044541872
157 159 3 9607 2.044544334
37 40 3 9676 2.044545865
80 84 3 360786 2.044546898
122 124 3 1079819 2.044546914
76 85 3 119878 2.044547748
154 150 3 1648841 2.044548101
158 195 3 67506 2.044553173
49 78 3 28866 2.044556819
46 51 3 66935 2.044561884
151 52 3 35766 2.04456293
111 123 3 150446 2.04457018
199 81 3 20860 2.04457443
186 88 3 35691 2.044581123
88 74 3 39453 2.044588799
149 148 3 112640 2.044596019
160 151 3 20356 2.044599147
43 49 3 22036 2.044599155
120 80 3 28178 2.044599422
187 150 3 63718 2.04460007
154 198 3 17677 2.044600445
48 45 3 1129412 2.044601502
192 199 3 381818 2.044603885
38 86 3 65438 2.044604354
114 82 3 8311736 2.044604397
187 199 3 172527 2.044612605
7 11 3 8684 2.044613098
79 83 3 1868189 2.044617396
15 7 3 5554 2.044619668
163 148 3 15493 2.044620902
41 50 3 2275909 2.044623469
1 79 3 60741 2.044625487
38 47 3 6090 2.044626441
11 14 3 57578 2.044628293
126 111 3 14216 2.04463037
150 156 3 189089 2.044630892
82 86 3 600 2.044635121
15 6 3 1561792 2.044637347
149 153 3 3957243 2.044639652
2 160 3 17403914 2.044645227
7 41 3 109132 2.04464658
14 8 3 51452 2.044650405
3 6 3 18680 2.044650642
85 47 3 17129756 2.044651601
152 74 3 24275 2.044655903
13 1 3 45586 2.044657134
118 51 3 21731 2.044658564
40 47 3 78404 2.044660009
190 194 3 21177 2.044660151
199 150 3 7619116 2.044667957
193 191 3 507643 2.044675906
46 39 3 25750 2.044682153
148 151 3 1842880 2.044688037
15 6 3 1619558 2.04468872
119 112 3 173686 2.044695777
51 40 3 28074 2.044697988
76 74 3 1114023 2.044705035
10 80 3 28824 2.044706408
116 119 3 21555 2.044709983
39 38 3 2181250 2.044711213
115 123 3 66907 2.04471148
45 38 3 14776482 2.044730291
119 124 3 92381 2.044731473
10 5 3 1790657 2.044731728
86 74 3 38894 2.04473292
156 85 3 50974 2.044749628
117 123 3 1558138 2.044749912
45 40 3 1765707 2.044750163
192 195 3 136310 2.044751603
116 119 3 1713582 2.044755185
125 43 3 58229 2.044757007
9 160 3 28210 2.044760297
156 148 3 86334 2.044761858
44 15 3 46806 2.044761899
14 3 3 24057 2.044764094
42 195 3 9369 2.044768169
82 74 3 180369 2.044768447
191 160 3 1866 2.044775219
151 200 3 135736 2.044778318
49 51 3 2087 2.044778811
114 119 3 4978 2.044779978
162 192 3 28438 2.04478278
185 195 3 4738 2.044790839
46 48 3 3017664 2.044794593
189 87 3 17003135 2.044796386
118 112 3 43789 2.04479726
15 2 3 60240 2.044799661
84 4 3 45783 2.044800017
194 8 3 19207 2.044801251
198 9 3 3323 2.044801606
121 82 3 55708 2.04480227
47 50 3 25649 2.044804651
159 151 3 17962 2.044805186
12 79 3 15599 2.044811967
113 197 3 1627996 2.044814349
163 149 3 21127582 2.044815555
194 190 3 942067 2.044815836
196 195 3 772935 2.044817211
2 198 3 6021264 2.044819084
87 74 3 52638 2.044825214
41 148 3 7204 2.04482672
117 123 3 2685 2.04482789
1 12 3 677770 2.044828365
41 86 3 1066838 2.044828989
47 192 3 5975 2.044830136
158 151 3 10238 2.044831803
161 157 3 3390895 2.044833687
15 4 3 4558039 2.044835572
126 112 3 7824568 2.044837008
154 79 3 21962 2.044838323
11 10 3 30054 2.044840709
3 15 3 5873 2.044842749
161 153 3 1559397 2.044847607
14 121 3 28465 2.044848923
6 14 3 36303 2.04484928
41 151 3 38545 2.04484933
149 158 3 636534 2.044854253
12 75 3 71490 2.044858835
8 14 3 13700 2.044866405
160 158 3 127 2.044867813
113 125 3 1492962 2.044869959
11 9 3 96676 2.044889618
117 187 3 3771 2.044890841
163 37 3 1375166 2.044895487
162 154 3 3886436 2.044903853
51 121 3 141585 2.044908157
86 89 3 7187311 2.044912587
198 199 3 476732 2.044913322
122 113 3 645336 2.044913755
86 77 3 7061 2.044916675
186 197 3 16929183 2.044924156
52 151 3 138375 2.044926582
3 122 3 1467568 2.044930801
12 79 3 21857 2.044933992
111 118 3 20993 2.044939512
163 153 3 38965 2.044939824
197 190 3 3241928 2.044949099
126 79 3 9581 2.044951262
149 153 3 909509 2.044954461
118 113 3 9154237 2.044959867
77 117 3 199384 2.044960162
115 112 3 2040523 2.044960919
80 2 3 9489003 2.044962411
188 196 3 6512 2.044962587
149 158 3 44551 2.044963954
159 153 3 22005 2.044964953
160 149 3 30296 2.044965268
158 161 3 113404 2.044966187
47 48 3 754529 2.044966325
88 87 3 1958920 2.044968937
2 4 3 155836 2.044970157
113 6 3 71451 2.044973336
49 41 3 20406565 2.0449817
192 199 3 7265384 2.044983819
41 51 3 2535787 2.04498396
45 39 3 22303 2.044984194
46 158 3 110437 2.04498424
40 45 3 21468 2.044986781
159 195 3 73062 2.044988034
84 195 3 130733 2.044990869
194 151 3 27471917 2.044992937
119 124 3 1827680 2.044994679
191 192 3 39712 2.044997276
4 85 3 155755 2.044997334
161 162 3 4892303 2.045000203
4 7 3 2619 2.045000848
123 148 3 317550 2.045001655
76 80 3 232811 2.045002259
78 85 3 10956459 2.045005064
185 199 3 73941 2.045012684
88 87 3 1692607 2.045014403
112 123 3 62038 2.045019075
39 43 3 9460826 2.045019885
186 198 3 44129 2.045020018
163 155 3 30136 2.045021429
120 113 3 178432 2.045022008
199 190 3 7871 2.045024057
148 193 3 5644 2.045027842
52 51 3 14059 2.045034731
79 41 3 652213 2.045053946
156 153 3 318891 2.045055828
190 194 3 432133 2.045060245
78 86 3 8134 2.045060861
113 121 3 3025742 2.045061911
197 10 3 9959991 2.045062322
193 200 3 76145 2.045067037
89 81 3 20360125 2.045072499
76 7 3 23019 2.045075326
89 83 3 3697187 2.045084031
11 9 3 2310 2.045084655
0 199 3 1389336 2.045085897
192 188 3 46695 2.045087778
117 89 3 4441909 2.045088036
45 51 3 1548305 2.045091355
48 9 3 195265 2.045097303
7 82 3 64250 2.04509966
87 83 3 8033095 2.045102895
197 78 3 826315 2.045103129
4 11 3 4380130 2.045107584
151 152 3 3993782 2.045108056
116 44 3 1346204 2.045108202
160 161 3 7921 2.045118374
39 196 3 9671035 2.045121495
1 5 3 654516 2.0451241
3 7 3 56392 2.045129749
114 111 3 58625 2.045132935
160 161 3 3286399 2.045133637
186 198 3 1522606 2.045142807
190 39 3 3455641 2.045153203
6 13 3 6261 2.045155596
88 78 3 1074 2.045158045
154 116 3 29635 2.045160067
76 79 3 4675 2.045161417
120 125 3 3657161 2.045161583
79 87 3 51073 2.045163384
1 85 3 23174 2.04516494
199 153 3 45228 2.045166618
81 196 3 44077 2.045166667
49 189 3 48049 2.045170006
195 78 3 3468 2.045171874
44 47 3 45697 2.045179955
89 76 3 9778 2.045181449
163 153 3 76428 2.045183551
74 87 3 31903 2.045185455
38 46 3 1370792 2.045187688
42 39 3 40757 2.045188272
191 200 3 4488859 2.045192371
196 192 3 87576 2.045195461
200 196 3 17961 2.045199628
49 44 3 90 2.045207771
48 111 3 2141 2.04521058
48 156 3 8839 2.045211525
157 195 3 1740 2.045213976
158 83 3 4756748 2.045217485
149 1 3 4146510 2.045229949
83 77 3 9467 2.045233703
4 7 3 21835 2.045240639
15 0 3 1978697 2.045240911
187 116 3 8052 2.045245129
75 79 3 7763890 2.045250012
200 79 3 490492 2.04525651
50 85 3 7705 2.04525777
13 8 3 64240 2.045258602
119 118 3 8826352 2.045262042
124 87 3 1523393 2.045262673
79 78 3 9136 2.045266877
45 49 3 25991 2.045269486
148 162 3 1481765 2.045276759
154 192 3 64074 2.045276802
151 44 3 636374 2.045283732
79 84 3 67373 2.045288095
111 114 3 170746 2.045294407
150 52 3 85844 2.045297567
87 188 3 103252 2.045303752
192 121 3 889746 2.045323599
152 198 3 8818 2.04532973
199 198 3 3713573 2.045334392
118 8 3 71752 2.045336187
189 190 3 513671 2.045337075
116 117 3 2103980 2.045339604
185 152 3 51041 2.045339709
113 118 3 249712 2.045344346
126 112 3 136393 2.045345925
154 159 3 10216562 2.04534773
155 83 3 93878 2.045358391
41 123 3 9601 2.045360704
161 76 3 4990545 2.045367886
156 157 3 588 2.045368587
45 47 3 9121701 2.045369945
150 198 3 82864 2.04537123
154 155 3 11528 2.045373827
186 195 3 57264 2.045374838
154 158 3 1061212 2.045377182
161 148 3 4047367 2.04538421
125 113 3 7253716 2.045388003
111 126 3 20280 2.045389827
82 78 3 37911 2.045392257
44 152 3 35073 2.045393052
162 151 3 228059 2.04539596
6 3 3 54582 2.045402578
74 115 3 8716116 2.045405731
3 48 3 18880 2.045416122
126 123 3 125797 2.045417715
45 159 3 29991 2.045423243
78 81 3 74081 2.045424265
80 83 3 4291998 2.045427698
40 45 3 63534 2.045428844
14 15 3 9102584 2.045430098
45 44 3 691020 2.045432542
200 195 3 12750 2.045439304
38 40 3 94394 2.045443404
124 80 3 69264 2.045445895
12 13 3 9781964 2.045447369
6 86 3 1602857 2.045452661
199 84 3 19987528 2.045458586
154 151 3 59246 2.045466057
111 158 3 35164 2.045471767
85 77 3 727921 2.045471953
89 82 3 37018 2.045475032
148 5 3 67104 2.045479564
5 1 3 2082307 2.045481361
163 148 3 1217523 2.045486601
194 196 3 799072 2.045487455
198 200 3 3054 2.045491842
50 46 3 27575 2.045492835
5 3 3 12808 2.045493649
150 153 3 39397 2.045495179
187 193 3 65050 2.04549803
189 47 3 10835 2.045501114
45 48 3 5108 2.045503336
190 155 3 1170888 2.045511772
5 161 3 937946 2.045512032
191 79 3 3027358 2.04551274
157 151 3 53045 2.045515087
117 122 3 76377 2.045516421
193 188 3 402022 2.045517777
185 162 3 16845 2.045518173
198 186 3 41364 2.045519549
8 0 3 57820 2.045523316
191 153 3 8916708 2.045530979
13 0 3 21961 2.045533763
197 198 3 20907 2.045549899
112 126 3 1793670 2.045551375
189 156 3 74742 2.045552249
117 0 3 134785 2.045552392
191 86 3 57525 2.045559399
198 194 3 28166 2.045560709
2 4 3 8476406 2.045562277
193 2 3 23635 2.045564313
39 4 3 111276 2.045569617
148 149 3 20171 2.045572938
186 199 3 1920881 2.045573527
156 195 3 3450892 2.045580813
190 40 3 11516 2.045580885
9 85 3 3774 2.045597759
187 197 3 6820 2.045600756
1 7 3 1306996 2.045600824
154 11 3 8756545 2.045604773
88 113 3 26242 2.045605912
194 152 3 57866 2.045606213
193 200 3 47212 2.045607318
112 122 3 9942 2.045607522
196 185 3 2249 2.045607915
50 158 3 1698072 2.045615398
85 86 3 699965 2.045615967
111 120 3 1314131 2.04562202
81 77 3 187852 2.045622133
188 76 3 6658860 2.045623412
152 154 3 44977 2.045629341
197 120 3 146309 2.045630396
50 52 3 1956161 2.045631804
46 39 3 4732 2.045638533
40 46 3 7948355 2.045639379
187 198 3 66696 2.045644297
158 151 3 655256 2.045645611
158 151 3 26249696 2.045651864
190 187 3 242249 2.045665579
199 117 3 283771 2.045665781
112 3 3 2927863 2.045677024
37 48 3 30788 2.045678327
81 87 3 7214052 2.045678669
198 126 3 1949111 2.045681012
82 86 3 177636 2.045685147
122 187 3 1705285 2.045688273
15 12 3 9906 2.045695754
192 10 3 4681604 2.045695847
85 81 3 4765 2.045699298
200 154 3 6694 2.045700793
52 158 3 7354 2.045703234
150 160 3 4976988 2.045706954
12 9 3 2981274 2.045716315
125 115 3 29344 2.045717469
150 159 3 916260 2.045717843
185 81 3 7744 2.04571786
196 189 3 77132 2.045721401
0 3 3 2646398 2.045721471
200 196 3 24252343 2.045727384
158 153 3 4643581 2.045728727
160 121 3 19768 2.045728747
163 189 3 1566899 2.045735359
189 192 3 17481 2.045748569
10 14 3 40515 2.04574937
75 87 3 428 2.045758205
148 155 3 60464 2.045768455
82 83 3 23807 2.0457699
113 119 3 33546 2.04577133
186 154 3 3310156 2.045772205
42 49 3 1135319 2.045772282
44 123 3 3002884 2.045786698
195 41 3 135888 2.045787958
125 113 3 27840 2.045788414
185 76 3 18913 2.045791071
38 45 3 7505 2.045797545
151 163 3 28677 2.045800801
197 196 3 4799024 2.045810955
154 155 3 5360935 2.045811315
190 161 3 26144 2.045812919
195 117 3 48025 2.045819493
198 88 3 4539 2.04582326
191 196 3 2274498 2.045824728
119 114 3 9029397 2.045827221
156 158 3 75315 2.045828572
189 159 3 3350836 2.045830385
185 51 3 25225 2.045835942
149 151 3 61314 2.045836207
79 74 3 33561 2.045836553
193 185 3 76683 2.04583942
162 193 3 5309 2.045840816
84 8 3 24834 2.04584099
82 83 3 896909 2.045842188
38 46 3 65332 2.045843719
151 195 3 154423 2.045847851
195 49 3 178895 2.04584803
160 190 3 8106 2.045849744
44 46 3 20484 2.045850446
196 4 3 73128 2.04585228
121 116 3 5030623 2.045852348
156 158 3 6954870 2.045866566
197 81 3 11762 2.045876721
125 113 3 76776 2.045879467
162 161 3 8797360 2.045879544
14 86 3 318035 2.04588074
189 188 3 196179 2.04588078
187 196 3 508735 2.045885817
38 39 3 3884165 2.045889274
195 88 3 1106331 2.045891251
112 122 3 15228 2.045891533
76 200 3 55839 2.045893197
161 162 3 5130098 2.045894428
156 157 3 1160875 2.045899142
188 192 3 40135 2.045901663
197 78 3 114858 2.045902229
76 86 3 408 2.045902791
6 124 3 9473060 2.045905486
38 51 3 1747804 2.045906618
81 83 3 19608 2.045907881
121 112 3 46723 2.045908073
155 159 3 136189 2.045911475
152 196 3 17193 2.045914275
163 158 3 163614 2.045925872
78 84 3 1284485 2.045939992
39 81 3 2431383 2.045941322
192 198 3 35691 2.045942809
77 11 3 9917076 2.045953642
38 44 3 67490 2.045955571
6 14 3 42006 2.045964621
148 154 3 5985933 2.045966517
163 157 3 349229 2.045966859
150 157 3 914383 2.045968401
187 185 3 22115 2.045969529
188 79 3 76783 2.045972226
47 162 3 871414 2.045972414
52 148 3 12168 2.045972595
163 50 3 64754 2.045980134
44 39 3 73289 2.04598314
2 8 3 254 2.045997643
37 149 3 3353685 2.046001033
2 191 3 2364 2.046010129
50 49 3 728155 2.046013081
79 89 3 46977 2.046013092
153 15 3 32978 2.046013731
9 75 3 27251 2.046017049
185 200 3 19599 2.046021011
75 79 3 26819 2.046022499
10 193 3 36043 2.046025444
123 197 3 1126732 2.046026959
192 195 3 30199 2.046030035
116 124 3 598654 2.046030543
200 186 3 3568941 2.046048856
81 88 3 68997 2.046049831
48 188 3 7254912 2.046051812
12 5 3 9421643 2.046056316
153 41 3 199814 2.046056784
15 111 3 66338 2.046059306
78 77 3 9992319 2.046061253
199 14 3 61479 2.046062181
79 88 3 58494 2.046064214
154 199 3 180065 2.04606507
77 9 3 19422583 2.046078561
186 188 3 43211 2.046079934
49 37 3 18533 2.046080721
50 48 3 57500 2.046081817
194 192 3 6279748 2.046092055
187 196 3 1605295 2.046094683
152 50 3 3341466 2.046097491
38 39 3 2388 2.04610132
6 84 3 2456290 2.046106222
112 51 3 56325 2.046124349
83 191 3 347706 2.046124599
189 14 3 40436 2.04612556
159 148 3 1076381 2.046137644
126 76 3 3367 2.046143334
46 41 3 634534 2.046143876
160 89 3 66572 2.046145956
6 9 3 3978668 2.046148702
162 189 3 161743 2.046155323
199 198 3 8358 2.046155753
80 74 3 1613042 2.046160921
185 150 3 1477668 2.046166573
13 9 3 7548287 2.046168161
154 163 3 20160 2.046168964
50 48 3 62624 2.046169676
77 49 3 14725 2.04616983
185 197 3 57103 2.04617259
163 160 3 1265089 2.046179563
161 163 3 4835007 2.046179713
157 159 3 25154 2.04617983
5 0 3 62320 2.046182475
197 187 3 18277902 2.046187481
119 111 3 46632 2.046190122
38 52 3 34152 2.04619259
76 84 3 57294 2.046197088
50 13 3 38839 2.046198518
0 6 3 365895 2.046201633
50 158 3 1009734 2.046203281
160 153 3 397986 2.046205292
191 187 3 1854577 2.046208152
186 193 3 244669 2.046218582
150 195 3 1573406 2.046220565
15 38 3 22732 2.046228647
74 75 3 3195331 2.04623432
122 111 3 10958 2.046237917
6 1 3 9487592 2.046239149
15 149 3 864812 2.046239647
154 126 3 5722 2.046239802
11 2 3 27691 2.046250911
197 193 3 12037 2.046253835
150 187 3 2514 2.046255493
157 153 3 46774 2.046257547
199 186 3 61546 2.046260328
198 1 3 51168 2.04626261
47 155 3 1531705 2.04626365
13 3 3 26596 2.046270976
193 195 3 3436053 2.046271599
83 76 3 51190 2.04627546
48 193 3 6009 2.046279348
150 154 3 2915435 2.046281104
76 88 3 24202 2.046283336
157 162 3 74366 2.046283716
89 84 3 21662 2.046286049
11 10 3 2582460 2.046294784
188 185 3 29262435 2.04629996
47 45 3 7957 2.046304079
199 194 3 42082 2.046307423
85 79 3 47002 2.046308387
191 192 3 29991 2.046316804
123 113 3 55876 2.04632017
41 159 3 12800 2.046321285
9 8 3 2975 2.04633751
46 44 3 4249986 2.04634552
190 80 3 56206 2.046346351
41 49 3 2270 2.046346601
158 149 3 29583 2.046348929
118 126 3 33188 2.046350486
45 46 3 21987591 2.046350875
163 200 3 81918 2.046351986
40 52 3 3301556 2.046362077
81 42 3 32551 2.046362434
123 119 3 5065879 2.046363694
187 159 3 23397 2.04637349
188 194 3 26853 2.046373539
149 162 3 73423 2.046375164
86 81 3 58004 2.046381506
116 120 3 20973 2.046385739
89 86 3 9991 2.046396326
74 84 3 86473 2.046396955
86 89 3 6867 2.046400763
51 52 3 73031 2.046403732
193 195 3 26416 2.046404448
10 11 3 46809 2.046405039
75 82 3 5086859 2.046406787
126 120 3 48052 2.046406994
149 160 3 14572 2.046408605
125 118 3 1765580 2.046409575
188 158 3 8154149 2.046415635
199 83 3 117792 2.046419025
187 12 3 69027 2.046421856
49 46 3 9208 2.046422056
121 46 3 175368 2.046429922
187 77 3 7933535 2.046430139
150 158 3 21932 2.046430212
1 79 3 2030884 2.046435778
46 49 3 509340 2.046440186
45 43 3 3461 2.046442294
10 117 3 63594 2.046444781
9 13 3 20125 2.04644585
114 162 3 71996 2.046446408
83 87 3 9440 2.046447057
123 126 3 4409 2.046452867
88 79 3 61097 2.046453055
188 198 3 30088 2.046458849
13 77 3 2482766 2.046462389
163 193 3 8539872 2.046462749
194 190 3 4179983 2.046463956
199 200 3 5424993 2.046464387
116 115 3 918624 2.046469568
194 77 3 419615 2.046469839
159 190 3 3835 2.046474805
121 120 3 3765538 2.046477826
123 115 3 340913 2.04648154
195 153 3 45294 2.046485121
148 89 3 31404 2.046487896
7 121 3 888707 2.046488137
155 194 3 944984 2.046504453
192 189 3 70370 2.046505925
196 195 3 16263912 2.046507002
87 159 3 61303 2.046516982
189 187 3 25894 2.046518387
116 12 3 4999313 2.046518457
37 40 3 699512 2.046522499
157 112 3 4062387 2.046529632
150 151 3 76329 2.046540337
15 7 3 28285 2.046541638
76 82 3 74726 2.046542892
83 78 3 36769 2.046545082
157 75 3 2796847 2.046545938
149 194 3 1480 2.046549324
86 78 3 34153 2.046550569
199 50 3 9182 2.046556825
37 45 3 42889 2.046559165
87 80 3 2070154 2.046564977
51 155 3 29183 2.046565815
124 121 3 6034679 2.046567483
11 7 3 56043 2.046569459
37 43 3 1323250 2.046570406
193 191 3 32876 2.04657438
151 163 3 49102 2.046577823
88 81 3 5710 2.046577915
50 41 3 26525 2.046584371
198 86 3 6355 2.046585149
117 114 3 528 2.046585718
77 89 3 1522209 2.046590321
46 38 3 71491 2.04659261
186 192 3 20677 2.046599096
79 80 3 50134 2.046601939
44 43 3 4421937 2.046607299
122 193 3 63808 2.04661644
119 83 3 1265434 2.046624258
155 159 3 4062502 2.046625014
125 122 3 1584650 2.046627673
160 196 3 11784 2.046631036
198 190 3 7924602 2.046631831
119 120 3 336 2.046632219
159 158 3 58548 2.046633493
194 196 3 78153 2.046637924
198 186 3 88914 2.046643143
82 46 3 102041 2.046643674
77 155 3 26717 2.046644627
153 150 3 807 2.046646395
82 85 3 1622046 2.046654824
191 198 3 64479 2.046660064
156 158 3 76880 2.046664564
125 113 3 70269 2.046666416
121 123 3 24587 2.046667034
153 162 3 1469951 2.046669637
188 193 3 61597 2.046673316
161 156 3 6690 2.04667368
195 159 3 110965 2.046673778
162 161 3 11744 2.046675812
187 148 3 4334327 2.0466789
41 40 3 681774 2.046683173
82 86 3 2647325 2.04668522
43 38 3 9611 2.046686951
160 151 3 8487 2.046688035
8 159 3 8147 2.046699374
1 74 3 895931 2.046701476
124 38 3 23833 2.046702622
188 197 3 3850249 2.04670704
152 149 3 20294 2.04670726
123 113 3 419547 2.046710328
84 80 3 4672366 2.04671698
124 114 3 75916 2.046728686
6 11 3 21584 2.046733051
7 8 3 472732 2.046733843
12 0 3 9389 2.046737641
2 41 3 1874127 2.046745042
40 49 3 58746 2.046748231
51 42 3 78215 2.046750335
193 157 3 39649 2.046753757
157 150 3 3946522 2.046754658
80 75 3 546422 2.046756982
186 189 3 2891596 2.046758573
86 81 3 2924212 2.046759519
148 153 3 9101 2.046763468
200 14 3 4542009 2.046764408
150 195 3 6163 2.046769232
45 42 3 7177 2.046769869
121 112 3 138713 2.046771355
193 198 3 1633522 2.046777269
4 6 3 5820 2.046778977
155 148 3 1345997 2.046782825
120 113 3 70637 2.046784502
78 77 3 16306 2.046788456
44 162 3 7356 2.046789183
188 196 3 78757 2.046794095
198 197 3 27400 2.046794867
149 159 3 57378 2.046804338
126 123 3 54756 2.046804788
13 15 3 77790 2.046807784
47 160 3 65417 2.04681238
188 156 3 14287 2.046813198
39 49 3 2763161 2.046815707
148 163 3 27337 2.046820718
9 78 3 23480 2.04682559
149 156 3 66483 2.046826641
126 120 3 2255125 2.046826743
126 117 3 120164 2.046829845
13 14 3 3310194 2.046831396
10 12 3 871289 2.046831902
12 10 3 7351 2.046833383
157 160 3 246927 2.046833903
80 79 3 31046 2.046842041
3 37 3 4070229 2.046842141
193 191 3 5764922 2.046850263
37 0 3 1743590 2.04685049
87 84 3 213105 2.046854721
192 78 3 11562 2.046855366
154 157 3 500394 2.046856606
192 190 3 936471 2.046856897
78 185 3 648129 2.046859095
150 159 3 23592 2.046861979
186 74 3 1592127 2.046864219
11 10 3 42788 2.046865117
15 74 3 6676094 2.046870665
155 148 3 1024464 2.046872393
159 4 3 1682231 2.046874828
191 150 3 62467 2.04687501
114 118 3 1248784 2.046880839
45 148 3 2854 2.046893546
45 51 3 27633 2.046895714
111 117 3 542603 2.046898091
198 196 3 1684616 2.046901325
154 189 3 14280 2.046901413
189 86 3 33536 2.046903226
15 3 3 4983680 2.046909923
162 163 3 23837 2.046914194
49 41 3 149438 2.046918275
2 185 3 30330 2.046920389
6 111 3 1078045 2.046927341
148 162 3 5624 2.046927698
160 154 3 138778 2.04693107
150 163 3 2618 2.046934642
186 76 3 4624323 2.046937356
196 194 3 4037 2.046937954
159 157 3 11084 2.046938757
125 51 3 9456217 2.046942088
190 200 3 556 2.046943301
8 4 3 417978 2.046944584
123 121 3 36319 2.046945168
1 2 3 1960911 2.046946367
87 122 3 10688 2.046948881
76 48 3 46632 2.046949644
190 157 3 3005482 2.046950103
113 125 3 992600 2.046953985
188 197 3 22977 2.046955796
190 191 3 6705 2.046958785
194 188 3 62788 2.046959409
41 157 3 7293 2.04695982
200 197 3 864267 2.046963068
8 0 3 57025 2.046964361
117 125 3 551598 2.046964831
200 126 3 1345000 2.046965896
13 5 3 133133 2.046967153
11 9 3 32437 2.046971953
191 200 3 1251776 2.046972051
51 47 3 86658 2.046977863
1 2 3 1384601 2.046978993
200 198 3 7466 2.04698829
82 193 3 78595 2.046992824
47 46 3 6862889 2.046993394
76 89 3 26717 2.046997936
185 117 3 1634441 2.046998324
41 155 3 1007958 2.047002487
11 8 3 155899 2.047002844
5 7 3 8748 2.047004551
39 45 3 45790 2.047006194
75 37 3 20986 2.047011239
40 44 3 9347 2.047012491
52 50 3 1191270 2.047015619
84 85 3 7529 2.047016087
46 39 3 128042 2.047018534
151 154 3 1868256 2.047022199
121 112 3 1110853 2.047027301
80 79 3 8758401 2.047030129
186 187 3 523784 2.047034229
82 76 3 20885 2.047036601
80 87 3 9311 2.047037588
50 45 3 63862 2.047057899
77 85 3 1313300 2.04706103
185 191 3 29873 2.04706485
150 161 3 26451 2.047066689
187 195 3 84839 2.047066916
79 88 3 25981 2.04706864
159 152 3 1795675 2.047074442
47 153 3 54008 2.047076948
74 79 3 37380 2.047077374
188 75 3 3898348 2.047094299
120 113 3 1070013 2.047095722
121 159 3 356277 2.047104097
192 187 3 44384 2.04710693
149 155 3 75108 2.047107165
159 162 3 5008 2.04711195
50 49 3 27877 2.047120151
194 197 3 3979 2.047122005
123 125 3 27216 2.047124644
156 151 3 49605 2.047127451
189 152 3 3689471 2.047128624
87 88 3 64127 2.047134321
12 84 3 53573 2.047134647
44 51 3 57175 2.047137381
46 44 3 20866 2.047137966
195 78 3 72506 2.047146096
48 46 3 1918536 2.047148052
186 152 3 2521751 2.04714859
85 160 3 5691910 2.047153263
191 190 3 1241504 2.047154137
192 79 3 73357 2.04715854
8 2 3 22854 2.047163359
199 197 3 23238 2.047163915
195 196 3 1267310 2.047165563
191 156 3 73636 2.047171066
50 9 3 52564 2.04717147
186 200 3 530093 2.047172461
111 119 3 8377004 2.047185247
154 160 3 24195 2.047188723
6 75 3 4933 2.047189897
122 116 3 2619557 2.047192941
77 43 3 850785 2.047194392
196 185 3 19553 2.04719561
191 190 3 1645436 2.047204583
15 12 3 7557 2.047204732
85 80 3 311621 2.047205907
47 161 3 5819105 2.047207311
47 76 3 181527 2.047212598
160 163 3 183744 2.04721603
186 158 3 60689 2.047220134
124 122 3 1416581 2.04722122
154 190 3 7594 2.047226269
37 0 3 9425 2.047226659
47 149 3 4553665 2.047231005
76 77 3 33759 2.047233789
194 185 3 1957305 2.047243139
159 156 3 27668511 2.047244108
39 43 3 74773 2.047245982
1 6 3 8607 2.047247885
83 88 3 7788356 2.047250732
155 199 3 948992 2.047253286
193 187 3 3677105 2.047253944
8 2 3 63783 2.047254602
191 76 3 4128418 2.047255649
6 9 3 19941 2.04725619
199 194 3 29444 2.04725829
159 185 3 3265988 2.047260522
192 195 3 40816 2.047261139
150 197 3 2203 2.047263629
151 148 3 1750308 2.047265087
44 0 3 30098 2.047271296
149 85 3 70094 2.047274356
198 193 3 21607 2.047274383
79 87 3 2114466 2.04727527
38 151 3 17432614 2.047275739
123 112 3 12666821 2.047275759
150 5 3 596484 2.04727676
113 116 3 75850 2.047282039
1 9 3 8808075 2.047282054
126 185 3 47951 2.047296298
7 80 3 239731 2.047296428
200 193 3 8237 2.047301993
161 151 3 622111 2.047302467
197 192 3 48314 2.04730418
155 154 3 840012 2.047305289
80 86 3 376222 2.047325026
189 80 3 8226 2.047327864
196 195 3 76312 2.047328067
48 49 3 1935188 2.047328669
191 153 3 46116 2.047328919
87 84 3 8255 2.047331068
44 42 3 2343 2.04734336
186 199 3 183723 2.047348873
89 85 3 1226558 2.047349464
187 195 3 189550 2.047354935
52 46 3 11067 2.047356971
1 3 3 7882949 2.047362792
148 38 3 31947 2.047364095
197 188 3 49035 2.047364234
193 13 3 12430 2.047367872
8 1 3 549879 2.047371229
78 75 3 76195 2.047372783
189 199 3 544421 2.047373422
115 114 3 5484048 2.047376545
192 195 3 38909 2.04737682
82 83 3 69474 2.047380966
14 79 3 9504940 2.047381665
199 122 3 52813 2.047389353
89 1 3 436826 2.047394971
162 163 3 12600 2.047395012
186 187 3 71218 2.047396385
49 43 3 1434771 2.047398794
190 187 3 44422 2.04739978
9 195 3 1092367 2.047402817
74 83 3 40343 2.047404858
83 1 3 6770735 2.047405259
9 10 3 385488 2.047406639
117 116 3 1380038 2.047409036
119 122 3 441 2.047411286
155 161 3 6777 2.047413871
122 124 3 16362881 2.047414173
41 150 3 31858 2.047417479
6 0 3 24554 2.047419494
44 46 3 53122 2.047420198
44 40 3 23195 2.047422583
126 117 3 22331 2.047434953
48 50 3 1832468 2.047437389
117 115 3 13720 2.047437415
0 8 3 1446405 2.047439556
190 189 3 102454 2.047440689
15 4 3 824904 2.047444256
8 3 3 4741618 2.047449906
162 154 3 4058725 2.04746099
84 48 3 1523925 2.047463399
118 111 3 1300542 2.047470637
37 46 3 63194 2.047475995
14 119 3 3456463 2.047477738
76 80 3 1483144 2.047480672
186 85 3 1189766 2.047482527
11 14 3 7325 2.047483025
148 8 3 7444808 2.047483812
49 150 3 44219 2.047489938
117 118 3 7014731 2.047505627
77 76 3 37907 2.047514856
148 151 3 3613 2.047516308
13 81 3 69757 2.04751696
192 187 3 1959443 2.047522962
119 124 3 1137494 2.047531161
149 154 3 1894 2.047531903
77 46 3 9513420 2.047542133
2 46 3 714880 2.047552096
159 113 3 355547 2.047555143
89 78 3 825258 2.04755748
41 161 3 4512012 2.047558203
153 156 3 4466617 2.04757346
48 52 3 80425 2.047582144
156 185 3 20962 2.047585832
192 75 3 76408 2.047591195
116 117 3 415960 2.047593034
86 84 3 20558 2.047594427
45 198 3 9197 2.047594628
47 151 3 44235 2.047601762
3 15 3 8359887 2.047607186
79 84 3 164799 2.04760792
151 153 3 988982 2.047608711
114 113 3 159057 2.047611891
151 148 3 6581207 2.047612062
152 151 3 4892520 2.047612845
6 5 3 23975 2.047618576
158 161 3 106430 2.047620867
157 162 3 25806 2.047630104
148 6 3 61342 2.04763241
152 148 3 19938034 2.047643805
13 3 3 7942 2.047649759
118 120 3 69787 2.047651533
188 193 3 466352 2.047653529
192 195 3 77436 2.047655091
88 85 3 1900331 2.047658653
120 157 3 217443 2.047658667
190 191 3 79328 2.04766806
197 192 3 1415712 2.047670322
188 14 3 25416 2.047671799
123 122 3 9369 2.047674282
187 199 3 45540 2.047676302
121 122 3 3253438 2.047677178
15 9 3 1933607 2.047680574
149 41 3 55186 2.047683685
44 111 3 58474 2.047685424
87 10 3 67567 2.047686525
48 46 3 3786387 2.047690136
192 189 3 34603 2.04769079
200 81 3 18346 2.047703623
185 194 3 9168 2.047709367
113 126 3 305225 2.047710038
83 84 3 1038250 2.047717289
51 42 3 21175 2.047719457
78 77 3 165572 2.047720685
75 76 3 20161 2.047729022
7 3 3 54149 2.047732333
190 151 3 1222219 2.047742994
37 81 3 5100 2.047745126
195 196 3 69805 2.047745342
159 154 3 3470206 2.047745434
7 10 3 64472 2.047749823
10 85 3 336554 2.04775257
47 159 3 49994 2.047756256
156 185 3 8702 2.047759663
193 200 3 45727 2.047759952
156 162 3 4274309 2.047761758
14 15 3 427228 2.047780353
194 186 3 268673 2.047782397
148 157 3 40230 2.047798033
188 149 3 8016 2.047799197
156 186 3 287257 2.047803558
118 151 3 1305 2.047809539
111 7 3 1616561 2.047812509
75 82 3 67467 2.047813234
195 200 3 7763 2.047813587
114 115 3 372434 2.047816582
120 115 3 29776462 2.047817181
112 123 3 459 2.047817234
50 44 3 2801 2.047818053
189 191 3 2949240 2.047819255
152 189 3 5474 2.047819737
5 117 3 631157 2.047827213
153 50 3 2168 2.047828437
11 153 3 65913 2.04783118
81 85 3 29682 2.047832336
115 14 3 1227 2.047834545
195 194 3 9536626 2.047838144
8 13 3 880041 2.047842677
4 1 3 3403142 2.047843846
158 160 3 948795 2.047845962
2 45 3 1721442 2.047846169
43 50 3 38418 2.047848085
119 115 3 4838 2.047848293
114 125 3 770799 2.047851966
185 194 3 3912712 2.047852342
198 189 3 11282 2.047854039
11 9 3 51629 2.047854147
74 77 3 8725332 2.047854734
185 198 3 4307836 2.047859484
8 158 3 50182 2.047865606
116 111 3 4906 2.047868411
83 81 3 537432 2.047872087
82 186 3 53653 2.047875291
39 46 3 22157 2.047878437
122 119 3 2571511 2.047885349
9 0 3 211175 2.047891945
190 11 3 17265195 2.04789729
117 121 3 799109 2.047897714
52 40 3 3554507 2.047898276
200 199 3 666795 2.047907402
150 151 3 44606 2.047909512
11 162 3 29347 2.047910355
200 87 3 42903 2.047912211
152 154 3 44564 2.047912748
185 188 3 329844 2.04791317
190 74 3 70443 2.047913789
124 117 3 1381090 2.047919472
3 15 3 2673591 2.047920421
5 2 3 1988195 2.047928791
86 89 3 33627 2.047936031
49 87 3 44625 2.047942939
5 1 3 1598955 2.04794404
3 2 3 3577672 2.047948817
2 12 3 6039 2.047950019
200 3 3 2322 2.047950033
4 86 3 17476 2.047950137
112 122 3 19473504 2.047953573
87 79 3 25008 2.047956199
0 1 3 495777 2.047958876
117 122 3 63787 2.04795939
195 196 3 35845 2.047962187
5 1 3 855683 2.047962951
15 0 3 44013 2.047963172
189 155 3 1567881 2.047968703
5 11 3 4223 2.047977026
41 112 3 27742 2.047977593
156 200 3 24290605 2.047982079
48 150 3 59693 2.047985077
82 84 3 74321 2.047987598
10 15 3 23648 2.047987964
200 199 3 782 2.047988777
89 83 3 9170 2.047989224
160 157 3 913823 2.047989288
8 75 3 2182621 2.047992089
50 160 3 198895 2.047998719
50 148 3 1659709 2.047998852
190 76 3 9992 2.048006416
149 161 3 8822 2.048011307
154 155 3 9800 2.048014256
81 82 3 26074 2.048020635
192 191 3 164099 2.048020887
15 42 3 7567346 2.048027263
162 156 3 5723173 2.048030185
124 115 3 1453465 2.048031085
157 152 3 64695 2.048036642
52 188 3 40401 2.048037156
11 5 3 330723 2.048037352
45 48 3 4178 2.04803742
154 186 3 45907 2.048041134
52 40 3 189854 2.048041658
39 47 3 4794424 2.048043042
0 12 3 27260 2.048055387
193 190 3 39781 2.048056331
85 0 3 34947 2.048062226
52 51 3 323926 2.04806588
15 3 3 21107 2.048070501
160 155 3 8878 2.048077173
44 50 3 69802 2.048081664
4 82 3 54944 2.04808289
122 118 3 1586099 2.04808663
43 50 3 23872 2.048093698
88 160 3 64303 2.048097458
120 113 3 71623 2.048099953
187 151 3 1482158 2.048109545
112 116 3 46115 2.048113858
50 39 3 14987516 2.048118762
161 152 3 1981358 2.048130638
187 200 3 173721 2.048131336
37 153 3 4713 2.048140872
198 194 3 292152 2.048141514
161 189 3 39832 2.048146745
196 194 3 23321 2.048154715
149 150 3 4086150 2.048157369
125 111 3 72664 2.048158492
11 3 3 9419 2.0481614
10 0 3 278164 2.048166178
199 154 3 45674 2.048166905
163 149 3 4185 2.048171244
197 186 3 4226891 2.048171298
162 149 3 17510 2.048173692
50 48 3 21653981 2.048175349
186 87 3 154909 2.04818323
194 188 3 1681 2.048184456
5 160 3 6034 2.048191389
197 81 3 5697 2.048193799
40 52 3 7856585 2.048200408
4 74 3 749245 2.048205703
43 42 3 3505 2.048208239
15 159 3 78593 2.048210371
12 88 3 517399 2.048214923
154 160 3 482902 2.048216545
196 75 3 1228755 2.048217252
11 88 3 1953 2.048219156
84 86 3 54447 2.048222999
121 111 3 23054 2.048227924
162 159 3 771030 2.048229395
47 49 3 4100887 2.048229734
10 80 3 77566 2.048230164
120 121 3 19488 2.048233518
42 88 3 3592 2.048240848
8 2 3 23824 2.048244285
37 52 3 50464 2.048245371
50 161 3 3552513 2.048245432
4 119 3 193778 2.0482458
192 200 3 222547 2.048260546
79 80 3 5482 2.048260769
11 8 3 47488 2.048266548
14 3 3 599933 2.048269709
190 156 3 7676212 2.048274047
40 49 3 16532 2.048280492
46 39 3 700729 2.048292838
1 87 3 428654 2.048294801
190 48 3 3876512 2.048297227
14 5 3 1862259 2.048298505
156 150 3 3532754 2.048303742
37 50 3 8042511 2.048307681
155 148 3 7339 2.048309206
52 41 3 32114 2.048310452
163 195 3 31835 2.048310904
42 41 3 19194 2.048312054
50 51 3 2505344 2.048318625
151 39 3 65712 2.048328865
125 117 3 3701 2.048332369
162 112 3 9469955 2.048334697
125 113 3 1996674 2.048338712
187 199 3 4123014 2.048339559
188 185 3 115721 2.048346442
7 120 3 173 2.048347019
112 124 3 38440 2.04834724
191 195 3 802283 2.048348178
76 82 3 38947 2.048348989
153 189 3 2764542 2.048351856
198 197 3 23805994 2.048355983
77 86 3 151972 2.048360763
48 37 3 3880533 2.048365633
187 199 3 1302769 2.048367997
196 198 3 7103065 2.04837631
79 78 3 40114 2.048377799
2 46 3 49381 2.048378744
79 77 3 12297 2.04838421
154 156 3 570 2.04838775
196 122 3 45343 2.048390352
188 185 3 660066 2.048390885
195 198 3 96220 2.048395995
44 39 3 28947 2.048409664
154 84 3 35007 2.048414499
10 200 3 7596 2.048414955
74 76 3 277516 2.048415704
118 120 3 700575 2.04841686
7 38 3 73935 2.048419013
198 186 3 375918 2.048419192
187 160 3 464887 2.048421612
123 126 3 1392299 2.048427326
51 162 3 654251 2.048429938
124 114 3 3214804 2.048430989
37 50 3 1722621 2.048437932
46 152 3 22978 2.048446195
122 44 3 137471 2.048446518
114 124 3 46816 2.048447724
153 160 3 1088 2.048451477
12 4 3 23622 2.048451674
13 6 3 731895 2.048453486
5 126 3 48507 2.048453911
48 126 3 2180597 2.04845846
196 200 3 70604 2.048458921
46 39 3 6214 2.048458927
13 113 3 39623 2.048461084
189 193 3 1700859 2.048465316
80 89 3 8141474 2.048471155
7 5 3 953063 2.048474843
78 76 3 8224 2.048477319
1 88 3 1270257 2.04847816
119 117 3 36983 2.048480465
154 157 3 63271 2.048482654
197 199 3 1636517 2.048483652
158 149 3 8803 2.048483683
77 76 3 4591600 2.048484677
125 122 3 1379 2.048487359
198 199 3 6398436 2.048498953
152 158 3 48121 2.048500278
5 148 3 7602345 2.048501068
190 197 3 4987935 2.048512877
149 119 3 23874 2.048519175
6 14 3 26323 2.048520492
124 114 3 900 2.048523006
154 12 3 3904 2.048525433
5 2 3 48412 2.048536861
79 75 3 921478 2.04853745
200 198 3 17758 2.048538169
188 185 3 5892 2.048542466
3 5 3 185039 2.048545237
46 163 3 8288 2.048545407
159 161 3 3297380 2.048546611
4 76 3 45168 2.048556146
3 5 3 5493647 2.048559568
12 76 3 1863322 2.04856596
148 161 3 115594 2.048567821
51 154 3 3262643 2.04857653
188 196 3 32664 2.04858077
119 121 3 64703 2.048582481
76 5 3 555646 2.048584892
74 80 3 61395 2.048595623
89 77 3 795393 2.048597334
85 82 3 11089339 2.048597835
120 124 3 56144 2.048605463
41 48 3 3504680 2.048606851
50 150 3 1958122 2.048607024
190 78 3 657017 2.048608371
9 12 3 21956 2.048609475
5 0 3 422226 2.048610348
51 47 3 188070 2.048615844
199 186 3 31246 2.048618194
195 198 3 48547 2.048619427
10 88 3 9324 2.048620257
154 161 3 5074 2.048624056
197 186 3 23965 2.048624364
119 41 3 15207 2.048628563
9 87 3 137776 2.048630183
158 154 3 51056 2.048635656
12 11 3 1718169 2.04863828
111 124 3 36630 2.048639305
14 0 3 684601 2.048646018
2 5 3 60324 2.048659622
88 6 3 4720796 2.048664835
152 153 3 50305 2.048669606
0 83 3 3072512 2.048672448
126 158 3 25104 2.048682358
125 119 3 1255750 2.048684364
192 197 3 34855 2.048691527
158 157 3 92772 2.048691683
38 200 3 29422 2.04869331
158 152 3 4014350 2.048695781
187 81 3 53555 2.04870194
40 49 3 28900 2.048704058
198 149 3 7668605 2.048710822
188 161 3 10216 2.048720047
2 9 3 25863627 2.048720194
123 193 3 7950591 2.048720522
47 81 3 27263 2.048726566
111 126 3 75292 2.048727944
12 157 3 11160484 2.048729511
13 11 3 6128185 2.048729895
9 196 3 1684066 2.048730392
15 2 3 1138780 2.048733019
6 3 3 18694 2.048736711
151 150 3 24170 2.048738356
85 195 3 305654 2.048746285
195 194 3 2533326 2.048754682
148 158 3 15367 2.048757381
40 47 3 29648 2.048759644
196 189 3 42270 2.048761151
47 148 3 53100 2.048761431
38 40 3 46182 2.048765079
47 159 3 63310 2.048766261
120 125 3 1087699 2.048767305
159 158 3 1884246 2.048768614
188 156 3 182600 2.048772382
153 190 3 29877 2.048772588
81 76 3 190439 2.048775375
160 153 3 10437 2.048779271
192 126 3 54197 2.048781912
152 125 3 166542 2.048782904
13 10 3 9645 2.04878379
190 195 3 4859210 2.048788236
38 44 3 55978 2.048795303
188 200 3 193331 2.048801454
192 188 3 3951 2.048804435
149 196 3 9716078 2.04880571
124 114 3 3198327 2.048810291
50 160 3 1603138 2.048810703
156 155 3 79620 2.048811968
9 11 3 3188752 2.048813451
148 199 3 53373 2.04882122
151 195 3 1795 2.048826348
191 185 3 43260 2.048827549
114 113 3 6887923 2.048827959
197 194 3 1670819 2.048828246
153 163 3 22163345 2.048834453
194 186 3 37966 2.048835465
14 81 3 1971 2.048836062
7 161 3 114868 2.048843879
46 50 3 147858 2.048843951
44 153 3 11785 2.048845064
160 80 3 4791323 2.048851394
9 8 3 3108 2.048854977
192 188 3 9312 2.04885803
46 150 3 36369 2.048861295
155 163 3 63472 2.048861758
42 50 3 9798231 2.048862579
188 198 3 610589 2.048863855
0 153 3 12032 2.048866285
121 111 3 4054 2.048868979
151 187 3 50917 2.048871626
188 121 3 1887634 2.048873502
195 189 3 5862019 2.048875532
197 198 3 7519 2.048878008
122 114 3 8123 2.048880137
148 163 3 12939 2.048886435
112 122 3 8067148 2.04889474
113 126 3 42012 2.048897898
2 4 3 60259 2.048898613
4 158 3 3558106 2.04890324
87 189 3 28640 2.048906738
50 38 3 5020 2.048907389
37 39 3 26596 2.048916157
4 49 3 78492 2.048916573
153 74 3 59601 2.048918694
189 192 3 109242 2.048920352
51 47 3 1433702 2.048922695
152 162 3 529 2.048923933
188 122 3 938069 2.048932755
126 123 3 6247 2.048933296
10 2 3 6143 2.048936545
124 39 3 147 2.048942409
7 84 3 1920571 2.048946235
86 85 3 579077 2.048947028
39 42 3 1997 2.048952998
1 119 3 7487323 2.048956022
150 152 3 1338794 2.04895738
7 152 3 14566 2.048962316
193 77 3 88998 2.04896296
113 48 3 20359 2.048965317
39 46 3 70662 2.048969732
74 85 3 75646 2.048978755
161 156 3 5707 2.048981024
189 197 3 27 2.048986238
87 86 3 1425300 2.048989656
74 80 3 763929 2.048990975
121 117 3 22918 2.048992687
15 11 3 109469 2.048995375
6 14 3 418 2.048998874
81 11 3 30543 2.04900238
150 156 3 31524 2.049004752
14 7 3 1772980 2.049008078
154 156 3 1075713 2.049008767
115 112 3 8209563 2.049009214
198 190 3 42362 2.049011792
191 118 3 940952 2.049011824
13 82 3 2782 2.049014175
199 191 3 4859023 2.049016808
156 157 3 35380 2.049017609
126 122 3 64584 2.049025703
4 13 3 1272147 2.04902572
44 51 3 28131 2.04902595
161 158 3 27156753 2.049028988
6 197 3 5507 2.049029962
194 199 3 21209 2.049032888
197 199 3 23668 2.049035652
152 75 3 198268 2.049036042
49 37 3 65829 2.04903723
162 114 3 161076 2.049041184
157 149 3 196113 2.049058312
185 192 3 40743 2.049059543
196 190 3 51694 2.04906434
197 148 3 61193 2.04906556
8 11 3 9589991 2.049067082
88 77 3 77404 2.049068275
1 5 3 7315853 2.049070457
193 163 3 17827741 2.049073479
39 151 3 1274531 2.049078476
155 148 3 17040 2.049088002
49 41 3 6137718 2.049088494
0 84 3 1187775 2.049088765
78 125 3 4736589 2.049090203
116 39 3 1481772 2.049093
116 186 3 50151 2.04909494
43 85 3 556529 2.049095874
197 157 3 126483 2.049101067
185 194 3 38477 2.049103708
189 192 3 937183 2.0491055
9 79 3 6672053 2.049115074
122 111 3 40808 2.04911551
52 12 3 204754 2.049116797
117 124 3 14896651 2.049116954
118 51 3 2421539 2.049117385
151 152 3 46519 2.049117418
195 189 3 8268522 2.04911977
5 6 3 2583 2.049121631
41 40 3 1752179 2.049122542
148 149 3 2800 2.049124882
156 154 3 56218 2.049125268
6 0 3 29588 2.049125536
52 160 3 29475 2.049125893
152 151 3 4537726 2.049126352
112 113 3 5164 2.049128269
50 52 3 1762267 2.049131414
121 126 3 48852 2.049132719
188 195 3 46410 2.049134443
7 1 3 1193465 2.049136415
157 158 3 4514234 2.049139294
6 162 3 778 2.049149098
9 78 3 48841 2.049151815
86 88 3 24214 2.049152278
188 185 3 6193050 2.049153846
194 160 3 4112564 2.049159012
193 150 3 46776 2.049160538
10 11 3 550870 2.049165145
150 162 3 5481145 2.049167685
6 4 3 6099 2.049168375
1 8 3 111114 2.049168399
80 82 3 24092 2.049170051
187 192 3 8831808 2.049170719
124 38 3 53042 2.049172182
185 199 3 50743 2.04917369
162 185 3 118498 2.049177832
4 81 3 641050 2.049178651
155 39 3 5708 2.04918553
85 77 3 56452 2.049192013
185 150 3 53537 2.049194992
161 189 3 967560 2.049197292
151 155 3 17635951 2.049198765
116 120 3 736059 2.049199763
79 80 3 22483996 2.049200729
84 77 3 12301 2.049203417
40 48 3 1106004 2.049209705
198 188 3 7651 2.049213267
193 196 3 162348 2.049215153
13 0 3 1091267 2.049218813
199 196 3 193157 2.049219213
45 37 3 18857 2.049241025
50 48 3 23569 2.049243265
15 89 3 1648 2.0492439
200 196 3 38723 2.049248589
161 37 3 46083 2.049249168
121 120 3 27327 2.049249497
52 45 3 130677 2.049249587
12 3 3 1956863 2.049266877
185 197 3 4703254 2.049272347
77 79 3 619937 2.049272565
152 154 3 212 2.049273328
10 2 3 59080 2.049274437
7 8 3 167355 2.049278923
41 50 3 292292 2.049281965
150 151 3 28366 2.049290578
52 42 3 588940 2.049290786
45 43 3 59977 2.049303044
189 185 3 77358 2.049304305
43 161 3 32184 2.049310179
7 159 3 585142 2.049310968
8 6 3 1454978 2.049315145
49 43 3 26343 2.049315924
114 115 3 1088056 2.049317492
77 83 3 597401 2.049318659
111 113 3 11493 2.049320077
163 186 3 88414 2.049320954
89 88 3 1627173 2.049323987
149 154 3 37014 2.049329964
11 4 3 1383279 2.049333974
80 0 3 13338 2.049334162
113 112 3 1829027 2.049335199
199 42 3 553 2.049335497
52 51 3 490534 2.049337562
197 85 3 3892858 2.049340697
12 5 3 6163005 2.04934527
38 39 3 6204259 2.049346644
187 198 3 6745806 2.04934938
48 47 3 4549019 2.049350579
149 151 3 6903065 2.049357153
189 74 3 27499 2.049359425
122 123 3 919503 2.049362914
124 163 3 68563 2.049370359
157 190 3 4957035 2.049372862
152 156 3 108691 2.04937782
10 4 3 48695 2.049377987
123 1 3 1859641 2.049380507
163 196 3 131582 2.049381828
120 114 3 795921 2.049386042
200 192 3 791384 2.049388332
112 120 3 1598605 2.049393679
113 123 3 76788 2.049395213
8 49 3 74465 2.049402408
82 74 3 499241 2.049402772
199 148 3 9366953 2.049405079
121 115 3 367381 2.049409597
113 123 3 7324810 2.049409753
200 186 3 69459 2.049412831
153 148 3 318 2.049412977
1 74 3 11282 2.049414627
3 12 3 24675 2.049415893
86 74 3 1430 2.049418402
87 79 3 1944924 2.049421863
50 49 3 3382331 2.049421967
50 38 3 30542 2.049429342
152 151 3 440562 2.049432988
84 85 3 3216 2.049433081
48 15 3 5140 2.049439229
52 48 3 141524 2.04943993
113 125 3 9865 2.049443366
82 197 3 940113 2.049446216
88 83 3 365840 2.049449168
4 154 3 2397 2.049454355
1 12 3 16653 2.049458995
192 186 3 7336 2.049465793
114 121 3 4364124 2.049466549
2 5 3 7367 2.049472333
112 126 3 6618 2.049474526
50 160 3 4494 2.049475848
88 77 3 647550 2.049475982
10 14 3 2487 2.049479373
157 152 3 8136 2.049482112
6 9 3 145763 2.049482749
77 82 3 1697912 2.049485891
160 189 3 35245 2.049494615
3 8 3 6160055 2.049495504
74 89 3 8853 2.049496381
195 196 3 6635825 2.049497284
191 196 3 976633 2.04949987
5 194 3 59807 2.049516026
1 8 3 53147 2.04951669
157 188 3 4926339 2.049519251
151 157 3 2196923 2.049521974
6 12 3 77243 2.04953412
81 87 3 64797 2.049534963
15 11 3 15080 2.049536685
196 11 3 31512 2.049537928
39 51 3 8858335 2.049537955
84 77 3 61097 2.049545149
1 86 3 23517 2.049549773
111 116 3 5571 2.049553688
189 190 3 848 2.049554769
46 41 3 3592994 2.049557502
51 162 3 22021 2.049562412
160 191 3 509665 2.049562967
50 154 3 39830 2.049565734
161 200 3 3526765 2.049566854
120 123 3 120114 2.049571547
150 87 3 62760 2.04957794
74 82 3 954987 2.049579454
14 10 3 146111 2.049579726
47 50 3 8426 2.049579913
160 187 3 79425 2.049581905
191 193 3 1155432 2.049585207
78 76 3 3908888 2.049589925
39 46 3 96627 2.049597415
158 43 3 4927679 2.049600242
155 153 3 45989 2.049601129
46 48 3 65874 2.049601545
149 196 3 4064572 2.049603366
41 52 3 29120 2.049607732
153 157 3 3194960 2.049609072
150 149 3 24928 2.049610166
47 154 3 42975 2.049610425
49 50 3 49904 2.049620544
4 6 3 76270 2.049621163
13 9 3 3055598 2.049622223
123 9 3 3674939 2.04962579
162 148 3 105304 2.049626825
13 3 3 1659312 2.049634541
123 126 3 8677249 2.049636447
116 121 3 663465 2.049637299
45 156 3 8399 2.049638285
160 116 3 50673 2.049640667
150 188 3 71205 2.049643141
10 152 3 23599 2.049647775
48 199 3 88964 2.049647803
88 86 3 3515314 2.049649234
37 163 3 2771 2.04964938
84 85 3 5813849 2.049651354
153 51 3 3312068 2.049654679
123 122 3 28103 2.049659769
155 123 3 1955836 2.049661528
14 12 3 57694 2.049661771
122 115 3 77185 2.049665428
88 78 3 22286723 2.049668952
48 192 3 21338 2.049670492
149 187 3 57948 2.049682321
81 89 3 27639 2.049686849
41 48 3 74306 2.049692016
187 198 3 90234 2.04969581
154 153 3 3556321 2.049696889
11 162 3 1356 2.04970037
0 87 3 4754 2.049708454
9 15 3 9502 2.049717697
193 88 3 45092 2.049718431
116 115 3 2052072 2.049719728
158 156 3 70988 2.049720744
158 154 3 71977 2.04972148
13 11 3 5272 2.049722143
50 159 3 44476 2.04973176
157 7 3 48679 2.049737703
186 191 3 23278 2.049744034
44 116 3 6698 2.049744562
1 2 3 28883 2.049746813
87 76 3 1854833 2.049757321
111 114 3 119230 2.049761298
45 86 3 5766854 2.049762135
123 3 3 936437 2.049770997
51 49 3 4857360 2.04977134
189 159 3 64272 2.049773726
46 125 3 292 2.049774924
45 51 3 1026902 2.049781069
15 9 3 456106 2.049783566
45 42 3 53958 2.049783827
39 42 3 402205 2.04978573
124 125 3 356 2.049790732
198 185 3 2696017 2.049793045
187 115 3 34073 2.049794039
84 77 3 61526 2.049801335
85 86 3 2227359 2.049801749
190 186 3 68599 2.04980561
152 185 3 40496 2.049807064
151 157 3 335666 2.049807892
121 117 3 1841675 2.049808563
124 122 3 7697 2.04981085
124 192 3 4272270 2.049812876
195 44 3 16293 2.049820935
154 157 3 276195 2.049829017
2 0 3 5585 2.049833875
125 117 3 1879677 2.049836282
44 41 3 5936773 2.049839594
191 81 3 4993104 2.049845277
187 191 3 194632 2.049845383
12 6 3 2188683 2.049850987
185 189 3 3228514 2.049853373
1 15 3 3655423 2.049855094
149 0 3 56163 2.049860197
45 5 3 4639 2.049865145
10 13 3 5292956 2.049868307
37 49 3 29359990 2.049871202
74 76 3 440517 2.049873269
82 74 3 70121 2.049873437
149 158 3 601845 2.049874283
124 122 3 56138 2.049884813
79 120 3 47555 2.049886685
120 115 3 19376 2.049887843
188 77 3 67166 2.049890841
124 117 3 55482 2.049891941
4 6 3 22138 2.049892759
42 197 3 717217 2.0498934
76 89 3 146910 2.049898035
48 52 3 40009 2.049898881
126 193 3 20375 2.049907943
194 191 3 3845414 2.049910464
12 8 3 61257 2.049910799
49 41 3 2727783 2.049915435
86 1 3 4719200 2.049918209
44 39 3 71952 2.04991838
14 11 3 82142 2.049922143
191 50 3 19373 2.049928775
195 193 3 14077 2.049929448
162 158 3 3580 2.049936847
87 76 3 536903 2.04993799
77 88 3 2356462 2.049940541
193 200 3 6310 2.049944886
50 42 3 6053 2.049954115
40 46 3 30954 2.049955963
52 48 3 30839 2.049959632
159 163 3 201990 2.049964576
43 38 3 9163949 2.049966778
122 119 3 2999384 2.049967699
185 197 3 6878 2.049967704
123 125 3 1674100 2.049972347
77 74 3 71378 2.049975513
124 111 3 154276 2.049979418
116 126 3 55828 2.049980135
80 78 3 639247 2.049980666
14 161 3 3864 2.049981658
41 51 3 112898 2.04998412
122 120 3 1327156 2.049984141
10 9 3 54659 2.049984738
119 114 3 13447 2.04998598
193 85 3 17750 2.049988784
77 83 3 2439573 2.049996299
199 80 3 2177 2.049997202
198 188 3 1806775 2.050017051
158 122 3 24849 2.05002256
2 8 3 35288 2.050023889
125 157 3 1292636 2.050024021
192 197 3 64061 2.050026566
191 200 3 60183 2.050028056
83 76 3 1962958 2.050039494
81 78 3 70829 2.050041211
75 78 3 25627980 2.05004389
192 76 3 1244221 2.050046614
38 47 3 7874 2.050046932
41 42 3 23855 2.050060823
185 188 3 56857 2.050065116
81 77 3 2369 2.050068045
82 88 3 1591 2.050071382
193 151 3 56221 2.050073881
82 89 3 3649195 2.050081315
51 37 3 886693 2.050084119
82 89 3 63648 2.050088063
126 42 3 79042 2.050102004
150 48 3 29597 2.050107697
157 14 3 9701090 2.050115713
149 150 3 58406 2.050119094
195 153 3 1322227 2.050120193
199 197 3 816489 2.050121646
11 5 3 6358 2.050121708
157 7 3 7594 2.05013253
185 74 3 403376 2.050132923
159 148 3 22360 2.050136116
44 150 3 28850 2.050138117
200 198 3 1822813 2.050141842
123 8 3 9519 2.050144772
113 123 3 5186963 2.05014593
11 81 3 562245 2.050147403
50 118 3 1723777 2.050149264
190 198 3 62922 2.050150932
163 152 3 22435 2.050155828
7 0 3 1945295 2.050162611
89 47 3 20142 2.050166216
111 40 3 151234 2.050170495
82 187 3 412136 2.050171052
1 89 3 14883 2.050174918
87 15 3 1168550 2.050181098
37 13 3 1722597 2.050181856
45 40 3 189696 2.05018676
0 124 3 12191 2.05018763
77 4 3 3096872 2.050190872
39 51 3 30186 2.050198009
114 122 3 502335 2.05020736
48 149 3 1499 2.050213757
13 149 3 1218445 2.05021475
125 114 3 6715 2.050217559
120 119 3 69435 2.050226789
187 80 3 68231 2.050229478
37 41 3 78056 2.050229613
48 38 3 2119310 2.050231812
196 191 3 10606 2.050235238
43 13 3 3254312 2.050236878
189 194 3 9612043 2.050238285
47 148 3 7032907 2.050241274
79 77 3 1438 2.050248331
2 13 3 1255233 2.050250509
83 88 3 7959 2.050252367
121 126 3 36058 2.050252635
45 46 3 8258071 2.050260147
76 77 3 96145 2.05026034
124 113 3 2988 2.050260914
14 0 3 6528 2.050274628
49 39 3 35466 2.050275881
6 7 3 2537910 2.050279952
80 84 3 108053 2.050282291
37 85 3 9762 2.050284675
46 40 3 40408 2.050290223
155 199 3 1115821 2.050295175
187 79 3 3718295 2.05030797
155 156 3 4362 2.050308101
9 87 3 4695265 2.05031291
186 187 3 76502 2.05031585
13 85 3 58059 2.05032257
189 194 3 50130 2.050328992
48 42 3 124039 2.050330975
200 87 3 24223 2.050334382
197 199 3 4181570 2.050337727
10 76 3 1588107 2.050338093
193 192 3 819836 2.050339491
9 11 3 52490 2.050342764
125 119 3 3951 2.05034358
5 15 3 56 2.050350357
119 125 3 948062 2.05035311
199 89 3 8471 2.050354539
163 161 3 1718889 2.050358422
122 114 3 89318 2.050358876
6 41 3 37806 2.05036217
8 12 3 4021 2.050364562
163 160 3 30879 2.050368317
81 85 3 67306 2.050371177
41 45 3 1015012 2.050371885
89 192 3 23785 2.050377116
82 81 3 7677 2.050377132
158 151 3 26492 2.050378613
3 4 3 40301 2.050378948
45 44 3 73641 2.050381538
118 186 3 15689 2.050384975
78 84 3 8129829 2.050386332
116 122 3 134013 2.050389163
158 85 3 3429 2.050391906
37 154 3 72130 2.050392665
50 188 3 292242 2.050393442
118 6 3 4267416 2.050395572
47 42 3 4151493 2.050397094
113 126 3 25236 2.050403422
0 75 3 9392583 2.05040769
161 156 3 1678772 2.050409506
153 37 3 55152 2.050411303
51 47 3 1718340 2.050415497
87 76 3 739446 2.050421144
153 15 3 25411 2.050423105
123 43 3 16584213 2.05042345
43 41 3 47207 2.050425545
156 86 3 622966 2.050427889
194 199 3 8356 2.050435648
193 112 3 16391 2.05043566
41 154 3 7534701 2.050435904
195 197 3 41789 2.050436224
193 186 3 9496950 2.05043687
189 185 3 13702 2.050439322
160 154 3 23840 2.05044026
1 4 3 24089 2.050445152
113 120 3 70502 2.050448392
156 189 3 210338 2.050449652
81 83 3 236595 2.050450236
2 151 3 77281 2.050452484
114 0 3 1541356 2.050454866
122 116 3 15899 2.050455856
198 189 3 61516 2.050462588
5 15 3 7217 2.050467423
152 161 3 241960 2.05047009
119 115 3 33017 2.050471364
124 115 3 51667 2.050479294
49 44 3 60285 2.050483343
154 198 3 1904046 2.050484067
39 45 3 5959082 2.050490347
159 200 3 1309027 2.050494537
12 161 3 32173 2.05049579
45 44 3 24003 2.050502356
121 116 3 12152172 2.050508222
126 121 3 6551658 2.050510516
113 119 3 5442 2.050511211
190 186 3 63952 2.050511255
123 80 3 1160373 2.050514694
42 46 3 54491 2.050515582
4 79 3 23898 2.050515695
12 6 3 362678 2.050519414
154 156 3 24406 2.050521365
149 122 3 6412812 2.05052319
122 125 3 3357816 2.050533939
7 14 3 475063 2.050534994
0 41 3 3479152 2.050538296
77 74 3 55144 2.050539817
4 2 3 8223 2.050542697
41 162 3 37646 2.050542787
10 15 3 57094 2.05054585
153 158 3 30217 2.050550814
12 2 3 18309572 2.050556785
2 0 3 949468 2.050556849
88 83 3 4788157 2.050559649
50 163 3 2364250 2.050560762
154 149 3 59304 2.05056154
126 74 3 1865813 2.050563647
191 197 3 159328 2.050563723
196 200 3 2765 2.050563805
153 159 3 2504668 2.05056774
8 3 3 105766 2.050573987
15 86 3 64851 2.050574535
42 48 3 149671 2.050580933
1 82 3 1229 2.050592259
1 7 3 3154252 2.050592423
118 112 3 17645 2.050597614
189 192 3 1919358 2.050600056
121 123 3 2610984 2.050602271
14 198 3 63294 2.050604177
88 87 3 5634151 2.050604601
84 196 3 10622 2.050608223
37 44 3 2965804 2.050609693
113 115 3 6124115 2.050610803
8 118 3 500267 2.050610889
153 39 3 3546079 2.050614757
49 151 3 15090928 2.050621046
199 189 3 5633 2.050623585
0 9 3 18080 2.050624435
154 152 3 3249271 2.05065324
196 80 3 1832 2.050656476
148 6 3 9706246 2.050656551
197 156 3 1059444 2.050657471
75 84 3 4111883 2.050657929
157 153 3 42502 2.050661896
185 151 3 49151 2.050662353
116 88 3 8815 2.050669285
39 37 3 869843 2.050671006
47 52 3 14258 2.050672811
38 149 3 10982 2.050673409
199 114 3 351920 2.050678362
111 117 3 22149 2.050685359
5 0 3 2991317 2.050692218
197 192 3 1785276 2.050696783
5 13 3 56715 2.05071178
4 39 3 45730 2.050712764
152 185 3 22459 2.050713778
83 89 3 4423132 2.050714651
158 197 3 21116 2.050715915
194 185 3 662051 2.050719281
42 37 3 2680 2.050732039
80 82 3 4530831 2.050734914
149 161 3 3311555 2.050738277
192 188 3 4135 2.050739384
119 118 3 40702 2.050746637
120 119 3 3485408 2.050755494
84 82 3 989554 2.050757572
190 114 3 185965 2.050764313
187 188 3 57347 2.05076466
200 126 3 57294 2.050767616
40 46 3 6991 2.050773134
159 151 3 55959 2.050776019
116 123 3 17136689 2.050781737
196 74 3 14603 2.05078255
122 111 3 21209 2.050782945
6 11 3 190331 2.050785056
117 111 3 39316 2.050786489
43 49 3 21690 2.050787295
185 187 3 21811 2.050791135
116 114 3 2958175 2.05080386
149 159 3 23073 2.050805472
162 192 3 604556 2.05080659
152 159 3 70896 2.050809994
197 187 3 888530 2.050810022
200 189 3 1190475 2.050810693
200 87 3 41991 2.050812416
81 85 3 863616 2.050813389
13 7 3 1511656 2.050814111
45 192 3 3207322 2.050816346
111 124 3 33515 2.050816889
12 11 3 29187 2.050817168
5 4 3 10348 2.050817774
46 40 3 28880 2.050820753
199 160 3 25326102 2.050839378
38 44 3 2009404 2.050841773
157 162 3 1655731 2.050841802
117 126 3 1395015 2.050846931
153 148 3 404268 2.050852617
193 151 3 1649141 2.050859113
7 75 3 11272690 2.05085913
8 7 3 51240 2.05086176
151 159 3 8596030 2.050862284
199 154 3 66106 2.050862467
113 114 3 1761430 2.050865737
8 2 3 69243 2.050865809
42 43 3 36530 2.050868256
43 37 3 36554 2.050869398
47 149 3 7532646 2.0508697
6 12 3 4476 2.050869951
149 152 3 6379496 2.050875946
158 161 3 8981859 2.050876745
14 193 3 1551300 2.050881451
4 10 3 4184509 2.050884141
11 81 3 20733 2.050886051
39 51 3 53555 2.050894581
194 156 3 55875 2.050896756
9 7 3 3470608 2.050900094
157 155 3 2000 2.050902417
2 14 3 42021 2.050902583
14 8 3 75160 2.050903907
123 126 3 3443 2.050906605
1 12 3 158485 2.050908671
13 8 3 510 2.050914771
191 158 3 1698493 2.050920181
14 3 3 20650 2.050920475
196 46 3 2969689 2.050923444
78 115 3 360943 2.050925789
200 46 3 4741 2.050934525
84 1 3 4830 2.050935549
198 87 3 567974 2.050935916
115 148 3 68432 2.050954992
1 7 3 47494 2.050958057
48 199 3 18145 2.050962334
37 51 3 2880 2.050966796
162 149 3 57692 2.050966936
51 49 3 1458795 2.050967836
192 82 3 374077 2.05097778
150 148 3 13224122 2.050981132
185 38 3 6524830 2.050984218
85 77 3 1427034 2.05099655
111 117 3 23842 2.050997292
5 8 3 17920 2.050998231
111 123 3 119987 2.050999912
47 42 3 1719646 2.051003176
1 149 3 155898 2.051015926
119 121 3 2401996 2.051022314
156 197 3 7945101 2.051023946
197 84 3 5338 2.051029464
118 115 3 1489927 2.05102986
193 191 3 14834 2.051040765
79 196 3 9182 2.05104261
81 52 3 195114 2.051045632
150 192 3 1117 2.051053886
196 192 3 130027 2.051061305
2 1 3 382581 2.051063571
83 76 3 29989 2.051064719
151 156 3 23249 2.051072558
151 161 3 894 2.051077868
159 163 3 9983 2.051088396
111 118 3 277316 2.051091764
198 84 3 2132984 2.051097617
151 152 3 721504 2.051101258
155 152 3 69617 2.051102414
193 153 3 996181 2.051104753
160 158 3 428265 2.051105832
50 43 3 1299253 2.051112678
42 158 3 8973615 2.051113149
189 194 3 3702 2.051118617
195 117 3 4937 2.051119988
37 52 3 2210034 2.051121736
75 85 3 65506 2.051122238
8 3 3 39738 2.051125061
80 87 3 8669534 2.05113254
88 77 3 266474 2.051132937
200 197 3 78834 2.051141437
198 199 3 27436 2.051142802
41 42 3 21173 2.051145133
11 152 3 32386 2.051146058
162 151 3 2211422 2.051146269
116 121 3 22991 2.051147367
158 200 3 9845 2.051149643
151 154 3 67879 2.051152903
1 8 3 29873 2.051153307
9 10 3 60762 2.051158
155 200 3 56533 2.051158172
189 2 3 5367681 2.051158614
114 112 3 26808 2.051169208
89 86 3 56129 2.051171088
83 51 3 23620 2.051172657
159 189 3 720319 2.051174114
125 114 3 19592967 2.051175348
2 13 3 1146160 2.051178031
38 44 3 41526 2.051190017
8 37 3 1480 2.051193187
156 186 3 77172 2.051193586
190 161 3 66391 2.051197322
198 186 3 5477345 2.051203713
50 117 3 3462514 2.051211088
194 85 3 8904501 2.051213776
198 154 3 11432238 2.051217478
9 125 3 1819031 2.051217938
3 15 3 114058 2.051218208
49 46 3 366 2.051223941
112 119 3 1647380 2.051230225
8 1 3 38494 2.051231057
159 9 3 135990 2.051232934
83 48 3 171217 2.051233196
148 152 3 4246679 2.051237141
47 114 3 626785 2.051243696
82 77 3 24457382 2.051245601
43 48 3 179421 2.051248388
77 156 3 20250 2.051249544
191 52 3 105128 2.051250109
200 154 3 750825 2.051251615
79 85 3 17 2.051254848
199 192 3 67195 2.051260691
186 81 3 5424 2.051261767
115 87 3 19255 2.051261887
51 48 3 4074 2.051263153
155 153 3 136422 2.051289253
77 86 3 77485 2.051293286
83 77 3 8657 2.051293303
13 2 3 661205 2.05129338
187 198 3 48336 2.051293897
14 195 3 62197 2.051299413
200 12 3 13294 2.051302514
156 200 3 71159 2.051303978
42 41 3 6469 2.051307668
80 78 3 55101 2.051308341
13 14 3 432996 2.05132614
194 195 3 33501 2.051327194
157 155 3 50800 2.051335036
50 155 3 13617 2.051337011
193 191 3 6447 2.051338071
151 149 3 9822 2.051340381
118 125 3 2210342 2.051340624
126 125 3 1622994 2.0513421
149 191 3 74945 2.051344291
75 83 3 3942462 2.051356876
191 193 3 30769 2.051368743
3 5 3 1992 2.051373442
155 154 3 17912 2.051377341
7 4 3 4627387 2.051387583
40 43 3 6321 2.051387747
119 111 3 560 2.051392622
163 156 3 15513532 2.051392765
39 163 3 66475 2.051395058
11 89 3 29613337 2.051400678
46 41 3 3717 2.051406837
8 157 3 71054 2.051408252
152 163 3 4344689 2.051409768
155 153 3 28006040 2.051412925
87 84 3 1304774 2.051413115
38 43 3 35833 2.051418303
162 196 3 1636652 2.051430079
46 47 3 11631 2.051430464
115 126 3 56297 2.051430634
149 159 3 6891 2.051433645
192 187 3 25680975 2.051436462
39 1 3 321119 2.051436608
154 159 3 28205 2.051437047
117 189 3 42081 2.051440892
50 162 3 22347787 2.051441235
37 45 3 1526728 2.051443985
160 156 3 1307545 2.051447483
162 6 3 78158 2.051447796
79 84 3 1393826 2.051451306
38 46 3 20569534 2.051453426
199 81 3 1849491 2.051453559
193 200 3 9963661 2.051454843
115 126 3 19025504 2.051459469
192 189 3 399593 2.051462893
192 155 3 244589 2.051473366
45 47 3 358807 2.051478667
152 150 3 3823334 2.051478812
48 117 3 2469804 2.05148405
52 51 3 1373804 2.051487428
163 150 3 60748 2.051487605
155 156 3 1967369 2.051489926
86 198 3 72999 2.051491975
190 88 3 655104 2.051496332
42 159 3 13968 2.051500762
74 76 3 1099401 2.051504155
46 118 3 148649 2.05150508
156 153 3 62846 2.051505894
9 13 3 4546408 2.051506611
85 89 3 27439 2.051509299
77 83 3 383334 2.051510081
195 196 3 1148859 2.051512274
39 37 3 5632226 2.051514638
163 156 3 5902 2.051514771
14 11 3 22890070 2.051516807
193 78 3 102401 2.051520021
79 83 3 26705 2.051522946
89 85 3 3363070 2.05152489
45 47 3 74128 2.051525274
5 3 3 1772443 2.051530487
39 51 3 24638 2.051535004
88 186 3 4554477 2.051538684
87 76 3 39595 2.051539941
47 49 3 18782484 2.051549486
6 157 3 4251 2.051551721
8 157 3 56419 2.05155406
155 157 3 17642687 2.051555774
154 161 3 79502 2.051556678
4 148 3 8065 2.051558095
159 153 3 158484 2.051558532
15 14 3 73333 2.051562275
52 47 3 2209 2.051564517
81 80 3 182962 2.051566337
115 111 3 4459 2.051567439
2 12 3 7397945 2.051571228
11 9 3 30652 2.051573382
155 161 3 78154 2.05157398
78 80 3 794695 2.051583336
88 11 3 60410 2.051584601
46 51 3 7975162 2.051588554
43 47 3 29089901 2.051589128
148 154 3 432181 2.051589456
125 123 3 4058649 2.051590768
113 149 3 506950 2.051593215
42 48 3 738 2.051595206
120 112 3 5388248 2.051598195
199 188 3 18433 2.051599977
83 89 3 2412909 2.051601167
3 155 3 490415 2.051604557
50 40 3 3608 2.05160515
150 45 3 27573918 2.051608058
115 118 3 160932 2.051608748
52 46 3 176051 2.051609325
11 0 3 4663261 2.051614393
85 78 3 881417 2.051617802
11 7 3 44219 2.05162039
76 74 3 95483 2.051628569
15 8 3 29024 2.05163828
74 76 3 325067 2.05164594
11 187 3 1720552 2.051646112
194 190 3 4260336 2.05164691
188 191 3 32705 2.051651128
197 185 3 7870285 2.051652573
111 117 3 1863486 2.051655906
154 195 3 24706 2.05166164
46 43 3 6556 2.051665256
190 198 3 4257664 2.051667065
192 51 3 78788 2.05166993
76 83 3 1492824 2.051671475
116 120 3 7468218 2.051672713
189 79 3 2950 2.051682319
9 10 3 966271 2.051683842
9 4 3 49803 2.051685775
45 43 3 30966 2.051695848
123 111 3 5973 2.051699895
10 14 3 20120 2.051703535
185 200 3 20043 2.051705353
4 2 3 25372 2.051710647
112 161 3 41069 2.051717873
189 85 3 8136 2.051729414
37 155 3 34188 2.051730145
148 46 3 867486 2.051733645
4 87 3 361145 2.051734393
85 79 3 50600 2.051734546
45 156 3 342884 2.051740781
43 38 3 2471518 2.051745947
42 39 3 35184 2.051750682
148 153 3 59849 2.051752732
6 13 3 220025 2.051753206
12 9 3 14265 2.051766685
52 152 3 4021166 2.051772143
162 158 3 2408 2.051780554
189 191 3 2822879 2.051780822
52 43 3 13576 2.051800403
48 199 3 9459 2.05180055
40 156 3 23739 2.051803059
149 163 3 8615958 2.051806409
152 157 3 1534784 2.051806421
111 117 3 18810 2.051808095
83 84 3 8488 2.051814066
38 41 3 55523 2.051816619
46 44 3 30349 2.051817938
118 89 3 1428185 2.051823089
154 199 3 1298132 2.051824844
13 87 3 3517202 2.051829865
192 189 3 21619 2.051830287
15 2 3 1439108 2.051837637
50 49 3 17530658 2.051844168
160 77 3 99585 2.051846901
192 161 3 3230922 2.051847632
148 149 3 20745 2.051851455
114 125 3 57631 2.051854585
196 195 3 1394095 2.051857453
5 76 3 22525 2.051861525
42 41 3 8793131 2.051875392
77 82 3 55394 2.051877541
77 149 3 29784 2.051878852
198 193 3 2424327 2.051879064
192 197 3 2986 2.051884561
156 159 3 300291 2.051885445
162 191 3 24195253 2.051888068
111 119 3 55357 2.05189356
49 37 3 133303 2.051896348
50 42 3 174119 2.051897832
39 37 3 144197 2.05190031
198 83 3 36695 2.051901041
194 187 3 187122 2.051903412
194 187 3 4027 2.051903883
80 76 3 9946 2.051904582
162 39 3 8622054 2.051910637
197 89 3 24754 2.051918862
186 81 3 68074 2.051925375
119 126 3 7089 2.051925464
121 126 3 78749 2.051927332
111 79 3 54360 2.051929195
3 75 3 62697 2.051935153
46 4 3 737200 2.05193672
152 161 3 51717 2.051950136
84 78 3 1165763 2.051951553
39 38 3 197484 2.051952057
125 119 3 838465 2.051952836
89 78 3 220300 2.051955304
8 2 3 4615 2.051955541
158 159 3 350005 2.051956165
112 153 3 28294 2.051958479
7 85 3 333001 2.05196209
157 191 3 1505557 2.051967388
84 77 3 3732126 2.051968859
51 159 3 4646378 2.051974505
191 199 3 91210 2.051977321
155 200 3 4979 2.051978621
120 124 3 2165029 2.051980753
185 84 3 74363 2.051982854
39 154 3 70641 2.051985353
3 163 3 2202 2.051987467
7 85 3 74852 2.051990023
46 49 3 80887 2.05199026
196 187 3 461111 2.05199054
79 81 3 18668 2.051991904
200 111 3 785 2.051996086
10 8 3 6472 2.051997916
14 15 3 2307838 2.051999547
150 37 3 791 2.05199955
76 80 3 1470664 2.052001245
51 45 3 22890 2.052001387
197 190 3 150484 2.052003392
42 75 3 76513 2.052004358
77 161 3 1518318 2.052009516
160 153 3 3105 2.052010492
11 77 3 57907 2.052013858
41 156 3 41762 2.052013951
42 48 3 6091 2.052014479
186 79 3 2966 2.052020158
114 115 3 3969943 2.052028008
123 5 3 1355109 2.052036664
150 157 3 21668412 2.052045656
190 89 3 18582 2.0520462
83 86 3 22575885 2.052048604
189 200 3 2058717 2.05205262
151 158 3 33048 2.05205379
44 193 3 9316 2.052053942
111 125 3 108469 2.052056752
116 117 3 215 2.052059545
190 187 3 12457 2.052064979
15 114 3 2015126 2.052065111
14 86 3 9351353 2.052066331
39 158 3 1945026 2.052068425
155 163 3 3058 2.052076882
195 189 3 1056889 2.052078206
187 193 3 397849 2.052079691
12 148 3 11035 2.052082775
149 155 3 75269 2.052083674
194 196 3 73119 2.052085074
124 121 3 132904 2.052085882
124 119 3 1333219 2.052089865
12 1 3 3108210 2.052094762
118 117 3 190285 2.052097154
78 118 3 5940 2.05209999
6 0 3 115670 2.052105488
7 163 3 1524 2.052109665
44 37 3 72479 2.052109924
8 4 3 20296 2.052112435
0 11 3 2883083 2.052112671
3 116 3 464801 2.052114074
125 120 3 444230 2.052121155
37 44 3 1292334 2.052121347
198 190 3 21836 2.052128929
13 14 3 72820 2.052128972
114 85 3 23489430 2.052130416
198 74 3 181063 2.052130457
39 41 3 22512 2.052131295
1 8 3 7828 2.052135083
79 80 3 10939 2.052141384
114 77 3 79600 2.052141853
4 2 3 51839 2.052145744
150 155 3 3838481 2.052148845
193 198 3 162639 2.05215282
46 45 3 157821 2.052156051
160 149 3 1117337 2.052156472
2 11 3 179224 2.052157541
9 3 3 1102506 2.052166347
161 150 3 9480 2.052167098
49 158 3 25758 2.052170164
47 46 3 76894 2.052181287
74 75 3 19875 2.052184696
118 116 3 3399658 2.05218599
157 163 3 163716 2.052187111
78 81 3 16159678 2.05218738
45 42 3 29698 2.052191678
120 123 3 840230 2.052194196
2 10 3 66268 2.052194722
8 2 3 18661791 2.052207129
74 82 3 8128 2.052208202
12 14 3 196991 2.052211484
79 1 3 7597 2.052212969
6 1 3 159239 2.0522135
76 86 3 49312 2.052214235
123 115 3 29866 2.05221572
112 113 3 1196195 2.052215988
83 81 3 26482 2.052217486
6 14 3 26407 2.052218624
186 197 3 7998 2.052228341
3 14 3 73467 2.052233885
15 9 3 137197 2.052235562
160 42 3 9340632 2.052235987
80 87 3 1102894 2.052240378
189 197 3 106749 2.052244146
193 188 3 4951505 2.052244421
37 159 3 49628 2.052256758
117 126 3 38563 2.052265677
74 76 3 13065 2.052270378
160 158 3 21395 2.052276985
85 75 3 4288223 2.052279552
121 119 3 183749 2.052279679
163 122 3 1905684 2.052282841
14 198 3 5634 2.052284888
121 111 3 3359676 2.052287656
42 37 3 1928997 2.052291582
44 50 3 1218 2.052291941
75 76 3 189312 2.052292157
8 88 3 3543835 2.052292808
85 77 3 810918 2.052298053
49 152 3 71263 2.052303694
43 38 3 2576948 2.052304213
126 10 3 56192 2.052304357
1 4 3 28224 2.05230518
41 39 3 1569355 2.052305666
14 3 3 39883 2.052317149
152 148 3 4153123 2.052337483
116 200 3 2821 2.05234046
119 81 3 58387 2.05234328
196 186 3 7006549 2.052349376
7 2 3 5448 2.052351216
198 191 3 835283 2.052358119
122 123 3 30684 2.052372412
126 111 3 7983 2.052373704
161 189 3 780025 2.052378894
74 77 3 1258300 2.05238004
50 9 3 18760318 2.052383198
41 47 3 163727 2.052391661
189 4 3 1594397 2.052395356
48 41 3 20096 2.052398757
50 126 3 186699 2.052405391
88 81 3 2128159 2.05240555
45 38 3 29457 2.052406348
158 156 3 1524139 2.052407503
126 115 3 76342 2.052412901
9 76 3 452939 2.052416222
88 78 3 643599 2.052422759
191 85 3 11071 2.052430876
122 120 3 4883286 2.052432978
162 158 3 1320480 2.052434376
121 112 3 3875028 2.052436772
3 12 3 20748 2.052440961
4 9 3 2764464 2.052445293
49 189 3 55693 2.052445656
196 189 3 1426266 2.052449555
193 197 3 56129 2.052451037
157 148 3 400695 2.05245281
51 161 3 22206 2.052460365
186 85 3 18664933 2.052462986
162 199 3 27687 2.052463375
162 150 3 9840762 2.052465035
14 8 3 1779386 2.052465142
7 11 3 18829 2.052468564
37 47 3 2567034 2.052476164
9 7 3 3107411 2.052476313
37 193 3 1225613 2.052477176
79 89 3 4648 2.052480571
38 49 3 15193 2.052480672
151 75 3 6062 2.052481218
195 126 3 9179277 2.052485029
82 41 3 9737 2.052491343
192 49 3 22560 2.052493185
52 46 3 16213474 2.052493943
197 186 3 19030510 2.052497204
152 198 3 63354 2.052497456
199 78 3 8246 2.052498956
47 38 3 100248 2.052500549
77 83 3 199306 2.052501387
122 124 3 21339 2.052501782
76 80 3 23780 2.052501869
200 148 3 61459 2.052505716
42 154 3 320599 2.052506035
43 126 3 1188868 2.052511318
42 45 3 8628 2.052514705
39 114 3 6276 2.052522191
38 48 3 1288 2.052523124
74 11 3 17640 2.052523194
52 163 3 5121 2.052527989
196 197 3 12241 2.052528019
117 74 3 189154 2.052529515
87 79 3 61782 2.052530275
46 48 3 2407 2.052546473
13 82 3 665566 2.052547323
189 188 3 9125 2.052547492
194 80 3 8010621 2.052550714
79 80 3 120443 2.05255296
160 156 3 30481 2.052557676
9 11 3 22255 2.052557707
115 117 3 8845 2.052560682
38 52 3 67130 2.052565681
38 156 3 105560 2.052571151
191 193 3 36075 2.052577656
193 157 3 87973 2.052581068
187 192 3 12307 2.052586116
51 153 3 817420 2.052597891
191 198 3 5364 2.052599707
158 52 3 1584975 2.052599752
74 83 3 12671 2.052600238
3 76 3 45162 2.052600345
79 76 3 3079917 2.052600603
15 8 3 19286 2.052601341
150 162 3 4462 2.052602481
14 3 3 1200192 2.052611644
152 185 3 58153 2.052615916
163 152 3 43625 2.052629711
119 126 3 793544 2.052636583
198 114 3 23071 2.052636634
43 44 3 17235 2.052637882
41 43 3 68339 2.052639059
124 113 3 30843 2.052644554
124 116 3 46142 2.052647241
187 88 3 4115227 2.052647916
9 13 3 5741325 2.052649408
40 37 3 864315 2.052649468
193 192 3 142054 2.052652293
82 80 3 739608 2.052660219
1 38 3 61332 2.052661122
187 158 3 25816 2.052665274
0 14 3 2814219 2.052677374
199 81 3 31113 2.052691664
37 42 3 624313 2.052694806
112 114 3 635640 2.052696921
148 158 3 153816 2.052697449
159 158 3 75182 2.052700793
185 194 3 483907 2.05270838
197 186 3 4344 2.052710259
1 3 3 1306188 2.052710917
113 111 3 173051 2.052711113
162 198 3 676 2.052721375
77 9 3 65464 2.052722737
112 195 3 11588 2.052726928
155 118 3 7496 2.052731518
77 86 3 23616 2.052732047
189 83 3 22177 2.05273301
1 5 3 906105 2.052734257
193 200 3 8828252 2.052737028
117 114 3 8017 2.052737488
161 162 3 19537218 2.052737994
43 48 3 36992 2.052742115
194 186 3 11806 2.052742714
44 49 3 57504 2.052742752
156 150 3 3625431 2.052744642
40 39 3 1078938 2.052753686
161 155 3 369533 2.052756203
155 160 3 568206 2.052762145
45 51 3 7948510 2.052764001
14 148 3 2295 2.05276507
89 80 3 411417 2.052765121
7 83 3 2193 2.052766169
125 122 3 9699013 2.052769404
125 112 3 14940 2.052771604
15 7 3 2386408 2.05277287
119 46 3 45143 2.052778506
198 194 3 1921457 2.05277893
152 160 3 57460 2.052791807
74 82 3 38430 2.052795423
74 81 3 62155 2.052799253
15 77 3 28538 2.052801358
186 195 3 1430035 2.05280364
83 89 3 389 2.052804612
198 195 3 78709 2.052818427
46 48 3 34753 2.052820556
189 192 3 25464 2.052831183
6 154 3 7414269 2.052834008
199 79 3 20799 2.052834357
40 47 3 7402 2.052838526
112 124 3 58215 2.05283975
185 190 3 10709 2.052857649
10 5 3 7999 2.052863556
48 126 3 662956 2.052866804
156 200 3 4162282 2.052869966
160 149 3 1346196 2.052871612
3 158 3 1195862 2.052876895
149 157 3 74962 2.052878852
9 4 3 8970862 2.052880092
43 74 3 57837 2.052881822
192 78 3 20312 2.052884311
198 199 3 7048594 2.052885459
114 116 3 28624542 2.0528865
198 81 3 1616650 2.052897355
125 122 3 8956 2.052897399
198 197 3 8655 2.052897838
6 1 3 27037672 2.05290128
195 185 3 1259035 2.052904069
37 48 3 49290 2.05290472
163 159 3 24998 2.052904901
187 196 3 5653467 2.052910236
187 189 3 28808 2.052913895
38 48 3 120207 2.052915473
10 2 3 3613059 2.05291653
158 159 3 115041 2.052917486
40 51 3 1454120 2.052919329
185 192 3 98581 2.052921024
192 111 3 1079802 2.0529219
153 152 3 9688 2.052923101
185 189 3 51755 2.052924567
3 77 3 4187425 2.052929633
75 86 3 1374086 2.052931245
48 39 3 53767 2.052932414
185 6 3 60458 2.05294131
114 124 3 2666 2.052942335
78 86 3 854976 2.052942342
5 77 3 169346 2.052947174
14 6 3 5426705 2.052947333
74 88 3 64295 2.052950734
49 40 3 7486 2.052953656
5 9 3 10566 2.052966183
157 148 3 69273 2.05296837
39 158 3 27673 2.052969029
12 163 3 22492 2.052970802
80 77 3 57305 2.052975589
2 4 3 48609 2.052975609
113 112 3 386676 2.052975634
45 40 3 75502 2.052976167
122 48 3 50914 2.052977032
76 77 3 24142 2.052982409
7 6 3 1610368 2.052982655
79 75 3 48612 2.052986827
13 161 3 4581101 2.052988601
51 40 3 4436 2.052990132
86 88 3 912643 2.052993673
13 2 3 1084820 2.053008913
85 82 3 1716088 2.053011967
14 87 3 1071864 2.053013307
74 77 3 3084744 2.053013992
148 162 3 6304674 2.053020177
75 86 3 34963 2.05302124
12 1 3 149689 2.053024389
155 198 3 636772 2.053024648
161 188 3 654894 2.053029002
44 114 3 8056 2.053029508
81 87 3 54092 2.053035826
149 151 3 6896 2.053039331
160 49 3 3875552 2.05304779
151 160 3 8924367 2.0530524
2 156 3 159605 2.05306133
159 151 3 66691 2.053065806
75 78 3 837258 2.053073928
41 49 3 320162 2.053074391
1 9 3 9899 2.053077091
125 118 3 61826 2.053082523
195 191 3 1088112 2.053086402
74 161 3 4066 2.053094136
0 15 3 167885 2.05309804
12 120 3 71008 2.053099239
48 115 3 66245 2.053099522
162 152 3 169179 2.053102056
200 194 3 25619744 2.053102615
44 163 3 89444 2.053106488
47 8 3 22742 2.05311246
199 118 3 6772 2.053114141
39 81 3 4937436 2.053117289
12 5 3 27328 2.053131053
198 191 3 43514 2.053132129
191 5 3 2964860 2.053134769
45 162 3 7167824 2.053137253
80 77 3 14641 2.053150652
117 124 3 1507 2.053163853
9 87 3 1741413 2.053169372
8 2 3 6712841 2.05317019
186 84 3 1448209 2.053181407
199 85 3 49501 2.053181495
78 81 3 88 2.05318367
161 13 3 4470524 2.053184178
4 189 3 4981678 2.053189698
9 5 3 658968 2.05319555
155 6 3 24284830 2.053201334
49 157 3 73819 2.053207171
47 148 3 656 2.053210975
11 200 3 58290 2.053217374
0 196 3 78524 2.053219486
85 84 3 112843 2.053220478
154 150 3 155210 2.053221279
79 111 3 11069 2.053226815
10 159 3 66859 2.053230961
88 117 3 21600 2.053237095
113 118 3 20250 2.053249115
89 79 3 2018193 2.05325152
52 160 3 79570 2.053251658
192 189 3 33984 2.053251893
6 47 3 22061 2.053257077
199 113 3 105561 2.053263672
8 85 3 11587 2.05327156
42 112 3 25406 2.053273985
39 162 3 1515396 2.053274803
10 45 3 17788199 2.05327484
163 152 3 33077 2.053277502
49 45 3 55491 2.053283354
197 14 3 26487 2.053287226
45 81 3 2719 2.053293092
37 42 3 1699077 2.053295162
117 115 3 22169245 2.053306885
149 45 3 15305972 2.053309982
149 156 3 51602 2.053312635
186 79 3 9809 2.053318048
75 117 3 10813670 2.053319529
15 14 3 1255189 2.053320169
194 193 3 3250321 2.053322076
116 123 3 7397 2.053324554
115 122 3 2932661 2.05333243
160 198 3 5756052 2.05333872
191 194 3 15543 2.053341796
188 79 3 3346178 2.053350017
43 48 3 67069 2.053351449
9 0 3 1191926 2.053359452
154 158 3 23444 2.053360757
13 153 3 2561291 2.053361336
124 122 3 89517 2.05336226
153 75 3 66084 2.053376632
52 152 3 2969 2.053379558
190 195 3 3143158 2.053382534
151 116 3 39978 2.05338267
126 120 3 55303 2.053393703
195 85 3 35999 2.05339682
44 42 3 74776 2.053398945
123 114 3 6958100 2.0534017
156 200 3 930243 2.053402916
84 78 3 2954972 2.053406422
195 186 3 783246 2.053406596
162 163 3 1680193 2.053407144
39 45 3 905839 2.05340848
113 120 3 865362 2.053408662
77 80 3 1661 2.053408799
194 190 3 731597 2.053409475
0 14 3 55397 2.053409922
8 162 3 2561595 2.053410444
15 77 3 77167 2.05341248
151 155 3 25478 2.053413071
153 154 3 1864520 2.053413515
48 40 3 9006 2.053413808
196 150 3 23556 2.0534207
189 200 3 299358 2.053422166
150 196 3 179210 2.053424614
89 78 3 25070128 2.053425566
38 44 3 1991304 2.05342773
191 189 3 1565757 2.053435603
197 190 3 16969 2.053440991
50 14 3 44616 2.053453491
188 89 3 1594884 2.0534547
11 0 3 7759266 2.053464845
185 51 3 9053489 2.05346642
4 14 3 3990674 2.053469008
7 162 3 29555 2.053469354
5 3 3 4680 2.053470403
85 88 3 4432 2.053473685
44 160 3 28238 2.053474499
11 86 3 61032 2.053477564
151 185 3 167551 2.053477673
5 76 3 46996 2.053480576
80 89 3 815259 2.053482621
44 52 3 7592 2.053484776
187 79 3 3591 2.053491911
3 89 3 16410 2.053493662
153 150 3 22996 2.053494423
81 121 3 8278 2.053494826
114 113 3 2036077 2.053497096
39 9 3 9761 2.053506131
157 153 3 31025 2.053506296
15 89 3 60412 2.053508371
41 149 3 29061725 2.053509791
2 82 3 9142 2.053512255
158 4 3 69650 2.05351475
117 37 3 8035247 2.053517347
122 125 3 2661010 2.053517481
190 192 3 7804 2.053519472
13 78 3 5665371 2.053519959
38 45 3 67275 2.053520517
2 15 3 414742 2.053520611
46 42 3 7345742 2.053522201
115 187 3 48657 2.05352345
13 10 3 8963443 2.05352373
153 190 3 1884899 2.053532038
46 152 3 29946 2.053532179
125 124 3 4701510 2.053533097
45 47 3 1053023 2.053533745
152 2 3 69364 2.053534144
117 190 3 1952391 2.053536684
193 15 3 15931 2.053538914
52 158 3 3187284 2.053540687
188 187 3 73269 2.053550595
47 119 3 1506 2.053553337
158 149 3 7580 2.053572923
8 7 3 4327677 2.053578737
82 89 3 7576 2.053584261
42 151 3 3711 2.053587384
117 114 3 1940022 2.053589098
3 8 3 72129 2.053598747
115 112 3 461114 2.053604938
37 51 3 22522 2.053606722
186 194 3 31940 2.053613922
2 74 3 243844 2.053620324
155 158 3 934864 2.053621175
6 197 3 3455511 2.053621846
197 190 3 2723479 2.053623314
4 89 3 40406 2.053627266
148 197 3 79761 2.053627271
40 157 3 3478 2.053638395
14 86 3 9729330 2.053643767
148 163 3 1942572 2.053648911
117 111 3 50512 2.053649675
126 49 3 547302 2.053649728
46 11 3 825 2.053650048
0 86 3 9936026 2.053662545
116 119 3 8029 2.053666806
46 4 3 25792 2.053678107
125 121 3 147945 2.053680977
8 2 3 1823706 2.053684657
81 76 3 10166 2.053684911
76 43 3 1131161 2.053686762
38 37 3 56998 2.053687685
163 149 3 39724 2.053695009
163 158 3 4726833 2.053711531
149 158 3 4536621 2.053713709
152 160 3 24603008 2.053714872
192 198 3 6855452 2.05371543
49 47 3 190741 2.053716777
11 5 3 39438 2.053717831
38 148 3 39738 2.053720254
191 189 3 2742306 2.053721042
190 193 3 7569 2.053735626
42 43 3 5211096 2.053736283
13 76 3 1181443 2.053740763
162 157 3 22236 2.053743677
155 46 3 220938 2.053746273
199 185 3 7047 2.05375583
114 118 3 281044 2.053756002
80 149 3 2157330 2.053758867
155 153 3 64711 2.053768225
124 39 3 409 2.053769362
124 116 3 77376 2.053775163
200 195 3 23002 2.053779365
149 161 3 1122095 2.053785299
152 151 3 806800 2.053786255
11 85 3 30206 2.053786297
194 188 3 26578 2.053789464
199 187 3 27520 2.0537903
79 78 3 1997251 2.053793299
10 150 3 668706 2.053794814
47 153 3 6727782 2.053798773
122 116 3 4346631 2.053804814
0 78 3 33099 2.053806859
5 9 3 974873 2.053816878
5 1 3 10934742 2.053818801
80 86 3 28604 2.053819485
13 1 3 9166 2.053819574
74 75 3 47132 2.053822405
76 75 3 1676517 2.053840198
159 155 3 124927 2.053840494
5 0 3 430 2.053846153
78 80 3 647215 2.05384743
192 151 3 1331550 2.053849086
190 119 3 67672 2.053856763
39 40 3 41792 2.053859182
76 80 3 41633 2.053859855
196 13 3 802019 2.053863492
123 117 3 75793 2.053863834
0 157 3 193113 2.053869003
195 7 3 59168 2.05386959
84 78 3 4426397 2.053869711
152 154 3 472354 2.05387171
118 112 3 703541 2.053879967
199 77 3 63140 2.053880706
125 116 3 34149 2.053881046
190 196 3 4670 2.053887996
125 6 3 4457719 2.053891357
153 161 3 94588 2.05389189
161 195 3 65960 2.053892342
50 4 3 9643 2.053895154
0 10 3 8507085 2.053901406
3 13 3 1216500 2.053905019
43 52 3 33808 2.05390804
155 199 3 34236 2.05391318
125 126 3 25966 2.053914425
39 38 3 7420 2.053921748
89 79 3 16449 2.05392338
122 125 3 65657 2.053924502
52 41 3 72416 2.053931219
191 198 3 23954 2.053931496
6 13 3 4474855 2.053934274
153 152 3 1555319 2.05393923
2 3 3 3927817 2.053940667
152 162 3 2001313 2.053942126
193 199 3 1092373 2.05394424
112 125 3 49644 2.053957544
39 47 3 1361027 2.053958254
151 192 3 1696486 2.053964753
38 48 3 4882469 2.053971588
114 111 3 79160 2.053972999
43 51 3 175954 2.053977437
3 83 3 544684 2.053984503
119 113 3 167770 2.053987787
15 74 3 6176003 2.053988195
15 159 3 49813 2.053988486
88 79 3 22237 2.053991875
0 4 3 49999 2.053993142
115 119 3 6992241 2.053993796
125 75 3 1391615 2.053995351
81 38 3 60724 2.053995765
122 120 3 1182788 2.053998499
149 152 3 33361 2.054005187
39 38 3 4689939 2.054007933
155 154 3 1828324 2.054009336
6 37 3 7754 2.05400953
155 150 3 12564411 2.054010754
8 1 3 5562250 2.054012029
200 194 3 41453 2.054012129
125 117 3 17813 2.05401328
9 42 3 4944 2.054014779
124 49 3 1717963 2.054015345
200 120 3 197156 2.05401599
79 190 3 128268 2.05401883
0 9 3 1566 2.054021825
161 163 3 27223 2.054022197
42 49 3 198831 2.0540257
126 115 3 2484 2.054032034
185 200 3 68943 2.054034859
152 160 3 4701053 2.054038649
87 7 3 39707 2.054039956
81 89 3 7974365 2.054048563
113 117 3 29909 2.054048728
187 191 3 7311752 2.054048847
0 88 3 4036862 2.054052303
83 78 3 29673 2.054065253
10 150 3 22749 2.05406612
88 82 3 50364 2.054066775
43 42 3 5312385 2.054071678
3 160 3 5674 2.054080303
6 160 3 733481 2.05408666
1 148 3 32100 2.054092343
196 185 3 1586537 2.05409658
189 82 3 1791349 2.054102919
74 119 3 472133 2.054103966
197 199 3 2374272 2.054104418
4 11 3 54759 2.054105827
8 185 3 21822828 2.054107969
190 198 3 75095 2.054110537
81 195 3 1184535 2.054113271
1 2 3 188850 2.054115577
48 39 3 208707 2.054120272
76 79 3 5700 2.054121943
9 11 3 546226 2.054123081
6 118 3 17142 2.054123757
149 155 3 26364 2.054127174
152 153 3 1407111 2.054132734
157 163 3 10192 2.054137504
52 37 3 27165 2.054139484
161 1 3 141380 2.0541419
8 3 3 119546 2.054154081
43 41 3 474487 2.054168533
9 82 3 703092 2.054169424
154 86 3 25836 2.054170767
77 86 3 464884 2.054171588
189 190 3 2785195 2.054172954
1 0 3 1077857 2.054180116
83 84 3 71287 2.054187201
152 149 3 7322 2.054190382
6 162 3 8241597 2.054191477
75 38 3 1071658 2.054191723
188 197 3 25036 2.054207445
84 76 3 3010 2.054208196
149 155 3 69389 2.054213828
193 38 3 48243 2.054219255
125 120 3 61152 2.054227054
112 156 3 62343 2.054229914
4 3 3 5992 2.054234639
186 198 3 909636 2.054237297
160 148 3 764519 2.054239907
37 50 3 1647506 2.054247574
189 74 3 108749 2.054248711
160 155 3 2541 2.054250782
41 44 3 20969 2.054253633
196 8 3 15420 2.054259591
161 155 3 7429192 2.054264198
189 191 3 29928 2.054270396
10 77 3 60781 2.054270713
79 88 3 20135313 2.054272739
14 13 3 2406976 2.054276017
114 185 3 4617538 2.054277968
43 49 3 1203017 2.054279671
158 115 3 87253 2.05428123
38 152 3 676331 2.054288094
112 114 3 70298 2.054294885
191 188 3 7641746 2.054295136
118 125 3 1487619 2.054297891
191 196 3 1141602 2.054299812
120 124 3 17604 2.054308174
161 155 3 22096 2.05430994
199 88 3 34248 2.05431024
156 153 3 2528777 2.054324021
85 77 3 1306450 2.05432523
85 78 3 15270 2.054325985
12 14 3 6814 2.05432691
13 118 3 38671 2.054326927
154 150 3 914218 2.054334788
37 10 3 1733544 2.054334846
111 120 3 122651 2.054339498
13 9 3 15752350 2.054346683
49 6 3 63934 2.054349338
81 89 3 96376 2.054350585
80 161 3 74339 2.054352479
123 120 3 8893807 2.054352777
85 81 3 709961 2.054358964
42 40 3 63773 2.054363412
38 39 3 63803 2.054368918
188 189 3 1155330 2.054372111
186 194 3 4828950 2.054373296
42 48 3 30279 2.054378794
13 7 3 16417590 2.054381559
1 163 3 43263 2.054382996
189 193 3 5764 2.054388809
6 84 3 41483 2.054393768
151 161 3 51043 2.054397179
187 186 3 2062 2.054401446
155 190 3 167795 2.054405292
1 153 3 1825616 2.054406198
1 74 3 77069 2.054412506
43 46 3 1837673 2.054414423
148 190 3 445466 2.054414986
15 1 3 16564810 2.054415724
46 89 3 22808 2.054420432
51 195 3 1324721 2.054421074
114 9 3 3530394 2.054422284
84 74 3 21349 2.054427038
47 43 3 12822 2.054427737
154 157 3 386348 2.054428975
125 116 3 47048 2.05443
14 7 3 1111204 2.054431792
162 148 3 878595 2.054433052
13 0 3 70758 2.054441256
192 198 3 34920 2.054442658
159 148 3 6285 2.054443938
153 193 3 24108 2.054451489
113 112 3 23514 2.054458264
52 43 3 8169 2.054459136
13 83 3 683626 2.054459185
12 13 3 6064003 2.054464195
81 87 3 35494 2.054465801
84 149 3 9577843 2.054469381
121 122 3 73346 2.054471665
12 6 3 37669 2.054472921
1 156 3 291342 2.054474902
80 88 3 688 2.054476442
9 84 3 40827 2.054478974
46 48 3 30318 2.05448674
1 3 3 49629 2.054489425
190 41 3 15538 2.054490495
88 83 3 7542586 2.054492714
13 187 3 65316 2.054493795
149 151 3 47790 2.054493947
43 39 3 41623 2.054494898
158 9 3 2644 2.054499383
88 86 3 6252 2.054499842
151 191 3 25580 2.054502925
47 39 3 43650 2.054508316
198 196 3 91707 2.05450949
14 6 3 8056465 2.054511093
115 116 3 4244925 2.054512537
79 84 3 50416 2.054514467
4 42 3 42456 2.054519078
160 150 3 77474 2.054521009
117 113 3 13109885 2.054521816
122 113 3 31205 2.054523845
162 148 3 176420 2.054523849
48 50 3 8420814 2.054525124
186 200 3 59822 2.054525257
14 4 3 23676 2.054529527
192 85 3 9508 2.05453072
4 162 3 2777650 2.054532157
3 51 3 1690275 2.054534541
186 150 3 7880861 2.054542838
198 77 3 184714 2.054544244
49 48 3 1485 2.054546026
198 77 3 74625 2.054548733
48 38 3 1135265 2.054552804
121 114 3 875718 2.054553914
76 80 3 25313 2.054561096
114 112 3 6037 2.054561907
14 9 3 1327712 2.054566223
186 81 3 56862 2.054573118
159 150 3 408057 2.054580314
3 86 3 194035 2.054585903
198 188 3 26602 2.054592726
199 187 3 56539 2.054597878
200 117 3 16417407 2.054603711
41 77 3 61566 2.054606953
52 51 3 8279445 2.054607022
111 52 3 350224 2.054609917
155 195 3 21127 2.054619538
40 52 3 2638 2.054622979
15 81 3 8367433 2.054629243
4 159 3 17309 2.054642073
37 160 3 5383493 2.0546437
199 48 3 8436 2.054644584
122 114 3 3576074 2.054647566
14 13 3 1324811 2.054647926
48 50 3 943481 2.05465469
88 89 3 355436 2.054655243
44 124 3 4572807 2.054656683
188 200 3 141217 2.054656696
50 39 3 2671932 2.054658779
13 157 3 64924 2.054660778
9 154 3 406628 2.054665319
13 197 3 1331761 2.054668231
120 125 3 762659 2.054669001
43 87 3 444 2.054672488
114 112 3 390552 2.054676322
154 111 3 154687 2.054682536
85 80 3 9975 2.054691403
0 9 3 4831 2.054693964
48 40 3 23635627 2.054694272
10 156 3 69123 2.054701154
86 80 3 268463 2.054701413
13 120 3 1130617 2.054701721
126 112 3 291638 2.054703256
52 0 3 170272 2.054703581
13 12 3 2309498 2.054708802
200 82 3 1462603 2.054709472
12 76 3 39616 2.054717529
114 197 3 25880 2.05471961
193 191 3 1436118 2.054719981
12 163 3 1202253 2.054726533
160 149 3 167113 2.054730142
86 85 3 3539512 2.054730279
191 187 3 3704 2.054740907
189 148 3 11739 2.054750139
122 124 3 4736688 2.054768967
189 190 3 1885710 2.054778061
4 152 3 21386 2.054783493
122 113 3 8047813 2.054783496
88 82 3 60288 2.054783658
15 1 3 17497 2.054784035
120 115 3 187242 2.0547873
186 187 3 30822 2.054787404
44 159 3 24153 2.054791577
14 7 3 9220 2.054791828
13 2 3 2736184 2.054792104
1 11 3 7972751 2.05479795
81 82 3 797247 2.054810879
10 0 3 49503 2.054814125
150 160 3 67 2.054819693
195 78 3 8497 2.054820288
196 194 3 39797 2.054823674
44 81 3 4812906 2.054829278
8 3 3 24669 2.05483128
160 120 3 266531 2.05483721
124 111 3 7522 2.054846528
148 152 3 366527 2.054847682
188 193 3 3689534 2.054853843
86 83 3 1333482 2.054858567
77 88 3 4055074 2.054859206
10 6 3 77080 2.054861144
5 153 3 42521 2.054865895
14 88 3 3594360 2.054875071
0 151 3 36035 2.054875208
154 152 3 20978 2.054875992
9 12 3 509593 2.054878148
195 151 3 21842 2.054879027
154 194 3 24065 2.054880714
2 152 3 555829 2.054881051
194 190 3 1073 2.054883804
52 48 3 29883 2.054884037
126 39 3 62165 2.054889002
48 45 3 21286 2.054893453
198 185 3 5239 2.054894227
89 77 3 130198 2.05489996
161 196 3 488912 2.054902573
37 120 3 4732209 2.054903137
198 188 3 29954 2.054910243
151 149 3 2299870 2.054918732
2 6 3 4041500 2.054921252
199 44 3 2211425 2.054923962
83 78 3 9438075 2.054924387
86 76 3 3623200 2.05492978
50 45 3 8081 2.054930534
89 81 3 40786 2.054935859
186 80 3 5427 2.054937553
125 1 3 37399 2.054938987
41 82 3 9980499 2.054948289
155 192 3 828166 2.054953097
157 159 3 25599 2.054954219
188 84 3 13111 2.054958866
153 185 3 6274320 2.054962125
48 45 3 50324 2.054980025
14 8 3 6512913 2.054981691
192 199 3 21367 2.054981892
189 114 3 15313660 2.054986355
191 163 3 91 2.054988105
200 189 3 74168 2.054989094
7 81 3 30094 2.054991689
75 76 3 49853 2.054992302
41 149 3 69671 2.054994356
1 87 3 48825 2.054997961
42 48 3 13793835 2.054999124
1 37 3 25581570 2.055000028
88 80 3 2940 2.055005301
7 150 3 1244340 2.055005364
191 200 3 1820043 2.05500708
197 81 3 9850869 2.055011745
40 41 3 8357 2.055012931
49 119 3 26828 2.05501673
11 44 3 14105 2.055019106
37 42 3 6656961 2.055026071
3 12 3 4551 2.05503247
11 149 3 76443 2.055040789
79 87 3 8030 2.055061923
85 81 3 114019 2.05506716
158 162 3 24771 2.055068098
43 40 3 8335214 2.055069973
156 45 3 77821 2.055070261
2 4 3 4428392 2.055073069
44 42 3 63240 2.055073614
195 42 3 32092 2.055078713
156 113 3 9291862 2.055081968
15 85 3 26923 2.055083911
159 9 3 1809514 2.055088533
192 185 3 40606 2.055090643
52 40 3 74029 2.055099314
200 190 3 22413227 2.055101466
87 85 3 1017481 2.055108065
8 5 3 1050001 2.055109149
3 78 3 47318 2.055110256
0 5 3 59499 2.055110426
185 187 3 1049476 2.055111927
6 82 3 3509111 2.055112586
185 199 3 26592 2.055114754
82 81 3 5918 2.055119043
81 46 3 4416 2.055121441
1 158 3 6827 2.055124385
44 45 3 14977 2.05512845
15 80 3 178858 2.055139915
4 10 3 21612 2.055141893
148 163 3 4817148 2.055148069
15 87 3 31039 2.055148835
80 49 3 28827 2.05514949
161 153 3 5709 2.05516003
51 159 3 7554 2.055164526
39 50 3 17618 2.055165778
111 123 3 5733662 2.055165903
199 196 3 4965 2.055171513
153 185 3 3958021 2.055180017
39 45 3 29954 2.055184606
42 38 3 58985 2.055186245
193 195 3 635621 2.0551876
187 190 3 26401 2.055187677
48 49 3 2565696 2.055189824
78 86 3 2408160 2.055190657
186 114 3 170 2.055193233
4 10 3 181698 2.055197399
48 47 3 71023 2.0551996
4 0 3 192245 2.055200981
151 148 3 48874 2.055202735
126 114 3 3062989 2.05520336
14 118 3 77800 2.055204758
79 48 3 53706 2.055205045
78 75 3 5650346 2.055206918
82 88 3 53357 2.055210282
38 50 3 1235116 2.055211359
9 158 3 2891 2.055215915
14 148 3 1963264 2.055216268
76 41 3 15904505 2.055217155
50 52 3 3023 2.055219405
49 191 3 1612344 2.055220424
160 155 3 12258 2.055222583
120 194 3 438597 2.05522435
11 14 3 45198 2.05522577
9 152 3 45392 2.055227217
15 12 3 979 2.055227703
7 153 3 23478 2.055231469
50 52 3 23812 2.055233072
46 160 3 6521444 2.055235311
13 194 3 15869 2.055237105
190 200 3 9824803 2.055238917
4 1 3 194942 2.055245568
194 193 3 2253 2.055245665
123 114 3 1522101 2.055245756
50 160 3 22405 2.055248685
159 15 3 58938 2.055249773
12 83 3 5856 2.055255527
160 148 3 4355 2.055260459
148 159 3 22672 2.05526432
74 77 3 6334451 2.055265045
10 11 3 76192 2.055265645
3 80 3 65005 2.055269405
47 41 3 546745 2.055271351
157 42 3 9129 2.055276532
84 75 3 26643 2.055279807
161 48 3 1581917 2.055282064
12 9 3 23787 2.055290101
88 80 3 9577 2.055291915
14 10 3 1240808 2.055292035
200 188 3 1833646 2.055294303
189 191 3 4005 2.055295689
15 150 3 1878119 2.055296716
154 162 3 2083854 2.055297501
46 40 3 186832 2.055301907
12 86 3 6612 2.055307715
163 156 3 901705 2.055322735
79 76 3 2483083 2.055324991
163 158 3 2896436 2.055325885
47 39 3 9655092 2.055326134
13 4 3 9094254 2.055327078
46 49 3 132473 2.055328615
6 157 3 42184 2.055328636
154 157 3 3531692 2.055328926
125 118 3 1484750 2.055330307
52 153 3 4146408 2.055335231
188 186 3 1306798 2.055339146
37 49 3 15099 2.055342263
15 158 3 118940 2.055342339
46 157 3 75377 2.055343073
46 49 3 69991 2.055346094
81 74 3 35500 2.055350563
5 0 3 62382 2.055350761
39 155 3 4637598 2.055353296
196 195 3 462773 2.05535331
196 75 3 5998507 2.05535503
11 78 3 1366496 2.055355487
163 159 3 7154 2.055356179
121 111 3 725729 2.055362813
160 46 3 61599 2.055363283
11 10 3 4315172 2.055367443
76 75 3 569435 2.055371346
157 193 3 25892 2.055378079
159 158 3 148362 2.055379791
37 151 3 67337 2.055382253
189 191 3 23778 2.05538883
14 83 3 29220 2.055392075
37 160 3 74357 2.055396314
156 157 3 4899 2.055396947
39 155 3 3045103 2.055398433
14 158 3 4010004 2.05539894
121 122 3 121777 2.05540231
187 83 3 22445922 2.055402434
186 199 3 1045 2.055405699
12 11 3 1123 2.055408987
81 156 3 234408 2.055414693
51 38 3 679227 2.055422293
149 84 3 21585 2.055424239
85 76 3 505936 2.055429675
85 76 3 4690676 2.055429898
196 191 3 2798706 2.055435984
154 15 3 7584768 2.055439299
2 82 3 492098 2.055439583
197 195 3 16788 2.05544583
200 199 3 4685861 2.055448775
185 83 3 62925 2.055454505
42 3 3 73277 2.05545734
189 190 3 49948 2.055463177
4 149 3 21198 2.055469067
49 51 3 7263448 2.055469228
148 152 3 46197 2.055469818
76 85 3 3282219 2.055472452
8 13 3 69248 2.055479366
149 156 3 6314973 2.05548062
76 44 3 30447 2.055484978
87 88 3 9482184 2.055490085
76 84 3 1849 2.055495567
81 117 3 68439 2.055496164
40 49 3 25732 2.055497067
1 4 3 2725 2.055497403
15 4 3 25743 2.055499702
115 112 3 743697 2.055501328
11 1 3 173792 2.055502522
150 196 3 190734 2.05550586
160 163 3 7707 2.055507192
113 43 3 3990006 2.055521085
189 200 3 1850753 2.055521463
13 5 3 50022 2.05552477
191 193 3 44198 2.055526874
185 194 3 51067 2.055528915
79 118 3 51794 2.055530477
112 124 3 6607 2.055532859
158 197 3 25357 2.055537767
7 0 3 41604 2.055543612
4 7 3 2084834 2.055549354
7 14 3 32546 2.055561121
195 50 3 29207673 2.055564137
190 78 3 40796 2.055569491
79 86 3 38889 2.055575771
157 158 3 2427623 2.055576346
50 154 3 37473 2.055576965
82 86 3 21789 2.055577557
2 88 3 1811483 2.055579063
10 155 3 164302 2.055579943
89 48 3 6201322 2.05558084
151 196 3 3399179 2.055582515
37 49 3 789100 2.05558306
192 42 3 13027 2.055586397
161 158 3 45933 2.055593231
14 78 3 19032 2.055593684
149 163 3 613574 2.05559678
43 85 3 42619 2.055600982
192 158 3 4138 2.055601047
195 196 3 16979 2.055610242
77 74 3 9623571 2.055610407
9 11 3 43552 2.055612422
124 123 3 15116 2.055616547
42 150 3 28308 2.055616558
79 89 3 9587119 2.055618899
199 78 3 58058 2.055619137
4 149 3 170505 2.055622288
190 84 3 65591 2.055624602
39 0 3 522441 2.055625239
160 87 3 12653 2.055626024
10 163 3 61813 2.055628704
200 195 3 4738822 2.055633928
48 195 3 730 2.055636996
15 10 3 19273 2.055641841
112 111 3 70402 2.055643782
158 160 3 159457 2.055643971
52 160 3 22337 2.055644389
112 114 3 54001 2.055645177
188 187 3 8504717 2.055645368
196 197 3 61846 2.055648114
9 4 3 166550 2.055651154
6 153 3 58951 2.055651795
42 74 3 19318 2.05565237
75 198 3 30987 2.055652603
121 116 3 517 2.055654374
13 15 3 31885 2.055655302
162 188 3 26178 2.055658983
194 192 3 50762 2.055666025
10 9 3 7458665 2.055666115
188 189 3 41592 2.055669811
161 157 3 22267 2.055680026
0 11 3 6688765 2.055681347
126 50 3 2128 2.055685578
89 87 3 585944 2.055686289
77 89 3 16796 2.055686611
162 148 3 2043832 2.055689651
85 84 3 25012 2.055690812
118 125 3 17462 2.055695894
45 38 3 89386 2.055700477
2 8 3 5982209 2.05570138
89 85 3 350 2.055706601
112 81 3 3593330 2.055710794
0 82 3 35918 2.055711179
188 117 3 5900143 2.055712528
11 75 3 33960 2.055718146
187 186 3 28605 2.055719216
85 77 3 14233 2.055722761
3 150 3 4917779 2.055731498
82 155 3 942722 2.055734635
190 51 3 9552933 2.055736007
4 9 3 3692766 2.055736194
191 188 3 58345 2.055737871
149 155 3 185858 2.055738056
194 196 3 100339 2.055740349
159 156 3 4853821 2.05574086
8 5 3 659963 2.055743169
187 76 3 2992 2.055746265
190 188 3 199624 2.055748072
12 6 3 4372240 2.055748554
11 163 3 68275 2.0557486
114 121 3 2120367 2.055748901
49 160 3 3148453 2.055749724
159 161 3 7310 2.055755939
15 124 3 138967 2.055756067
199 200 3 50725 2.055756116
48 153 3 8218378 2.055758625
50 47 3 355 2.055758749
11 4 3 848366 2.055760293
5 84 3 29399 2.055760853
195 185 3 590 2.05576494
187 113 3 3197844 2.055767294
152 198 3 8005480 2.055767429
121 126 3 5320 2.055768403
10 153 3 6274673 2.055770301
3 5 3 9255415 2.055776472
5 6 3 9363961 2.055778327
123 81 3 1589639 2.055779312
77 155 3 27848 2.055784421
148 160 3 7370619 2.055786618
11 12 3 1372962 2.055788514
199 51 3 8643 2.055790051
47 40 3 930766 2.055793371
52 41 3 9298 2.055794224
115 124 3 1647 2.055800634
51 151 3 623951 2.055804087
197 186 3 9834 2.055808537
126 113 3 72688 2.055810204
192 193 3 26755 2.055817371
11 163 3 969162 2.055821055
45 46 3 1483318 2.055824764
118 194 3 111898 2.055826163
86 88 3 1010048 2.055836122
200 195 3 27654 2.05583849
49 45 3 151644 2.055842185
82 5 3 1145820 2.055843256
5 8 3 4520833 2.0558442
122 115 3 27732 2.055846141
120 111 3 7109 2.055846523
6 79 3 47227 2.055847283
48 152 3 66262 2.05585038
4 5 3 1750349 2.055852816
15 0 3 17980 2.055860645
192 193 3 25386 2.055869473
118 116 3 931412 2.055876
163 159 3 219730 2.055877102
9 8 3 479 2.055878304
14 150 3 10611 2.055880405
7 3 3 8899112 2.055882106
0 191 3 1885768 2.055887976
40 45 3 3591 2.055888156
3 2 3 3759469 2.05588907
12 6 3 4316 2.05588935
75 74 3 69225 2.055909992
126 115 3 575767 2.055910176
50 43 3 877874 2.055910349
126 51 3 9085087 2.055911927
200 192 3 4214205 2.055912472
162 151 3 142330 2.055917443
44 42 3 91270 2.055919343
49 50 3 1756764 2.055926672
185 194 3 27941 2.055930963
5 13 3 73676 2.055933962
83 89 3 70950 2.055934308
3 76 3 36678 2.055934682
15 8 3 44046 2.055935779
1 153 3 6357713 2.055936454
156 154 3 8135629 2.055940923
114 123 3 68504 2.05594313
194 188 3 55102 2.055946598
44 37 3 1196017 2.055946884
194 88 3 442629 2.055952394
123 37 3 3654595 2.055958981
0 6 3 115931 2.055960472
38 153 3 7840 2.055962159
39 37 3 7273018 2.055963982
126 118 3 7361 2.055966398
111 123 3 9519414 2.05597176
15 81 3 20767073 2.055978043
77 114 3 1075109 2.055981955
50 44 3 66997 2.055981956
13 5 3 71825 2.055986956
197 195 3 72569 2.055987931
118 6 3 764150 2.055990111
51 39 3 47242 2.055999742
118 124 3 2188 2.056001651
3 149 3 78327 2.056005759
42 37 3 8558746 2.056010601
82 77 3 4526 2.056017286
197 189 3 69848 2.056018771
193 196 3 4953623 2.056027113
160 159 3 4864870 2.056039115
188 80 3 2429827 2.056040438
190 189 3 1656267 2.056047108
123 115 3 573030 2.056048868
50 44 3 3464 2.056050634
162 148 3 17335 2.056051614
152 159 3 1786901 2.05605597
50 149 3 9338584 2.056056042
0 3 3 48428 2.05605653
4 1 3 346307 2.056058411
84 85 3 8422954 2.056059969
87 80 3 27873 2.056072254
48 37 3 1669565 2.056073034
149 150 3 3497 2.056076165
197 198 3 22534 2.056076765
115 111 3 8204 2.056082187
9 89 3 726696 2.056082754
115 119 3 32671 2.05609765
122 124 3 69909 2.056098606
78 83 3 47972 2.056101975
38 43 3 75643 2.056105786
76 78 3 11366 2.056105819
118 113 3 47876 2.056107631
74 79 3 4481 2.056108347
79 83 3 16286 2.056114126
40 121 3 1765 2.056116446
189 75 3 100287 2.056117439
126 119 3 21411 2.056117553
13 88 3 7917 2.056127471
51 160 3 73769 2.056128801
111 77 3 48591 2.056138148
161 151 3 1623847 2.056141287
163 193 3 35710 2.056142669
42 200 3 4071298 2.056144757
3 156 3 4315 2.056150226
157 187 3 25290 2.056153652
4 2 3 20124 2.05615788
1 10 3 26311 2.056160562
79 78 3 730937 2.056168973
86 49 3 48007 2.056179703
82 85 3 18700 2.056183075
125 114 3 25894 2.05618513
7 80 3 23064 2.05618765
46 158 3 4426670 2.056192214
160 46 3 18204 2.056194413
149 153 3 22926 2.056198687
5 154 3 50988 2.056200688
44 37 3 2430642 2.056202842
155 154 3 4125779 2.05620535
122 114 3 169136 2.056206746
6 5 3 2626 2.05620879
12 4 3 8120 2.056211353
10 154 3 60798 2.056211533
89 47 3 1463 2.056222414
114 119 3 2267882 2.056223552
190 194 3 2223348 2.05622664
4 80 3 239300 2.056227241
122 118 3 38397 2.056227452
191 185 3 190512 2.056227572
12 149 3 68398 2.056234483
52 42 3 4098 2.056234723
148 161 3 47744 2.05623754
11 4 3 34122 2.056242375
13 2 3 2979093 2.056246161
83 75 3 29407 2.056248766
11 74 3 37119 2.05624937
151 160 3 269021 2.056256239
82 77 3 5969 2.056256777
46 158 3 4243 2.056266597
2 5 3 1341786 2.056269103
9 6 3 1737570 2.056269183
153 199 3 77886 2.05626982
39 49 3 6647 2.056270068
77 75 3 757779 2.056272464
15 10 3 34020 2.056274594
3 12 3 4568 2.056280903
87 81 3 15306 2.056282887
11 75 3 1281462 2.056288363
7 2 3 27036 2.05628859
121 120 3 1616 2.056291741
195 193 3 25820 2.056293791
111 89 3 141672 2.056296195
200 189 3 1031709 2.056303205
5 117 3 6612 2.056305762
81 159 3 29399 2.056305908
189 193 3 77344 2.0563069
41 42 3 4080930 2.056312972
79 190 3 168352 2.056313101
1 84 3 16630886 2.056317956
148 149 3 26425 2.056319608
116 123 3 2713502 2.056325472
13 11 3 28302 2.056335973
51 194 3 2464951 2.056340692
49 42 3 1114321 2.056350622
186 185 3 25878 2.056351001
11 74 3 24437 2.056353144
77 79 3 27869 2.056354326
15 156 3 11610 2.056355731
12 4 3 993 2.0563567
9 1 3 179487 2.056356897
47 153 3 465 2.056357466
15 8 3 25603 2.056359163
89 81 3 20225 2.056360462
194 199 3 48764 2.056361105
89 76 3 967444 2.056362583
154 85 3 1024994 2.056371367
78 42 3 3730848 2.056374234
117 4 3 19536 2.056379424
150 197 3 42108 2.056380083
40 152 3 29959 2.056386546
126 89 3 9790 2.056386696
186 194 3 2874831 2.056388613
38 159 3 70807 2.056390635
11 86 3 1547208 2.056391296
42 158 3 1343966 2.056402969
0 5 3 40164 2.056406635
1 149 3 47530 2.056407204
112 118 3 35163 2.056407378
77 87 3 70346 2.056409016
88 78 3 3027132 2.056410047
40 155 3 14869 2.056410125
0 14 3 45918 2.056422555
160 37 3 29002 2.056423134
8 149 3 95439 2.056424837
7 82 3 1108228 2.056427967
188 38 3 54381 2.056430118
111 115 3 4471 2.056430692
46 47 3 8683 2.056434504
196 189 3 4441689 2.056438092
1 163 3 438998 2.056439708
194 78 3 69256 2.056443994
156 148 3 3356321 2.056444235
11 156 3 650671 2.056447167
5 83 3 58210 2.056447383
87 196 3 19657 2.056447642
198 193 3 20784 2.056449226
154 157 3 34677 2.056449293
196 193 3 62930 2.056450031
37 42 3 65338 2.056451166
185 197 3 59186 2.056459308
10 151 3 14584 2.056464223
196 189 3 4285892 2.056475525
189 192 3 6998330 2.056476856
40 122 3 1104028 2.056479101
162 149 3 29 2.056480587
44 42 3 1550 2.056487522
11 84 3 6658 2.056497944
119 124 3 14481901 2.056500064
122 119 3 662453 2.056502115
155 158 3 29022 2.05650295
51 153 3 4026523 2.056503377
149 155 3 746033 2.056504466
194 85 3 6762 2.056504611
1 0 3 969431 2.056504619
77 81 3 69470 2.056512263
149 151 3 31353 2.056514972
123 117 3 115276 2.056523678
155 153 3 2234564 2.056526516
114 112 3 6876356 2.056527307
80 76 3 7347 2.056531022
13 196 3 8341 2.056536832
161 155 3 57702 2.056538517
87 191 3 74885 2.056542128
154 186 3 28010 2.05654336
46 158 3 1893654 2.056548132
86 124 3 1930236 2.056552211
188 81 3 1328378 2.056556471
157 6 3 63297 2.056559949
154 151 3 9917 2.056562981
7 89 3 55603 2.056563893
118 125 3 9161 2.056565534
14 121 3 8736682 2.056565992
13 6 3 3872724 2.056570895
8 4 3 335864 2.056571936
119 115 3 40648 2.056571951
116 124 3 8811 2.05658188
148 151 3 52747 2.056583969
4 14 3 6589327 2.056587477
114 115 3 40436 2.056595604
1 81 3 48219 2.056595959
190 197 3 4500 2.056596599
115 113 3 3104 2.05659701
49 162 3 2130 2.056602152
47 46 3 1334927 2.056603857
47 42 3 4205211 2.056604122
84 77 3 6419233 2.056624334
8 74 3 826423 2.05662474
155 154 3 857870 2.056628777
5 81 3 1029833 2.056629813
39 42 3 51174 2.056633588
116 111 3 31529 2.056639508
15 8 3 1078012 2.056641111
9 78 3 48451 2.056654682
5 9 3 645250 2.056654858
119 112 3 58666 2.056664772
14 126 3 1358279 2.056667224
123 111 3 53906 2.056672504
3 15 3 359536 2.056674123
86 87 3 6983 2.056675449
89 81 3 581750 2.056675609
156 153 3 1978542 2.056685033
80 83 3 3317010 2.056686429
52 50 3 78068 2.056687448
189 157 3 25319 2.056689493
186 75 3 5171 2.056691684
191 188 3 1048872 2.056696762
158 162 3 2542138 2.056698322
113 112 3 18156211 2.056705273
152 199 3 11838777 2.056707543
76 149 3 28374 2.056709721
189 187 3 6889707 2.056710817
41 148 3 73812 2.056714981
191 188 3 115671 2.056715025
5 7 3 45475 2.056715668
193 198 3 2877 2.056718251
150 152 3 8295562 2.056719995
81 79 3 28693 2.05672077
38 44 3 4211 2.056721112
187 82 3 56481 2.05672292
5 163 3 33 2.056723075
13 11 3 1802970 2.05672589
88 52 3 1389094 2.056726652
115 79 3 189172 2.056734803
148 39 3 52433 2.056736724
37 6 3 9421790 2.056740758
190 195 3 2581166 2.056742815
153 155 3 127187 2.056746392
162 155 3 670672 2.056746645
149 74 3 303 2.056747868
193 185 3 15351170 2.056749016
7 50 3 4057656 2.056750143
196 126 3 72789 2.056755272
42 40 3 969250 2.05675537
162 158 3 6210 2.056758612
83 89 3 889583 2.056764753
163 154 3 43595 2.056764809
3 0 3 28303 2.05676546
44 47 3 1704545 2.056768486
75 89 3 28642 2.056769469
76 77 3 23245 2.056770437
12 2 3 12677 2.056775925
5 3 3 362232 2.056777725
81 85 3 7423 2.056777814
112 40 3 874554 2.056778574
158 40 3 163124 2.056782744
4 13 3 47046 2.056782789
186 81 3 1093611 2.05678578
191 192 3 65918 2.056790102
51 163 3 293381 2.056793436
8 5 3 137885 2.056799612
5 155 3 20124702 2.0568243
198 77 3 912777 2.056831545
119 115 3 78835 2.056832571
11 76 3 44086 2.05684484
4 13 3 1938305 2.056855132
1 156 3 22620 2.05685639
160 111 3 18160410 2.056856747
161 187 3 31068 2.056861352
9 10 3 7026896 2.056862716
76 3 3 58111 2.056865414
187 199 3 50635 2.056875946
161 41 3 1866974 2.056879563
41 49 3 139255 2.056890287
6 79 3 1252355 2.056908841
51 49 3 382217 2.056908964
41 46 3 23708 2.056909354
114 46 3 21152 2.056914318
4 9 3 6609 2.05691478
78 5 3 4561 2.056920434
45 153 3 2447593 2.056932741
195 192 3 4633845 2.056934044
39 0 3 44895 2.056941988
115 119 3 7832162 2.05694219
197 185 3 39263 2.056942195
87 80 3 23114 2.056942817
40 41 3 182933 2.056943989
9 4 3 23584 2.056944695
197 199 3 26065 2.056947381
76 125 3 7717 2.056951553
163 192 3 800501 2.05696332
122 120 3 1467 2.056964198
162 160 3 35630 2.056965348
81 84 3 686742 2.0569678
187 191 3 144481 2.056969461
114 120 3 517687 2.056970793
5 81 3 70926 2.056976465
41 43 3 9932483 2.056978782
111 15 3 41475 2.056982834
12 149 3 6968 2.056985629
11 2 3 1129 2.056987059
160 151 3 1272426 2.056988259
14 89 3 9290385 2.057002165
160 148 3 63107 2.057003127
124 122 3 105632 2.057004821
74 87 3 13356 2.057006576
163 185 3 28990 2.057018291
186 87 3 43747 2.057019697
198 81 3 3145336 2.057021744
199 8 3 23220 2.057024003
80 75 3 26755 2.057032416
154 89 3 3794 2.057032747
115 121 3 30269 2.057040718
45 153 3 179144 2.05704143
186 193 3 4093020 2.05704364
161 148 3 373351 2.057047318
148 162 3 202593 2.057047976
154 12 3 422954 2.057052637
186 199 3 4275259 2.05705837
154 150 3 4963832 2.057069612
76 75 3 1112829 2.057071383
51 162 3 781553 2.05707145
187 158 3 535318 2.057077805
152 163 3 370958 2.057080458
162 161 3 372069 2.057081128
89 88 3 24518 2.057083014
14 10 3 104468 2.057086173
89 74 3 22062 2.057096267
75 87 3 76581 2.057097847
85 39 3 504266 2.057099271
43 44 3 49415 2.057105587
9 46 3 62010 2.057107447
52 148 3 2087924 2.057108087
46 38 3 8235 2.057120582
75 77 3 9110 2.057127505
123 122 3 23967 2.057129163
83 84 3 6694 2.057132752
47 40 3 4170 2.057133944
48 159 3 71472 2.057137919
13 7 3 2435 2.057139006
77 85 3 3869636 2.057140332
162 156 3 75813 2.057141475
148 159 3 26515 2.057143687
198 192 3 9644078 2.057148403
15 13 3 113283 2.057155146
1 15 3 55197 2.057158473
89 80 3 28703 2.05715863
12 2 3 3634 2.057161655
38 45 3 13032 2.057162147
160 200 3 324452 2.057164889
13 7 3 36825 2.057165681
80 88 3 71828 2.057166019
10 5 3 44317 2.057168747
85 79 3 21736 2.057169058
118 123 3 1242186 2.057170688
120 9 3 1386988 2.05717099
124 41 3 46998 2.057182627
122 116 3 36756 2.057185435
51 50 3 3247 2.057190356
45 38 3 808533 2.057195048
151 161 3 1729045 2.057199468
115 125 3 1752309 2.0572019
155 153 3 710724 2.057202334
122 121 3 4607972 2.057217103
188 11 3 538735 2.057218938
74 75 3 17426 2.057221276
199 194 3 1106439 2.057229071
4 5 3 2778 2.057229459
163 74 3 6147 2.057232501
126 112 3 60310 2.057233954
3 84 3 19605 2.057235338
47 42 3 5016 2.057236037
186 198 3 3090828 2.057237762
12 15 3 495307 2.057238525
161 156 3 111876 2.057240312
118 2 3 330043 2.057268968
80 78 3 160035 2.057271894
1 162 3 5761893 2.057274564
151 198 3 815411 2.057287273
196 185 3 275749 2.057293885
114 126 3 856226 2.057299688
50 191 3 10337 2.05730247
42 51 3 55261 2.057303202
48 37 3 21104 2.057305529
194 82 3 8400796 2.057311833
13 11 3 2561126 2.057312963
76 78 3 189158 2.057315854
152 48 3 1465001 2.057318247
162 194 3 76309 2.057323047
1 155 3 2525606 2.057325432
114 122 3 4782962 2.057333015
196 198 3 6065 2.057337803
156 160 3 136265 2.057343082
154 198 3 2859608 2.057344119
152 199 3 1659408 2.05734886
82 88 3 25926686 2.057349942
162 120 3 4305654 2.057356364
189 76 3 1004753 2.05735744
118 125 3 394383 2.057359327
89 120 3 9836485 2.057366436
38 159 3 108 2.057369964
10 87 3 78991 2.057377687
10 15 3 79251 2.057379986
157 187 3 41718 2.057383377
123 126 3 3935775 2.057384393
156 122 3 124543 2.057389734
15 1 3 38208 2.057393156
119 114 3 2545920 2.057394836
155 200 3 61440 2.05740027
78 81 3 40701 2.057401467
196 89 3 837314 2.057408649
15 12 3 5449 2.057409451
81 87 3 80843 2.057412627
9 193 3 48089 2.057414487
124 118 3 1144011 2.057418379
185 199 3 20569 2.057421416
41 151 3 23992 2.057424717
192 185 3 55051 2.057425197
51 82 3 1299854 2.057435899
45 120 3 27845 2.057436385
153 125 3 561415 2.057439068
194 82 3 2982066 2.057441963
15 88 3 1007465 2.057442216
7 150 3 6585 2.057448281
162 158 3 828909 2.057460025
118 117 3 51624 2.057464069
52 49 3 48115 2.057464283
157 155 3 63568 2.057464889
154 197 3 1612947 2.057464923
122 120 3 4301567 2.057467008
37 124 3 1591357 2.057467972
7 187 3 79368 2.057468508
163 186 3 3797573 2.05747303
111 114 3 2495909 2.057473269
85 89 3 1498 2.057481068
148 150 3 6751 2.057482104
14 13 3 70944 2.05748479
6 11 3 18336 2.057486022
155 191 3 78495 2.057486991
113 115 3 68040 2.057489379
9 0 3 2054523 2.057490141
40 46 3 1280698 2.057490475
200 199 3 5212 2.057494512
76 87 3 160784 2.057495706
43 46 3 7683 2.057497743
41 40 3 68754 2.057499364
76 79 3 8876 2.057500976
12 8 3 5702 2.057504115
38 39 3 21936 2.057506652
113 119 3 414530 2.057507293
85 88 3 21621 2.057508836
153 196 3 30606 2.05751183
4 14 3 21840 2.057513174
11 15 3 75384 2.05751468
48 153 3 1402878 2.057526564
47 41 3 32180 2.057529297
193 4 3 55378 2.057531449
41 115 3 71534 2.057534966
117 113 3 4695 2.057544452
191 82 3 784347 2.057545783
119 124 3 1411367 2.057545941
13 150 3 6767 2.057547787
5 14 3 5554 2.057547907
157 191 3 62803 2.057548741
190 194 3 1319398 2.057552633
200 188 3 24944 2.057554387
37 151 3 515206 2.05755449
112 123 3 22335 2.057555098
126 121 3 7745 2.057564538
200 190 3 5396873 2.057567705
118 153 3 14090 2.05756881
80 76 3 41092 2.057572104
48 47 3 27350 2.057574404
48 49 3 78270 2.057575256
114 115 3 25938 2.057575494
111 122 3 6851551 2.057577004
150 9 3 3980685 2.057579588
1 8 3 46063 2.057580269
150 79 3 72257 2.057583365
119 15 3 6841 2.057585118
52 50 3 15479 2.057585127
5 13 3 4798713 2.057585548
113 9 3 4046605 2.057586059
191 192 3 29501 2.057588506
14 12 3 54905 2.057588973
48 50 3 55770 2.057602227
198 81 3 127918 2.057603318
46 42 3 35203 2.057613162
47 44 3 1237961 2.057625147
152 15 3 669626 2.057630975
155 200 3 1299102 2.057637822
89 126 3 72275 2.057652591
119 111 3 4651290 2.057653949
194 192 3 5499 2.057657338
124 113 3 27316 2.0576593
188 7 3 17555 2.057662699
89 37 3 26826 2.057664809
189 195 3 162301 2.057668265
83 80 3 28104 2.057672235
75 113 3 8351 2.057676033
198 47 3 65379 2.057679434
155 159 3 5118 2.057679824
47 37 3 1494827 2.057683724
4 150 3 8772 2.057691137
124 76 3 881589 2.057691228
125 114 3 48221 2.057692478
1 13 3 2158933 2.057692889
0 14 3 49739 2.057694913
149 159 3 1837604 2.057695626
85 89 3 9066 2.057696192
38 37 3 27478 2.057699231
162 148 3 455158 2.057701945
9 161 3 26845 2.057707678
12 0 3 2039 2.057709212
49 150 3 3788527 2.057709708
2 12 3 29267 2.05770982
149 187 3 61528 2.057716901
115 120 3 59885 2.057719608
158 149 3 49268 2.057723877
45 48 3 19215 2.057728854
186 78 3 3986408 2.057731407
49 7 3 31603 2.057733132
158 157 3 4862 2.057734157
4 148 3 89861 2.057744793
193 188 3 1974470 2.057746396
2 84 3 758892 2.057750189
126 153 3 938271 2.057750379
190 191 3 8231 2.05775126
47 48 3 58811 2.057752756
87 7 3 29784 2.057755256
8 9 3 46314 2.057756814
82 79 3 1484202 2.057757493
195 197 3 8182371 2.057759667
45 117 3 121416 2.057777045
124 89 3 2924721 2.057780708
2 11 3 41590 2.057787692
114 126 3 8473414 2.057792318
80 88 3 926581 2.057806929
45 49 3 25781724 2.057809783
153 4 3 29340 2.05781033
38 43 3 62955 2.057810557
151 199 3 409162 2.057822625
37 42 3 3036364 2.057824925
40 52 3 37602 2.057837176
193 194 3 1909719 2.057842289
122 123 3 11152 2.057844466
121 123 3 1334021 2.057849208
155 156 3 42735 2.057849486
124 122 3 20658 2.057854364
86 117 3 30585 2.057856281
186 80 3 56712 2.057868207
13 11 3 36755 2.057870738
117 44 3 1059610 2.057873566
156 158 3 5662386 2.057882424
39 8 3 23658 2.05788395
124 79 3 13947 2.057893848
42 45 3 2968609 2.057907874
115 112 3 72627 2.057909952
81 77 3 54170 2.057910456
113 123 3 19637 2.057912447
46 42 3 9817260 2.057925284
122 111 3 61049 2.057925749
151 85 3 801 2.05792659
89 84 3 1668290 2.057927533
116 199 3 1577 2.057927898
200 88 3 62009 2.057933683
150 121 3 55168 2.057939845
52 50 3 1690337 2.057942588
118 124 3 878186 2.057943318
2 12 3 71108 2.057943897
188 84 3 412964 2.057947402
161 150 3 137 2.057952873
44 45 3 29958 2.057953971
43 162 3 157318 2.057963138
149 111 3 1494755 2.057964623
47 42 3 5111729 2.057965381
11 2 3 42867 2.057974249
185 50 3 61537 2.057976981
112 123 3 73873 2.05798091
43 48 3 18693537 2.057991796
0 158 3 7699453 2.057993172
78 153 3 28662 2.058003139
198 15 3 2284561 2.058012957
156 185 3 45984 2.058014304
15 150 3 54279 2.058015913
114 113 3 1061306 2.058016148
81 77 3 1522847 2.058016655
51 37 3 4230812 2.058020125
15 38 3 16512 2.058020201
89 88 3 52 2.05802182
193 86 3 5649 2.058024478
148 190 3 337540 2.058025073
3 14 3 37282 2.058025296
162 191 3 79531 2.058029423
39 41 3 208118 2.058032475
85 83 3 28312 2.058033563
197 189 3 39269 2.058038258
43 50 3 26025 2.058045063
78 76 3 31461 2.058048048
154 161 3 12108128 2.058053508
86 88 3 5560 2.05805442
85 7 3 33305 2.058057021
82 76 3 3562477 2.058057183
15 148 3 36310 2.058058184
79 81 3 370027 2.058058674
50 126 3 32899 2.058061438
194 2 3 1963007 2.058065752
1 157 3 13745 2.058066884
3 7 3 4206498 2.058068221
44 50 3 110578 2.058071771
155 153 3 1014318 2.058073724
38 51 3 32866 2.058076702
198 162 3 34983 2.058078775
41 148 3 133828 2.058081829
48 81 3 9196 2.058082203
161 160 3 178577 2.058088016
153 148 3 1526801 2.058093006
186 190 3 32095 2.058094506
160 149 3 27052 2.058095792
112 121 3 22449 2.058107024
114 126 3 376995 2.058108759
189 81 3 8245822 2.058109274
76 78 3 25494 2.058110082
155 196 3 38133 2.058111487
46 38 3 1796571 2.058120471
13 88 3 774333 2.058120862
89 162 3 61458 2.058122509
14 158 3 8596590 2.058124071
190 187 3 6211 2.058124399
0 15 3 67160 2.058127564
193 188 3 58187 2.058144038
162 158 3 40954 2.058145999
154 158 3 59471 2.058146114
154 157 3 38101 2.058156679
192 37 3 42251 2.058158769
149 163 3 6107 2.058159562
200 190 3 117194 2.058164712
187 189 3 1381 2.058171546
159 84 3 6894 2.058174741
185 14 3 1407010 2.058175495
89 79 3 33034 2.058176853
197 194 3 188104 2.058177247
148 42 3 47765 2.05817807
111 114 3 23473 2.058188029
160 153 3 3424 2.058190546
150 152 3 32807 2.058192082
149 118 3 1993903 2.058192632
5 15 3 9972 2.05819495
117 113 3 2161479 2.058195445
198 84 3 6264 2.058195676
154 156 3 1664648 2.058198753
118 196 3 883724 2.058199247
149 161 3 3419092 2.058199428
82 84 3 1619804 2.058203238
0 152 3 6252521 2.05820586
4 15 3 62592 2.058206551
12 157 3 1127601 2.05820853
149 154 3 122833 2.058210158
186 88 3 72569 2.058212825
5 11 3 128238 2.058217451
37 50 3 40588 2.058223644
112 111 3 627070 2.058226002
39 48 3 56371 2.058227139
117 51 3 15989279 2.058232223
155 156 3 9862639 2.058233585
198 149 3 71900 2.058235329
191 188 3 3757334 2.058240938
46 44 3 22570 2.058243178
193 85 3 484708 2.058249065
0 1 3 191714 2.058251567
78 74 3 7490 2.058255547
76 84 3 3008057 2.05825705
13 80 3 56590 2.058259852
149 148 3 13905 2.058261259
0 1 3 1695197 2.058264244
8 122 3 1619918 2.05826551
46 153 3 4414565 2.05826861
41 43 3 12700215 2.058269291
3 155 3 4511306 2.058270721
45 156 3 77203 2.058273815
6 13 3 27577 2.058274547
1 83 3 674 2.058276203
77 74 3 665247 2.058277186
191 85 3 16870 2.058277679
44 46 3 133511 2.058293312
116 0 3 13191 2.058293937
188 186 3 9479 2.05829761
185 199 3 7885536 2.058302588
82 89 3 677666 2.05830279
47 86 3 8104596 2.058311084
46 42 3 1088065 2.058316034
190 189 3 9780059 2.058317373
74 81 3 82151 2.058317738
13 159 3 3237814 2.058318555
6 159 3 48181 2.058322321
48 152 3 3575 2.058327635
116 113 3 27238 2.058332431
14 15 3 158396 2.05833311
76 87 3 5390 2.058333328
125 78 3 72926 2.05833383
186 198 3 617313 2.058336542
14 10 3 15918 2.058338184
9 156 3 46917 2.05834432
85 86 3 56431 2.058349411
116 115 3 5839 2.058359654
148 49 3 8064820 2.058361402
14 10 3 57208 2.058363739
81 89 3 5726707 2.058366635
163 151 3 115970 2.05836851
49 162 3 2053285 2.058369863
162 153 3 74490 2.058371346
89 87 3 8756 2.058374706
114 199 3 23247622 2.058377647
199 76 3 49709 2.058378759
41 51 3 77877 2.058380047
200 126 3 6714 2.058380898
163 156 3 1425358 2.058393105
82 80 3 73112 2.058393876
41 82 3 2251328 2.058398132
83 75 3 2272058 2.058398479
3 151 3 144914 2.058404639
187 199 3 911257 2.058405645
197 189 3 9930132 2.058406746
12 199 3 43932 2.058409029
159 152 3 329102 2.058411348
194 6 3 8442 2.058412939
124 115 3 1207542 2.058417595
47 39 3 183072 2.058419927
114 117 3 21973 2.058427223
185 194 3 72683 2.058427391
87 52 3 1981843 2.058431603
84 121 3 9193014 2.058435218
194 189 3 783957 2.058436644
196 41 3 756380 2.058443695
163 158 3 7892955 2.058443927
85 126 3 9317093 2.058444751
162 193 3 9687329 2.058446261
42 83 3 1434660 2.058454445
83 81 3 1202884 2.058456607
162 15 3 7722039 2.058458771
14 9 3 5223 2.058460282
2 87 3 65009 2.058463024
196 188 3 29382560 2.058464511
187 197 3 5818 2.058473135
88 82 3 3365778 2.058476511
148 160 3 17730 2.058477317
160 186 3 8516 2.058479856
194 185 3 72174 2.058484833
191 194 3 52866 2.058485186
14 2 3 299662 2.058494077
159 148 3 167028 2.058495545
76 126 3 35911 2.058497422
125 115 3 53736 2.058502717
11 157 3 423936 2.058505948
112 125 3 5169 2.058507758
154 157 3 39511 2.05850955
40 47 3 53666 2.058518104
120 112 3 27677 2.058519414
115 15 3 140373 2.058519924
4 89 3 6612 2.058521818
10 159 3 100175 2.058527145
14 15 3 2237 2.058527279
84 85 3 156762 2.058528847
162 193 3 280602 2.058530337
124 119 3 1077892 2.058531533
44 50 3 5111503 2.058532861
187 37 3 31118 2.05853314
200 189 3 23711 2.058534028
86 82 3 5011 2.058536706
78 43 3 8981 2.05854067
198 190 3 20141 2.058541721
160 156 3 1562003 2.058542129
48 38 3 427967 2.058543808
85 76 3 8001 2.058544253
89 122 3 15691767 2.058547945
78 45 3 7219158 2.058548589
152 119 3 79653 2.05854898
200 80 3 58638 2.058557163
38 42 3 1624998 2.058557755
13 11 3 1686587 2.05856507
155 153 3 7310 2.058566852
79 86 3 817849 2.05856827
119 117 3 45772 2.058569597
112 120 3 8951 2.058571132
49 52 3 59859 2.058572945
6 8 3 29386 2.058573052
42 77 3 26826 2.058576652
51 161 3 44195 2.058580178
199 76 3 5489 2.058582488
51 50 3 46353 2.058588892
192 187 3 4169496 2.058591269
6 5 3 4171337 2.058591419
6 5 3 883880 2.058594064
85 84 3 5307 2.058595731
163 148 3 55709 2.058595774
82 88 3 1221192 2.058603178
89 79 3 104514 2.058604687
149 162 3 654766 2.058608108
148 153 3 4251 2.058608394
158 50 3 719488 2.058611605
157 159 3 25528 2.058629188
78 86 3 11364 2.058632807
189 162 3 38702 2.058638973
157 156 3 136649 2.058642485
8 187 3 20402 2.058643662
158 160 3 9821 2.058645382
75 89 3 7386 2.058648339
10 2 3 40477 2.05864952
0 11 3 57952 2.058655371
47 39 3 24376 2.058656475
78 84 3 150171 2.058659419
196 188 3 5031940 2.058660195
2 10 3 9385 2.058661303
11 2 3 54279 2.058667312
0 4 3 144874 2.05866781
113 45 3 9180 2.058668718
49 41 3 10015 2.058668921
190 197 3 33304 2.058669354
43 40 3 3310999 2.058674873
118 124 3 9452 2.058677051
196 194 3 27385 2.058679963
46 41 3 20663 2.058680252
48 49 3 6615 2.058688559
48 45 3 1447345 2.058688591
74 84 3 38810 2.058688972
189 193 3 448211 2.058695036
115 125 3 15315 2.058696233
45 162 3 2888 2.058703785
123 117 3 27589 2.058704597
76 85 3 23584989 2.058704731
196 193 3 72844 2.058707727
86 83 3 21458 2.058709452
153 161 3 2770 2.058712179
6 8 3 21635 2.05872203
148 154 3 6443753 2.058722152
84 77 3 5853 2.058723137
196 186 3 1596269 2.058725212
194 191 3 4620861 2.058725772
190 162 3 3652 2.058727718
111 124 3 5057214 2.058729669
161 155 3 41621 2.058734286
82 191 3 1532340 2.058734888
116 74 3 24282 2.058740228
39 40 3 54217 2.05874218
13 3 3 1469165 2.058742253
9 0 3 2034 2.058742618
159 76 3 316785 2.058742992
200 83 3 5341249 2.058744024
153 155 3 70247 2.058749301
76 190 3 76319 2.05875014
198 84 3 4258509 2.058752978
45 47 3 502275 2.058760038
48 52 3 3757287 2.058761177
187 194 3 66913 2.05876125
49 43 3 888211 2.058768311
52 42 3 9247 2.05876969
122 117 3 4493632 2.058788401
156 161 3 67585 2.058792581
153 150 3 18301 2.05879346
11 150 3 116718 2.058796274
86 74 3 715733 2.058796823
8 4 3 93950 2.058802513
200 188 3 624275 2.058802548
49 42 3 59945 2.058806723
42 49 3 2240776 2.058807558
81 82 3 1661493 2.058808571
47 45 3 5827 2.058810614
193 186 3 1900004 2.058812693
43 156 3 3012526 2.058818875
46 84 3 46738 2.05882025
6 13 3 64890 2.058820889
193 186 3 73900 2.058825176
3 11 3 2711 2.058827675
200 190 3 15943765 2.058829031
3 14 3 8039669 2.058836109
50 52 3 53299 2.058839139
11 77 3 27017 2.05884207
15 8 3 71661 2.058842455
196 189 3 36561 2.058843937
82 78 3 548908 2.058844686
0 87 3 3724 2.058846284
10 4 3 72190 2.058847804
122 4 3 358439 2.058850844
88 76 3 34100 2.058855821
152 154 3 29139681 2.058858204
4 9 3 8782531 2.058872615
78 196 3 4410682 2.058881031
112 119 3 1525540 2.058881614
155 186 3 43364 2.058883699
126 121 3 11255 2.058883753
200 47 3 29473 2.058884312
89 83 3 70837 2.058886801
84 79 3 1132552 2.058890427
89 85 3 1390944 2.058894353
115 117 3 1006955 2.058898859
197 79 3 4359 2.058902029
159 162 3 5361451 2.058903661
12 7 3 1216758 2.058907375
41 40 3 511598 2.058908175
11 88 3 22871 2.058910899
13 9 3 694998 2.058912362
196 84 3 556 2.058914948
125 117 3 1070 2.058922497
10 157 3 38710 2.058922527
115 111 3 626547 2.058927557
154 153 3 21888 2.058928062
81 87 3 15064 2.058929824
186 199 3 1595892 2.058930415
194 15 3 2939057 2.058941802
10 13 3 20371 2.058945415
12 5 3 7863694 2.058947135
190 163 3 16822 2.058947414
3 152 3 1941 2.058954877
119 111 3 750527 2.058956843
5 10 3 144007 2.058957491
76 87 3 4496353 2.058959191
41 46 3 75057 2.058961687
192 149 3 27013 2.058966376
48 41 3 9467867 2.058967749
151 159 3 17676 2.058969067
187 188 3 38931 2.058970304
193 81 3 5781 2.058975552
86 88 3 169745 2.058976118
41 43 3 29116 2.058976903
123 121 3 577735 2.058977076
121 111 3 68700 2.058980929
39 41 3 176817 2.058980989
157 154 3 119286 2.058981102
75 85 3 67064 2.058983942
2 9 3 2691687 2.058990669
46 13 3 806063 2.058993189
10 14 3 73775 2.058998808
155 191 3 10874 2.059000622
199 194 3 843 2.05900364
119 115 3 928848 2.059006348
161 153 3 16105 2.059009314
0 4 3 242589 2.059009522
52 44 3 6680 2.059011443
160 154 3 912 2.059018916
15 191 3 15684761 2.059020706
154 150 3 59484 2.059021909
85 44 3 2527398 2.059025526
40 45 3 377955 2.059027847
188 75 3 65773 2.059033209
198 187 3 1747167 2.059033561
82 49 3 460983 2.059039631
185 87 3 61236 2.05905093
123 120 3 57834 2.059061999
158 151 3 293 2.059069171
86 81 3 98499 2.059071404
52 45 3 482738 2.059073332
3 163 3 10909 2.059079219
194 190 3 689265 2.059084884
196 192 3 13197 2.059085101
191 190 3 1746 2.059087089
125 116 3 885904 2.059092845
125 150 3 37355 2.059097513
44 42 3 1632516 2.059097823
87 89 3 8050 2.059100558
51 52 3 45434 2.059100822
11 13 3 410141 2.059104171
41 38 3 15858121 2.059107968
88 162 3 39208 2.059112708
200 192 3 2921262 2.059123101
7 162 3 67348 2.059128122
51 148 3 25526 2.059128928
52 37 3 38083 2.059131583
13 15 3 827004 2.059132979
149 196 3 10969 2.059147115
162 156 3 151549 2.059148005
186 76 3 2461 2.059149391
8 123 3 24310 2.059149459
47 49 3 4965518 2.059150236
158 160 3 72065 2.059150569
198 196 3 41201 2.059158749
85 52 3 23558 2.059160689
185 196 3 38489 2.059161874
163 118 3 67711 2.059162917
79 193 3 2594583 2.059164242
154 148 3 14984 2.059164582
195 188 3 23234 2.059169862
85 82 3 26298 2.059170517
7 10 3 52575 2.05917517
40 47 3 28660 2.059176846
89 77 3 13438570 2.059180058
89 74 3 47638 2.059181475
48 159 3 9610 2.059183947
199 194 3 4898 2.059188163
75 87 3 700423 2.059195722
10 14 3 6054365 2.059202571
159 158 3 3380947 2.059204647
195 190 3 4621 2.059206166
3 84 3 63871 2.059210303
81 113 3 3604752 2.059211082
6 10 3 52156 2.059220722
87 88 3 74906 2.05922315
77 80 3 25033 2.05922953
37 40 3 27774 2.059230033
149 154 3 37357 2.059232131
149 155 3 25556 2.059233374
114 123 3 30184 2.059237453
161 163 3 1239325 2.059240721
4 6 3 7230 2.059241097
149 188 3 146783 2.059247214
156 157 3 724066 2.059248507
192 84 3 45071 2.059253773
194 195 3 480884 2.059256172
121 119 3 5488 2.059261119
10 193 3 1755405 2.059261253
0 148 3 5253555 2.059262855
123 125 3 2733 2.059273109
39 45 3 7941 2.059276483
151 150 3 40458 2.059283793
196 192 3 1986195 2.059285341
44 40 3 513724 2.059289518
192 190 3 60524 2.059289733
38 152 3 103520 2.059291611
14 115 3 274430 2.059291734
13 76 3 64676 2.059294689
2 4 3 44965 2.059299342
148 149 3 33097 2.059300439
158 161 3 5895 2.059312742
155 195 3 26505793 2.059328203
153 151 3 3584713 2.059328833
121 126 3 1840287 2.05933036
5 154 3 5841 2.059333208
149 162 3 15978 2.05933684
200 199 3 17788 2.059337117
2 9 3 908187 2.059337921
75 113 3 43232 2.0593553
48 44 3 2141 2.059359787
42 51 3 47194 2.059377717
14 150 3 7618 2.059377721
185 78 3 1162159 2.059392108
77 74 3 13436 2.059392152
75 88 3 7606223 2.059395001
121 115 3 165861 2.059396101
159 51 3 1768274 2.059397577
52 80 3 1260086 2.059402382
154 150 3 183030 2.059403444
81 122 3 20238 2.059406745
0 10 3 445797 2.059408405
153 151 3 2345006 2.059409186
11 41 3 56712 2.059422528
112 126 3 8366 2.059423977
191 187 3 27195 2.059425065
161 79 3 157715 2.059426912
46 15 3 7517 2.059431438
80 123 3 7091 2.059438081
187 42 3 1775659 2.05943851
76 82 3 4789909 2.05944415
161 154 3 68608 2.059448854
191 76 3 77400 2.059450068
157 159 3 4361509 2.059450972
11 157 3 3654899 2.059453741
117 112 3 16966 2.059460595
120 113 3 4500669 2.059462682
43 44 3 1767122 2.059468941
12 14 3 4811093 2.059469431
10 2 3 3160650 2.059471022
86 89 3 28541 2.059475568
11 8 3 11371 2.05947685
10 37 3 1621500 2.059477096
44 149 3 17495 2.05948323
10 11 3 60860 2.059483791
48 49 3 48729 2.059489429
12 154 3 2629061 2.059490964
1 155 3 7050199 2.059494477
2 161 3 69977 2.059499849
86 112 3 5015182 2.059502502
45 160 3 306 2.059503121
124 114 3 3439231 2.059507819
154 160 3 29806 2.059508225
4 153 3 1308561 2.059511045
153 163 3 2214 2.059512633
44 198 3 14102 2.059513838
2 0 3 722854 2.059517861
163 116 3 707599 2.059523195
51 76 3 20887 2.05952382
187 185 3 3308486 2.059528818
158 188 3 3871474 2.059529596
189 191 3 1582345 2.059529643
199 44 3 16192084 2.059533086
5 149 3 107641 2.0595358
191 199 3 9036 2.05954225
126 125 3 2149859 2.059542953
7 11 3 54217 2.059545774
121 123 3 27938750 2.059547144
117 124 3 9254345 2.059548136
188 199 3 1448318 2.059552205
198 190 3 22695 2.059554803
39 41 3 23590 2.059563348
112 120 3 1470604 2.059563379
87 158 3 36009 2.059564249
6 85 3 10222 2.059567095
186 122 3 134184 2.05956939
159 199 3 1190 2.059572869
9 161 3 8683413 2.059577646
89 74 3 5687 2.059580527
194 187 3 506260 2.059583886
157 15 3 15242 2.059586418
11 9 3 9927807 2.059593559
191 193 3 74442 2.059595488
40 45 3 67698 2.059599093
122 116 3 5624 2.059603429
185 42 3 662104 2.05960411
38 46 3 24065831 2.059604896
120 49 3 490 2.059613462
48 40 3 15081 2.059613684
149 163 3 8713152 2.059617664
112 197 3 25728 2.059618242
126 112 3 875669 2.059621314
46 50 3 6106786 2.05962494
195 185 3 160013 2.059626289
45 160 3 7394087 2.05962717
50 51 3 23294 2.059628701
114 119 3 59105 2.059635721
194 191 3 31878 2.059641387
119 125 3 1499414 2.05964559
9 151 3 317271 2.059646286
81 85 3 54848 2.059652344
116 114 3 7983 2.059653676
2 159 3 25239 2.059654539
84 88 3 3937857 2.059658775
4 154 3 400872 2.059661422
42 44 3 97537 2.059662715
8 163 3 22053 2.05966314
194 79 3 1995132 2.05966406
88 81 3 17940215 2.059665568
195 193 3 67 2.059666678
80 112 3 65899 2.059667648
126 118 3 7071399 2.059674493
45 51 3 26593 2.059675864
187 186 3 3891513 2.059677204
156 150 3 3848 2.059679598
38 48 3 8664487 2.059688595
185 86 3 7915275 2.05969711
122 125 3 8002591 2.059700738
87 75 3 36260 2.059722221
50 87 3 1987632 2.059726511
4 79 3 3356 2.05973741
15 9 3 13227 2.059738485
149 154 3 413181 2.059739524
157 159 3 5159489 2.059741173
78 87 3 28035 2.059742903
155 161 3 1950424 2.059747176
200 185 3 22327626 2.059751067
161 190 3 3759 2.059755637
51 157 3 6374 2.059756731
193 199 3 132494 2.05975976
188 187 3 6645 2.05976574
157 148 3 12001 2.059766948
37 39 3 59262 2.059772822
42 15 3 1286104 2.059774661
41 2 3 1416874 2.05977768
189 196 3 1446065 2.059778454
14 4 3 7499 2.059782548
46 38 3 29787 2.059786343
14 8 3 75045 2.059793391
153 151 3 1487 2.05979604
151 155 3 637271 2.059796355
81 86 3 19218 2.059807367
122 117 3 31523 2.05980949
197 46 3 1404919 2.059821471
157 111 3 13062 2.059823097
10 191 3 8706657 2.059824347
88 124 3 3636712 2.0598252
115 111 3 151216 2.059825523
194 195 3 76294 2.059827896
6 15 3 35859 2.059829046
190 5 3 3179784 2.059830556
40 41 3 3130208 2.059831836
190 186 3 1289285 2.059838295
148 195 3 103874 2.059840589
0 39 3 27316 2.059843476
2 154 3 29327 2.059852253
39 38 3 21684 2.059858984
12 2 3 7720159 2.059862052
5 150 3 62061 2.059863383
9 7 3 44269 2.059864112
190 193 3 3710 2.059865171
46 47 3 167497 2.059866157
156 159 3 61731 2.05986718
193 191 3 6666161 2.059867826
1 39 3 909938 2.059869774
119 116 3 145206 2.059870633
200 197 3 7948 2.059872194
38 46 3 1362980 2.05987765
0 2 3 27466535 2.059878802
114 126 3 1556013 2.059879457
89 79 3 1664543 2.059881829
186 187 3 126991 2.059882979
126 185 3 47899 2.059885425
161 152 3 815062 2.059885728
14 156 3 2634 2.059886448
80 84 3 67782 2.059886875
152 122 3 22973 2.059889097
7 161 3 16755 2.059891846
44 49 3 38193 2.059896535
162 123 3 25232122 2.059900429
186 189 3 56455 2.059903575
199 85 3 24488 2.059910522
5 87 3 71468 2.059915036
76 88 3 2140744 2.059926213
8 84 3 27680752 2.0599313
45 37 3 19961 2.059931813
46 157 3 1316526 2.059934378
194 195 3 591908 2.059936085
41 42 3 1430342 2.059938966
161 158 3 365222 2.059942332
115 113 3 21902 2.059944147
192 197 3 56987 2.059944566
148 47 3 196328 2.059945177
118 37 3 1177377 2.05994714
0 4 3 792660 2.059950478
3 148 3 4447 2.059951592
0 148 3 77281 2.059959448
116 111 3 271132 2.059960959
88 86 3 34652 2.059961661
13 42 3 1119650 2.059962145
187 163 3 1260 2.05997025
75 87 3 1375991 2.059974047
193 79 3 22838 2.059978768
119 111 3 46193 2.05997989
200 199 3 13365 2.059986084
192 87 3 6674 2.05998819
148 152 3 21179 2.059989127
81 83 3 9625 2.05999275
149 156 3 32645 2.060004293
85 3 3 20129 2.060005069
39 11 3 4281306 2.060013211
0 150 3 9158 2.060014585
9 199 3 2830 2.06002219
185 195 3 59153 2.060023138
194 80 3 380734 2.060031196
121 123 3 8445151 2.060036691
11 156 3 17010 2.06004096
85 82 3 873741 2.060046319
50 47 3 38318 2.060049527
197 192 3 60678 2.060051416
0 162 3 55278 2.060051591
46 52 3 3977 2.060051929
193 185 3 1376137 2.060053196
81 116 3 1818434 2.060055411
7 89 3 903434 2.060069324
112 50 3 18967 2.060072284
42 45 3 3889 2.060072938
8 75 3 12679 2.060073572
122 43 3 27993 2.060083492
116 87 3 1069401 2.060089165
3 155 3 2266613 2.060090326
151 154 3 8296196 2.060091303
194 191 3 191534 2.060095018
78 87 3 5532843 2.060095126
47 1 3 6095588 2.060095752
12 81 3 38074 2.060097476
116 120 3 142750 2.060097798
83 82 3 29542 2.060099555
14 80 3 2587537 2.060100309
41 158 3 11250084 2.060101961
196 74 3 60326 2.060103585
42 163 3 32414 2.060103653
80 7 3 49209 2.060108439
7 159 3 3106861 2.060109632
47 155 3 144489 2.060112368
2 0 3 48512 2.060131229
121 116 3 3527636 2.060131972
111 120 3 593617 2.060136951
74 200 3 1153362 2.060138521
11 82 3 4600 2.060139003
15 195 3 809313 2.060140871
115 126 3 1313388 2.06014134
195 87 3 65435 2.060141509
195 198 3 895572 2.060143572
116 113 3 44178 2.060151585
148 153 3 38140 2.060152136
14 3 3 513206 2.060153039
49 38 3 5049963 2.060156812
117 124 3 79484 2.060164671
7 154 3 160 2.06016489
125 113 3 9353958 2.060167884
187 186 3 25523 2.060169169
87 124 3 1280868 2.060171636
160 45 3 1753845 2.060177082
163 2 3 27448 2.060179529
5 149 3 3306761 2.060181682
37 156 3 7207781 2.060189796
4 154 3 2137 2.060191531
199 186 3 7568107 2.060205602
46 12 3 27054 2.060213145
42 150 3 5045 2.060213171
13 150 3 3316 2.060214222
88 186 3 5152 2.060214408
154 194 3 47974 2.060219454
44 158 3 21920 2.060221933
119 77 3 29686 2.060222795
41 160 3 4948 2.060227429
200 192 3 1773651 2.060231057
117 88 3 123485 2.060233039
121 122 3 330003 2.06023936
118 151 3 23292 2.060240123
87 3 3 2880765 2.060241313
83 89 3 27376 2.060241578
11 6 3 32742 2.060244265
157 151 3 9114547 2.060246405
123 114 3 6877 2.060256629
87 79 3 3432991 2.060258044
13 14 3 43402 2.06026076
11 148 3 7935690 2.060264243
0 11 3 24644 2.060270589
50 45 3 54859 2.060270925
8 5 3 30172 2.060278504
13 4 3 58529 2.060284741
196 186 3 26957 2.060285566
123 119 3 42530 2.06028841
84 78 3 3027213 2.060291551
125 81 3 88781 2.060293044
161 153 3 79726 2.060294417
40 44 3 12341 2.060294461
149 156 3 322476 2.060296039
158 148 3 77709 2.060296937
1 8 3 6925 2.060307727
188 197 3 69518 2.0603106
160 115 3 6249566 2.060310787
197 189 3 6308 2.060313583
40 159 3 1983735 2.060314472
49 47 3 7694575 2.060315893
14 76 3 18155 2.060317125
158 161 3 1196502 2.060320819
149 189 3 83849 2.060327572
11 3 3 8068 2.060327905
37 42 3 4277585 2.060333999
153 111 3 77247 2.060334917
14 82 3 22106308 2.060335198
199 78 3 17155 2.060335239
112 158 3 20184 2.060340089
3 2 3 29448553 2.060344932
11 9 3 8844 2.060348067
48 47 3 5528 2.06034848
3 84 3 2920218 2.060353992
37 45 3 58733 2.060360275
3 4 3 2904 2.060361375
7 0 3 939467 2.060378666
114 189 3 49077 2.060379025
38 41 3 103877 2.060380496
40 43 3 26487 2.060381072
120 118 3 13791 2.060384651
194 198 3 521255 2.060393143
0 15 3 9896538 2.060394676
149 113 3 6698 2.060398295
13 84 3 52242 2.060399296
74 76 3 50686 2.060415465
15 1 3 7291296 2.06041859
7 158 3 3621883 2.060420209
161 10 3 1624192 2.060421236
159 40 3 891808 2.060424741
8 6 3 59295 2.060429569
151 156 3 186880 2.060431212
9 15 3 672692 2.060439225
200 199 3 45502 2.060449109
43 44 3 1125202 2.060455553
85 83 3 44133 2.060456051
1 153 3 46897 2.060457771
188 186 3 5474142 2.060460165
48 156 3 4393716 2.060461338
196 86 3 117850 2.060463302
200 149 3 71084 2.060479357
125 123 3 555804 2.060479923
51 39 3 5940 2.060481446
149 160 3 904669 2.060481671
48 40 3 8700 2.060488028
13 156 3 120102 2.060489924
86 82 3 28774 2.060495729
161 114 3 103477 2.060506579
114 112 3 716 2.060516533
0 2 3 1801897 2.060520312
47 155 3 14688 2.060521429
160 149 3 30805 2.060523778
148 160 3 42590 2.06052628
154 155 3 57352 2.060526587
194 196 3 8075135 2.060526928
197 189 3 48218 2.060528743
159 161 3 48857 2.060529227
39 45 3 171180 2.060531892
151 116 3 62067 2.060539369
12 155 3 178450 2.060541348
200 188 3 1896114 2.060541604
111 120 3 1164 2.060541715
158 186 3 1139441 2.060542231
185 197 3 186784 2.06054774
161 148 3 866862 2.060548368
154 125 3 511086 2.060552535
84 76 3 2507 2.060552979
40 151 3 7772300 2.060556468
198 199 3 62245 2.060557503
158 126 3 165578 2.060559387
51 37 3 1315317 2.060561896
148 152 3 143580 2.060567336
85 152 3 794206 2.060568053
149 189 3 52569 2.060569173
39 37 3 146109 2.060570591
44 163 3 1873947 2.060571027
0 191 3 39386 2.060571034
191 188 3 64029 2.060578871
148 153 3 24522 2.060578974
126 112 3 323269 2.06058352
111 123 3 1696952 2.060590476
6 122 3 1440720 2.060591723
3 88 3 21608 2.060592273
11 12 3 41045 2.060593756
39 46 3 9999887 2.060596623
87 48 3 2513854 2.060600752
148 160 3 77931 2.060606179
49 41 3 9198 2.06060843
77 89 3 44095 2.060609685
12 14 3 6905625 2.060611152
122 89 3 42715 2.060612899
1 8 3 9069 2.060614231
81 74 3 181 2.060614935
48 41 3 2048541 2.060615907
3 14 3 5566686 2.060615916
77 78 3 1300856 2.06062078
52 38 3 73792 2.06062143
3 9 3 33865 2.060622499
195 194 3 73095 2.060622627
189 197 3 70511 2.060626244
151 123 3 2328661 2.060626512
37 48 3 3118563 2.060638417
80 88 3 62631 2.06064809
200 83 3 542731 2.060652199
194 189 3 9655 2.060662435
52 50 3 7263 2.060662668
8 87 3 773301 2.060666778
10 9 3 2683962 2.060667964
11 7 3 78987 2.060671496
186 196 3 28702 2.060673073
89 42 3 24904 2.060675438
2 151 3 26653 2.060677207
188 196 3 5343289 2.060678998
77 86 3 67762 2.06068034
125 83 3 542335 2.060680423
48 40 3 9933604 2.06068062
115 88 3 4409474 2.060682969
52 39 3 101025 2.060684026
39 45 3 6321 2.060686283
2 5 3 7527 2.060688902
43 193 3 83235 2.060692495
1 77 3 1301242 2.060692866
7 89 3 9734 2.060696476
116 114 3 1154683 2.06070415
3 81 3 20208 2.060709191
1 7 3 24987 2.060712052
160 148 3 7992 2.060712266
43 51 3 45831 2.060721692
195 200 3 4778621 2.060727887
187 80 3 105005 2.060729258
86 79 3 23881 2.060730795
122 125 3 62075 2.060731163
190 79 3 32620 2.06073172
15 79 3 4515944 2.060731899
76 79 3 9419074 2.060733863
121 198 3 4350570 2.060736171
199 188 3 1566276 2.06073674
200 190 3 11774 2.060742805
195 200 3 59630 2.060743224
83 89 3 27063 2.060745065
115 123 3 4970 2.060748938
192 83 3 47253 2.060748979
81 76 3 1587137 2.060749711
7 150 3 2364346 2.060751176
189 86 3 1406876 2.060752013
196 157 3 64026 2.060753005
125 121 3 11044 2.060754574
160 37 3 46076 2.060760022
157 148 3 62338 2.060763775
185 196 3 27096 2.060766451
78 84 3 22433158 2.060768064
152 156 3 1509011 2.060768672
148 151 3 2195 2.060769246
10 153 3 22012 2.060778214
7 3 3 19344 2.060778278
126 117 3 35993 2.060779991
123 120 3 989506 2.060789176
42 51 3 1534481 2.060793794
89 86 3 6613415 2.060793928
125 120 3 3261630 2.060800333
15 6 3 29821173 2.060803926
155 163 3 27127786 2.060807037
75 86 3 116251 2.060808656
39 48 3 1743180 2.060809824
79 77 3 20852 2.060815214
154 156 3 52287 2.060816353
163 160 3 435154 2.060828732
195 84 3 115224 2.060839963
195 84 3 1996528 2.060842445
43 157 3 3770 2.060845368
187 192 3 8899850 2.060845978
187 82 3 49023 2.060849425
46 85 3 6289 2.060849804
200 191 3 29398537 2.060851367
45 186 3 15989448 2.06085346
0 3 3 18242 2.060855657
13 157 3 3934 2.060858627
84 48 3 180506 2.060858688
188 189 3 9738 2.060870455
200 193 3 3603 2.060870692
187 189 3 3621567 2.060872273
195 75 3 1310984 2.060881743
38 49 3 1252468 2.060882422
159 125 3 733135 2.060883128
197 194 3 23489 2.060890515
115 5 3 4720038 2.060891386
158 124 3 18291824 2.060894408
13 155 3 1204135 2.060899482
191 196 3 2885384 2.060900109
78 2 3 24346384 2.060902513
199 115 3 5455262 2.060904581
160 149 3 168223 2.060904802
38 49 3 34461 2.060906327
0 148 3 51672 2.060906726
79 76 3 43402 2.060907339
122 114 3 48472 2.060907388
2 9 3 43319 2.060911927
148 150 3 2907636 2.060922606
48 162 3 64195 2.060923535
80 75 3 60829 2.060935851
9 5 3 64919 2.060937089
185 199 3 7282548 2.060941465
48 51 3 1248391 2.060945579
149 162 3 1754534 2.060948722
150 153 3 654344 2.060950191
161 159 3 28653 2.060954424
189 197 3 52537 2.060955964
88 74 3 1236038 2.060957253
40 49 3 26074 2.060969581
193 200 3 24922437 2.060971925
46 163 3 197673 2.060983356
42 195 3 662817 2.060983399
195 188 3 5760141 2.060985296
152 149 3 2853081 2.060987603
186 192 3 168797 2.060992354
44 80 3 9560 2.060995588
193 84 3 25209 2.061004681
189 194 3 179607 2.061004979
160 192 3 20386 2.061005504
162 197 3 4553458 2.061008506
154 38 3 5183 2.061011977
149 191 3 22655 2.06101463
160 158 3 58368 2.061016724
163 156 3 29670 2.06101682
189 185 3 64488 2.061018284
118 112 3 838443 2.061020491
5 150 3 207451 2.061020632
50 39 3 30876 2.061024542
78 77 3 3558031 2.061027547
77 80 3 79259 2.061030739
122 199 3 55890 2.061040442
161 200 3 874601 2.061044325
111 124 3 12074 2.061044951
86 89 3 32365 2.061047128
77 80 3 27562 2.061052844
51 37 3 41482 2.061056192
11 2 3 2947816 2.061058235
7 80 3 47922 2.061069851
154 152 3 4859872 2.061070003
155 148 3 1834535 2.06107252
123 111 3 3496228 2.061073204
47 44 3 4185704 2.061074026
192 87 3 67161 2.061078251
13 2 3 5867 2.061079561
113 52 3 29750 2.061083113
199 85 3 40195 2.061089312
15 3 3 28055 2.061091287
82 88 3 2219 2.061094486
14 161 3 8745 2.061094532
194 191 3 975122 2.061096648
15 4 3 21373 2.061097263
82 81 3 9470874 2.061103773
187 192 3 1223 2.061109088
79 158 3 284794 2.061109678
150 120 3 6132 2.0611097
196 198 3 3491 2.061114017
13 9 3 8072 2.061117947
112 124 3 24173 2.061118233
3 150 3 470 2.061132183
121 156 3 45777 2.061134321
86 75 3 1389404 2.061137691
153 156 3 33814 2.061147859
80 89 3 3956936 2.061152459
79 82 3 68436 2.061158644
192 195 3 60851 2.061158803
39 42 3 1540 2.061160709
113 119 3 7333346 2.061161531
8 12 3 1668106 2.061176657
161 150 3 2641 2.06118393
186 7 3 13073 2.061184524
82 75 3 63373 2.061190195
88 84 3 6745002 2.061190581
149 157 3 4232899 2.061192675
150 187 3 6787486 2.06119329
82 5 3 852966 2.061195108
149 150 3 786615 2.061195859
15 151 3 27239 2.061201701
148 157 3 49086 2.061207873
122 12 3 2419695 2.061208808
118 116 3 1535897 2.061213543
49 51 3 19751 2.061215978
152 189 3 32269 2.061217054
87 88 3 1788795 2.061218852
9 161 3 3640122 2.061218923
189 186 3 7431 2.061219466
189 111 3 39146 2.061219746
15 10 3 970053 2.061222194
186 187 3 18618 2.06122397
148 115 3 1918897 2.061225432
126 111 3 947832 2.061226455
0 13 3 77852 2.061233152
200 194 3 6121 2.061235821
48 156 3 77127 2.061238088
49 161 3 192627 2.061240004
115 11 3 66952 2.061241441
3 47 3 5299153 2.061244999
82 88 3 5297 2.061254192
47 52 3 1544969 2.061254271
76 80 3 671906 2.06125785
78 113 3 42335 2.061260643
12 121 3 2045013 2.061263323
149 161 3 76020 2.061264636
118 126 3 25986245 2.06126579
51 52 3 25091 2.061266157
40 51 3 46853 2.061266793
161 148 3 7990 2.061273428
161 156 3 396522 2.06127999
191 193 3 15058 2.061279995
86 78 3 70859 2.061280516
13 159 3 28850 2.061281902
148 151 3 107140 2.061282295
6 2 3 2095243 2.061288572
153 111 3 55128 2.061294461
159 160 3 26193 2.061302321
88 123 3 25519 2.061302769
13 83 3 1066308 2.061303458
3 2 3 23289 2.061306619
161 157 3 1785100 2.061306866
158 124 3 8580 2.061317218
78 121 3 392327 2.061322016
118 124 3 44391 2.061327201
158 197 3 9691406 2.061329111
120 116 3 26701 2.061330928
186 114 3 57001 2.061331777
0 8 3 53933 2.061333386
199 190 3 74529 2.06133418
195 191 3 11470 2.061338045
113 112 3 476 2.061341105
40 45 3 5301167 2.061343239
85 81 3 2226254 2.061346953
148 152 3 229514 2.061347
148 126 3 4154034 2.061347895
51 155 3 29390 2.061348271
13 7 3 910416 2.061349513
1 156 3 59131 2.061351883
112 126 3 1712797 2.061354057
119 163 3 3991555 2.061356368
89 80 3 37717 2.061358096
89 162 3 2453502 2.06136488
1 148 3 22519 2.061365233
88 86 3 240709 2.061369126
185 188 3 8501 2.061369685
4 160 3 569055 2.06137531
38 52 3 850135 2.061375581
7 185 3 136238 2.061378012
185 190 3 41881 2.061380284
5 78 3 25737 2.061387753
15 11 3 402 2.06139673
3 5 3 62424 2.061404219
198 151 3 49091 2.061406798
150 185 3 12361067 2.061409956
187 189 3 15839089 2.061411303
15 1 3 3242789 2.06141432
12 8 3 1940 2.061417807
152 185 3 936170 2.061423279
88 124 3 8759 2.061424781
190 196 3 24260 2.061427224
6 121 3 1711664 2.061434704
40 38 3 5526 2.061435987
82 79 3 24405 2.061436982
38 40 3 168834 2.061443161
187 89 3 1995491 2.061446898
89 79 3 9397 2.061449444
153 124 3 6112475 2.061450831
11 0 3 76424 2.061454769
85 81 3 58523 2.061456339
46 161 3 597878 2.061457519
47 52 3 1339301 2.061461503
160 124 3 2513047 2.061465654
7 2 3 4680 2.061466626
0 116 3 5962279 2.061468837
197 200 3 55453 2.061471136
40 49 3 2417 2.061471234
41 51 3 1980424 2.061474107
191 15 3 498067 2.061477866
42 46 3 4878191 2.061478124
9 0 3 1160547 2.061480269
10 5 3 6151964 2.061481953
119 82 3 4198194 2.061494156
83 196 3 11290 2.061503738
77 81 3 3046065 2.061504047
154 159 3 2348 2.061508805
12 81 3 372511 2.061514182
193 185 3 26279 2.06151504
48 50 3 409949 2.061515392
89 74 3 21556 2.06152504
191 11 3 1390948 2.061526265
1 11 3 1987600 2.061534694
45 41 3 68608 2.061535391
160 150 3 35874 2.061543034
37 43 3 904 2.061545507
0 6 3 25694 2.061547781
185 0 3 31860 2.061548486
153 163 3 4729060 2.061550368
162 157 3 2031790 2.06155045
153 75 3 15192 2.061550493
194 191 3 946949 2.061559563
151 123 3 3748 2.06156005
85 77 3 6404173 2.061560865
157 113 3 44827 2.061561276
12 7 3 8977491 2.061562403
76 78 3 295009 2.061565047
149 193 3 3044977 2.061573882
42 150 3 12676 2.061579576
10 13 3 949144 2.061579586
78 88 3 20802 2.061580586
87 79 3 53220 2.06158327
76 80 3 23073 2.061590846
48 154 3 1603849 2.061594444
155 162 3 41240 2.061596437
185 84 3 4054929 2.061598306
76 81 3 23381337 2.061599061
113 121 3 56531 2.061599965
191 194 3 27044 2.061600581
41 48 3 579242 2.061601136
3 80 3 1913811 2.061601433
117 80 3 9932496 2.061603027
200 192 3 1988055 2.061607649
113 121 3 168088 2.061608735
124 122 3 164336 2.061609042
158 152 3 4272342 2.061610385
85 195 3 24774 2.061610933
125 115 3 24235711 2.061613994
75 80 3 1235131 2.061616516
9 10 3 50744 2.061622794
113 195 3 651683 2.06162373
148 11 3 925164 2.06162699
38 158 3 123256 2.061635098
5 4 3 7451896 2.061639965
150 112 3 10286 2.061646844
155 148 3 3051839 2.061649664
186 185 3 4979007 2.061656788
2 15 3 1631145 2.061660003
114 122 3 3722 2.061660015
153 196 3 639092 2.061660828
79 84 3 33944 2.061663192
42 44 3 3140963 2.06166799
198 195 3 188927 2.061674756
8 161 3 25514450 2.061675673
1 12 3 4511 2.061678779
44 162 3 2752753 2.06168012
6 155 3 1549485 2.061680908
126 112 3 168033 2.061687486
117 124 3 30874 2.061696254
87 191 3 78941 2.06169728
150 123 3 4869170 2.061711073
193 196 3 74120 2.061712447
189 188 3 26312732 2.061714789
50 159 3 768390 2.06171686
6 13 3 12826 2.061720228
155 153 3 4975361 2.061720411
112 2 3 29026718 2.061722062
154 151 3 184717 2.061726098
52 192 3 1301 2.06172681
86 77 3 2690214 2.061733709
14 88 3 1064520 2.061737724
85 75 3 1636416 2.061739269
51 40 3 69669 2.06174061
5 7 3 45683 2.061742186
52 38 3 63339 2.061747341
7 89 3 62675 2.061749641
197 185 3 6915 2.061752738
40 43 3 41377 2.061756428
193 11 3 29913686 2.061757196
11 14 3 56738 2.061760023
13 80 3 25958 2.061760682
192 197 3 41123 2.06176416
8 152 3 178888 2.061766972
44 156 3 8281678 2.061769727
186 194 3 65945 2.061771459
49 41 3 7696 2.061777855
159 148 3 4505 2.061784115
0 15 3 134812 2.061788917
46 52 3 32 2.061790056
157 13 3 3393706 2.061793597
160 85 3 8815 2.061794437
112 151 3 178 2.061795755
121 185 3 7356 2.061799337
14 2 3 74310 2.061800421
157 153 3 31876 2.061802571
122 84 3 174287 2.061802733
155 115 3 68830 2.061804455
49 37 3 67621 2.061807321
120 153 3 5380 2.061807506
46 38 3 1836589 2.061810958
153 157 3 8443 2.061815582
122 118 3 20529 2.061821655
198 193 3 895447 2.061821909
185 191 3 70075 2.061832389
74 81 3 52017 2.061832669
197 115 3 8622 2.061835139
83 79 3 153541 2.061838157
150 163 3 73929 2.061838575
12 10 3 6460 2.061839845
5 161 3 92248 2.061842507
52 151 3 8982244 2.061845057
150 160 3 15015531 2.061850219
85 81 3 10747 2.061851927
117 120 3 169495 2.061854042
152 188 3 7527 2.061859762
82 79 3 22777 2.061864545
186 46 3 1297236 2.061864672
190 187 3 27499 2.061868499
192 78 3 4553 2.061877011
48 75 3 4882 2.061882176
160 155 3 3110 2.061889171
162 154 3 1850870 2.061889221
163 156 3 5727 2.061889304
89 86 3 1493608 2.061904232
152 150 3 919541 2.061905454
121 117 3 1986206 2.061906404
14 13 3 18831 2.061912526
125 122 3 5477 2.061915768
3 153 3 5991 2.061918654
12 7 3 11355 2.061919999
8 4 3 24209 2.061924346
3 13 3 26193 2.061927897
52 40 3 4689 2.061928735
113 187 3 2552080 2.061930261
9 157 3 1851249 2.061933952
124 126 3 4345909 2.061934
76 79 3 194910 2.061936428
0 13 3 69727 2.061943098
51 45 3 2514 2.061946073
75 192 3 20942 2.0619508
84 43 3 827254 2.061955976
11 149 3 46666 2.061956204
194 198 3 48659 2.061957433
74 83 3 175896 2.061957831
48 1 3 17033312 2.061958521
157 158 3 188922 2.061960486
44 46 3 3855378 2.06196596
191 86 3 53952 2.061968941
43 193 3 4486 2.061969267
12 14 3 479996 2.061969325
150 160 3 5973 2.061973445
47 40 3 8245588 2.061973591
83 78 3 730151 2.061977167
122 114 3 9731 2.06198014
38 46 3 4179412 2.061980257
124 114 3 783820 2.0619822
13 117 3 51100 2.061983749
14 76 3 6488 2.061992996
191 189 3 4872 2.06199534
123 120 3 6032789 2.061995553
118 194 3 62531 2.06199811
189 185 3 934 2.062001366
200 40 3 13005 2.062005779
193 75 3 80024 2.062014424
84 82 3 2528859 2.062015465
81 77 3 6300 2.062016627
148 159 3 1031881 2.062016684
7 3 3 2415 2.062017947
13 148 3 75180 2.062018219
11 156 3 12327 2.062018822
163 196 3 38164 2.062026114
43 47 3 16042 2.062027731
157 119 3 25084 2.062033894
162 157 3 32316 2.062036339
155 161 3 65198 2.062037145
116 122 3 4382392 2.062040393
189 186 3 3577711 2.062040729
125 151 3 141520 2.062040907
2 6 3 6656 2.062041325
126 115 3 6796073 2.062042164
6 123 3 3958891 2.062045075
198 189 3 8184616 2.062045186
9 10 3 173780 2.062053185
81 74 3 509227 2.062061127
199 191 3 23763204 2.062064468
78 79 3 21378 2.062067481
1 7 3 138947 2.062068175
9 7 3 175238 2.062071302
200 192 3 18616 2.062080039
3 5 3 2387959 2.062083731
37 42 3 4746251 2.062083929
10 74 3 2595 2.062091542
152 150 3 1746550 2.062092967
41 45 3 1839404 2.062096573
39 48 3 646441 2.062097497
76 156 3 4837696 2.062098433
158 163 3 12677841 2.062101717
79 86 3 33441 2.062102865
37 75 3 15388085 2.062105755
148 188 3 4885 2.062106847
126 111 3 1451527 2.062110893
197 78 3 1863812 2.062113681
126 119 3 839485 2.062114276
120 1 3 61951 2.062115606
38 46 3 76083 2.062115854
151 121 3 1686487 2.062115949
155 160 3 3246882 2.062116964
89 77 3 7611 2.062118012
88 83 3 21619 2.062122382
10 84 3 44301 2.062126326
47 49 3 418864 2.062128385
118 126 3 20517 2.06213104
41 44 3 55452 2.062133268
186 9 3 154862 2.06213613
113 115 3 6096036 2.06213729
74 84 3 66996 2.062141259
113 124 3 3667 2.062142078
77 85 3 15567565 2.06214884
4 3 3 6247405 2.062149081
194 162 3 39565 2.062155602
115 118 3 4976 2.062157952
39 44 3 2290265 2.062163494
9 12 3 25112 2.062168806
38 50 3 97034 2.062169151
49 159 3 4773922 2.062178587
52 51 3 48152 2.062178738
0 10 3 47717 2.062183288
126 122 3 49698 2.062183851
14 51 3 2532458 2.062187015
11 10 3 39795 2.062187149
49 149 3 1412053 2.062187929
85 88 3 21575481 2.062191611
40 48 3 34445 2.06219186
113 111 3 1112804 2.062198853
189 187 3 19431 2.06219931
117 121 3 41718 2.062202278
3 158 3 55010 2.062202613
10 154 3 1763040 2.062203779
156 153 3 61381 2.062204443
122 117 3 27064 2.062207158
193 196 3 73606 2.062217064
119 126 3 68634 2.062222354
193 185 3 4700244 2.06222526
194 199 3 66527 2.062233342
77 74 3 129481 2.062236527
119 125 3 898541 2.062237649
49 193 3 1677945 2.062237827
7 43 3 52067 2.062239962
42 149 3 24748 2.062243957
126 123 3 132630 2.062247709
195 196 3 19512 2.062248513
124 117 3 21059078 2.062250824
6 52 3 31490 2.062256571
15 13 3 15831 2.062257739
162 74 3 72271 2.062258752
119 80 3 4710384 2.062265132
193 199 3 43340 2.062266891
159 120 3 5707 2.062266996
2 13 3 9718 2.062276364
45 52 3 64355 2.0622791
9 158 3 335 2.062282046
12 10 3 253201 2.062284256
40 48 3 961324 2.062286754
79 199 3 45803 2.062287286
47 46 3 7689592 2.062294583
38 37 3 8608086 2.062297199
159 148 3 176685 2.062298191
12 8 3 2441666 2.062309044
199 77 3 1185296 2.062309262
149 153 3 20130 2.062309276
162 148 3 42260 2.062314117
49 41 3 65024 2.062315292
191 196 3 1114867 2.062318981
49 186 3 68210 2.062319579
197 191 3 4754100 2.062325521
89 76 3 62697 2.062326651
117 115 3 24496 2.062345441
123 113 3 3556436 2.062350449
2 148 3 14188116 2.062362729
50 159 3 2337364 2.062369305
195 199 3 7486922 2.062369378
50 47 3 75471 2.062370789
80 50 3 4664042 2.062372278
150 152 3 2656838 2.062375313
88 83 3 4342670 2.062375734
187 83 3 18842 2.06237649
158 151 3 57508 2.06237653
158 150 3 100262 2.062376732
1 6 3 957 2.062378292
13 11 3 965352 2.06237926
196 11 3 810398 2.062383332
111 194 3 3416759 2.062383961
43 49 3 20126 2.062387641
78 86 3 1858684 2.062394628
188 199 3 65321 2.062401189
46 149 3 11423 2.062402844
163 192 3 8641 2.062403444
44 39 3 40230 2.0624062
124 125 3 578008 2.062407514
156 119 3 5378 2.062409776
43 45 3 632 2.062417965
186 198 3 1442 2.062418026
149 160 3 4519 2.06242821
5 160 3 639 2.062428461
3 8 3 1647561 2.062431172
160 154 3 70631 2.062432867
187 163 3 277747 2.062433941
157 116 3 815543 2.062435449
3 152 3 5968 2.062448314
13 156 3 22140 2.062449154
50 37 3 20562 2.06246343
122 112 3 10460 2.062465014
194 195 3 1845148 2.062472256
12 116 3 5004903 2.062473528
122 113 3 123721 2.062476295
156 198 3 71274 2.062477848
38 46 3 4137 2.062479805
52 49 3 299226 2.062490728
14 10 3 10437 2.06249258
117 49 3 61444 2.062495391
5 156 3 49713 2.062495785
123 116 3 39651 2.062496901
117 124 3 796718 2.06249906
0 153 3 3503 2.062500077
115 124 3 86346 2.062500377
120 111 3 8645 2.062502756
5 148 3 9426781 2.062505211
155 149 3 29923 2.062507275
123 114 3 4085 2.062507639
192 9 3 7063929 2.062508454
148 163 3 9313111 2.062508885
154 125 3 7058545 2.062514787
188 200 3 95179 2.06252064
87 76 3 2115257 2.062521748
158 76 3 435951 2.062522891
1 3 3 34426 2.062523723
41 46 3 1120138 2.062523732
157 196 3 1150893 2.062525016
11 185 3 4021374 2.062529651
14 152 3 9782 2.062531544
11 8 3 77766 2.062536975
52 38 3 47466 2.062537004
195 193 3 5176430 2.062537784
151 148 3 9555 2.062539557
0 86 3 25061 2.062548053
111 46 3 77830 2.062549445
156 159 3 28295 2.062550416
6 14 3 6894 2.062557547
1 151 3 1746884 2.062557962
163 119 3 847575 2.062561452
192 121 3 347988 2.062562445
78 74 3 93717 2.062563628
193 198 3 137369 2.062571443
76 88 3 3268617 2.062572096
156 11 3 3860980 2.062574779
48 40 3 9961 2.062576715
1 156 3 28453 2.062579338
153 115 3 124472 2.062579931
76 83 3 2244673 2.062580188
152 117 3 333566 2.062584325
195 187 3 401450 2.062584462
45 39 3 37161 2.062586722
153 152 3 188645 2.062589533
75 83 3 9587 2.062591281
114 124 3 6162 2.062591335
155 161 3 5802623 2.062592985
196 7 3 4175788 2.062597776
41 45 3 24238 2.062600097
162 150 3 303946 2.062602124
120 123 3 4334315 2.062607846
187 190 3 948167 2.062609798
112 122 3 59288 2.062611716
81 77 3 9209 2.062614057
6 74 3 159597 2.062614781
2 155 3 107422 2.062615317
126 113 3 8968925 2.062615503
112 3 3 3726 2.06262001
7 151 3 100102 2.062625913
83 51 3 34371 2.062633697
198 85 3 8479 2.062635337
197 88 3 1787991 2.062638024
114 125 3 4386 2.062640477
158 74 3 25829 2.06264257
86 87 3 31563 2.062644362
149 163 3 17554 2.062644433
14 153 3 6806 2.062647731
150 159 3 4206290 2.062661607
44 43 3 58333 2.062662887
1 158 3 64015 2.062667827
159 151 3 189906 2.062682591
192 196 3 1443172 2.062685577
13 5 3 15995 2.06268709
9 1 3 22732 2.062688003
162 155 3 20866 2.062690513
192 82 3 4899 2.062696506
194 190 3 3860702 2.062704945
116 120 3 2792 2.062707497
49 50 3 29886 2.062708865
15 14 3 17480 2.06270958
14 152 3 1100653 2.062709597
161 116 3 65664 2.062712256
112 111 3 34206 2.062713437
51 52 3 13116 2.062715197
89 81 3 25943 2.062720234
41 46 3 891891 2.062720717
75 159 3 13859 2.062726612
37 38 3 3656 2.062727696
156 151 3 6873777 2.062729185
83 123 3 2786 2.062735298
85 84 3 21481 2.062735926
7 13 3 29508045 2.062738999
12 152 3 51521 2.062739094
40 42 3 396296 2.062739416
12 150 3 2772706 2.062746278
125 2 3 1125521 2.062746791
160 162 3 42591 2.062748759
1 4 3 4249544 2.062757203
77 74 3 29486 2.062759239
88 10 3 45680 2.062760267
14 0 3 920692 2.062760574
38 37 3 4183 2.062761089
195 189 3 20269649 2.062765218
79 74 3 27343 2.062766632
10 159 3 331460 2.062770429
119 114 3 658340 2.062774153
86 76 3 67788 2.062775192
52 40 3 993617 2.062775494
48 50 3 3707632 2.062776139
196 194 3 566322 2.062783333
189 148 3 30209 2.062783515
9 11 3 63946 2.062794402
163 116 3 15249 2.062797026
189 199 3 16297287 2.062797515
9 81 3 13046 2.062800575
78 81 3 29796 2.062801104
89 186 3 707918 2.06280137
193 187 3 17123 2.062803765
155 126 3 63079 2.062805747
3 5 3 9782 2.062807647
76 84 3 723117 2.062808479
117 11 3 173929 2.062808689
15 52 3 1536564 2.062809521
87 86 3 7042734 2.062809532
196 194 3 29852 2.062813044
159 193 3 3509606 2.062820317
149 198 3 25254232 2.062820386
197 192 3 256983 2.062821832
44 46 3 5313339 2.062826296
4 8 3 1247525 2.062830754
126 125 3 974481 2.06283764
153 148 3 61466 2.062840963
76 89 3 1937535 2.062841346
111 114 3 9496484 2.062841403
7 5 3 17764110 2.062842036
15 0 3 14998 2.062847692
194 192 3 6658980 2.062848615
1 11 3 28421 2.06285167
75 83 3 2981475 2.062851902
186 197 3 2195848 2.062853322
156 123 3 13526 2.062853993
48 44 3 172821 2.062857024
121 195 3 72548 2.062859616
186 196 3 525 2.062865299
89 88 3 1596558 2.062869816
157 154 3 74642 2.062871308
4 151 3 26965 2.062872914
5 14 3 15863 2.062874618
14 185 3 21498 2.062884811
15 10 3 1627311 2.062888404
38 52 3 1684205 2.062892921
186 190 3 6462403 2.06289835
45 41 3 3169 2.062901714
78 80 3 73620 2.062904833
158 38 3 42692 2.06290721
6 12 3 1544 2.062908917
111 126 3 9676 2.062911576
14 3 3 6796 2.062913386
84 79 3 20638 2.062917688
1 12 3 61698 2.062926636
118 114 3 4274 2.062926932
114 200 3 44174 2.06293085
48 44 3 5019016 2.062932402
84 89 3 3060680 2.062936375
40 44 3 9781445 2.062936653
188 15 3 1188404 2.062937149
111 121 3 5396970 2.062938006
50 38 3 4200656 2.06293899
74 40 3 75132 2.062950399
40 189 3 77086 2.062952281
113 120 3 83374 2.062953257
0 5 3 21076 2.062954805
14 152 3 22523 2.06295487
83 77 3 1299357 2.062964636
160 159 3 37140 2.062973568
49 41 3 47940 2.062977351
10 156 3 9218 2.062977929
11 149 3 1724175 2.062986875
15 12 3 179110 2.062989726
83 77 3 8929 2.062995271
126 124 3 17579 2.062999259
159 158 3 264035 2.06300127
5 49 3 3978673 2.063010562
5 11 3 8892812 2.063019089
155 186 3 38102 2.063020447
80 15 3 32883 2.063033472
187 186 3 35603 2.063037166
39 160 3 20539 2.063044185
111 117 3 43471 2.063049248
190 189 3 2416 2.063052794
199 83 3 3055356 2.063053497
193 198 3 19089 2.063056778
2 4 3 4374 2.063057918
80 83 3 9732755 2.063057939
2 9 3 18524 2.063064832
87 75 3 627086 2.063068003
200 79 3 7938865 2.063073126
6 46 3 69953 2.063076195
80 87 3 72881 2.063077946
88 87 3 9198422 2.063081124
160 41 3 879291 2.063084706
11 157 3 194547 2.063086045
15 155 3 47040 2.063088727
14 8 3 11602 2.063091111
14 4 3 14522 2.063101739
1 3 3 29025669 2.063101879
150 189 3 27942 2.063108893
198 200 3 49089 2.063111224
43 44 3 51229 2.063112196
15 150 3 3633644 2.063115275
51 200 3 33131 2.063117627
7 77 3 5002 2.063121055
161 160 3 56971 2.06312451
123 116 3 8871064 2.063129832
87 80 3 635647 2.063134387
8 150 3 18232 2.063140664
52 113 3 421130 2.063141434
74 82 3 10704 2.063145976
38 39 3 40260 2.063149071
160 154 3 72953 2.063150315
37 49 3 1128 2.063151345
85 160 3 6906 2.063151718
4 1 3 703565 2.063156617
5 1 3 121171 2.06315703
158 125 3 47372 2.063161513
116 118 3 539062 2.063167113
153 151 3 661315 2.063169413
117 78 3 15552 2.063170519
81 79 3 45608 2.063173386
78 188 3 658250 2.063178046
198 196 3 3771 2.063181523
156 159 3 23186 2.06319247
154 156 3 63318 2.063195464
42 45 3 2508467 2.063202336
149 188 3 33540 2.063208073
157 162 3 1507316 2.063212828
13 10 3 1723970 2.063219062
2 1 3 24331 2.063220749
52 3 3 20802 2.06322822
89 86 3 4737651 2.063230508
119 116 3 160117 2.063231822
3 10 3 1735184 2.063233952
161 124 3 146642 2.063237001
125 0 3 4385922 2.06325417
5 111 3 15297 2.063261316
10 151 3 9767714 2.063262215
123 51 3 1712325 2.063265976
126 115 3 4033 2.063267464
197 191 3 6099626 2.063268861
48 161 3 88096 2.063272681
195 196 3 800692 2.063279181
74 188 3 27439 2.06327976
114 123 3 1408745 2.06328016
114 120 3 3237 2.063283435
113 118 3 5617 2.063287197
89 87 3 8339 2.063288765
48 41 3 64558 2.063293606
1 83 3 166189 2.063294011
48 150 3 14994 2.063298088
156 159 3 263325 2.063298347
8 159 3 2417 2.063305112
10 152 3 62200 2.063306683
6 157 3 4875 2.063310994
87 89 3 1679966 2.063315687
6 4 3 3838862 2.063316636
46 111 3 30835 2.063316702
15 9 3 2601453 2.063325667
84 0 3 6361 2.063327131
5 12 3 1359 2.063336524
160 190 3 368972 2.063337097
0 157 3 2816736 2.063340419
9 74 3 24709 2.06334408
44 37 3 4653526 2.063344345
48 40 3 725057 2.063352808
193 84 3 286844 2.063364145
111 123 3 71918 2.06336866
88 84 3 26154 2.063378308
41 46 3 5403120 2.063383999
46 40 3 26322568 2.06338914
0 11 3 26719 2.063389247
86 82 3 742543 2.063389398
198 8 3 3190311 2.063390285
75 82 3 152945 2.063397891
186 77 3 7508693 2.063401644
189 12 3 25726 2.063410029
195 199 3 9506600 2.063418006
199 118 3 2650307 2.063418719
150 152 3 41408 2.06342221
186 185 3 323847 2.0634232
186 84 3 1232280 2.06342473
158 162 3 1979209 2.063429805
11 163 3 28661 2.063436854
37 14 3 72071 2.063438687
89 78 3 41065 2.063442398
52 157 3 154832 2.063446201
120 121 3 4198 2.063447086
10 14 3 1317653 2.063447281
88 77 3 153735 2.063447573
74 88 3 105180 2.063448433
188 45 3 27229 2.063457346
195 77 3 1972105 2.063457865
150 125 3 23124 2.063458775
2 1 3 425533 2.063464725
194 40 3 1733 2.063467465
87 4 3 3144 2.063468916
160 153 3 666751 2.063470449
188 49 3 4927047 2.063471143
5 14 3 5172088 2.063474052
4 7 3 66831 2.06348104
12 2 3 714968 2.06348505
13 6 3 79035 2.06348589
160 150 3 300865 2.063488088
9 12 3 7320301 2.06349063
187 186 3 27385 2.063494496
86 75 3 4266726 2.063500543
151 152 3 7158 2.063502594
6 151 3 183721 2.063507749
37 156 3 36972 2.063507838
12 89 3 54253 2.063509575
41 40 3 6110 2.063511017
7 156 3 6621 2.063517718
119 49 3 57653 2.063519167
192 187 3 53044 2.06352358
187 191 3 724 2.063528898
6 1 3 7107 2.06352892
160 199 3 16160 2.063539094
46 158 3 101271 2.06354896
51 74 3 7900786 2.063549177
161 192 3 49883 2.063554511
46 44 3 40430 2.063557776
51 41 3 50316 2.063562982
199 195 3 30995 2.063563421
194 2 3 996734 2.063570132
52 44 3 58269 2.063571016
78 150 3 6255089 2.063576574
89 126 3 517632 2.063578247
74 76 3 193318 2.063586273
115 122 3 3809 2.063588099
154 200 3 167618 2.063592933
162 149 3 22172 2.063596494
38 75 3 22475 2.063596623
11 6 3 7926 2.063598654
198 50 3 198335 2.063601593
187 4 3 27642 2.063602917
156 123 3 21665 2.063617309
40 41 3 25672 2.063621735
79 87 3 54596 2.063625389
88 75 3 57433 2.063628007
88 83 3 55678 2.063633674
149 155 3 404266 2.063635174
121 112 3 7813 2.063645079
5 15 3 57546 2.063648012
39 52 3 1600208 2.063648642
44 43 3 4868 2.063649773
52 48 3 3678455 2.063651726
155 86 3 5859 2.063652234
43 51 3 303722 2.06365905
14 3 3 27065 2.063659114
123 113 3 9083221 2.063666952
199 190 3 756981 2.063668065
154 156 3 43034 2.063668915
149 122 3 23886 2.06367014
10 13 3 8726475 2.063670334
162 157 3 1786311 2.063671828
85 84 3 27230 2.063674434
187 190 3 26052 2.063675017
1 41 3 4972 2.063675507
115 120 3 4499270 2.063675763
82 86 3 3990898 2.063677241
199 189 3 366912 2.063692095
150 157 3 7136084 2.063693201
49 44 3 3987386 2.063693857
13 9 3 1916704 2.063704502
76 85 3 2029723 2.063707366
8 158 3 70709 2.063713404
88 86 3 29152647 2.063715257
113 44 3 3910447 2.063717067
121 119 3 1936 2.063717931
51 42 3 2029520 2.063718519
8 153 3 397210 2.063718703
49 42 3 25588 2.063722452
1 37 3 62443 2.063722936
11 123 3 66375 2.06372404
185 193 3 133042 2.063727437
198 78 3 114957 2.063730675
42 51 3 5533 2.063730851
194 191 3 1177643 2.063731075
82 76 3 569672 2.063736032
40 46 3 31022 2.063739141
191 185 3 58660 2.063741582
114 115 3 1386979 2.063744328
7 3 3 975918 2.063745368
1 153 3 7741 2.063750234
2 10 3 927905 2.063750893
4 39 3 56730 2.063751385
162 158 3 2715 2.063752756
157 153 3 75300 2.063760151
48 37 3 28835 2.063760822
50 159 3 3411570 2.063762251
189 186 3 756235 2.06376468
163 154 3 1327 2.063765777
118 126 3 142900 2.063765915
3 6 3 46554 2.063768495
83 79 3 70930 2.063769901
156 160 3 77700 2.06377483
115 119 3 37802 2.063776374
50 38 3 3335192 2.063780611
193 159 3 2364504 2.063782525
4 2 3 441101 2.063782948
78 74 3 10699 2.063783069
8 11 3 2498455 2.063788212
155 156 3 4777419 2.06378969
46 188 3 1143305 2.06379012
192 76 3 32004 2.063792817
3 9 3 2470 2.063793228
86 77 3 1786716 2.063794914
88 89 3 2192938 2.063799766
11 13 3 258995 2.06380128
13 75 3 4188 2.063802253
188 194 3 231 2.063805809
3 161 3 8913 2.063811304
116 123 3 1190250 2.063813706
112 116 3 104059 2.063824394
89 80 3 9160207 2.063826233
154 152 3 24364 2.06382727
189 87 3 226398 2.063827422
45 157 3 3610581 2.063832252
185 194 3 37562 2.063834926
48 43 3 156634 2.063842441
39 81 3 24879 2.063846373
5 8 3 1007 2.063857884
148 153 3 173211 2.063858352
156 189 3 21031 2.063859839
43 42 3 64652 2.063861707
126 124 3 78537 2.063865685
84 83 3 68892 2.063867176
198 189 3 7109 2.063868137
78 14 3 5954 2.063871263
119 120 3 75969 2.063871335
37 153 3 79325 2.063871541
7 11 3 164923 2.06387637
112 13 3 2283224 2.063876678
75 193 3 22640 2.063880168
3 152 3 3877 2.063880838
192 5 3 1036444 2.063892795
40 47 3 10061 2.06389593
189 194 3 1446335 2.063899712
115 123 3 164502 2.063907785
162 163 3 16517 2.063910561
149 161 3 904149 2.063910682
112 124 3 1697 2.063911485
43 49 3 2592 2.063918215
150 152 3 9666 2.063919981
160 200 3 2683102 2.063920693
50 42 3 6948 2.06392198
199 198 3 8208478 2.06392594
4 76 3 2784872 2.063927433
186 187 3 3256 2.063929795
161 159 3 1899414 2.063930454
9 88 3 42034 2.063933296
4 47 3 145046 2.063934872
188 80 3 3365 2.063938612
163 15 3 77061 2.063941626
9 1 3 18275262 2.063944652
52 43 3 454917 2.063945139
157 185 3 3031 2.063949624
44 10 3 67411 2.063955327
151 125 3 145315 2.063964582
122 123 3 182395 2.063966295
118 150 3 30135 2.063970059
83 79 3 505179 2.063971399
45 198 3 1738298 2.063973212
37 42 3 5608 2.063973985
48 39 3 686055 2.063979407
111 126 3 1533 2.063979873
162 155 3 5981 2.06397989
194 196 3 19640 2.063981667
189 194 3 8123360 2.063986611
47 42 3 7184 2.063988205
197 40 3 63786 2.063989743
190 193 3 109053 2.063994666
199 119 3 63309 2.063995523
81 75 3 7452 2.063996195
114 121 3 1792 2.063997063
193 195 3 22847 2.064007367
122 124 3 79971 2.064013236
37 148 3 69282 2.064017598
10 161 3 1642963 2.064024225
151 152 3 68323 2.064028562
77 89 3 2192575 2.064029023
43 150 3 394823 2.06403512
158 152 3 32389 2.064036055
189 85 3 146868 2.064037034
157 153 3 115157 2.064039942
86 81 3 25995 2.06404453
124 113 3 67452 2.064046055
38 39 3 70320 2.064047796
195 189 3 834291 2.064050421
3 4 3 138947 2.064053113
121 126 3 1231889 2.064057922
9 0 3 2203 2.064061168
13 84 3 742686 2.064067099
160 194 3 2929 2.064067352
160 155 3 1035989 2.064076134
200 187 3 1108 2.064082697
87 186 3 21323 2.064083386
1 6 3 2001 2.064083454
123 117 3 57938 2.064086242
46 47 3 1392732 2.064086412
120 191 3 33076 2.064091356
46 49 3 16267 2.064096937
2 87 3 57563 2.064096957
74 87 3 9666 2.064097868
151 153 3 4863853 2.064102399
81 89 3 736452 2.064107203
83 82 3 136 2.064111253
153 76 3 10433 2.064115038
41 47 3 379900 2.064118942
8 12 3 647310 2.064120168
46 47 3 7659 2.064121785
115 116 3 7819 2.064122303
121 123 3 7054246 2.06412983
83 82 3 5786649 2.064130069
191 88 3 2 2.064131521
84 75 3 2598 2.064136925
188 195 3 3674315 2.064138562
113 116 3 1091460 2.064141547
119 118 3 74537 2.064144169
150 120 3 62013 2.064146425
148 8 3 1569704 2.064147143
79 88 3 5786632 2.064148244
200 76 3 2602170 2.064148313
117 126 3 19395 2.064157289
7 80 3 1639365 2.064158749
9 79 3 28724700 2.064161063
79 1 3 222638 2.064167957
5 122 3 771549 2.064168423
120 113 3 6415634 2.064169302
119 121 3 5441378 2.064172547
115 116 3 2185306 2.064174021
78 84 3 62880 2.064176936
78 84 3 856838 2.064184698
188 192 3 10897847 2.064187062
158 163 3 809443 2.064187078
188 187 3 17465 2.064187472
157 116 3 4273 2.064188069
197 186 3 5769787 2.0642005
49 51 3 61173 2.064205718
160 188 3 1950231 2.064213348
1 13 3 50042 2.064220826
40 13 3 3274409 2.06422164
7 14 3 22314 2.064224334
192 185 3 8947 2.064226203
149 148 3 1615 2.064228092
149 116 3 879445 2.064228393
47 37 3 1174998 2.064236736
42 46 3 698596 2.064238458
13 156 3 25393 2.064238487
153 156 3 17379 2.064242317
126 158 3 816793 2.064254471
154 162 3 15149 2.06425504
190 189 3 1145474 2.064264925
0 5 3 6615 2.064271591
51 156 3 92991 2.06427903
111 115 3 6531 2.064282194
45 121 3 8395 2.064283591
199 191 3 5488 2.064284292
161 4 3 4823873 2.064284532
15 160 3 1645160 2.064287686
10 84 3 79972 2.064287852
48 44 3 8133 2.064289144
126 11 3 3667 2.064289961
192 78 3 42964 2.06429273
75 77 3 4600 2.064292784
126 85 3 4889815 2.064296124
113 123 3 12259 2.064297618
160 0 3 54889 2.064297718
125 112 3 4268940 2.06430954
85 149 3 8777 2.064311545
50 42 3 53107 2.064313626
79 74 3 45294 2.064314234
120 113 3 6864 2.064316851
115 125 3 61874 2.064318139
49 198 3 184757 2.064321764
117 118 3 16442 2.064324834
148 162 3 4251735 2.064325358
51 49 3 173802 2.0643267
43 42 3 75580 2.064327144
15 13 3 703152 2.064329626
119 117 3 55220 2.064333959
14 152 3 3591 2.064346212
162 7 3 28410 2.064348556
116 113 3 13114772 2.064352568
156 151 3 1994 2.064355257
12 3 3 1504333 2.064355585
112 113 3 29230 2.064357396
117 120 3 8903816 2.064363418
84 79 3 25964871 2.064364444
79 77 3 14652 2.064366381
39 47 3 75032 2.064369133
119 122 3 3344909 2.06436922
125 122 3 25574240 2.064371796
1 161 3 7188 2.064376964
42 6 3 12254027 2.064377644
88 83 3 317601 2.064378983
157 118 3 32813 2.064380173
89 77 3 71330 2.064380533
112 111 3 4266633 2.064392012
87 74 3 68683 2.064392641
38 148 3 8217 2.064398262
39 162 3 13877 2.064400391
38 47 3 22798 2.064401793
155 113 3 20791 2.064401984
4 163 3 571743 2.064402907
43 38 3 1591737 2.064408215
11 15 3 174031 2.064413114
39 84 3 1597321 2.06441573
43 14 3 52731 2.064421845
13 160 3 6740062 2.064428496
15 12 3 3978 2.064430616
118 122 3 1666237 2.064436084
115 120 3 1170803 2.064440114
52 51 3 13515 2.064441906
113 124 3 186364 2.06444587
117 49 3 1617 2.064453429
89 87 3 65606 2.064453554
200 192 3 2029 2.064457183
47 49 3 198108 2.064467089
157 149 3 8334629 2.064474559
154 123 3 6607018 2.06447588
153 197 3 43963 2.064476138
150 161 3 25896 2.06448478
152 123 3 795812 2.064491631
79 9 3 916939 2.064492258
185 197 3 49069 2.064494948
85 75 3 8173 2.064500314
156 150 3 14796000 2.064501913
84 80 3 4337 2.064505178
123 159 3 4155 2.064507475
192 198 3 9857024 2.064509705
45 41 3 46921 2.064513162
13 8 3 1407773 2.06451321
150 151 3 178940 2.064514593
111 10 3 6819208 2.064516327
163 151 3 894345 2.064516459
9 163 3 66710 2.064519257
152 1 3 18097541 2.064521673
14 156 3 20380 2.064522794
153 119 3 11089 2.064523061
11 15 3 36862 2.064524935
162 14 3 8191 2.064525573
79 84 3 798 2.064527795
80 76 3 1931829 2.064528655
6 161 3 4323 2.064533521
89 88 3 9175 2.06453621
49 148 3 104340 2.064540587
15 198 3 8755 2.064544158
149 119 3 3226834 2.06454973
192 14 3 28052 2.064555226
192 189 3 788621 2.064562291
162 120 3 5025388 2.064563389
111 121 3 161885 2.064564085
126 116 3 5565555 2.06457256
83 84 3 7137425 2.064578621
195 185 3 55004 2.06458514
162 149 3 40922 2.064585352
160 161 3 52991 2.064596652
162 198 3 2934254 2.064602086
114 125 3 9415 2.064606489
15 10 3 1905056 2.064609343
11 4 3 1267633 2.064611153
0 196 3 88493 2.064616592
162 157 3 11754159 2.064621805
5 6 3 96309 2.06462433
200 192 3 168495 2.064626975
161 50 3 6376 2.064627017
153 74 3 27331932 2.064632087
37 44 3 281479 2.064632182
86 157 3 2879008 2.064632839
39 48 3 620047 2.064638074
48 42 3 1876834 2.064639076
150 50 3 42588 2.064645069
87 191 3 57117 2.064647813
163 157 3 27008 2.064656397
78 89 3 1461873 2.064657816
151 14 3 1412185 2.064658368
151 2 3 73981 2.064666765
117 123 3 1383786 2.064670892
187 191 3 63222 2.064673817
157 158 3 64296 2.064674278
45 38 3 7144276 2.064676931
13 14 3 11249 2.06468269
79 186 3 79144 2.064690824
80 86 3 184251 2.064697106
114 124 3 160645 2.064697639
15 194 3 1833081 2.064703214
6 7 3 4612245 2.064704265
10 162 3 25073 2.064705134
160 114 3 3261355 2.064710036
112 6 3 4311714 2.064711673
44 117 3 8146475 2.064712863
85 75 3 24381 2.064718545
6 5 3 294 2.06471944
158 163 3 25606 2.064722887
117 124 3 173936 2.064723062
8 2 3 657 2.064727639
5 88 3 9935 2.064729883
112 114 3 1705706 2.064732025
159 151 3 7881073 2.064733183
44 42 3 856116 2.064735395
192 187 3 22575322 2.064736198
84 88 3 2349 2.064739377
189 186 3 1564211 2.064741826
42 151 3 14851 2.064746029
194 195 3 1250335 2.064746791
200 46 3 21910 2.064746904
14 151 3 71433 2.064751086
80 81 3 3970565 2.064753427
40 46 3 4805 2.064755584
154 157 3 1065334 2.064755877
81 45 3 3179025 2.064767224
122 196 3 4353 2.064773583
79 78 3 6778148 2.064774842
186 156 3 25617 2.06477759
75 77 3 22597 2.06478202
52 46 3 5332386 2.064782289
148 152 3 3989372 2.064782666
118 117 3 24607564 2.064782907
156 149 3 38620 2.064784433
111 125 3 885763 2.064787216
191 200 3 13321 2.064793235
38 114 3 974452 2.064795132
8 6 3 23837 2.064795604
163 120 3 467545 2.064799398
192 83 3 9460 2.064802167
0 76 3 86670 2.064807766
37 193 3 13557 2.064813491
195 200 3 1670343 2.064816519
159 10 3 461351 2.064819202
198 78 3 43318 2.064822337
152 159 3 12314984 2.064826875
114 119 3 1363329 2.064826975
118 83 3 414920 2.064832212
9 13 3 7016 2.064832494
195 191 3 855512 2.064837299
120 111 3 1252719 2.064838218
42 159 3 112723 2.064838415
76 81 3 68333 2.064839667
115 116 3 55823 2.064840001
48 121 3 19025298 2.064847768
78 186 3 3291403 2.0648485
194 188 3 3210 2.064850793
12 14 3 945206 2.06485468
5 149 3 4634739 2.064857398
159 153 3 41243 2.064858896
83 84 3 382549 2.064862039
37 51 3 7071241 2.064869188
152 155 3 71965 2.064871032
12 3 3 580 2.064878452
200 194 3 72719 2.064878983
111 113 3 60118 2.064879869
187 192 3 949104 2.064881192
155 195 3 4083145 2.0648818
81 86 3 38866 2.064886031
150 152 3 9337 2.064888344
117 121 3 3437984 2.064890314
125 10 3 6890 2.06489676
153 1 3 26292 2.064904463
10 151 3 22464 2.064908001
154 114 3 1655535 2.064909222
151 3 3 3046 2.064916254
49 51 3 22462 2.064917583
83 187 3 332012 2.064922623
74 76 3 3331 2.06492582
152 9 3 87612 2.06493001
85 75 3 479 2.064932063
10 7 3 42379 2.064933364
76 84 3 170954 2.06493739
9 156 3 7946724 2.064937658
44 39 3 8639 2.064942181
190 46 3 5005402 2.064950594
84 79 3 108589 2.064952101
155 119 3 28136 2.064953359
78 75 3 2026132 2.064954401
121 119 3 140 2.064954744
14 77 3 19918 2.064957177
37 43 3 25201 2.064957813
125 43 3 3334 2.064963418
45 43 3 965816 2.064966668
11 160 3 13600204 2.06497395
40 42 3 6097722 2.064975495
49 48 3 3710150 2.064976196
186 188 3 1059946 2.064976221
192 160 3 9204 2.064982989
188 185 3 5190421 2.064989756
193 190 3 4507179 2.064991796
196 185 3 79876 2.064994865
111 120 3 69350 2.064997727
196 149 3 8788 2.064997767
149 188 3 1610140 2.064998061
78 83 3 6835427 2.064999615
4 14 3 64578 2.065002235
52 116 3 3864119 2.065003146
122 124 3 39410 2.065004036
154 162 3 840 2.065004162
188 83 3 2927 2.065007254
190 189 3 61899 2.06500836
81 87 3 29258 2.065011399
78 86 3 21907 2.065015366
83 188 3 4917053 2.065025279
86 88 3 1215854 2.065029765
196 189 3 72350 2.065031032
84 87 3 51540 2.065034437
15 2 3 34072 2.065036073
155 121 3 73662 2.065044337
40 46 3 40637 2.065046429
190 5 3 24690 2.065050697
9 5 3 27040 2.065051961
117 111 3 1449592 2.065053539
11 79 3 1164713 2.065053811
3 13 3 171416 2.065054973
8 162 3 62076 2.065058385
152 117 3 6093826 2.065060474
192 78 3 34866 2.065061428
156 161 3 129657 2.065063992
48 47 3 21612 2.065066061
39 37 3 46242 2.065071651
151 158 3 589927 2.06507354
118 116 3 6060 2.065074151
80 77 3 1393306 2.065074202
86 88 3 9082001 2.06507625
11 156 3 186857 2.065080253
42 40 3 49203 2.065086594
46 52 3 9252 2.065089224
199 83 3 63818 2.06508961
191 186 3 58249 2.065098291
15 157 3 342790 2.06509967
1 9 3 78818 2.065100687
125 80 3 7994358 2.065102048
49 41 3 173875 2.065104158
41 38 3 3298 2.065105879
40 42 3 3338004 2.065105909
14 45 3 329841 2.065116491
83 46 3 7997738 2.065118066
114 119 3 62256 2.065118683
114 117 3 22767195 2.065119718
76 83 3 20303 2.065123141
158 52 3 54826 2.065127442
193 198 3 75153 2.065135605
7 85 3 62520 2.065136415
13 148 3 13523 2.065138349
86 89 3 1386 2.065141107
120 121 3 309878 2.065141882
153 155 3 49136 2.065142026
186 185 3 1986788 2.065156673
111 125 3 189034 2.065158862
11 14 3 41781 2.065162497
10 9 3 5803 2.065162983
195 161 3 1977639 2.065163863
157 163 3 1571070 2.065173145
75 79 3 74382 2.065173547
159 191 3 22699 2.065178496
47 39 3 4507 2.06517899
76 189 3 46470 2.065179467
148 163 3 4207694 2.065185403
200 89 3 29480 2.065190833
150 156 3 1213 2.065193275
45 51 3 9153924 2.065196096
160 159 3 77224 2.065199161
193 81 3 1253598 2.065202907
45 49 3 72370 2.065210914
11 7 3 20546 2.065215798
76 75 3 4815638 2.065218978
115 111 3 818952 2.065221313
192 43 3 112866 2.065223633
51 42 3 4819 2.065225263
157 150 3 1407622 2.065231191
118 117 3 37967 2.065232459
13 4 3 4861 2.065236249
119 123 3 21900 2.065246508
3 76 3 23180 2.065250084
116 123 3 30350 2.065258287
196 188 3 20610 2.065258446
159 125 3 2668657 2.06526738
195 189 3 57312 2.065267761
191 40 3 58947 2.065270755
47 43 3 29331701 2.065273138
52 42 3 40135 2.06528331
43 149 3 9990 2.065286421
193 192 3 4846 2.065288701
114 120 3 26181 2.065289127
9 76 3 4383 2.065290045
5 0 3 57969 2.065292738
195 196 3 2974 2.065301735
44 161 3 22118 2.065301958
4 2 3 30494 2.065304804
148 160 3 1457249 2.065305176
114 120 3 650024 2.065305635
189 75 3 1823130 2.065306284
191 195 3 33112 2.065309215
148 157 3 79964 2.065310783
1 12 3 42171 2.065310966
43 41 3 23124 2.065311632
47 38 3 55151 2.065317251
123 124 3 304543 2.065324608
118 117 3 1240298 2.065332956
158 150 3 9871454 2.065333452
191 197 3 16535 2.065333452
118 122 3 59991 2.065334069
149 151 3 8100 2.065336234
76 81 3 34037 2.065336392
83 81 3 9718960 2.065339826
152 185 3 20738 2.065343902
85 79 3 8345371 2.065344082
113 118 3 187441 2.065344397
191 194 3 7660416 2.06534713
87 115 3 6930 2.065347793
4 8 3 143591 2.065357901
124 116 3 17895 2.065358377
163 159 3 525733 2.065361681
5 190 3 3930 2.06536182
87 84 3 255302 2.065369056
50 37 3 41539 2.065369407
190 13 3 7723924 2.06537038
126 118 3 5911 2.065371248
192 190 3 15993 2.065372529
84 87 3 1216336 2.065375326
80 123 3 47661 2.065375341
154 8 3 1199630 2.065379258
15 10 3 1508483 2.065382555
0 185 3 23017 2.065383306
150 121 3 883091 2.065383805
78 82 3 18782 2.06538537
155 125 3 72887 2.06538831
151 161 3 885952 2.065390534
122 197 3 744117 2.065396164
152 85 3 987501 2.065405585
2 122 3 33516 2.065409129
126 111 3 4288 2.065414735
124 123 3 9431118 2.065414985
148 81 3 132100 2.065416284
117 8 3 90219 2.065417841
148 150 3 28790 2.065418929
5 12 3 2482945 2.065423535
120 114 3 1490161 2.065424943
89 43 3 780558 2.065437125
111 118 3 402788 2.065438383
6 5 3 63751 2.065442504
188 196 3 9856456 2.065445633
2 15 3 6977 2.065446456
191 199 3 70780 2.06544864
74 81 3 2467 2.0654488
47 49 3 24537 2.065449746
80 75 3 938227 2.06545324
119 113 3 55218 2.065455021
3 5 3 328239 2.065459415
42 41 3 89605 2.065469095
87 75 3 45626 2.065469892
87 81 3 560271 2.065470764
111 149 3 3897 2.065475509
40 39 3 9724 2.06547928
13 156 3 1340049 2.065479496
112 121 3 6240635 2.065479919
49 45 3 305453 2.065483662
9 162 3 123261 2.065486121
43 42 3 27253 2.065491675
191 79 3 221 2.065492505
8 158 3 21705 2.065496293
40 154 3 938194 2.065498276
156 149 3 2224426 2.065498494
149 151 3 11556 2.065498538
150 7 3 1491538 2.065500648
126 154 3 3229 2.065505422
112 124 3 115594 2.065506439
154 160 3 66165 2.06550745
80 81 3 130339 2.065508372
122 115 3 731012 2.065515717
11 7 3 1029252 2.065519827
0 79 3 1652083 2.065520285
111 116 3 12504 2.065530102
52 42 3 14360 2.06553128
1 13 3 18016 2.065535944
37 40 3 30738 2.065536823
155 148 3 28410 2.065540746
15 2 3 711302 2.065541975
83 188 3 30194 2.065544446
89 87 3 76506 2.06554758
14 82 3 29387 2.065549032
0 13 3 9602 2.065555407
81 86 3 179179 2.065555735
79 88 3 15181 2.06555761
45 49 3 10964 2.065560318
11 156 3 307821 2.065562159
86 13 3 7871 2.065562738
1 159 3 55052 2.065562801
47 188 3 1255960 2.065565371
188 195 3 1746831 2.065565387
88 74 3 284 2.065568343
79 155 3 1906994 2.065573023
51 49 3 4599189 2.065575373
12 76 3 1297608 2.065575396
190 200 3 30979 2.065577335
159 160 3 730135 2.065580628
115 125 3 4213709 2.065585331
112 8 3 3146 2.065585371
120 114 3 2224762 2.065585644
3 153 3 19051 2.065587996
159 157 3 2537299 2.065588942
120 194 3 46861 2.065590948
37 39 3 12033 2.065596164
12 162 3 18292 2.065601709
11 152 3 800682 2.065602404
156 0 3 1911519 2.065602591
83 89 3 892 2.065606316
189 87 3 2422703 2.065606704
189 199 3 5710 2.065610024
113 114 3 57840 2.065614882
49 38 3 899751 2.065621727
85 13 3 1935363 2.065622811
148 153 3 38945 2.065623179
77 74 3 29933 2.065625503
15 163 3 429394 2.065628659
8 149 3 2280621 2.065630118
46 45 3 41297 2.065632737
149 187 3 47679 2.065634445
152 5 3 6355975 2.065637059
5 12 3 22179 2.065638676
117 120 3 40317 2.065638947
154 112 3 9764 2.065640944
155 126 3 1373585 2.0656431
47 46 3 286281 2.065646975
10 41 3 21444 2.065647616
189 52 3 1237370 2.065649527
156 2 3 2107963 2.065653759
84 14 3 1079135 2.065662319
153 0 3 10482 2.065664476
162 157 3 674434 2.065670674
199 79 3 23543547 2.065682083
190 185 3 5953824 2.06568214
189 111 3 5615495 2.065685504
123 111 3 6423351 2.06569113
0 154 3 742 2.065693384
125 117 3 6805543 2.065695056
8 12 3 71691 2.065695104
116 124 3 28570680 2.065700981
153 87 3 8793841 2.065702788
161 149 3 37374 2.06571236
78 85 3 22659 2.065722324
160 153 3 1041059 2.065724302
119 191 3 928538 2.065726409
41 52 3 9531 2.065727321
13 155 3 3561390 2.065727649
197 124 3 21230 2.065731111
82 79 3 38652 2.065731119
14 75 3 58982 2.065734662
8 150 3 77024 2.065737499
149 148 3 20024 2.065738823
199 187 3 24777 2.065741175
151 160 3 45609 2.065743729
200 193 3 1638384 2.065746819
148 161 3 18331 2.065751394
158 151 3 6351 2.065752545
157 185 3 577168 2.065753277
14 3 3 1084115 2.065754347
87 74 3 15992 2.065763763
158 5 3 2312885 2.065765002
6 15 3 1376796 2.06576738
120 114 3 19308 2.065770598
39 43 3 2536394 2.065774869
49 51 3 7207 2.065775402
159 162 3 20551 2.065780154
113 114 3 25738 2.065782105
4 13 3 5077287 2.065786381
152 159 3 3944 2.065789021
39 150 3 8986 2.065791622
154 149 3 9404765 2.065793337
8 7 3 37364 2.065793355
161 150 3 1023950 2.065794613
8 75 3 22131 2.06580158
118 187 3 51637 2.065807587
156 161 3 384735 2.065808017
15 162 3 42091 2.06580855
187 188 3 20822 2.065812244
122 113 3 24659 2.065814001
9 14 3 62332 2.065814049
1 8 3 8108 2.065815291
14 82 3 73364 2.065816571
2 11 3 118317 2.065817076
120 113 3 748505 2.065819694
125 122 3 45438 2.065820366
116 114 3 73168 2.0658223
121 154 3 1607668 2.065826019
9 151 3 3732137 2.065835743
158 116 3 30786 2.065836314
40 47 3 24702 2.06583766
48 44 3 9859893 2.065838039
197 113 3 19989525 2.065844052
15 14 3 3630412 2.065847963
154 149 3 24108 2.065855292
52 148 3 4394503 2.065856901
150 160 3 367352 2.065857196
37 41 3 28172 2.06585738
123 121 3 3353766 2.065862055
84 88 3 1496141 2.065870186
51 52 3 1384 2.065870379
198 199 3 7217 2.065871458
12 159 3 1874 2.065871727
1 15 3 1955082 2.065880385
123 126 3 1122562 2.065883258
78 148 3 23645 2.065883841
189 191 3 30004 2.065885011
114 122 3 2004 2.065886472
1 10 3 8953317 2.065889097
9 1 3 1659247 2.065889372
44 149 3 690308 2.065889844
50 149 3 11452461 2.065894198
79 74 3 14787 2.065896575
191 197 3 536 2.065902867
8 13 3 6930638 2.065904152
188 192 3 15224 2.065904419
112 10 3 9282343 2.065912063
185 188 3 1597544 2.065913475
152 120 3 79470 2.065913743
77 43 3 1408046 2.065922112
87 45 3 2073 2.065924808
40 47 3 32975 2.065925721
152 120 3 11491 2.065936762
159 160 3 1205025 2.065936926
162 8 3 44544 2.065937752
189 88 3 1888603 2.065940624
8 5 3 4561928 2.065950342
191 195 3 19215 2.06595071
7 77 3 3326994 2.065950726
2 86 3 8341 2.065952507
7 10 3 6460848 2.065955633
40 49 3 114638 2.065962549
13 15 3 25821 2.06596528
118 121 3 2334 2.065966557
157 119 3 1398652 2.065966687
192 199 3 13272 2.065967896
159 158 3 65978 2.065968187
191 200 3 9006 2.065971245
161 155 3 461206 2.065971349
75 155 3 56015 2.065973021
85 82 3 67543 2.065973261
78 76 3 5218 2.065973734
154 117 3 28218 2.065974715
122 124 3 119466 2.065975514
185 43 3 9452 2.065976753
197 196 3 64178 2.065977489
2 12 3 5407656 2.065982781
85 82 3 23741269 2.065984178
161 186 3 73351 2.065987194
6 82 3 35621 2.065993283
74 80 3 38895 2.065996165
46 153 3 104174 2.066005584
37 192 3 64918 2.066011288
7 6 3 24851 2.066011485
40 41 3 361864 2.0660122
1 15 3 1035812 2.066012236
189 199 3 22345 2.066013371
3 12 3 362059 2.066014546
3 6 3 9448684 2.06601481
154 185 3 51373 2.06603289
74 77 3 69194 2.06603653
160 123 3 49757 2.066037627
189 194 3 5575 2.066037687
200 197 3 836982 2.06604864
49 37 3 49918 2.066049166
194 186 3 461947 2.066052208
0 6 3 56092 2.066054215
150 75 3 25776 2.066055516
5 149 3 4206703 2.066056658
153 13 3 40129 2.066057231
162 150 3 63708 2.066061126
83 80 3 5996 2.066063441
163 115 3 1601765 2.066066312
188 77 3 28695 2.066067507
155 163 3 8912 2.066070476
156 12 3 91588 2.066076078
11 76 3 46489 2.066077378
40 157 3 192573 2.066084611
51 47 3 31584 2.066084676
152 157 3 43279 2.066085512
197 79 3 189573 2.066087395
9 6 3 505438 2.066088122
5 78 3 1260103 2.06609035
156 148 3 803101 2.066092698
79 51 3 182430 2.066094182
1 79 3 7759 2.066095504
114 124 3 4560 2.066096482
14 11 3 17073 2.066102806
160 11 3 67133 2.066104872
192 84 3 35297 2.06610508
74 198 3 2412 2.066108767
118 84 3 1399921 2.066114445
46 45 3 309698 2.066117036
152 111 3 1352260 2.066129474
194 189 3 47602 2.066130595
6 15 3 4083 2.066132599
198 125 3 126932 2.066133166
126 121 3 2809317 2.066136107
10 47 3 269704 2.06613639
154 156 3 236448 2.066141814
6 163 3 3389 2.066148047
157 4 3 27274536 2.066148472
75 88 3 7428 2.06614966
198 89 3 9414 2.066155459
188 199 3 27213798 2.066155563
88 81 3 1501942 2.066157153
45 47 3 299826 2.066162022
119 195 3 26036 2.066170504
7 187 3 4722989 2.066171058
113 123 3 252744 2.066175722
9 0 3 6400350 2.066181244
197 155 3 56119 2.066181564
150 159 3 195040 2.066184195
48 49 3 2711461 2.066196607
199 75 3 1461294 2.066196961
87 151 3 46444 2.066197024
85 4 3 6050756 2.066197441
88 89 3 192431 2.066199688
150 151 3 29675 2.066204378
123 125 3 4537 2.066204746
4 15 3 25073023 2.066205642
124 125 3 11634 2.066207977
113 44 3 154595 2.066211863
152 154 3 1330212 2.066212924
87 111 3 3575339 2.06623402
43 50 3 394106 2.066238673
82 84 3 133525 2.066241883
0 157 3 710927 2.066243331
119 125 3 6209 2.066246582
191 199 3 73804 2.066249942
160 115 3 334444 2.066255796
9 0 3 1868930 2.066255833
187 82 3 9302923 2.066263893
119 113 3 51251 2.066265135
52 14 3 24869424 2.066265526
9 163 3 25801 2.066266336
13 11 3 1785433 2.066270418
193 195 3 45836 2.066272731
159 161 3 1057941 2.066277501
121 111 3 18512 2.066277986
5 79 3 2603659 2.06628012
0 119 3 3293192 2.066281568
81 75 3 6458998 2.066283013
119 149 3 1780374 2.066284009
190 89 3 8573 2.066287523
200 190 3 924589 2.066288039
75 85 3 4651107 2.066295049
125 123 3 6637 2.066297708
6 153 3 7104543 2.066299861
50 42 3 8494279 2.066302247
189 185 3 183387 2.066302733
4 12 3 22302748 2.066303005
87 160 3 510842 2.066308923
80 124 3 41875 2.066317008
200 185 3 2408286 2.066318966
14 10 3 68119 2.066319417
122 125 3 497908 2.066321182
162 113 3 23655 2.066322032
158 8 3 5891812 2.066323541
38 153 3 12253 2.066328066
113 119 3 1154859 2.066336061
7 77 3 24316 2.06633844
187 197 3 7204286 2.066345603
158 154 3 1709817 2.066346153
123 112 3 146718 2.066349424
37 48 3 893811 2.066349437
160 152 3 4594 2.066350324
11 4 3 27255 2.066355169
163 47 3 922876 2.066367133
7 153 3 31860 2.066372286
159 89 3 1595290 2.066372618
12 14 3 2391 2.06637362
81 83 3 17124 2.066380158
150 44 3 1236005 2.066381454
199 119 3 70239 2.06638267
186 10 3 49706 2.066382922
42 45 3 790351 2.066387807
193 197 3 56855 2.066388637
163 149 3 1946787 2.066389885
11 6 3 8548 2.066393892
86 85 3 1728 2.066398075
155 119 3 5893 2.066412658
112 117 3 56993 2.066416007
4 0 3 3374110 2.066416772
195 42 3 1940572 2.066417968
155 50 3 14391 2.066418967
40 48 3 1258 2.06642306
199 118 3 76677 2.066425588
186 4 3 27498 2.066425839
149 152 3 1178624 2.066426803
83 124 3 33611 2.066427127
153 48 3 4701697 2.066434242
149 41 3 24981 2.066435485
83 78 3 689108 2.066435669
48 162 3 419889 2.066435802
187 196 3 7769388 2.066439068
195 198 3 4723 2.066440302
114 122 3 75020 2.066443178
121 120 3 26912 2.066444173
1 2 3 1446 2.066444986
10 2 3 68977 2.066445356
149 189 3 81538 2.066447582
40 51 3 6234 2.066449463
112 113 3 7733288 2.066451206
198 190 3 3804095 2.066454377
150 125 3 4420453 2.066455822
88 86 3 4571323 2.066460477
151 163 3 9952 2.066461657
44 45 3 34007 2.066464208
40 48 3 6933 2.066469593
197 78 3 741684 2.066475021
12 8 3 1959401 2.066475496
2 37 3 28788737 2.066477427
119 121 3 4186041 2.066478625
148 159 3 21126 2.066482007
76 79 3 3589330 2.066483033
122 113 3 27730 2.066484231
5 12 3 35301 2.066485807
150 0 3 56461 2.066485995
123 124 3 8625 2.066489044
45 38 3 77596 2.066493597
158 157 3 19265178 2.066494857
192 193 3 7394 2.066497543
155 148 3 63830 2.066500169
115 117 3 8854589 2.066500732
148 191 3 2163060 2.066501084
149 157 3 9929713 2.066503759
149 40 3 24369 2.066507933
155 6 3 62104 2.066508031
161 160 3 181873 2.066508226
88 78 3 396504 2.066510697
195 159 3 71646 2.066511834
190 81 3 879897 2.066512897
120 126 3 787994 2.066518731
157 114 3 702542 2.066519274
85 197 3 1197131 2.066523029
192 75 3 36281 2.066525992
188 88 3 60000 2.066535348
124 7 3 4328 2.066535595
158 88 3 72512 2.066536634
159 151 3 1105397 2.06653734
155 200 3 3576185 2.066537352
50 200 3 42103 2.066542568
76 87 3 1060953 2.066546884
119 89 3 4220859 2.0665473
158 116 3 29074 2.066547463
44 41 3 4286 2.06654876
152 151 3 3708008 2.066549513
6 162 3 141397 2.066550429
199 191 3 580202 2.06655137
41 48 3 9665293 2.066554608
125 117 3 248199 2.066555203
191 186 3 13655 2.066564947
200 38 3 846808 2.066565456
197 196 3 633546 2.066573658
161 158 3 48826 2.066577683
1 160 3 7219 2.066584328
151 199 3 291684 2.066588441
123 120 3 1838554 2.066591216
190 199 3 42030 2.066592059
8 12 3 7320 2.066593888
124 112 3 11314 2.06659738
126 122 3 995848 2.066598606
187 86 3 461438 2.066599245
48 43 3 1646957 2.066599553
9 5 3 5108 2.066600922
88 76 3 35044 2.066606159
151 125 3 42852 2.066609567
37 41 3 57177 2.066612412
111 119 3 4151592 2.066613866
188 186 3 2881810 2.066614497
13 86 3 4151 2.066614592
48 49 3 2663898 2.066616573
155 13 3 29740 2.066616636
5 120 3 10101 2.066620426
112 119 3 276385 2.066623162
120 200 3 1780 2.066625622
49 41 3 1164532 2.066629743
88 118 3 59420 2.06663043
84 125 3 11796 2.066632134
159 160 3 3714664 2.066633007
0 80 3 4271856 2.066636425
159 149 3 57026 2.066644322
163 158 3 46504 2.06664688
111 121 3 4198 2.066648971
152 188 3 71856 2.066653061
5 156 3 27828 2.066661404
154 189 3 10508 2.066661576
3 163 3 1256299 2.06666461
193 155 3 1683967 2.066665693
15 8 3 31435 2.066666778
149 52 3 68804 2.066670722
84 76 3 1622 2.066685364
196 199 3 26940 2.066687166
43 160 3 75003 2.066693409
189 196 3 4051817 2.06670146
89 84 3 839129 2.066712786
119 115 3 76846 2.066719185
116 111 3 48640 2.066721708
150 154 3 1235 2.066723193
189 185 3 1168799 2.066723273
85 89 3 68019 2.066724365
191 194 3 27226 2.066732713
13 9 3 10129 2.066734736
9 15 3 61443 2.066737245
161 111 3 45565 2.066743196
87 76 3 279294 2.066743542
163 156 3 17185 2.066744551
84 76 3 36635 2.06674522
50 77 3 40265 2.06674607
188 85 3 265239 2.066749736
52 45 3 1208650 2.066753187
193 185 3 40679 2.066758034
4 200 3 578338 2.066758117
40 51 3 3681753 2.066761535
49 40 3 3794487 2.066762951
192 161 3 7100 2.066767903
41 161 3 9148 2.066768702
85 81 3 9242 2.066769416
118 124 3 3897447 2.066771177
9 12 3 27345 2.066780332
11 14 3 51747 2.066783414
152 8 3 741658 2.066785798
157 188 3 49935 2.066790296
190 198 3 2379 2.066790463
187 193 3 63559 2.066794075
45 149 3 57243 2.066798645
115 123 3 23353 2.066803158
12 11 3 8086 2.066804661
5 161 3 2164222 2.066806392
3 50 3 9495 2.066808265
121 126 3 88874 2.066811367
192 200 3 4303425 2.066815504
185 153 3 7681880 2.066815757
153 160 3 8477792 2.066818314
160 47 3 23729 2.066827995
81 199 3 12050 2.066829704
195 200 3 74866 2.066829728
163 160 3 707319 2.066841315
13 148 3 45997 2.066855122
161 152 3 373466 2.066858159
124 113 3 9082164 2.066859458
47 157 3 30955 2.06686032
77 74 3 2580 2.06686357
118 52 3 490059 2.066863918
81 83 3 44484 2.066864472
192 185 3 199249 2.06686475
150 118 3 10976427 2.066866353
11 9 3 61985 2.066866634
76 118 3 18589 2.066867038
115 116 3 16929 2.066867223
40 48 3 9390057 2.066869338
194 196 3 159278 2.06687291
44 41 3 62637 2.06687496
1 15 3 7386994 2.066879018
10 157 3 1557941 2.06688537
150 153 3 1665636 2.06688554
159 150 3 697283 2.066886229
13 115 3 60543 2.066886548
151 150 3 129588 2.066888996
159 149 3 10655 2.066897691
190 195 3 921042 2.066898693
8 154 3 8639000 2.06690071
14 7 3 181938 2.066901092
191 111 3 1525546 2.066901157
13 42 3 2423891 2.066901178
188 77 3 2420 2.066902598
200 5 3 432206 2.066904584
89 74 3 5522860 2.06692386
190 186 3 6271864 2.066924566
156 112 3 1728900 2.066925188
155 191 3 11854 2.066925424
83 80 3 199915 2.066925563
8 4 3 4385247 2.066927391
44 151 3 8362 2.066928321
158 81 3 63795 2.06693262
194 85 3 70569 2.066932835
148 122 3 19255 2.066932931
158 149 3 36266 2.066933533
159 126 3 21584 2.066933706
195 88 3 784931 2.06693408
150 155 3 9979081 2.066934429
89 14 3 745155 2.066937626
157 6 3 12077 2.066940553
153 161 3 20112 2.066943285
148 14 3 28646 2.066943686
156 151 3 154902 2.066947055
4 79 3 1690358 2.066953222
81 43 3 20331 2.066961111
186 197 3 20919 2.066962506
196 198 3 173596 2.06696405
150 46 3 48384 2.066966096
161 163 3 71039 2.066971199
190 200 3 48187 2.06697247
48 50 3 26398 2.066974768
5 80 3 72390 2.066979101
149 48 3 20524 2.06698335
155 15 3 14679170 2.066985437
37 39 3 2364 2.06698849
193 199 3 2549927 2.066989073
13 163 3 4148050 2.066989087
3 15 3 7126 2.066993334
75 193 3 28888 2.066999887
83 87 3 3951 2.067007751
10 161 3 1023536 2.067007982
12 154 3 415007 2.067009222
156 155 3 1377243 2.067013011
192 12 3 34746 2.067019536
1 10 3 39681 2.067022944
13 152 3 6254 2.06702929
161 162 3 28084 2.067031475
186 193 3 723870 2.067036274
198 159 3 19844 2.06703697
13 9 3 3381556 2.067039893
158 44 3 6439 2.067040315
49 118 3 5854 2.067041474
122 12 3 177426 2.067041643
13 9 3 5458905 2.067042588
0 156 3 1271867 2.067044923
196 193 3 603295 2.067046222
48 8 3 7109126 2.067048982
52 40 3 44154 2.067054038
196 52 3 78586 2.067059699
2 151 3 160577 2.067063084
199 192 3 28017 2.067063798
148 161 3 67548 2.067064756
114 125 3 2401840 2.067067251
52 38 3 3713065 2.067072359
85 84 3 189366 2.067080015
52 45 3 506538 2.06708025
197 189 3 248259 2.067080266
196 195 3 11800627 2.067080296
155 112 3 60816 2.067085412
47 43 3 41366 2.067087802
79 114 3 38314 2.06708927
149 150 3 10684096 2.067091511
1 14 3 7568050 2.067095911
86 76 3 7427982 2.067098471
188 196 3 7587 2.067098632
153 116 3 21204 2.067100417
39 52 3 54857 2.067101565
160 157 3 7589 2.067103748
74 84 3 10433 2.067106905
38 43 3 1477416 2.067110079
154 11 3 22787 2.067110145
158 156 3 3494914 2.067110979
80 124 3 725011 2.067112115
9 85 3 399196 2.067114933
186 158 3 1925160 2.067115146
153 45 3 1564661 2.067116672
125 0 3 7520 2.067118674
41 40 3 1328960 2.067125368
124 125 3 73941 2.067127486
158 156 3 89469 2.067129032
157 155 3 71642 2.067131883
189 200 3 6576 2.067135211
113 122 3 68988 2.067140976
150 151 3 41906 2.067142036
13 15 3 4671 2.067147883
126 114 3 1301 2.06714986
196 189 3 3336716 2.067153621
194 117 3 16615 2.06715546
13 112 3 38595 2.067158904
154 156 3 7049570 2.067161075
160 153 3 110068 2.067161152
161 156 3 1366772 2.067162793
150 115 3 53467 2.067163055
198 195 3 43356 2.067164826
83 74 3 5489245 2.067167771
191 192 3 33622 2.067169303
152 124 3 184417 2.067170537
43 48 3 26423 2.067171237
48 44 3 77659 2.067171939
12 43 3 20355 2.067178174
191 88 3 22503 2.067178712
47 42 3 4945917 2.067180461
185 200 3 42902 2.067185209
85 83 3 9965 2.067187007
163 0 3 816 2.067187943
149 150 3 33163 2.067190051
196 192 3 4988 2.067200942
111 121 3 31753 2.067201368
88 87 3 4854111 2.067205662
185 113 3 960935 2.067210261
78 89 3 889947 2.067219217
150 151 3 38520 2.06722083
75 81 3 123866 2.067224351
4 13 3 607260 2.067227457
82 38 3 7710 2.067229009
151 114 3 33605 2.067229041
149 159 3 73125 2.067230161
89 157 3 15325 2.067236155
114 8 3 27377 2.067237603
52 41 3 780053 2.067245069
88 39 3 43144 2.067247748
7 151 3 47849 2.06724799
116 124 3 52442 2.067249911
42 81 3 38355 2.067270599
89 78 3 37571 2.067271639
0 12 3 79840 2.067276759
126 115 3 76455 2.067279038
10 151 3 1109199 2.067284796
15 14 3 79281 2.067289262
37 51 3 545161 2.067293793
156 14 3 17242 2.067294286
38 12 3 67394 2.067294472
123 12 3 1055309 2.067297497
199 195 3 589713 2.0672999
5 1 3 11304 2.06730066
111 125 3 41124 2.067302076
200 198 3 1483760 2.067306712
4 9 3 251197 2.06731052
45 40 3 1905898 2.067311321
52 49 3 867 2.067318174
124 159 3 22387 2.067322669
162 112 3 160349 2.067323229
192 197 3 8468 2.067325305
42 39 3 2349089 2.067325803
186 189 3 5058457 2.067327441
111 126 3 1248033 2.067329215
44 41 3 38806 2.067331052
163 5 3 8880 2.067344143
148 119 3 1937 2.067344528
12 78 3 979744 2.067346173
189 185 3 3468 2.067348771
186 200 3 378970 2.067349941
192 0 3 45922 2.067350858
80 83 3 3232125 2.067359327
163 160 3 32785 2.067366789
0 11 3 33214 2.067367218
111 118 3 54026 2.067372396
122 118 3 50131 2.067382173
154 149 3 1625800 2.067383916
159 151 3 108051 2.067384268
86 81 3 33891 2.067387184
119 82 3 47973 2.067387637
193 79 3 75578 2.067392591
196 197 3 1291318 2.067394105
189 155 3 60134 2.067396424
160 11 3 3678572 2.067396441
40 49 3 1274 2.067398553
123 160 3 2551862 2.067398879
10 4 3 1492859 2.067399404
149 162 3 485945 2.067403111
121 120 3 53663 2.067408281
13 11 3 68437 2.067408677
83 82 3 42318 2.067409601
85 89 3 8231502 2.067410082
113 125 3 14374 2.06741642
10 13 3 1833165 2.067419222
155 162 3 371183 2.06741955
196 85 3 53851 2.067430855
123 122 3 1025607 2.067431575
190 188 3 9759390 2.067431641
81 2 3 6929 2.067432438
50 38 3 8930435 2.067433129
1 4 3 29134 2.067433937
14 8 3 8157 2.067437281
12 2 3 2610100 2.067437914
185 162 3 56167 2.067438603
199 187 3 57120 2.067439562
1 13 3 6111 2.067439829
124 199 3 28291 2.067443478
39 156 3 6398 2.067447222
191 9 3 1653824 2.067455337
113 117 3 5268 2.06745602
163 154 3 25322 2.067458291
156 163 3 73249 2.067460729
154 162 3 162752 2.067462315
7 10 3 9636105 2.067462912
37 154 3 149496 2.067464981
111 123 3 57409 2.067465168
112 119 3 21258 2.067465598
51 74 3 1933062 2.067466162
43 47 3 38628 2.067474871
199 196 3 776002 2.067477583
38 44 3 40620 2.067480273
77 84 3 3273295 2.06748671
160 39 3 18189 2.067492355
84 87 3 4024 2.067497477
187 189 3 49226 2.067498827
43 150 3 1376554 2.067502399
195 188 3 4193561 2.067504963
120 124 3 69592 2.067514272
160 124 3 25889 2.067521948
200 39 3 3856997 2.067530632
156 15 3 361890 2.067530779
186 190 3 49050 2.067532054
87 0 3 2854181 2.06753229
195 190 3 27444 2.06753293
160 121 3 61251 2.067534461
158 156 3 54216 2.067539861
125 124 3 8524501 2.067540611
39 40 3 6772 2.067543776
161 153 3 3034456 2.06755818
75 156 3 1452652 2.067558356
49 120 3 998890 2.067570908
197 193 3 18307 2.067571385
148 11 3 6289128 2.067588406
149 154 3 4273636 2.067590379
7 2 3 45479 2.067591942
149 200 3 1094 2.067593382
83 156 3 25150 2.067593605
197 194 3 4380 2.067594099
154 12 3 99114 2.067600316
199 13 3 8363604 2.06760075
3 7 3 58535 2.067604949
15 81 3 4865974 2.067606374
52 195 3 8181988 2.067615479
81 77 3 70865 2.067626315
15 153 3 27144 2.067630934
9 6 3 49412 2.067631163
12 122 3 8547 2.067632359
15 14 3 6706671 2.067634599
6 4 3 1878924 2.067635008
195 84 3 9589 2.067638683
163 118 3 79695 2.067646349
8 46 3 1521050 2.067648581
186 74 3 51098 2.067649156
154 159 3 444124 2.067656824
52 49 3 1913909 2.067657048
40 47 3 124333 2.067667158
2 7 3 657165 2.067668564
112 120 3 6014753 2.067669209
0 13 3 43279 2.067670955
199 188 3 1050665 2.067672992
156 126 3 45756 2.067673659
7 6 3 5813 2.067674543
45 40 3 43502 2.067674804
115 44 3 20258 2.067676534
124 125 3 1825188 2.06767973
41 148 3 36546 2.067682314
75 87 3 26080 2.067689504
40 48 3 3313451 2.067691898
43 154 3 36701 2.067695138
198 196 3 9913448 2.067696551
41 13 3 44095 2.067699084
86 87 3 82428 2.067709231
123 113 3 4172885 2.067710243
2 81 3 4256757 2.067716483
40 49 3 18050 2.067717503
159 161 3 37322 2.067720158
12 1 3 6839 2.067723616
1 149 3 5321 2.067729694
163 51 3 1785954 2.067732175
118 122 3 1639543 2.067737466
194 124 3 4681312 2.067738606
163 12 3 5431 2.067751312
15 188 3 20662 2.067752216
81 83 3 4785086 2.067753899
190 193 3 33112 2.067754736
88 84 3 7127 2.067754912
152 163 3 27512 2.067755008
124 123 3 123937 2.067759291
3 13 3 66849 2.067775793
80 85 3 82391 2.067779336
155 151 3 93217 2.067781309
10 0 3 72964 2.0677822
74 77 3 668481 2.067783715
6 154 3 4173093 2.067790249
118 115 3 5829463 2.067792681
158 14 3 912707 2.067802454
0 15 3 6724 2.067802639
76 83 3 70248 2.067803499
157 117 3 29950 2.067807753
153 151 3 21501 2.067810896
81 77 3 71778 2.067819581
200 83 3 39038 2.067820015
156 151 3 363564 2.067821411
200 186 3 53014 2.067823653
200 195 3 35072 2.067829316
7 112 3 809707 2.067830494
43 155 3 48209 2.067834649
198 83 3 1197982 2.067835435
15 149 3 46671 2.067840215
124 116 3 9510 2.067842348
86 83 3 1150112 2.067845529
43 46 3 5454 2.06784714
40 44 3 5359600 2.067847865
2 3 3 112539 2.067849056
159 43 3 980302 2.067849118
150 121 3 3397967 2.067855737
111 126 3 54363 2.06785902
84 78 3 56646 2.067865245
6 46 3 553210 2.067868818
111 125 3 45164 2.067873749
155 152 3 54552 2.067876358
159 117 3 78573 2.067877653
199 193 3 9403 2.06787806
189 88 3 821095 2.067878656
149 199 3 1313041 2.067881168
40 51 3 1610530 2.067881213
150 11 3 12279500 2.067883188
119 126 3 1820586 2.06788328
3 149 3 5371755 2.067899562
120 117 3 9677 2.067900975
153 125 3 3187697 2.067904665
12 155 3 2981 2.067905796
41 150 3 1650370 2.067910463
156 113 3 26687 2.067920528
156 153 3 1009433 2.067922016
7 148 3 5446328 2.067922655
80 83 3 3528 2.067925112
42 50 3 9369 2.067928724
75 83 3 19999 2.067932459
10 5 3 53460 2.067933911
42 41 3 8464 2.067934319
48 160 3 7183 2.06794094
154 191 3 125451 2.067942549
42 39 3 13863 2.067945
2 10 3 107682 2.0679461
148 152 3 9562593 2.067948981
149 153 3 52251 2.067950818
2 7 3 57042 2.067951297
114 121 3 26060 2.067953567
192 198 3 1469128 2.067955312
188 195 3 14808 2.067955648
3 11 3 92137 2.06795685
52 51 3 729611 2.067965175
81 80 3 880224 2.067965271
123 120 3 58741 2.067970273
160 190 3 9318 2.067971231
0 8 3 2792397 2.06797239
196 197 3 1805272 2.067972688
156 38 3 7731 2.067975378
80 81 3 187 2.067978404
85 83 3 635232 2.0679817
154 41 3 21410 2.067982395
160 6 3 3596525 2.067984733
126 122 3 65795 2.06798603
78 123 3 66800 2.067987744
84 87 3 816862 2.067987899
1 46 3 5217650 2.067989397
161 150 3 4964617 2.067989846
51 48 3 21478 2.067990913
162 148 3 8247 2.067995389
77 79 3 8431450 2.067995688
40 153 3 24171 2.067999737
163 150 3 152925 2.068000814
155 157 3 44466 2.068006706
111 119 3 2028225 2.068006884
77 85 3 45169 2.068009053
197 89 3 38241 2.068016993
10 15 3 441153 2.068023731
81 88 3 29434 2.068032644
125 191 3 28166 2.068032879
162 151 3 2720 2.068035618
5 4 3 1329974 2.068037143
185 77 3 9077 2.068037386
200 195 3 67793 2.068040649
47 40 3 23075456 2.068041898
155 148 3 54257 2.068047692
151 196 3 9392192 2.068050503
7 13 3 4994 2.068056944
6 153 3 659938 2.068061259
198 199 3 1417418 2.068069762
159 123 3 5125 2.06808071
5 2 3 14977370 2.068091527
50 115 3 20111 2.068092519
51 154 3 199691 2.068093375
89 83 3 77726 2.068101881
14 154 3 526649 2.06810483
13 6 3 24261 2.068107006
151 39 3 364 2.06810928
155 190 3 140721 2.068110088
198 37 3 191284 2.068110165
5 4 3 1860 2.068118069
163 115 3 42794 2.068122396
118 111 3 609923 2.068123583
154 116 3 4676223 2.068136184
87 86 3 11564 2.068136346
198 196 3 41049 2.068136869
121 122 3 20789 2.068137459
76 80 3 32856 2.068140204
197 191 3 3234134 2.068143287
14 85 3 3132026 2.068148322
199 186 3 13382 2.068150227
9 119 3 59638 2.068153446
15 1 3 675109 2.068154036
148 149 3 5393 2.068156427
37 39 3 5214536 2.068158738
197 185 3 4960473 2.068163356
12 150 3 809611 2.068165351
160 150 3 125644 2.06816721
41 38 3 7145 2.068176817
44 115 3 1082655 2.068179742
83 75 3 22448 2.068180848
2 122 3 76037 2.06818415
8 13 3 23201 2.068189713
186 200 3 17578472 2.068190125
158 153 3 59720 2.068191256
198 200 3 29155 2.068192043
50 47 3 105099 2.068195
156 157 3 6198 2.068195412
153 159 3 172147 2.068195436
83 48 3 51670 2.068196183
161 153 3 4909816 2.06820201
40 50 3 67813 2.068207126
76 81 3 29335 2.068207613
11 0 3 1223386 2.068212504
74 191 3 9106594 2.068216923
185 196 3 1160865 2.068217083
1 83 3 4057 2.068220588
78 125 3 32548 2.068221217
187 190 3 85722 2.068223584
123 117 3 47296 2.068224705
124 77 3 108025 2.068230706
150 156 3 33096 2.068231111
152 159 3 1612 2.068231198
2 78 3 17220 2.068231409
158 151 3 68393 2.068234859
162 124 3 7390116 2.068235324
43 37 3 43429 2.068236179
46 49 3 468519 2.068242622
151 12 3 23636 2.068245056
13 1 3 959527 2.068245746
0 161 3 1423197 2.068247762
120 116 3 22203996 2.068248038
6 3 3 1155974 2.068248354
1 160 3 1153683 2.068251096
40 43 3 163897 2.068255595
124 122 3 76705 2.068260613
44 151 3 25577 2.068260894
122 111 3 73140 2.068267919
118 126 3 20267 2.068269359
120 113 3 28268 2.068279326
153 5 3 33908 2.068279756
47 44 3 1908275 2.068280671
155 159 3 2163 2.068294187
119 189 3 938755 2.068294432
40 48 3 75069 2.068294874
11 12 3 24957 2.068298955
121 116 3 1925835 2.068299212
157 37 3 393170 2.068300638
199 198 3 37789 2.068301589
126 188 3 33415 2.068302025
6 8 3 5956738 2.068308008
126 118 3 55545 2.068309148
191 199 3 18605 2.068310029
43 38 3 1791 2.068311445
44 149 3 2503768 2.068314649
150 155 3 9876280 2.068320908
189 85 3 30916 2.068321875
50 41 3 3559019 2.068326181
187 189 3 1906 2.068326772
123 126 3 28316 2.068327038
148 111 3 9519384 2.068328653
50 81 3 29343 2.068330882
78 74 3 8746376 2.068331229
14 88 3 18495 2.068332445
115 51 3 138569 2.068333926
12 3 3 6610 2.068336763
13 10 3 3607743 2.068342724
152 111 3 216885 2.068343249
198 189 3 23870 2.068345357
157 154 3 2120 2.068348704
195 194 3 1626152 2.068354753
14 15 3 67060 2.068355463
153 152 3 1776453 2.068361288
160 192 3 9278154 2.068361728
12 1 3 18908 2.068362492
4 39 3 6850006 2.06836778
196 188 3 24021 2.068368434
152 161 3 5853857 2.068369483
123 112 3 6219 2.068371349
10 1 3 4880 2.068373573
150 152 3 29364027 2.068377061
48 40 3 9839 2.068379345
85 80 3 60974 2.06837944
75 74 3 19233 2.068380111
189 197 3 3967234 2.068381903
10 123 3 7142883 2.068384798
193 185 3 20261 2.068386359
43 46 3 4194 2.068386408
37 45 3 23632 2.068388571
124 119 3 35614 2.068394868
191 196 3 3755 2.068395914
0 14 3 16153 2.068397823
82 75 3 908281 2.068402576
47 45 3 2672 2.06840661
115 118 3 521631 2.068412297
13 11 3 402346 2.068413686
6 3 3 1858991 2.068421168
195 197 3 6413333 2.068426374
157 45 3 4378829 2.068427697
152 125 3 301 2.068428643
45 38 3 48030 2.068429919
193 190 3 15715 2.068432701
78 85 3 39951 2.068436144
37 45 3 1029789 2.068437864
190 43 3 4787021 2.068438982
150 156 3 1487156 2.068441867
200 196 3 18362 2.068450951
149 74 3 7850117 2.068453513
185 4 3 1263363 2.068454794
3 1 3 703221 2.068456177
85 79 3 8812 2.068462532
41 50 3 738085 2.068463195
151 193 3 16485 2.068467181
186 200 3 933559 2.068468428
1 154 3 30888 2.068472121
49 150 3 77915 2.068472731
88 85 3 1779733 2.068485961
193 83 3 34784 2.068487573
5 3 3 35874 2.068488191
125 120 3 3847562 2.068501097
186 189 3 109998 2.068511047
13 200 3 26195 2.068513682
159 85 3 99260 2.06851605
40 47 3 132644 2.068520005
85 80 3 4121367 2.068523185
87 76 3 29250 2.068525543
13 2 3 5977 2.06853113
122 115 3 122043 2.068534932
192 185 3 46847 2.068537121
111 117 3 11613 2.068545424
13 148 3 3582 2.068561035
185 195 3 1395591 2.068561372
79 84 3 28415367 2.068562389
112 119 3 1852319 2.068564521
80 83 3 31995 2.068566225
158 148 3 42003 2.068567929
115 113 3 159115 2.068569065
42 41 3 47823 2.068570389
11 154 3 767343 2.068573701
160 162 3 40948 2.068574082
162 192 3 35094 2.0685758
38 43 3 22297 2.068578988
0 1 3 28210 2.068587335
115 112 3 5416 2.068589738
152 118 3 6577 2.068594438
193 79 3 4098355 2.068597814
163 155 3 865611 2.068598461
126 158 3 3857726 2.068599877
49 48 3 84664 2.068601079
47 50 3 1123452 2.068603337
121 114 3 1611511 2.06861222
85 86 3 65274 2.068612291
13 14 3 6541977 2.068619219
150 157 3 41346 2.068621508
123 149 3 38835 2.068623139
156 155 3 7427 2.068623329
185 189 3 2776266 2.06862678
88 82 3 2371229 2.068627131
125 121 3 9752374 2.068629369
124 112 3 2180 2.068631174
151 153 3 4347264 2.068634103
148 160 3 74861 2.068635493
192 191 3 10544572 2.068636265
82 200 3 6127460 2.068640758
5 150 3 78796 2.068640939
9 3 3 3939903 2.068641526
113 121 3 146794 2.068642109
14 158 3 5796 2.068642456
159 41 3 34897 2.068643311
7 2 3 665403 2.068656955
190 78 3 532225 2.068668724
115 159 3 298578 2.068671185
150 196 3 23143 2.068678784
152 11 3 40395 2.068680276
196 159 3 74284 2.068683853
194 86 3 6 2.068691067
12 77 3 8542092 2.06869142
7 1 3 150545 2.068694402
154 5 3 8182 2.068696118
188 199 3 60115 2.068702093
1 13 3 5084211 2.068705209
163 158 3 967479 2.068713311
150 155 3 1157578 2.06871559
7 8 3 71293 2.068716348
162 4 3 1122862 2.068716619
196 198 3 667266 2.068717375
153 190 3 22732567 2.068717793
196 194 3 39338 2.068718255
199 194 3 28450 2.068720062
155 153 3 18930 2.068721507
114 122 3 2260698 2.068721536
9 77 3 1850696 2.068726131
14 158 3 76005 2.068728209
1 9 3 17447 2.068729777
154 1 3 681900 2.068734609
111 117 3 43235 2.068734741
5 150 3 4771 2.06873693
37 7 3 4041 2.0687377
151 159 3 45429 2.068739772
14 10 3 3311330 2.068743688
13 14 3 262617 2.068747291
158 7 3 9227 2.068747997
152 150 3 813371 2.068749114
158 4 3 5933729 2.068751784
37 50 3 844693 2.068757585
43 82 3 4032501 2.068763231
160 118 3 39526 2.068763415
45 155 3 1566576 2.068766567
111 124 3 685832 2.068766961
51 79 3 38242 2.068772963
87 80 3 732980 2.068775187
0 149 3 8091701 2.06877701
43 189 3 3096484 2.068786521
112 126 3 72025 2.068787624
49 44 3 700246 2.068789548
81 82 3 43332 2.068790251
151 149 3 5992 2.068793874
7 12 3 51254 2.068795733
5 1 3 4332695 2.068804541
6 4 3 62459 2.068804576
200 75 3 2092 2.068808763
116 119 3 7337892 2.068809732
193 150 3 6896 2.068812648
44 158 3 372260 2.068813563
199 200 3 75946 2.068814086
155 189 3 41182 2.068822518
87 78 3 70885 2.068828386
192 191 3 42748 2.068830663
120 116 3 68815 2.068832191
118 124 3 76667 2.068839284
190 163 3 3564552 2.068840007
198 192 3 10919 2.068845999
157 159 3 9726 2.068846303
122 115 3 23535 2.068854298
157 43 3 2258 2.06885494
124 126 3 75671 2.068855807
159 150 3 7734 2.068857034
163 149 3 2269196 2.068857418
200 194 3 1179167 2.068864448
158 51 3 8971 2.068868344
193 187 3 922631 2.068870605
82 76 3 1864214 2.068872463
76 88 3 1399207 2.068873432
150 149 3 1422530 2.068873531
154 11 3 11467 2.068876537
161 40 3 835081 2.068883103
11 158 3 54545 2.068886027
112 200 3 45372 2.068890952
43 39 3 881679 2.068893405
5 163 3 26603 2.068898761
113 148 3 146784 2.068904002
0 2 3 5546 2.068910797
86 78 3 192944 2.068914185
112 114 3 160722 2.068917415
115 111 3 3547480 2.068921364
155 112 3 18634 2.068925331
111 124 3 16908 2.068927833
37 155 3 7076137 2.06893481
151 2 3 26682 2.068939378
126 119 3 2233084 2.068945884
196 193 3 23826 2.068949687
15 116 3 2010621 2.068952286
149 188 3 1690803 2.068952422
47 87 3 1174473 2.068956465
153 9 3 15508 2.068960645
154 190 3 178346 2.068964905
157 44 3 3070955 2.06897166
7 9 3 328995 2.068976582
163 152 3 27930 2.068977906
5 15 3 6691 2.068980302
46 42 3 63639 2.068980793
120 126 3 36645 2.068984726
5 148 3 3689662 2.06898761
112 119 3 6948887 2.068987879
7 38 3 4487486 2.068988901
123 120 3 32085 2.068994352
119 77 3 63451 2.068994876
49 48 3 4897351 2.068996098
195 185 3 124549 2.068999859
157 14 3 43027 2.069001335
190 186 3 11794 2.069007686
15 160 3 68169 2.069010176
154 123 3 17276 2.069011034
45 48 3 19973963 2.069012093
1 152 3 7439 2.069015001
43 49 3 1184568 2.069016252
84 79 3 9679 2.069016883
123 195 3 3696346 2.069019704
156 162 3 72247 2.069020635
163 153 3 71495 2.069020771
6 1 3 68886 2.069021004
38 46 3 15811 2.06902172
12 8 3 1823443 2.069022347
15 81 3 228473 2.069022359
10 152 3 28519 2.069024757
117 118 3 62223 2.069024799
45 187 3 925056 2.069029004
193 188 3 5177 2.069029897
113 112 3 4823883 2.069033554
160 192 3 1140467 2.069033668
120 113 3 9821 2.069037845
80 8 3 1126250 2.069043094
52 152 3 1060478 2.069043586
0 155 3 937729 2.069045474
163 148 3 27957051 2.069045764
11 119 3 2828314 2.069052818
191 81 3 8753 2.069053993
124 116 3 7135 2.069058445
2 187 3 70747 2.069064524
153 163 3 47529 2.069080378
160 124 3 3181845 2.069085069
112 117 3 1517165 2.069090775
50 47 3 88412 2.069092327
115 163 3 70096 2.069095055
186 185 3 3893 2.069097879
8 196 3 37539 2.069100368
123 126 3 340978 2.069103122
111 47 3 16887131 2.069105627
156 161 3 27241 2.069105812
162 153 3 23296 2.069107311
4 11 3 51152 2.069116453
126 0 3 4399 2.06911705
199 78 3 1675276 2.069120553
116 10 3 684334 2.069121645
10 118 3 1598142 2.069122377
1 89 3 2593140 2.06912248
195 74 3 46102 2.069122644
42 37 3 15582 2.069123337
197 186 3 22381 2.069125812
160 41 3 51626 2.069128733
38 47 3 33465 2.069134009
115 124 3 30086 2.069136484
190 196 3 1909577 2.06914091
148 161 3 817584 2.069148608
89 77 3 64375 2.069153643
45 44 3 5678 2.069154694
82 74 3 29977 2.069154995
152 115 3 179800 2.06915598
123 117 3 61125 2.069162576
14 5 3 8172 2.069164268
162 163 3 44582 2.069167746
75 89 3 29539 2.069169827
88 162 3 75777 2.069172499
120 125 3 1159552 2.069182124
2 154 3 1316116 2.069186776
158 83 3 7406 2.069188534
116 161 3 24089078 2.069189963
149 157 3 92254 2.069192268
81 88 3 3976 2.069193231
0 158 3 1643 2.069193755
199 197 3 23122 2.069199004
86 77 3 167491 2.069200414
153 151 3 29828 2.069202339
7 3 3 19072 2.069210657
51 150 3 1326047 2.069213201
3 155 3 74711 2.069219959
10 79 3 295114 2.069225543
82 75 3 8958 2.069225717
14 6 3 36975 2.069226079
153 154 3 5214129 2.069226459
40 52 3 4543 2.069227343
115 123 3 518380 2.069227506
162 194 3 4819449 2.069233857
11 86 3 62120 2.069234426
152 158 3 162602 2.069234599
199 160 3 70711 2.069238172
124 120 3 462225 2.069238567
152 151 3 75257 2.069239563
88 76 3 43088 2.069240854
194 191 3 78266 2.069242966
149 48 3 7640 2.069248423
192 13 3 4800328 2.069251568
43 2 3 40265 2.069252521
42 161 3 1257321 2.069255134
8 150 3 4044 2.069257387
12 199 3 26240 2.069261438
82 78 3 1733895 2.069261692
185 186 3 24710 2.069264861
52 79 3 703 2.069265613
46 45 3 5139712 2.069270782
9 76 3 1716024 2.069281009
0 12 3 153440 2.069289638
2 43 3 5348 2.069292311
158 83 3 6514670 2.069297986
2 13 3 19722523 2.069301726
158 159 3 86048 2.069302583
48 116 3 9339 2.069308736
74 1 3 3322020 2.069322367
11 3 3 1663590 2.069324086
121 123 3 27454 2.069324882
199 187 3 1993331 2.069331458
39 46 3 8354 2.069340208
7 82 3 9950940 2.069340707
86 79 3 394645 2.069342962
12 162 3 3670 2.069343391
149 38 3 11543 2.069343494
159 160 3 1024114 2.069343885
44 87 3 3984060 2.069345882
41 49 3 28465 2.069347382
192 199 3 9055031 2.069351408
79 88 3 15179 2.06935353
77 198 3 826517 2.06935617
188 152 3 1520 2.069368744
78 50 3 151650 2.069370599
112 116 3 409274 2.06938396
156 186 3 28326 2.069385332
15 13 3 1805216 2.069392094
197 85 3 521549 2.069395366
76 87 3 8819 2.069395687
117 8 3 15782 2.069403625
8 3 3 60248 2.069405459
148 195 3 2534949 2.069409029
152 190 3 1707549 2.069415056
12 1 3 2731330 2.069420392
150 148 3 77501 2.069420627
43 155 3 37049 2.069421462
74 191 3 755356 2.069422123
150 14 3 44913 2.069428648
122 192 3 3297338 2.069433535
198 75 3 1875753 2.069436097
159 160 3 25780632 2.069443954
40 119 3 58014 2.069449759
151 83 3 325384 2.069453697
152 114 3 171297 2.069453812
39 10 3 39351 2.069458988
79 159 3 43480 2.069459747
191 186 3 57642 2.069464382
153 118 3 186412 2.069465098
52 187 3 40324 2.069466236
196 198 3 13176 2.069467449
44 50 3 18922 2.069470228
47 50 3 8793 2.069472836
189 192 3 44343 2.069473383
6 76 3 20929 2.069474063
120 89 3 1444573 2.069474083
187 190 3 219430 2.069474996
160 149 3 7022090 2.069475261
124 115 3 4608 2.069480934
156 160 3 1197780 2.069482335
151 150 3 507236 2.069485805
88 77 3 43254 2.069486471
40 43 3 4220 2.069491437
156 197 3 9060 2.069493246
116 123 3 42750 2.069494738
4 119 3 3783 2.069495499
150 160 3 2236 2.069495888
158 156 3 174994 2.069497197
126 123 3 1856 2.069497905
85 87 3 3264298 2.069498994
1 7 3 77195 2.069509191
151 162 3 99246 2.069510303
192 80 3 70319 2.069514098
152 38 3 8939 2.069514622
187 195 3 156131 2.069516356
124 118 3 531423 2.069518191
49 52 3 45661 2.069524041
12 10 3 55957 2.069525977
190 195 3 31637 2.069532259
162 156 3 21903 2.069535693
161 125 3 1986798 2.069538929
126 44 3 880640 2.069540973
10 158 3 5818565 2.069544531
157 160 3 29096 2.069547738
154 52 3 174390 2.069551108
45 44 3 1440657 2.069566037
2 122 3 9573687 2.069570274
82 89 3 77167 2.069572793
42 48 3 1480335 2.069572986
116 124 3 2971997 2.069573226
13 3 3 60266 2.069574773
51 197 3 23354 2.069578417
3 6 3 8926 2.069589626
119 114 3 72722 2.069592333
148 88 3 301464 2.069593511
48 42 3 4981481 2.069595656
3 2 3 9594 2.0696027
14 149 3 40283 2.069603012
2 196 3 78349 2.069603233
163 1 3 5832898 2.069603729
117 115 3 67209 2.06960508
86 83 3 75233 2.069608529
159 149 3 8389 2.069619869
86 77 3 9721 2.069620717
40 51 3 64335 2.06962158
74 85 3 28905 2.069628169
121 124 3 30263 2.069628358
48 162 3 1342466 2.069631721
116 119 3 1800325 2.069636311
152 42 3 5055683 2.069638424
81 84 3 6728 2.069639677
193 199 3 2549964 2.069646364
163 150 3 10038 2.069646818
79 88 3 754 2.069651666
11 8 3 19115 2.069655772
50 42 3 5831555 2.069663645
2 10 3 67318 2.069665005
197 87 3 28319 2.069671729
148 41 3 3211982 2.069673681
6 149 3 603219 2.069677476
39 41 3 116022 2.069678168
13 3 3 293950 2.069679801
85 77 3 986528 2.069689196
0 3 3 9304612 2.069689724
7 15 3 119634 2.069691766
47 38 3 78062 2.069694318
13 8 3 24585 2.06969698
115 45 3 4289769 2.069700365
45 197 3 1119836 2.069702147
42 43 3 2833750 2.069704792
40 52 3 2812194 2.069706728
149 189 3 563106 2.06971495
87 81 3 68443 2.069721873
8 14 3 6764066 2.069722413
89 9 3 7830720 2.069732348
153 155 3 9718500 2.069733423
121 12 3 8751699 2.069739712
152 158 3 401939 2.069742319
40 45 3 72708 2.069742935
115 116 3 8742 2.06974892
163 198 3 7820110 2.069750988
39 40 3 3566377 2.069753301
155 52 3 1272 2.069758979
112 118 3 24209 2.069760542
162 151 3 32624 2.069763113
186 196 3 35166 2.069763244
45 43 3 4999032 2.069776668
157 190 3 36198 2.069783591
45 43 3 54340 2.069784981
0 12 3 419474 2.069786911
37 46 3 4160 2.069790282
125 126 3 1231676 2.069791231
152 1 3 4068135 2.069791319
49 126 3 2458 2.069791467
6 11 3 4917 2.069791789
187 194 3 7634 2.069791806
12 194 3 6279 2.069792483
163 198 3 73190 2.069795831
121 114 3 8548 2.069797357
3 162 3 5784270 2.069798034
121 10 3 109601 2.069798314
87 84 3 2247 2.069798408
119 116 3 6819028 2.069798888
5 160 3 65327 2.06980158
199 191 3 1629182 2.069802001
4 6 3 69630 2.069804134
11 157 3 7923933 2.069809059
115 124 3 1283365 2.069815022
195 192 3 1908257 2.069817342
154 161 3 5038755 2.069818285
49 151 3 28594267 2.069823174
152 188 3 10934 2.069824772
13 152 3 45446 2.069828175
155 7 3 6580630 2.06983048
194 195 3 3112306 2.069836791
158 157 3 67408 2.069839122
148 84 3 1417900 2.06983927
42 43 3 47541 2.069841619
199 196 3 5793 2.069845427
186 195 3 16893778 2.069848779
149 116 3 18052 2.069849264
195 82 3 67859 2.069852415
116 121 3 16087 2.06985253
148 149 3 13093 2.069853414
191 193 3 445695 2.069854031
47 148 3 1561837 2.069854247
4 83 3 15602872 2.069856026
188 185 3 2899889 2.069868318
148 163 3 60830 2.069868459
158 44 3 2811312 2.069869651
46 85 3 1555815 2.069876039
185 190 3 1398 2.069876759
41 51 3 2541 2.069879164
50 38 3 3873251 2.069879765
13 1 3 473443 2.069882214
3 153 3 145900 2.06988525
74 89 3 26845 2.069886485
161 15 3 2871547 2.069889757
6 5 3 34001 2.069891111
14 159 3 2690 2.069893962
37 45 3 39183 2.069900298
83 191 3 8340271 2.069905706
149 15 3 63243 2.069907898
159 78 3 22952 2.069912322
162 199 3 4677860 2.069914068
52 157 3 9385590 2.069916431
119 157 3 25614 2.069916831
160 159 3 3976373 2.069921521
120 121 3 5068661 2.069929724
79 78 3 24398 2.069932785
126 112 3 3384296 2.069940095
77 48 3 53463 2.069940953
1 10 3 36482 2.069942406
153 1 3 94270 2.069943139
153 156 3 28394917 2.069946998
151 161 3 3789703 2.069948222
120 116 3 27823 2.069950016
118 3 3 3076598 2.069950636
3 148 3 502072 2.069950816
186 189 3 66645 2.069952129
156 160 3 95680 2.069953771
185 191 3 14238117 2.069954387
8 82 3 72851 2.069957346
156 163 3 991912 2.069962215
11 7 3 14854 2.069963221
43 162 3 6980 2.069969102
156 152 3 7273 2.06997854
194 81 3 2853 2.069979305
86 77 3 20038 2.069986525
14 161 3 1798223 2.069987708
76 87 3 33350 2.069989114
161 156 3 5209201 2.069994008
123 121 3 1302 2.069998909
150 75 3 387385 2.070000275
118 114 3 674812 2.070002194
148 11 3 14194 2.070002295
40 45 3 5557 2.070002938
196 13 3 22709 2.070003627
3 78 3 3849625 2.070019834
83 89 3 37129 2.070026999
117 125 3 1597273 2.070031658
44 161 3 1173663 2.070034407
77 87 3 708740 2.070034854
124 44 3 972 2.07003947
49 192 3 1862160 2.070044082
0 12 3 9897330 2.070044787
116 124 3 11917991 2.070048663
7 153 3 34912 2.070048956
45 44 3 4924298 2.070049757
114 7 3 17926 2.070054763
124 114 3 965328 2.070058152
159 124 3 2365 2.070058757
87 85 3 300600 2.070059268
163 162 3 18424 2.070064836
1 0 3 240705 2.070066831
155 156 3 24961 2.070067483
151 120 3 11980 2.070071158
150 12 3 329585 2.070078817
198 14 3 1566846 2.070082236
156 158 3 4117373 2.07008405
79 82 3 1431496 2.070086999
150 157 3 1454957 2.070093908
148 3 3 58013 2.070098653
40 37 3 5602 2.070100223
4 15 3 37486 2.070103121
121 123 3 2191079 2.070103787
161 89 3 312853 2.07010606
15 151 3 75230 2.070107746
153 14 3 8548 2.070109273
38 48 3 25929 2.07010975
75 189 3 35429 2.070110659
3 83 3 164534 2.070112134
13 8 3 8745 2.070112635
89 81 3 2401830 2.070112757
115 114 3 157227 2.07011459
191 84 3 4764 2.070116623
150 74 3 1631885 2.070118578
42 46 3 11754 2.070118878
159 80 3 94351 2.070122268
10 156 3 1068 2.070122632
0 115 3 500634 2.070127162
115 117 3 2201 2.070132425
8 148 3 3479399 2.070142026
162 149 3 25704459 2.070144789
153 89 3 463553 2.070147196
5 159 3 2194297 2.070148965
50 111 3 32561 2.070150403
193 187 3 33283 2.070150703
114 112 3 11144295 2.070151847
194 148 3 5116088 2.070161863
198 37 3 1439367 2.070162727
163 47 3 22278 2.070173432
10 11 3 10682 2.070173567
149 48 3 75874 2.07017777
74 75 3 46828 2.070178474
190 188 3 2337670 2.070184022
121 122 3 432672 2.070184683
148 39 3 24987061 2.070190717
163 124 3 34781 2.070192783
78 79 3 3717 2.070200085
40 41 3 1709111 2.070202733
52 45 3 70288 2.070204821
149 163 3 5968 2.070209157
156 49 3 51096 2.070213637
1 153 3 21172 2.070214822
160 155 3 47522 2.070216188
186 149 3 3218 2.07021716
3 15 3 655131 2.070218035
51 43 3 73727 2.070221743
7 155 3 110049 2.070222573
161 155 3 57791 2.070223057
89 86 3 3167097 2.070225077
196 185 3 57697 2.070225571
50 190 3 22880 2.070227601
81 76 3 47431 2.070228851
39 48 3 30511 2.070231992
111 119 3 56450 2.070232261
13 4 3 3033555 2.07023363
121 115 3 3685 2.070239316
83 75 3 155650 2.070239952
85 124 3 458774 2.070245078
122 154 3 2584 2.070247716
8 13 3 1572707 2.070247995
3 118 3 13064 2.070250284
86 85 3 28034 2.070254871
43 49 3 26347 2.07025648
161 153 3 24771 2.070256931
197 190 3 52525 2.070260539
113 114 3 27431 2.070265884
200 189 3 3761669 2.070271246
39 51 3 655961 2.070276057
152 84 3 283420 2.07027707
125 123 3 6639490 2.070277116
149 152 3 38401 2.070281238
7 151 3 188180 2.070282706
152 153 3 6710870 2.070283917
15 2 3 2637373 2.070285758
81 78 3 3883780 2.070286807
87 88 3 3767512 2.070287068
186 150 3 71196 2.070290044
199 84 3 38823 2.070291077
48 162 3 6012 2.070300623
122 113 3 276315 2.070301461
14 49 3 13841297 2.070304856
117 122 3 1753 2.070305787
87 81 3 20162 2.070307063
118 113 3 25193 2.070315202
155 74 3 57375 2.070319011
76 82 3 8411274 2.070325646
6 82 3 7289 2.070326367
188 195 3 75415 2.070332204
111 112 3 27834 2.070334656
48 44 3 735304 2.070338372
44 49 3 60909 2.070341315
153 163 3 20696 2.070341764
38 149 3 1943332 2.070344213
194 79 3 13003 2.070344586
81 88 3 630336 2.070346341
6 157 3 42208 2.070346705
40 44 3 168070 2.070347456
6 11 3 1589 2.070352641
151 10 3 1238635 2.070365252
152 162 3 5604311 2.070368327
2 10 3 71918 2.070370228
190 124 3 50698 2.070370255
158 40 3 11968085 2.070371118
151 118 3 10850926 2.070373678
37 11 3 1821073 2.070374419
150 187 3 3727840 2.070374589
8 121 3 457214 2.070378077
186 195 3 3964 2.070381282
86 87 3 11843 2.070383766
154 1 3 2890 2.070388767
38 42 3 3751977 2.070389932
126 117 3 75173 2.070393701
52 152 3 2810062 2.070394454
15 79 3 1859759 2.070397322
150 161 3 479491 2.070402934
158 11 3 5639 2.070404548
5 153 3 4252309 2.07040499
79 83 3 39169 2.070407466
41 51 3 8227 2.070408441
160 156 3 2988483 2.07041401
76 80 3 55002 2.07041505
121 150 3 42689 2.070415686
124 116 3 44447 2.070418416
87 151 3 17969 2.07041894
39 120 3 8388724 2.070421639
14 12 3 1854624 2.070423832
191 198 3 73261 2.070432129
86 74 3 9358760 2.070432502
157 152 3 45121 2.070435333
3 87 3 1518892 2.070437222
163 74 3 38697 2.070437608
2 11 3 62139 2.070457469
113 123 3 40486 2.070457566
44 81 3 70393 2.070457905
122 126 3 31075 2.070458646
84 81 3 22658 2.070461006
157 188 3 40287 2.070461589
47 45 3 99232 2.070464561
46 38 3 18216 2.070464835
149 148 3 4708 2.070469174
7 15 3 10 2.070469724
12 150 3 137500 2.070471227
88 74 3 1425935 2.070473766
113 126 3 8212 2.070475038
120 119 3 26970 2.070476222
163 155 3 2580 2.070479339
44 52 3 172838 2.070480049
52 45 3 132458 2.070483827
76 74 3 124 2.070485423
188 157 3 7910981 2.070485452
5 14 3 65985 2.07049201
80 157 3 33532 2.070492749
76 84 3 36166 2.070493054
194 200 3 1915751 2.070494292
155 151 3 1325 2.07049442
14 156 3 2864535 2.070498645
78 77 3 29638 2.07050561
192 115 3 5478 2.070511778
162 125 3 3561 2.070514388
125 117 3 39686 2.070516453
77 79 3 39823 2.070519179
51 44 3 9615794 2.070522788
197 186 3 29569 2.070524283
82 3 3 186110 2.070529455
48 49 3 2888873 2.070532254
152 196 3 71523 2.070534875
194 192 3 36913 2.070535324
119 126 3 20312852 2.070537898
6 9 3 56403 2.070545972
87 79 3 61367 2.070550741
45 7 3 30531 2.070551443
122 117 3 38809 2.070554662
198 190 3 6182795 2.070560287
11 157 3 28940 2.070564687
161 160 3 7670 2.070565719
51 8 3 20751 2.070567619
9 13 3 1811546 2.070571688
115 125 3 115398 2.070576517
156 39 3 28894533 2.070578048
77 81 3 20870 2.070579794
120 125 3 57987 2.070581336
118 1 3 11124 2.070583357
152 39 3 5447882 2.070583406
122 4 3 110120 2.07058608
197 199 3 1711022 2.070586711
112 115 3 4050 2.070592284
1 44 3 27410315 2.070593761
113 84 3 2949604 2.070594204
4 149 3 28131 2.07059822
82 77 3 16431 2.070599321
3 2 3 34558 2.070600062
82 45 3 1049296 2.070600886
14 5 3 699208 2.070608936
43 197 3 832180 2.070609585
14 112 3 1929924 2.070611586
195 192 3 113034 2.070614945
160 161 3 52675 2.070616114
158 196 3 1457922 2.07062201
123 113 3 9515 2.070629699
6 15 3 60575 2.070630095
76 42 3 807487 2.070630396
162 152 3 58399 2.070635427
161 2 3 801957 2.07063803
157 45 3 57256 2.070642271
112 125 3 855369 2.070642681
5 150 3 53972 2.070643931
158 159 3 53638 2.070644367
120 83 3 7900 2.070648975
10 13 3 19413 2.070650061
120 115 3 108805 2.070652461
192 194 3 3146952 2.070658522
151 52 3 1680899 2.070658904
43 163 3 8760 2.070659077
7 8 3 2679890 2.070659861
118 14 3 15599 2.070660328
118 116 3 2007977 2.070674754
52 50 3 1724308 2.070678961
154 153 3 8192411 2.070684069
43 50 3 3103 2.070686405
199 75 3 6595 2.070688215
10 6 3 60231 2.070688349
15 14 3 410 2.070692705
149 160 3 2629 2.070701102
81 83 3 8064 2.070705983
161 152 3 5507866 2.070711352
125 113 3 61907 2.070711626
83 87 3 73636 2.070712137
5 155 3 78879 2.070717875
3 163 3 740 2.070721459
200 189 3 24922 2.0707234
190 39 3 2975738 2.070723679
151 44 3 1845 2.070725556
116 124 3 991148 2.070725557
11 89 3 1694004 2.070726917
115 119 3 8442145 2.070726966
3 83 3 56441 2.070729355
149 5 3 21197 2.070734625
123 125 3 78587 2.070737878
149 77 3 1473761 2.070740568
192 200 3 113153 2.070742205
151 150 3 16001 2.070745096
123 162 3 180881 2.070747127
126 41 3 159653 2.070753192
44 37 3 546 2.070755483
150 47 3 111295 2.070758585
195 50 3 127 2.070759726
49 39 3 535923 2.070761974
10 158 3 160744 2.070763806
114 119 3 2035 2.070764691
151 162 3 13970 2.070766052
150 111 3 389011 2.070766827
42 48 3 905367 2.070768415
189 88 3 73150 2.070771772
79 77 3 8839385 2.070779017
158 157 3 2780 2.070780837
74 80 3 1283114 2.07078363
197 87 3 37034 2.070791488
51 152 3 74120 2.070791583
1 6 3 1423140 2.070798072
188 87 3 1930572 2.070803497
2 157 3 79716 2.070805175
197 189 3 7706 2.070807321
155 83 3 177365 2.070808781
82 5 3 6040814 2.070808849
197 190 3 993016 2.070810777
185 197 3 1441514 2.070820543
192 82 3 2125294 2.070822964
151 162 3 791673 2.070826524
162 8 3 6687 2.070826569
1 7 3 1997 2.070827336
150 89 3 16984 2.070827887
8 7 3 21953 2.070834597
116 117 3 2148190 2.070835187
187 83 3 197480 2.070840556
38 149 3 56627 2.070844214
47 52 3 5368 2.070851316
86 74 3 14238 2.070851944
81 76 3 13016 2.070859659
125 119 3 27936 2.070862486
38 37 3 58861 2.070865051
46 47 3 149430 2.070876064
163 154 3 107844 2.070876874
159 86 3 30888 2.070879854
123 113 3 5617 2.070889869
121 118 3 2883 2.070893164
40 51 3 9149447 2.070893197
10 156 3 402299 2.070897219
161 156 3 625962 2.070898103
15 1 3 38231 2.070898281
0 4 3 27360849 2.070903761
153 86 3 110537 2.070904088
190 199 3 1632996 2.070906358
191 187 3 114490 2.070906851
38 37 3 564777 2.070921269
150 160 3 25715 2.070923957
198 199 3 653761 2.070924739
151 161 3 28192 2.070925038
199 89 3 18340126 2.070925119
195 191 3 33998 2.070925193
126 118 3 1060792 2.070925851
75 163 3 689925 2.070928051
82 87 3 4623628 2.070930491
160 187 3 71114 2.070940973
196 200 3 1866184 2.070941585
37 6 3 112442 2.07094318
82 85 3 103290 2.070946096
188 192 3 15847 2.070948914
1 160 3 115838 2.070950569
85 80 3 50405 2.070951991
46 43 3 12753 2.070955179
14 8 3 26759 2.070957144
1 153 3 24914 2.070962104
49 46 3 4700647 2.070971378
156 76 3 608581 2.070974047
76 117 3 49923 2.070977889
112 120 3 52252 2.070985669
5 1 3 66361 2.07098828
149 188 3 56090 2.070997937
149 155 3 1302255 2.071001676
149 152 3 1771 2.071003617
6 13 3 79393 2.071004029
194 197 3 799284 2.071010385
83 89 3 20732 2.07101078
75 87 3 7101934 2.071014181
86 79 3 28090 2.071014969
12 89 3 5556454 2.071016081
11 6 3 3285184 2.071016548
153 114 3 76011 2.071019388
111 113 3 105991 2.071021682
78 85 3 7417331 2.071024419
38 148 3 38744 2.071028776
40 154 3 7299 2.071033966
77 80 3 6537434 2.071037039
84 78 3 8544 2.071041677
154 156 3 4830648 2.071044986
148 79 3 43370 2.071047464
42 45 3 1229087 2.071052641
191 156 3 7762 2.071055758
149 51 3 231258 2.071057714
156 151 3 95933 2.071058812
123 125 3 1805453 2.071060867
11 161 3 420323 2.071066092
78 12 3 9555 2.071069569
40 42 3 44662 2.071073578
163 48 3 1634097 2.071076074
42 51 3 1570244 2.07107676
82 87 3 13018 2.071084867
113 116 3 693684 2.071085972
75 83 3 27229 2.071087204
122 117 3 3124996 2.071088503
48 47 3 65291 2.071089996
199 185 3 39826 2.071099978
5 88 3 13228105 2.071100834
114 123 3 7597384 2.071101126
157 111 3 17989 2.071103206
125 118 3 40583 2.071104443
148 156 3 6496 2.071107629
159 153 3 6549 2.071108498
126 113 3 1235525 2.071108754
156 159 3 118795 2.071117948
3 14 3 27731 2.071118497
5 9 3 1633467 2.071118629
189 197 3 848478 2.0711274
14 148 3 16906929 2.071136401
119 117 3 673625 2.07114056
161 114 3 1740 2.071143814
199 0 3 52146 2.071149125
3 78 3 2219209 2.071150404
2 9 3 390074 2.071151155
155 46 3 21230 2.071153302
47 41 3 56663 2.071153522
198 196 3 64116 2.071154927
152 161 3 1816 2.071161964
49 41 3 631602 2.071162477
115 113 3 7541 2.071162978
159 161 3 37213 2.07116298
52 46 3 37873 2.071165454
45 153 3 60849 2.071165633
88 115 3 44239 2.071165764
189 188 3 5605 2.071165962
160 9 3 5663066 2.071167234
43 86 3 3477518 2.071167375
148 153 3 23595 2.071168715
158 200 3 174566 2.071172534
126 114 3 59274 2.071172738
76 114 3 22132689 2.071173863
38 37 3 144749 2.071175169
3 0 3 45664 2.071175898
3 12 3 40015 2.071177841
38 37 3 39090 2.071178353
163 111 3 8380 2.071184426
196 197 3 75191 2.071189313
161 74 3 4659 2.071193582
157 151 3 19594 2.071195878
87 113 3 129646 2.071200202
46 153 3 507411 2.071200471
192 8 3 807982 2.071211835
79 87 3 66918 2.071218177
42 43 3 9949 2.071220794
186 78 3 6797 2.071228017
9 12 3 62744 2.07123032
37 39 3 1017676 2.07123709
196 193 3 26014 2.071239581
155 200 3 3702 2.07124377
122 123 3 662242 2.071244407
1 74 3 53001 2.071247543
149 159 3 1795199 2.07124808
120 111 3 27766 2.071263881
74 75 3 51439 2.071263948
111 122 3 952141 2.071265216
114 119 3 24676 2.071265317
197 190 3 69058 2.071265318
12 151 3 1677644 2.07126614
196 126 3 488563 2.071267402
120 48 3 60811 2.071269824
42 151 3 294149 2.071271611
74 88 3 17192 2.07127243
76 194 3 38565 2.071272702
8 192 3 71573 2.071274976
13 7 3 126589 2.071278548
188 193 3 460968 2.071279641
190 153 3 749909 2.071281461
6 1 3 78157 2.071296134
86 89 3 40418 2.071298249
197 185 3 44499 2.071299776
157 151 3 761984 2.071309501
7 5 3 69533 2.071316866
0 115 3 3957260 2.071319231
77 83 3 29344 2.071323229
112 121 3 77843 2.071324294
119 114 3 901538 2.07132788
162 161 3 6013 2.071328762
87 80 3 41042 2.071329528
12 88 3 7884545 2.07133575
154 160 3 5080 2.071336012
15 0 3 869386 2.071336832
195 187 3 6656 2.071336927
3 11 3 1371 2.071341682
150 13 3 1399 2.071343506
112 122 3 60711 2.071343765
121 11 3 6543 2.07134377
117 121 3 4794869 2.071345725
10 122 3 7881043 2.071346437
15 112 3 20446 2.07134843
10 151 3 24229 2.071348621
189 148 3 4024 2.071351533
151 162 3 551016 2.071354197
158 42 3 12965 2.07135638
163 118 3 3602152 2.07136068
3 148 3 1469203 2.071362363
83 79 3 720632 2.07136485
200 86 3 29719 2.071365706
9 153 3 6907 2.071368826
150 151 3 1219884 2.071369457
37 49 3 20923655 2.071371994
156 81 3 25631 2.071378464
49 52 3 4774579 2.07137923
163 151 3 28455 2.071383994
46 185 3 65199 2.07138552
8 4 3 5303023 2.071388028
158 149 3 1713998 2.071390929
6 118 3 1439841 2.071406023
112 52 3 2841 2.071411436
118 111 3 5192 2.071411831
193 200 3 20325 2.071415714
11 153 3 31175 2.071417416
190 77 3 8258911 2.071418711
157 50 3 47545 2.071422032
154 111 3 46397 2.071424859
200 195 3 21376 2.071425765
111 121 3 134145 2.071427169
199 85 3 1852781 2.07142844
123 189 3 581647 2.071430154
52 40 3 2178592 2.07143229
185 197 3 47694 2.071436863
52 126 3 60691 2.071437051
11 14 3 51917 2.071440557
50 158 3 61943 2.071440847
13 151 3 9348 2.071443968
157 160 3 2465 2.071449014
89 83 3 63012 2.071452725
3 151 3 294102 2.071454718
13 114 3 2548795 2.071459279
40 52 3 4004 2.071462077
78 88 3 1848080 2.071469477
6 85 3 44760 2.071470982
1 186 3 26241 2.071474423
42 153 3 172380 2.071476763
4 1 3 45460 2.071477438
9 15 3 20897 2.071479233
159 6 3 3937566 2.071482398
2 1 3 46671 2.071483977
75 83 3 62771 2.071484744
122 116 3 25534070 2.071485534
2 151 3 47630 2.071494822
80 78 3 1491454 2.071495166
163 6 3 931439 2.071500718
158 190 3 8495176 2.071500794
4 9 3 86923 2.071501984
8 5 3 23964 2.071503377
75 83 3 21058 2.071510288
86 81 3 62657 2.07151803
42 185 3 991990 2.071519323
79 84 3 79165 2.071519392
118 119 3 33802 2.071523689
14 15 3 75237 2.0715281
185 199 3 29700 2.071529212
12 3 3 27375 2.071533742
47 44 3 8362 2.071535382
79 6 3 4538972 2.071535561
162 160 3 153973 2.071538363
1 148 3 126505 2.071538503
161 152 3 8652 2.071541979
122 118 3 55103 2.071542077
15 5 3 31231 2.071547136
163 47 3 57030 2.071547244
88 81 3 5720 2.071547489
1 14 3 2707559 2.071553459
43 50 3 18422 2.071558762
48 37 3 61366 2.07156079
13 161 3 9596563 2.071563028
148 6 3 271140 2.071565579
152 112 3 192775 2.071572417
38 162 3 6643 2.071572743
80 48 3 40494 2.071576653
153 76 3 2923866 2.071577302
75 163 3 92413 2.071588022
197 85 3 3946 2.071588555
187 194 3 187 2.071588792
122 111 3 991185 2.071589615
162 151 3 115515 2.071594143
160 1 3 49107 2.071596062
198 193 3 11755 2.071596159
51 49 3 4038613 2.071596543
83 79 3 842660 2.071597037
38 114 3 385467 2.07159813
2 1 3 4368 2.071598975
86 81 3 9401533 2.071601366
76 80 3 77400 2.071605711
198 199 3 65676 2.071609243
0 5 3 25704 2.071610745
37 38 3 596897 2.071612706
50 118 3 34103 2.071612811
81 79 3 10440162 2.071614973
159 117 3 6701 2.071617962
119 9 3 26084 2.071618493
74 88 3 7755 2.071620557
38 51 3 74103 2.071622247
79 13 3 3967464 2.071623798
113 125 3 3991169 2.071633961
121 185 3 37510 2.071640212
6 151 3 6579 2.071640614
81 160 3 151627 2.071642531
0 116 3 21642895 2.071648569
47 113 3 9176468 2.071649882
82 78 3 22339 2.071651161
153 43 3 23018157 2.071651415
40 51 3 16788 2.071653283
117 42 3 48360 2.071653445
86 50 3 66016 2.07165501
14 163 3 534997 2.071656053
126 111 3 20038 2.071657543
163 125 3 8075788 2.071658664
117 123 3 47514 2.071660183
12 154 3 555149 2.071663893
148 163 3 7921 2.071667386
196 199 3 91049 2.071667671
162 151 3 1419296 2.071670342
9 39 3 43329 2.071671133
152 149 3 3664115 2.07167129
83 76 3 256870 2.071672907
15 148 3 550486 2.071674218
158 74 3 333254 2.071680253
88 76 3 2874 2.071684165
154 13 3 37199 2.071687439
122 111 3 2561785 2.071688114
3 11 3 1536359 2.071699928
79 80 3 64147 2.071702952
76 119 3 25376 2.0717055
115 124 3 10873 2.07171014
160 149 3 65423 2.071713472
14 160 3 3149 2.071725115
45 42 3 1877781 2.071725372
8 121 3 172619 2.07173039
88 86 3 5749757 2.07173057
1 39 3 15340 2.0717326
45 39 3 32650 2.071735113
85 88 3 400188 2.071736689
89 83 3 1465464 2.071743908
118 114 3 8495 2.071744713
162 153 3 60862 2.07175096
157 152 3 1524 2.071753495
4 0 3 5130 2.071760908
156 161 3 840500 2.071774446
77 41 3 8347459 2.071775357
156 157 3 67413 2.071779326
126 123 3 55723 2.071784654
8 4 3 61755 2.071785908
75 2 3 1957884 2.071795794
46 1 3 8507 2.071799459
5 4 3 2256387 2.07180081
198 194 3 1110 2.071804924
11 13 3 1977725 2.071811497
43 156 3 943350 2.071813847
78 84 3 103688 2.071813973
123 114 3 46001 2.071814279
15 8 3 7762414 2.071817648
84 88 3 44386 2.071821936
89 80 3 65400 2.07182608
153 2 3 3148224 2.07183176
118 121 3 56070 2.071832432
42 39 3 34571 2.071832864
198 186 3 4737016 2.071837946
159 89 3 27851 2.071838432
188 196 3 392665 2.071841501
4 1 3 3899625 2.071846403
43 49 3 43061 2.07184647
186 199 3 29788 2.071848286
190 198 3 9124178 2.071848579
163 155 3 613 2.071852588
149 120 3 7869 2.071856333
11 7 3 48711 2.07185975
45 190 3 63158 2.071859918
8 3 3 24495358 2.071865624
155 161 3 390 2.071871158
2 156 3 1870 2.071871545
50 82 3 3609 2.071872238
118 117 3 1644667 2.071872958
154 117 3 23319 2.071873287
154 153 3 37146 2.071875077
158 85 3 10464 2.071875804
199 37 3 288282 2.071875929
6 151 3 1866057 2.071876199
5 7 3 748514 2.07187672
153 0 3 20991 2.071878468
10 87 3 24417 2.071880283
148 161 3 8650539 2.071882019
188 187 3 35148 2.071887226
153 84 3 1956984 2.071889013
115 113 3 9570 2.0718939
78 79 3 258705 2.071894178
198 199 3 25030 2.071896428
5 4 3 360382 2.071897863
111 193 3 73869 2.071899613
113 114 3 6713346 2.071902222
2 83 3 73067 2.071902512
149 158 3 47502 2.071907869
160 156 3 66402 2.071909171
191 14 3 156059 2.071911147
156 12 3 54714 2.071911611
187 189 3 9574842 2.071914375
6 0 3 374255 2.071919726
13 4 3 2762268 2.071921309
163 190 3 2201 2.07192393
84 82 3 4426795 2.071928182
156 161 3 4185 2.071928561
7 161 3 2433309 2.071931216
198 193 3 369278 2.071933597
190 193 3 30798 2.071937145
5 1 3 8429 2.071938541
1 75 3 36672 2.071941445
200 196 3 72055 2.071943503
151 157 3 1150029 2.071952246
15 5 3 25349 2.071953379
83 86 3 4438363 2.071954272
42 198 3 1828 2.071958498
160 14 3 44934 2.071961847
87 157 3 20367 2.07196382
8 86 3 5302381 2.071965978
200 77 3 1212183 2.071972155
190 198 3 69907 2.071982174
112 123 3 28603 2.071983858
193 15 3 155052 2.07198408
115 114 3 6506870 2.071989239
155 150 3 26115 2.071989539
162 40 3 67153 2.071990332
149 154 3 60234 2.071991391
153 154 3 58878 2.071991488
11 15 3 7608958 2.071991708
3 2 3 748772 2.071998371
49 43 3 50540 2.072001163
156 112 3 17809 2.072011825
13 163 3 1955704 2.072014756
191 74 3 878718 2.072014957
41 38 3 15539 2.072016368
14 153 3 65002 2.072017665
81 88 3 26396 2.072018465
11 186 3 6228 2.072022323
197 198 3 22416234 2.072022706
192 200 3 7719 2.072023674
46 83 3 19530 2.072026282
46 12 3 371430 2.072032282
84 78 3 8593 2.072032759
14 1 3 2974649 2.072032856
7 157 3 2788 2.072035222
14 82 3 45154 2.072036066
3 51 3 199289 2.072038025
117 122 3 10390 2.072038721
41 50 3 1475474 2.072046847
7 6 3 42288 2.072046851
1 6 3 11380 2.072047181
89 82 3 1038430 2.072048285
148 153 3 64496 2.072048921
162 163 3 748938 2.072054429
88 74 3 9406745 2.072059115
0 152 3 2405106 2.072060781
120 111 3 2072936 2.072062707
126 121 3 2621235 2.072064822
112 198 3 1338 2.072067055
7 148 3 75605 2.072068707
75 87 3 4552963 2.072074036
13 196 3 2685 2.072074052
154 149 3 31075 2.072084653
49 7 3 75307 2.072088526
14 157 3 67653 2.07209229
86 81 3 5125 2.072096622
191 155 3 3941694 2.072096783
186 187 3 21680409 2.07210689
162 150 3 74578 2.072109295
37 47 3 57560 2.072109317
8 1 3 919160 2.072110315
125 124 3 14243 2.072110499
4 85 3 36333 2.07211223
86 74 3 8176873 2.072113856
196 195 3 488847 2.07211575
186 185 3 8787380 2.072116261
159 120 3 75301 2.072117462
191 40 3 1642920 2.072120354
1 14 3 28086 2.072123752
46 161 3 25896 2.07213128
78 83 3 5257 2.07214096
121 126 3 2268117 2.072143332
200 159 3 783932 2.072144977
196 86 3 278244 2.072147554
112 119 3 7491 2.072154234
77 79 3 46732 2.072156637
188 187 3 60052 2.0721612
189 78 3 5405066 2.072161563
75 76 3 55850 2.072162822
186 199 3 25022 2.072163954
1 78 3 22560 2.072166021
160 153 3 185010 2.072166773
1 6 3 30053 2.072167197
160 157 3 61632 2.072173222
124 192 3 24201 2.072175131
148 150 3 3138195 2.072175183
150 15 3 4696081 2.072175959
154 162 3 38070 2.072184831
159 192 3 5132 2.072187435
116 115 3 1346175 2.072188288
85 81 3 73588 2.072188579
44 43 3 38937 2.072190136
155 148 3 8105 2.072190261
123 121 3 17635428 2.072191484
199 186 3 11863 2.072193097
122 111 3 19629 2.072197998
52 48 3 8413 2.072198692
49 51 3 61419 2.072200465
121 112 3 30061 2.072201938
50 152 3 69 2.072204117
149 157 3 65402 2.072205981
0 6 3 304425 2.072209834
117 84 3 21453 2.072209922
117 2 3 186119 2.072210238
46 41 3 116497 2.072216676
0 116 3 28388 2.072217068
47 46 3 1206487 2.0722197
161 49 3 66114 2.07222278
11 153 3 174762 2.072223615
149 163 3 389788 2.072230166
3 151 3 658650 2.072230524
13 154 3 611255 2.072231328
152 46 3 350252 2.072232361
45 157 3 5990871 2.072235936
6 155 3 30626 2.072236854
42 52 3 706789 2.072242604
0 5 3 4648 2.072242856
87 74 3 15950 2.072249469
1 149 3 12391 2.072252618
123 121 3 6202 2.072255456
112 121 3 1261768 2.072256669
192 200 3 474906 2.072257627
121 189 3 2692472 2.072257899
190 198 3 58065 2.072259678
52 40 3 74625 2.072259984
77 156 3 1109542 2.072264325
79 85 3 71425 2.072265945
123 126 3 24408 2.072266034
112 119 3 30747 2.072269217
155 152 3 586548 2.072275124
1 14 3 2267742 2.072277459
7 2 3 22811 2.072278302
6 5 3 665212 2.072281643
39 45 3 4343363 2.072283639
200 199 3 3588153 2.072293465
121 120 3 22179 2.072294468
13 1 3 1185090 2.072297532
5 2 3 2698936 2.07230217
162 152 3 20426 2.072302924
151 191 3 6126330 2.072306628
3 11 3 3693 2.072311048
50 43 3 31830 2.072313623
148 119 3 28173 2.072313862
3 86 3 2809745 2.072321381
7 152 3 20931 2.072323592
37 45 3 49452 2.072324024
113 121 3 1204793 2.072326949
9 12 3 1056141 2.072330109
122 121 3 33979 2.072331372
161 149 3 2287772 2.072333313
51 39 3 308706 2.072333317
5 11 3 614536 2.072335742
43 50 3 289389 2.07233686
112 84 3 174031 2.072337222
157 149 3 27364 2.0723385
0 14 3 16136 2.072343875
43 199 3 801807 2.072345441
188 200 3 25251682 2.072345611
43 51 3 176 2.07235084
157 43 3 28493 2.07235189
1 150 3 69217 2.072353345
190 81 3 2113176 2.072356188
194 188 3 400116 2.072357944
199 116 3 35819 2.072361838
0 116 3 1748626 2.072365783
11 86 3 70797 2.072367818
86 162 3 21614520 2.072367981
190 195 3 68450 2.072368373
161 157 3 13192 2.072370393
152 162 3 160953 2.072371747
156 149 3 19316855 2.072378306
3 149 3 9441 2.07237972
49 41 3 11714 2.072383596
113 121 3 2107809 2.072391692
47 39 3 41054 2.072392413
49 44 3 4469 2.072393002
157 40 3 20827 2.072393448
85 79 3 39060 2.072395456
40 49 3 1831351 2.072396004
120 48 3 144272 2.072408193
44 49 3 141020 2.072417793
118 116 3 55983 2.072418049
123 118 3 20419 2.072419255
87 80 3 9511 2.072419773
37 48 3 34298 2.072419981
157 14 3 3475162 2.07242013
4 12 3 26390 2.072422987
86 75 3 6532417 2.072424864
82 77 3 120816 2.072426479
151 160 3 23021041 2.072443092
3 151 3 3262234 2.072446386
14 9 3 709999 2.072448389
85 87 3 3283787 2.072448616
116 86 3 36457 2.072450324
161 121 3 44311 2.072450574
116 120 3 45438 2.072452207
87 152 3 1222562 2.072452234
120 117 3 18486178 2.072457872
162 75 3 38513 2.072458162
49 148 3 9377385 2.072463451
158 160 3 1787 2.072463633
198 188 3 64689 2.072471904
82 198 3 165472 2.072472107
195 190 3 3166181 2.07247503
193 188 3 4539731 2.072475578
3 4 3 55870 2.072481007
3 161 3 4356881 2.072486714
193 40 3 70220 2.072486969
125 123 3 1013121 2.072496102
15 149 3 39006 2.072496648
112 200 3 5659 2.072505167
199 196 3 4566395 2.072506312
189 190 3 3924088 2.07250761
190 112 3 856578 2.072507678
157 120 3 1579970 2.07251268
154 8 3 52551 2.072513858
11 157 3 827038 2.072514637
197 190 3 4357832 2.072515185
163 112 3 122557 2.072518841
189 191 3 657297 2.07251964
41 40 3 441057 2.072521324
198 123 3 330925 2.072526648
12 149 3 4568878 2.072527693
118 162 3 3489 2.072528044
148 42 3 1755011 2.072529935
148 8 3 2427336 2.072530468
152 9 3 551705 2.072532149
158 160 3 4806 2.072533431
86 6 3 1724219 2.072543438
89 115 3 1041131 2.072543602
39 37 3 127702 2.072543864
5 112 3 5922 2.072547614
39 42 3 633963 2.072548128
187 200 3 8616 2.072555649
45 39 3 140168 2.072560995
13 79 3 3269991 2.072564317
186 191 3 1659650 2.072567123
82 84 3 19285 2.072568533
50 151 3 26707881 2.072574965
152 155 3 46314 2.072575783
6 45 3 379821 2.072578063
198 195 3 22397 2.072588562
163 148 3 31280 2.072594544
7 154 3 2686352 2.072594554
3 158 3 42929 2.072596782
159 111 3 29676 2.072598
122 121 3 111283 2.072601183
186 187 3 553118 2.072606301
1 4 3 725774 2.072607713
125 124 3 21556 2.072608128
6 9 3 9509 2.072613286
45 7 3 13084 2.072617735
121 111 3 1982294 2.072620168
125 118 3 29821 2.072627269
12 8 3 71988 2.07262817
123 124 3 106336 2.072631361
154 2 3 1967255 2.072633853
154 155 3 1993410 2.072635788
81 43 3 8728149 2.072642615
200 199 3 4006360 2.072643312
87 118 3 2580806 2.072646871
89 79 3 70111 2.072647303
0 11 3 1264294 2.072650859
4 11 3 20860 2.072654795
44 43 3 1101249 2.072655493
152 163 3 125922 2.07265698
3 161 3 20052 2.072660427
10 41 3 163301 2.072661198
111 121 3 8027 2.072662866
189 196 3 39534 2.072664208
123 114 3 306680 2.072675066
8 13 3 4880 2.072683553
11 9 3 3896 2.072688586
37 48 3 1396139 2.072690401
112 82 3 3399028 2.072690905
80 76 3 79993 2.07270179
42 88 3 27764 2.072702266
4 157 3 23936 2.072705547
11 77 3 55258 2.072706222
123 124 3 49382 2.072706322
153 1 3 26262486 2.07270759
47 37 3 1571780 2.072708057
81 84 3 59949 2.072711395
120 115 3 8388847 2.072712355
3 10 3 105291 2.072719742
44 39 3 610236 2.07272439
39 43 3 443921 2.072725449
186 197 3 37314 2.072726814
193 190 3 78816 2.072728698
159 150 3 1313725 2.072736212
186 199 3 25943 2.072736933
43 39 3 7518892 2.072741284
14 154 3 1923340 2.072741455
40 37 3 137191 2.072744712
4 5 3 72776 2.072750701
189 194 3 1203443 2.072752238
80 84 3 45637 2.072760679
162 38 3 2076173 2.072761606
159 155 3 1348572 2.072778454
199 150 3 403770 2.072780379
155 89 3 61231 2.072780702
46 45 3 5722 2.072780769
112 111 3 67721 2.072783189
123 113 3 32857 2.072792977
80 113 3 47121 2.072793863
112 113 3 1244570 2.072798209
113 112 3 2980261 2.072801249
8 9 3 28098 2.072801754
163 0 3 27613 2.072804378
200 87 3 23341 2.072805083
190 187 3 20791 2.072808499
7 0 3 9599112 2.07281658
162 114 3 76200 2.072820431
117 112 3 6265 2.072822499
192 193 3 3655 2.072823303
82 74 3 1868592 2.072823923
116 112 3 12882023 2.07282427
150 155 3 78985 2.07282599
162 52 3 167201 2.072831709
119 126 3 1648786 2.072833454
155 0 3 22258 2.072834221
118 113 3 19441041 2.072837994
148 160 3 565659 2.072838417
160 38 3 98010 2.072839884
149 161 3 2160653 2.072842696
48 6 3 24273 2.072846635
117 119 3 2131730 2.072846648
76 74 3 43512 2.072847769
43 44 3 3469 2.072848554
199 190 3 522151 2.072851381
163 159 3 11467 2.072853048
0 9 3 20270 2.072853536
7 88 3 11729 2.072854676
15 150 3 9181 2.072855611
190 43 3 874778 2.07285778
197 199 3 83880 2.072858519
87 119 3 647927 2.072858864
83 86 3 3512 2.072861207
151 74 3 9559762 2.072863213
193 190 3 25313 2.072869573
126 122 3 29924627 2.07287791
9 13 3 12898 2.072878705
199 157 3 29965 2.072883007
116 77 3 78223 2.07288614
156 9 3 1678246 2.072891228
15 5 3 74368 2.072891608
159 153 3 779104 2.072892836
149 155 3 1960676 2.072893267
159 188 3 5511831 2.072895005
45 37 3 88993 2.072896091
161 7 3 1858951 2.072900734
189 8 3 2331333 2.072915322
0 163 3 3309634 2.072921357
192 7 3 1495327 2.072924215
3 155 3 27639103 2.072925652
2 160 3 12464 2.072926093
78 75 3 169616 2.072927442
188 39 3 4156624 2.072928096
150 52 3 52070 2.072930056
81 78 3 20864 2.072932252
51 52 3 367363 2.072932408
149 49 3 61230 2.072932651
156 111 3 23797 2.072933698
14 78 3 51449 2.072935853
43 45 3 186402 2.072940037
80 87 3 5289 2.072951007
151 161 3 9340 2.072952314
47 49 3 749851 2.072955044
161 48 3 544946 2.072957692
89 124 3 16090 2.072960359
123 118 3 4697 2.072960943
84 78 3 9392029 2.072963129
84 123 3 1450911 2.07296314
153 159 3 55635 2.072964141
123 119 3 31845 2.07296584
47 83 3 195934 2.072970363
122 126 3 1077404 2.072971295
12 6 3 7947 2.072971452
10 2 3 33872 2.072978307
152 162 3 25495 2.072979652
9 2 3 11873 2.07298472
163 153 3 1665078 2.072985009
157 161 3 1587129 2.072985024
161 47 3 2076 2.072990046
76 88 3 34079 2.072991275
7 197 3 73530 2.07299128
45 13 3 51012 2.072991909
9 122 3 6932 2.072994525
158 156 3 60337 2.072996126
160 111 3 4253640 2.072997045
191 197 3 746303 2.072999327
12 89 3 67231 2.072999926
77 83 3 23594 2.073003515
118 148 3 11453 2.073007399
152 154 3 4176031 2.073007427
13 12 3 59668 2.073008527
46 154 3 183119 2.07301117
163 75 3 25555 2.073013391
195 192 3 61184 2.073018917
187 10 3 172529 2.073019319
3 154 3 489582 2.073023639
37 47 3 28094 2.073026827
149 79 3 5902 2.073031009
80 120 3 3450084 2.0730366
15 199 3 5252 2.073037334
161 151 3 6424278 2.073042451
41 149 3 25821 2.073055603
44 50 3 20336 2.073056116
186 198 3 597202 2.073059959
154 162 3 24819 2.073060267
15 123 3 30353 2.073067346
84 78 3 57625 2.073068516
88 89 3 16618 2.073069527
195 197 3 22290 2.073072337
47 9 3 1446726 2.073073785
44 1 3 5607 2.073081543
9 47 3 44401 2.073082462
9 161 3 2651886 2.073082564
197 124 3 52177 2.073087963
15 0 3 2273080 2.073088441
125 37 3 5562 2.073089591
41 111 3 55514 2.073093022
190 157 3 67707 2.073093082
50 45 3 172513 2.073095406
151 43 3 1678589 2.073096667
51 49 3 44256 2.073098032
39 43 3 4732431 2.073100043
148 4 3 62170 2.073100494
15 87 3 2568073 2.073101398
162 153 3 1980054 2.073107873
161 163 3 4005071 2.073109643
37 38 3 59979 2.07310977
185 81 3 24742 2.073110792
6 152 3 7714 2.07311154
155 12 3 4424 2.073114812
2 82 3 45558 2.07312152
199 191 3 20131989 2.073122568
150 45 3 9642 2.073131685
163 158 3 31347 2.073137337
80 74 3 660884 2.073137497
150 148 3 30632 2.073144912
157 154 3 1812326 2.073148905
51 38 3 1066 2.073154974
10 12 3 54356 2.073156642
45 50 3 63252 2.073164559
41 199 3 5164818 2.073164911
199 187 3 4695678 2.073166754
9 15 3 937 2.073167587
50 37 3 4415687 2.073167621
14 117 3 55714 2.073170712
121 126 3 1761108 2.073172763
120 126 3 21582 2.07317348
155 5 3 4307870 2.073174317
0 152 3 7646073 2.073175796
155 196 3 3017 2.073176447
6 160 3 3755234 2.073176739
116 117 3 450249 2.073178521
78 88 3 515669 2.073185819
42 43 3 3623 2.07319562
12 2 3 2998588 2.073196255
1 5 3 2457012 2.073198254
126 38 3 1547951 2.073200062
161 12 3 3360298 2.073203632
198 197 3 6235 2.073213072
6 3 3 26782 2.073213152
0 8 3 29636 2.073215212
1 7 3 3075866 2.073216918
162 1 3 25455460 2.073217731
8 149 3 173080 2.073219981
4 160 3 4071354 2.07322122
152 157 3 51650 2.073232194
199 198 3 1129487 2.073232454
153 76 3 19624 2.073238105
163 159 3 55760 2.073239915
11 160 3 4724 2.073243667
163 159 3 4075454 2.073246431
89 2 3 178715 2.073250605
116 41 3 21778 2.073251894
117 114 3 9383854 2.073252947
8 77 3 120602 2.073255138
0 163 3 3526050 2.073255532
117 112 3 1944428 2.073259472
124 119 3 67034 2.073262066
8 6 3 9245284 2.073272732
113 121 3 11598141 2.07327503
162 125 3 86146 2.073283722
193 194 3 2693726 2.073288759
163 52 3 409510 2.073292424
7 151 3 2775583 2.073295231
118 155 3 421313 2.073296518
151 123 3 15473 2.073296987
3 89 3 57210 2.073297537
87 89 3 22206 2.073299854
84 159 3 2800466 2.073300296
195 196 3 382896 2.073301335
151 50 3 251638 2.073305466
5 12 3 158136 2.073309033
185 153 3 52417 2.073317695
14 12 3 5789 2.073319849
193 195 3 78817 2.073320791
47 125 3 305918 2.073324591
159 155 3 4470 2.073325973
40 149 3 83200 2.073330096
11 1 3 691581 2.073330908
40 149 3 7493 2.073332143
4 191 3 31542 2.073333137
79 84 3 2598433 2.073334953
150 114 3 3981 2.073335151
79 0 3 3897 2.073335415
49 114 3 29503 2.073342669
162 116 3 11864 2.073344357
160 200 3 18670 2.073345849
84 86 3 33508 2.073347661
122 126 3 1524410 2.073349039
38 45 3 529 2.073352203
43 148 3 184274 2.07335236
195 2 3 235792 2.073354145
0 124 3 1995600 2.073358881
41 49 3 45870 2.073360672
152 79 3 3072016 2.07337398
15 162 3 1490507 2.073382104
14 80 3 9713579 2.073386481
160 80 3 2784663 2.073388684
161 78 3 4767 2.073391031
117 111 3 57442 2.073392692
85 50 3 149609 2.073394429
43 49 3 8691941 2.073403448
40 46 3 26535 2.073404654
155 126 3 1108971 2.073405001
155 121 3 8183 2.073410122
159 151 3 1550522 2.07341055
2 13 3 7531 2.073412577
81 159 3 25291 2.073415072
48 50 3 3901 2.073418711
6 7 3 541926 2.073419107
15 159 3 9738943 2.073419206
153 194 3 25469 2.073423206
83 81 3 27735403 2.073424116
155 41 3 1009 2.073431624
74 89 3 36792 2.073431791
121 120 3 868836 2.073434319
82 86 3 4867966 2.073443765
14 118 3 374509 2.073443828
45 48 3 1331 2.073444946
41 198 3 8742 2.073446953
153 160 3 47025 2.073450781
0 185 3 788402 2.073456217
3 151 3 4025723 2.073458143
191 195 3 4489817 2.073458462
5 79 3 39951 2.073458495
12 15 3 5197 2.073459309
152 116 3 44941 2.073474067
46 38 3 73677 2.073477414
4 11 3 1331 2.073489854
83 85 3 40105 2.073497742
77 89 3 1434296 2.073497938
192 185 3 149917 2.073504805
84 79 3 2452858 2.073507087
81 89 3 2535088 2.073507274
157 44 3 21763 2.073507777
80 82 3 1255583 2.073508422
153 9 3 70440 2.073508998
39 152 3 206657 2.073511415
13 163 3 2769805 2.073512355
148 126 3 6498 2.073515214
4 161 3 6190 2.073516146
148 157 3 47171 2.073517477
46 119 3 3885 2.073521527
2 126 3 2307 2.073522081
122 116 3 4665452 2.073523639
187 194 3 1263363 2.073524454
14 86 3 1743163 2.07352684
119 124 3 90423 2.073529875
1 159 3 110258 2.073530966
1 15 3 68054 2.073532558
86 2 3 8098 2.073533469
151 157 3 9217831 2.073534306
78 88 3 492572 2.073536309
38 48 3 27011 2.073541905
12 13 3 192567 2.073550707
158 77 3 839763 2.073554513
120 113 3 77383 2.073555899
47 152 3 84244 2.073562456
82 87 3 2782207 2.073563925
161 52 3 2979978 2.073564294
124 119 3 1449008 2.073564664
122 113 3 9960 2.073570879
196 185 3 3581602 2.073574007
79 82 3 28145 2.073576638
152 155 3 69070 2.073582844
189 186 3 8849 2.073584008
196 37 3 7836 2.073584621
84 199 3 2460499 2.073584698
0 11 3 148968 2.073586118
13 2 3 3256 2.07358826
37 149 3 62906 2.07359594
9 150 3 7832055 2.073596581
157 118 3 286778 2.073603012
152 121 3 45582 2.0736083
114 118 3 73237 2.073610591
0 12 3 1533 2.073613549
116 126 3 18190 2.073613731
160 161 3 72632 2.073615219
1 9 3 4509 2.073617725
13 114 3 56198 2.073620225
115 122 3 5078 2.073621639
8 82 3 20112 2.073624058
0 7 3 2586 2.073631786
42 49 3 9131243 2.073642624
0 80 3 4689090 2.07364725
37 51 3 29566 2.073647355
46 37 3 4628626 2.073654517
44 154 3 19833 2.073655288
188 14 3 6242 2.073655859
156 85 3 17052 2.073656205
43 44 3 9244858 2.073661116
199 186 3 20622 2.073671673
126 123 3 374624 2.073671723
150 151 3 1464730 2.073676356
117 112 3 517248 2.073682702
117 125 3 32372 2.073689328
149 159 3 25910 2.073691069
190 196 3 10654 2.073691641
159 5 3 1962016 2.073692141
47 150 3 98063 2.073693093
187 198 3 3951789 2.07369382
148 87 3 184980 2.073694023
1 159 3 409703 2.073708299
12 160 3 406400 2.073717481
49 47 3 1301551 2.07371753
14 161 3 26802 2.073719026
115 112 3 295803 2.073723326
38 87 3 3991201 2.073733514
198 195 3 28353 2.07373662
3 2 3 5472876 2.073739696
117 122 3 69621 2.073739881
84 74 3 78113 2.0737456
3 5 3 144495 2.073747929
38 48 3 14367 2.073748666
40 38 3 18252 2.073750497
7 12 3 2939783 2.073753031
153 48 3 12134 2.073753718
50 8 3 69465 2.07375492
195 198 3 1953 2.073766592
5 14 3 534702 2.073769282
154 152 3 4021579 2.07377127
13 82 3 5400161 2.073776891
158 156 3 23073 2.073779258
199 191 3 23626 2.073780661
76 80 3 663529 2.073781903
188 190 3 1016968 2.073788139
78 84 3 71705 2.073788326
158 15 3 363753 2.073788481
12 160 3 2292383 2.073794751
154 124 3 42857 2.073796007
40 48 3 4544718 2.07379816
186 1 3 3618566 2.073798541
83 84 3 16094975 2.073799369
2 5 3 2138416 2.073806761
37 74 3 662568 2.073809307
76 11 3 328 2.073810632
148 160 3 1433591 2.073815254
113 122 3 4528214 2.07381881
86 84 3 9250149 2.07382132
159 39 3 4466 2.073824332
119 80 3 1676649 2.07383089
0 153 3 5526 2.073832731
3 4 3 7490021 2.073835871
6 51 3 252855 2.07383687
192 194 3 39275 2.073838594
154 8 3 51971 2.073845923
1 10 3 56808 2.073850943
162 153 3 20672 2.07385118
50 41 3 76148 2.073858766
121 115 3 56163 2.073860617
7 6 3 4161 2.073861004
3 163 3 76518 2.073862124
14 0 3 5318 2.073863942
111 120 3 27241 2.07386412
14 158 3 9896 2.073865957
192 78 3 9125 2.073870789
38 155 3 43147 2.073871052
84 87 3 69389 2.073879282
196 190 3 3043406 2.073879928
111 118 3 355 2.073884857
81 200 3 1625795 2.073888519
0 111 3 29848 2.073890531
161 162 3 29475 2.073902042
186 187 3 1191321 2.073902732
14 4 3 7024 2.073905468
86 2 3 78031 2.07391535
51 40 3 17667 2.073917561
152 156 3 51652 2.073918172
190 199 3 160349 2.073918584
158 38 3 1588569 2.073919436
153 6 3 12915 2.073920331
14 7 3 57784 2.073921111
157 83 3 361840 2.073922162
157 189 3 77060 2.073923214
51 49 3 417435 2.073923474
13 112 3 5693600 2.073926649
75 87 3 28947 2.073928317
197 185 3 5977964 2.073933252
156 163 3 62888 2.073936499
161 148 3 199958 2.073941067
14 157 3 34769 2.073942046
161 152 3 5130 2.073942535
117 112 3 27424 2.073943288
10 2 3 4671 2.07395067
193 190 3 36873 2.073951412
149 13 3 943 2.073955903
123 126 3 108503 2.0739591
75 79 3 12994 2.073964277
197 194 3 68950 2.073965837
40 156 3 6572 2.073967798
46 40 3 41815 2.073968606
1 74 3 8050 2.07397217
85 194 3 2726814 2.073973486
14 9 3 4681301 2.073973642
6 152 3 2827799 2.07398665
44 46 3 64006 2.07398734
150 123 3 9247 2.073990832
87 153 3 16864495 2.073993669
43 47 3 27306 2.073995251
40 159 3 9587546 2.073995863
75 80 3 6968921 2.073996407
122 86 3 17287 2.073998492
88 11 3 89472 2.074004766
198 195 3 62939 2.074007419
149 47 3 41496 2.074015137
47 52 3 59397 2.074016555
37 124 3 8756 2.074022646
50 39 3 66810 2.074023381
7 9 3 161987 2.074025372
48 43 3 670851 2.074025605
187 189 3 41339 2.07402673
87 74 3 2139436 2.074028831
154 74 3 39384 2.074031982
119 11 3 831341 2.074039243
14 0 3 1832280 2.074043655
79 77 3 564766 2.074044131
154 155 3 71313 2.074046998
113 117 3 1521374 2.074050481
197 200 3 69671 2.074052977
149 114 3 20135 2.074054857
159 155 3 23469 2.074055272
76 89 3 16585 2.074059514
154 153 3 879113 2.074060354
4 10 3 57580 2.0740658
79 89 3 9245 2.074069681
6 126 3 1999816 2.074072648
7 150 3 5714 2.074075079
198 190 3 18456 2.074077244
186 200 3 37764 2.074078759
76 83 3 2236 2.074086384
161 50 3 6418 2.074086562
49 9 3 7270 2.074089705
15 113 3 4178886 2.074090088
150 157 3 79040 2.074091327
39 49 3 11021 2.074091645
150 1 3 79795 2.074095979
195 12 3 3400644 2.074101338
149 158 3 779105 2.074102743
14 153 3 422988 2.074106625
87 84 3 58024 2.074108187
3 157 3 14315774 2.0741082
15 122 3 994785 2.074116201
46 160 3 80172 2.074118773
162 51 3 53512 2.074120679
44 14 3 1866 2.074121208
43 42 3 1698140 2.074123359
151 76 3 879629 2.074123831
3 86 3 46212 2.074126008
2 77 3 3960246 2.074127866
118 112 3 6576 2.074133062
49 46 3 57718 2.074140343
42 39 3 35464 2.074141313
113 197 3 6468 2.07414206
160 41 3 9429508 2.074143716
6 10 3 2770503 2.074143804
49 37 3 8119330 2.074146127
14 161 3 177173 2.074149177
44 12 3 20978 2.074150643
12 4 3 7548 2.074163291
114 192 3 30393 2.074177173
160 42 3 68047 2.074177712
152 0 3 34047 2.074180373
154 111 3 32812 2.074181381
15 198 3 38670 2.074182494
200 190 3 3485986 2.07418418
12 153 3 8161 2.074187191
6 15 3 1636294 2.074189569
82 89 3 897672 2.074189822
186 188 3 57138 2.074190646
116 126 3 8952270 2.074194909
156 152 3 5643207 2.074197089
112 13 3 38962 2.074197197
160 12 3 12408 2.07420095
15 153 3 78851 2.074206714
11 9 3 4898682 2.074207743
15 156 3 758418 2.074209297
126 124 3 16656 2.074211732
149 80 3 16218856 2.074221217
163 9 3 2750808 2.074221694
84 82 3 29357 2.074222327
186 162 3 18966 2.07422331
162 185 3 8537 2.074227148
150 51 3 64260 2.074231014
12 161 3 3082 2.074231586
194 195 3 35937 2.074234478
185 194 3 14827 2.074236369
187 190 3 1908271 2.074238211
49 150 3 48945 2.074241701
43 48 3 9718 2.074242165
13 151 3 34410 2.074243106
37 45 3 2099304 2.074250155
4 79 3 77969 2.074253551
154 148 3 3600390 2.074257819
115 122 3 2969 2.074259706
148 116 3 24822 2.07426009
200 197 3 5150 2.074260551
187 185 3 5931006 2.074260707
46 38 3 993153 2.074267387
157 86 3 78066 2.074272051
148 192 3 25946 2.074275228
12 15 3 23016 2.074275928
156 118 3 26303 2.074278656
1 156 3 44502 2.074278836
39 42 3 214878 2.07428203
115 124 3 7396664 2.074283622
121 116 3 9422 2.074284225
119 8 3 833509 2.074285605
159 160 3 20343737 2.074286707
113 115 3 137824 2.074288568
193 191 3 67598 2.074289764
198 193 3 49374 2.074291885
50 158 3 146501 2.074296514
186 196 3 30264 2.074298247
11 161 3 9677980 2.074304477
8 3 3 64185 2.074307259
46 151 3 9389 2.074312711
85 82 3 5168 2.074317638
45 42 3 40651 2.074318906
111 161 3 75467 2.074330441
40 37 3 46544 2.074330746
148 149 3 160079 2.074335327
153 114 3 9330 2.074340287
160 118 3 4436 2.074341771
159 154 3 1460584 2.074342395
158 159 3 10951181 2.074342481
149 158 3 592223 2.074344168
37 125 3 4312594 2.074346219
160 149 3 39167 2.074350894
84 85 3 1013580 2.074351269
81 78 3 46108 2.07435266
15 152 3 1018273 2.074353669
42 47 3 126508 2.074358293
192 42 3 1911357 2.074361099
81 74 3 12122 2.074363093
75 84 3 24221 2.074364099
49 46 3 30827 2.074371255
125 114 3 69575 2.074378976
126 119 3 9084047 2.074379609
8 9 3 40827 2.074384784
1 15 3 1719940 2.074388367
111 80 3 69151 2.074389676
46 39 3 19040 2.074390516
163 113 3 14988 2.074391699
46 157 3 6863 2.074394172
87 197 3 1823978 2.074394281
154 150 3 3060 2.07440049
194 189 3 73509 2.074403535
52 44 3 1427 2.07440739
161 154 3 49486 2.074408113
191 49 3 24021 2.074408965
11 41 3 6366760 2.074421572
194 187 3 28455 2.074426901
190 196 3 16575 2.074428395
15 157 3 877878 2.07443185
0 13 3 73470 2.074433622
151 161 3 8395428 2.074433628
49 50 3 6018 2.074434157
159 163 3 5793 2.074439171
14 75 3 42342 2.074441507
5 151 3 64751 2.074446787
191 197 3 3027347 2.074458606
46 150 3 22429 2.074467916
84 77 3 72380 2.074468848
7 12 3 30402 2.074470142
154 156 3 8576416 2.074473655
43 156 3 4072939 2.074478107
120 126 3 64975 2.074485319
37 45 3 78630 2.074485903
155 4 3 912 2.074492742
84 85 3 66723 2.074494419
79 123 3 147378 2.074504042
152 88 3 4645038 2.074504526
153 10 3 2588 2.074506618
11 5 3 1645 2.074507114
12 11 3 79889 2.074507192
154 45 3 221998 2.074514956
1 155 3 5356 2.074519496
10 162 3 18605976 2.074519505
197 200 3 683250 2.074522356
49 45 3 46794 2.074523813
11 83 3 79861 2.074528337
155 151 3 1806317 2.074529118
156 196 3 8619314 2.074533617
1 0 3 19667 2.074534215
188 200 3 70710 2.074538499
9 125 3 14674801 2.074539014
0 160 3 5247 2.074545232
43 158 3 90263 2.074546758
111 126 3 72186 2.074551113
162 118 3 49151 2.074551829
188 186 3 2855252 2.074560665
158 161 3 293164 2.074561312
112 125 3 9996720 2.074561793
44 40 3 75069 2.074566983
77 0 3 46300 2.074577382
11 163 3 9455010 2.074579209
8 13 3 43720 2.074580999
160 1 3 22590 2.074582853
40 45 3 194976 2.074583891
195 198 3 26175837 2.074585722
8 2 3 4128520 2.074588045
152 159 3 22746 2.074603201
49 44 3 4903601 2.074611183
3 153 3 757240 2.074617527
79 82 3 3954 2.07461804
81 187 3 3125 2.074619335
10 8 3 47317 2.074621903
43 42 3 27589 2.074625488
197 198 3 8207 2.074627278
148 4 3 42049 2.074632498
150 42 3 46592 2.074633032
84 77 3 424744 2.074641776
153 81 3 8821 2.074645724
77 78 3 4198 2.074645881
159 160 3 4471 2.074646157
0 157 3 20653 2.074648482
114 120 3 9741 2.074649671
163 47 3 149544 2.074655041
14 2 3 418075 2.074656313
123 126 3 25963 2.074656644
3 158 3 827854 2.074657187
12 5 3 7687 2.074659254
155 150 3 32868 2.074663241
189 190 3 3794859 2.074676926
42 50 3 39964 2.074678634
14 15 3 4536 2.074681437
120 125 3 23094 2.074682274
199 194 3 190896 2.074682675
116 125 3 8836 2.074689389
197 112 3 21036 2.07469057
51 37 3 67146 2.07469166
115 112 3 1189075 2.074700719
45 148 3 63546 2.074711845
158 81 3 4530 2.074713901
121 120 3 16904 2.074716198
49 51 3 13477 2.074721261
2 159 3 61517 2.074727324
14 163 3 23590 2.074729289
190 188 3 992418 2.074730118
151 149 3 7370150 2.074732798
150 163 3 888702 2.074738015
52 39 3 2381262 2.074740449
126 12 3 6899 2.074744086
79 86 3 5467116 2.074744364
47 162 3 8579 2.074749317
10 77 3 21733 2.074750496
12 9 3 3453 2.074751609
87 79 3 7966548 2.074751839
161 114 3 44513 2.07475419
149 13 3 62455 2.074756067
83 41 3 3503211 2.074757146
1 10 3 71468 2.074764197
13 14 3 27305 2.074765781
118 113 3 2430 2.074766151
161 87 3 170551 2.074772068
7 77 3 5948 2.074773952
192 185 3 30925 2.074775653
188 192 3 3235 2.074776099
49 153 3 1106946 2.074776471
119 126 3 98131 2.074779572
10 117 3 6760 2.074780387
154 163 3 190139 2.074792472
11 150 3 67488 2.074797157
79 48 3 43197 2.074798512
87 80 3 478 2.074798596
14 117 3 52017 2.074805101
158 50 3 35344 2.074808344
190 1 3 26523 2.074818332
89 88 3 99962 2.074819389
43 41 3 3975 2.074819667
39 37 3 3496842 2.074820228
15 14 3 757308 2.07482127
13 11 3 5336741 2.074827225
193 186 3 24499 2.074828516
11 159 3 4050638 2.074831705
38 157 3 1468250 2.074833062
197 188 3 459386 2.074833702
85 89 3 2447220 2.074833754
187 114 3 6861802 2.074835578
159 150 3 35744 2.074841534
188 88 3 6661 2.074849111
119 120 3 1897014 2.07486185
78 160 3 59490 2.07486246
15 13 3 5562 2.07486386
163 123 3 27784 2.074869076
8 7 3 53188 2.074870588
11 8 3 1268149 2.074878241
1 162 3 1900359 2.074878567
52 39 3 1258086 2.074883131
4 152 3 20318 2.074883787
86 88 3 3923 2.074884211
185 200 3 837403 2.07488459
8 126 3 735023 2.074887238
11 14 3 9514 2.074887277
2 111 3 25292 2.074889361
152 197 3 3809423 2.074890889
159 115 3 55341 2.074892707
4 78 3 15768 2.074896311
7 160 3 49595 2.074904734
49 79 3 38004 2.074906098
186 161 3 13947 2.074907554
41 38 3 12861 2.074918618
148 14 3 4385290 2.074919956
45 50 3 958 2.07492027
38 42 3 16943 2.074920843
124 122 3 4179391 2.074931036
119 113 3 2749 2.074934979
9 1 3 5534133 2.074936204
14 89 3 90731 2.074936903
158 159 3 768982 2.074938897
189 186 3 116546 2.074941785
194 192 3 66275 2.07494521
121 117 3 16973 2.074948254
76 82 3 13520 2.074952664
76 80 3 24352881 2.074953213
2 149 3 27299 2.074959258
151 152 3 32294 2.074962328
119 124 3 45987 2.074966298
160 161 3 16593 2.074980801
200 195 3 1340519 2.07498141
7 112 3 4381699 2.074983911
15 0 3 45514 2.074989292
115 113 3 28705827 2.074990855
51 157 3 5487733 2.074994802
77 85 3 22227 2.07499538
87 89 3 14900 2.074995907
157 148 3 941252 2.074999969
188 47 3 21831 2.075005902
194 191 3 902 2.07500684
186 187 3 12022 2.075009899
118 126 3 1387476 2.075011703
38 52 3 1763827 2.075014547
46 41 3 9550 2.075014548
160 113 3 7964475 2.075018558
37 43 3 27636 2.07501969
190 117 3 24223933 2.075021147
196 192 3 16971 2.075022456
47 50 3 611558 2.075024979
8 10 3 234877 2.075027716
187 83 3 944132 2.075028672
0 195 3 45051 2.075030424
37 38 3 3970697 2.07503139
4 12 3 166996 2.075031994
148 79 3 118585 2.075033972
185 187 3 4440 2.075035135
88 82 3 1521790 2.075036564
162 9 3 17843 2.07503758
14 15 3 502437 2.07503894
13 123 3 955165 2.07504509
118 113 3 24265 2.075049929
163 159 3 1583556 2.075051918
77 46 3 60731 2.075061852
14 196 3 29267195 2.075065213
162 148 3 5128 2.075075287
76 82 3 55583 2.075078828
126 120 3 1805767 2.075079862
10 111 3 32181 2.075085365
200 199 3 35568 2.075091456
6 83 3 1007790 2.075092644
161 114 3 24251 2.075092823
8 11 3 1338243 2.075094633
49 163 3 44673 2.075097721
163 13 3 2512 2.075098955
85 74 3 41516 2.075100272
152 82 3 8734130 2.075100599
41 48 3 51613 2.075105104
45 52 3 5686615 2.075109372
42 50 3 8955815 2.075114278
49 153 3 7877467 2.07512069
13 1 3 5861056 2.075124286
121 112 3 172415 2.07512652
112 120 3 836573 2.075127783
119 126 3 25688 2.075130463
189 116 3 1967 2.075135501
185 187 3 56401 2.07513699
87 85 3 2793 2.075138487
3 158 3 16291810 2.075138723
185 194 3 1368664 2.075142214
114 46 3 9033 2.075143165
9 156 3 8579626 2.075144659
14 74 3 36294 2.075146656
198 192 3 20395 2.075150686
51 40 3 9315504 2.075151986
44 46 3 164054 2.075159876
7 8 3 29440 2.075161937
4 163 3 197151 2.075165007
85 2 3 37091 2.075169822
1 77 3 102386 2.075171173
189 196 3 13412857 2.075175728
13 11 3 14841 2.075178917
149 9 3 1247068 2.075179155
87 121 3 6277 2.075181479
156 112 3 38670 2.075182116
82 88 3 76418 2.075182242
84 194 3 51889 2.075182283
13 124 3 37385 2.075185528
2 148 3 9689046 2.075188534
49 42 3 32002 2.075192746
49 41 3 4822 2.075193191
76 148 3 65438 2.075199858
124 123 3 48605 2.075201667
38 151 3 4098 2.075205638
4 150 3 193693 2.075216296
1 159 3 4877776 2.075220278
85 78 3 77927 2.075221394
119 117 3 2517 2.075221711
76 80 3 13016884 2.075236111
2 1 3 1784217 2.075240857
154 85 3 50314 2.075244358
7 6 3 34591 2.075261361
185 194 3 1341404 2.07526531
89 80 3 485739 2.075267163
81 84 3 1642309 2.075269144
194 198 3 292669 2.075281158
87 79 3 48240 2.075287612
199 190 3 38622 2.07529096
76 78 3 4978 2.075291744
3 1 3 24110 2.075293377
76 163 3 1084790 2.075295652
150 120 3 935085 2.075295778
44 47 3 65625 2.07530052
76 81 3 1743271 2.075300595
1 49 3 1854116 2.075303618
89 74 3 193682 2.075303978
159 149 3 65191 2.075317215
42 155 3 29978 2.075318395
149 114 3 2198687 2.075319114
199 188 3 6285 2.07532046
1 150 3 553644 2.075323325
149 159 3 3679 2.075324086
120 126 3 3407048 2.075328359
44 45 3 5067235 2.075339033
85 48 3 1923294 2.075340081
156 112 3 1279014 2.075348099
186 189 3 18390 2.075353072
88 87 3 78384 2.075357564
1 156 3 35811 2.075360036
195 196 3 50202 2.075363556
3 6 3 265242 2.075365452
159 7 3 36417 2.075370501
155 121 3 192043 2.075372953
45 118 3 98054 2.075373118
148 116 3 1257633 2.075377882
89 124 3 17144 2.075378793
12 152 3 4547067 2.075385936
198 189 3 27558 2.075387827
149 162 3 139976 2.075389447
88 81 3 6968756 2.075393219
154 161 3 3222747 2.075394024
192 6 3 39657 2.075402131
2 1 3 166249 2.075407186
75 81 3 185815 2.075408395
40 120 3 46409 2.075408481
0 155 3 4494 2.075411398
155 3 3 6655148 2.075413518
185 199 3 31798 2.075414326
15 5 3 4553922 2.075416302
87 44 3 6236323 2.075416783
12 154 3 160159 2.075417195
192 199 3 889391 2.075422722
48 159 3 830658 2.075427181
9 15 3 3715952 2.07543826
159 156 3 28087 2.075438749
14 119 3 35257 2.075442324
38 42 3 1183112 2.075443397
123 120 3 4914104 2.075445734
43 39 3 24384358 2.075447148
86 78 3 198451 2.075447174
155 116 3 116549 2.075448266
10 45 3 29789 2.075454215
48 157 3 4071476 2.075456327
4 162 3 1813879 2.075459271
156 114 3 5700 2.075464349
186 200 3 69031 2.07546689
3 113 3 39527 2.075473139
84 86 3 50007 2.075474254
43 44 3 7621 2.075478281
49 160 3 19657039 2.07547834
76 89 3 1009433 2.075484039
112 15 3 8837 2.075488257
37 39 3 117227 2.075489974
151 148 3 3158739 2.075490536
2 45 3 76806 2.075493015
162 51 3 419138 2.075494289
46 48 3 2867903 2.075500787
161 160 3 484 2.075501025
186 79 3 51318 2.075502822
84 80 3 14618 2.075505094
111 187 3 4426353 2.075505992
199 116 3 9748710 2.075508111
161 162 3 2943158 2.075508806
113 126 3 70754 2.07551363
156 75 3 21204 2.075517088
124 120 3 15726 2.07552481
189 193 3 76769 2.07552488
5 123 3 11789 2.075526018
160 162 3 6107423 2.075536555
185 197 3 41239 2.075539162
48 187 3 43660 2.075540416
41 45 3 9620495 2.075541253
3 118 3 28447 2.075545317
156 157 3 329417 2.075545555
152 155 3 431519 2.075551067
43 49 3 917182 2.075552792
87 88 3 63516 2.075557325
160 163 3 355850 2.075559128
188 199 3 26551 2.075560439
0 126 3 5264693 2.07556674
2 9 3 10198981 2.075569617
15 161 3 6577126 2.075576274
0 41 3 114369 2.075577963
160 148 3 636594 2.075580949
4 77 3 67811 2.075583819
163 148 3 10472 2.075584743
118 123 3 76087 2.075587233
10 5 3 6848549 2.075590424
122 116 3 54320 2.075592329
191 115 3 8076243 2.075600226
7 81 3 149666 2.075602365
163 86 3 1694 2.075608638
12 150 3 20165 2.075609165
162 156 3 2675 2.075611969
50 195 3 39885 2.075614637
194 9 3 9198139 2.075615549
80 76 3 8204240 2.075619772
195 194 3 10178 2.075624048
3 76 3 784859 2.075626436
51 46 3 1235895 2.07562789
126 114 3 5409469 2.075633761
114 123 3 25245 2.075639544
112 117 3 138963 2.075639946
14 197 3 187060 2.075642212
8 4 3 1128 2.075649634
156 79 3 33145 2.075651565
0 162 3 75510 2.075654512
124 123 3 10596 2.075654921
200 193 3 7396259 2.075656074
151 115 3 1219198 2.075656918
1 80 3 854835 2.075659449
48 1 3 31554 2.07566301
41 51 3 9526 2.075670787
152 148 3 6716105 2.07567441
7 75 3 601608 2.075674468
185 88 3 17713 2.075679797
11 79 3 759065 2.075684896
196 116 3 885669 2.075687523
189 193 3 24771 2.07568914
191 196 3 68649 2.075689754
196 80 3 537080 2.075690865
0 150 3 25377 2.075694942
5 116 3 1936605 2.075704608
13 9 3 1311101 2.075710785
39 162 3 21442 2.075712423
10 161 3 45954 2.075713408
185 88 3 3267226 2.075713473
1 194 3 7663 2.075713966
50 151 3 4430 2.075715671
150 159 3 64935 2.075719217
83 81 3 37481 2.07572425
200 190 3 4641 2.075724939
44 43 3 3226382 2.075725479
194 196 3 11554 2.075730271
13 152 3 71383 2.07573053
119 122 3 131167 2.07573732
149 51 3 304577 2.075737767
122 117 3 78313 2.075742227
13 5 3 101305 2.075742833
185 199 3 22314 2.075745161
111 117 3 6119961 2.07575018
11 152 3 9875767 2.075751345
15 163 3 109125 2.075752119
46 45 3 1925694 2.075752282
7 154 3 36214 2.075760539
155 117 3 23208 2.075761967
200 195 3 29091 2.075765754
45 51 3 636145 2.075769594
116 120 3 8928 2.075770146
44 51 3 27956 2.075772445
76 78 3 7003 2.07578282
153 118 3 33123 2.075782905
149 148 3 54257 2.075783189
150 154 3 70666 2.075784539
117 44 3 37986 2.07578751
163 161 3 2483888 2.075787871
150 48 3 58346 2.075788548
5 149 3 18194635 2.075788715
119 124 3 74887 2.075791682
154 115 3 3699010 2.075793769
51 47 3 9042 2.075795175
46 39 3 1608583 2.075805544
148 153 3 105844 2.075806971
50 120 3 52000 2.075810032
4 113 3 5807 2.075810479
47 52 3 7821 2.075811534
9 15 3 28093 2.075812743
119 121 3 25860 2.07581346
78 87 3 51710 2.075814058
41 51 3 26052 2.075820721
163 4 3 8893 2.075830608
49 2 3 21514 2.075833805
44 49 3 481877 2.075835638
50 37 3 4464140 2.075839602
152 157 3 46549 2.075840044
83 82 3 1845 2.075843447
0 152 3 4603 2.075845108
189 197 3 1474247 2.075850196
52 41 3 28421 2.07585094
151 9 3 24134 2.075851113
149 151 3 1076050 2.07585209
157 82 3 15663 2.075852487
194 185 3 38155 2.075853607
77 76 3 197244 2.075858697
126 195 3 1889166 2.075863589
190 188 3 804178 2.075866253
111 122 3 22675 2.075869268
159 13 3 73258 2.075872865
185 193 3 8303 2.07587532
159 114 3 18668 2.075876398
186 199 3 20511 2.075879045
187 199 3 5095 2.075879213
160 149 3 71347 2.075881894
159 86 3 758139 2.075882322
11 83 3 39320 2.075885329
38 149 3 49906 2.075885335
4 200 3 3946891 2.075889156
76 89 3 2978413 2.075891522
163 8 3 1850612 2.075894002
40 47 3 1535 2.075896469
119 123 3 64881 2.075899481
8 163 3 63935 2.075906055
186 196 3 1977540 2.075908693
83 75 3 1266524 2.075909083
12 161 3 5046 2.0759118
47 84 3 1742214 2.075914321
123 121 3 6277581 2.075915899
49 47 3 20986 2.075919094
126 122 3 3758123 2.075922586
158 10 3 3278 2.075931938
125 123 3 1957562 2.075932147
79 185 3 4100442 2.075932489
111 12 3 21617 2.075932703
7 0 3 1810797 2.075934273
9 154 3 1538 2.075936232
4 7 3 37320 2.075936484
86 76 3 143681 2.075936536
52 46 3 1150953 2.075936599
158 157 3 10270959 2.075938127
86 75 3 41829 2.075939292
7 14 3 6842 2.075958278
89 122 3 71495 2.075958613
148 0 3 36454 2.075958861
3 5 3 937113 2.075959863
44 45 3 5761 2.075960424
6 83 3 53886 2.075963592
3 6 3 4871608 2.075965538
157 151 3 16197 2.075966601
13 11 3 336196 2.075974081
115 114 3 50626 2.075975234
155 161 3 485135 2.075975413
80 82 3 763058 2.075976631
115 121 3 29192 2.075976974
77 82 3 49175 2.075978756
81 85 3 68799 2.07598023
153 160 3 9180996 2.075984009
189 82 3 26889 2.075985121
49 46 3 53205 2.075994371
81 82 3 8838 2.075996039
148 2 3 16114 2.075998973
111 114 3 76121 2.076001355
4 3 3 46227 2.076005301
186 159 3 71693 2.076010601
0 160 3 28236 2.07601938
9 6 3 152130 2.076021936
112 152 3 1832 2.076028735
161 148 3 1657 2.076029705
5 157 3 6887558 2.076031079
11 2 3 50330 2.076044576
5 80 3 75056 2.076049415
7 162 3 51661 2.076051046
161 37 3 27001 2.076053558
154 3 3 278003 2.076056655
194 191 3 18617 2.076058018
6 75 3 4042041 2.076058383
159 6 3 1915964 2.076060684
124 125 3 1788731 2.076060872
126 120 3 1219136 2.076064262
14 148 3 46275 2.076066357
153 158 3 4840 2.076067741
190 197 3 1260 2.076071688
124 123 3 2634423 2.076079234
126 117 3 4556836 2.076085253
151 153 3 60391 2.076086113
11 84 3 53770 2.076098603
88 121 3 32744 2.076100695
121 120 3 3591931 2.076102186
115 15 3 22121 2.076102258
111 126 3 240593 2.076110114
10 8 3 818856 2.076112287
3 6 3 62565 2.076115799
152 85 3 641035 2.076116365
120 111 3 34129 2.076121013
113 191 3 942125 2.076122897
158 119 3 2260806 2.076125587
162 154 3 61045 2.076126824
159 155 3 164546 2.076128782
161 3 3 302845 2.076132366
76 87 3 2010395 2.076135341
38 50 3 105039 2.076148391
43 40 3 14086187 2.076148872
153 1 3 6157 2.076149689
111 126 3 2258582 2.076150724
82 83 3 5081 2.076151126
79 121 3 15849 2.076169387
76 38 3 3113344 2.076170491
15 80 3 49143 2.076171147
86 87 3 1588017 2.076172981
192 187 3 56012 2.076174741
37 49 3 73953 2.076177113
9 154 3 403217 2.07618471
43 52 3 72695 2.076189101
117 116 3 22553 2.076189705
74 38 3 23290 2.076191863
192 200 3 64169 2.076193163
10 163 3 2625 2.076194642
41 51 3 79109 2.076197642
193 200 3 1805 2.07620176
13 125 3 28920 2.076202313
8 77 3 7506618 2.076203573
159 152 3 132815 2.076203773
49 46 3 566901 2.076203898
194 191 3 2318271 2.076205165
189 199 3 53397 2.076208651
82 87 3 77773 2.076211812
47 153 3 474101 2.076216607
194 189 3 191464 2.07621923
153 157 3 24824 2.07622128
185 191 3 52363 2.076222801
80 75 3 58573 2.076223941
88 81 3 61545 2.076226871
111 123 3 69811 2.076228808
10 0 3 46379 2.076229602
41 74 3 8303 2.076230384
195 190 3 29136 2.076230521
0 126 3 6792680 2.076231606
161 155 3 26483 2.076234764
48 84 3 5647720 2.076234835
155 78 3 148377 2.076235131
154 123 3 166323 2.076237375
149 153 3 66981 2.076237607
148 51 3 4564854 2.076237969
121 114 3 591022 2.076241047
197 190 3 3733106 2.076243452
157 123 3 55497 2.07624744
8 85 3 51047 2.076247709
126 83 3 2996 2.076251022
13 79 3 59665 2.076259274
8 112 3 71079 2.076260913
84 77 3 202632 2.076261964
154 148 3 1615189 2.076262884
43 46 3 5911 2.076274022
52 41 3 4567311 2.07627621
42 43 3 43485 2.076277124
74 75 3 44818 2.076280581
159 162 3 334018 2.076282087
186 195 3 2180 2.076283329
2 159 3 63843 2.076284067
81 6 3 11680 2.076285202
81 89 3 28882 2.076286704
48 44 3 17534 2.076287628
121 119 3 708024 2.076288549
77 7 3 6036 2.07629095
150 155 3 8137569 2.076292573
163 43 3 33917 2.076293442
200 120 3 1924787 2.076293721
88 81 3 8229246 2.076294591
156 38 3 12293753 2.076295255
193 185 3 710140 2.076306437
52 40 3 49639 2.076306821
154 49 3 182598 2.076307139
156 81 3 1910760 2.076308242
4 0 3 7585096 2.076309479
6 112 3 10120 2.07631284
5 112 3 1209759 2.076313165
117 118 3 5852 2.076313736
7 3 3 27765 2.076319981
5 154 3 5706202 2.07632071
125 112 3 27649 2.076324046
119 126 3 208165 2.076330225
8 13 3 25508947 2.076340263
15 155 3 531634 2.076340938
81 158 3 823378 2.07634363
14 160 3 24531 2.076345872
79 77 3 1739754 2.076348825
74 75 3 41980 2.076351012
185 197 3 12262144 2.0763551
83 11 3 121 2.076355935
199 187 3 49432 2.076357068
75 48 3 67089 2.076361409
87 192 3 39702 2.076363322
148 150 3 4131904 2.076363983
149 154 3 1934906 2.076364954
42 49 3 63474 2.076368586
12 154 3 103159 2.076370929
84 79 3 32990 2.076375065
12 13 3 58626 2.076379209
148 150 3 1158116 2.076384509
159 11 3 1673933 2.076385703
188 186 3 243365 2.076387766
75 86 3 61662 2.076389153
150 160 3 10908 2.076391291
81 148 3 8697979 2.076399269
114 111 3 3078654 2.076399819
11 14 3 31275 2.076400567
186 197 3 15980483 2.076402353
121 115 3 10060812 2.076407093
124 120 3 7630 2.07640772
122 118 3 18421 2.076428046
85 86 3 1220967 2.076429113
1 9 3 22211 2.076431914
157 88 3 2107422 2.076442857
41 153 3 27941 2.076443615
82 86 3 39195 2.076443951
160 43 3 7033648 2.076444053
200 39 3 889185 2.076447358
2 1 3 3162031 2.076449416
1 116 3 127656 2.076455937
155 7 3 3685532 2.076457412
82 87 3 11817 2.076463885
158 116 3 63042 2.076464558
76 74 3 1791338 2.076470675
120 125 3 74528 2.076470996
153 151 3 43 2.076472549
115 118 3 1911808 2.076474804
194 185 3 41999 2.07647754
116 115 3 24311510 2.076478966
188 192 3 5521658 2.076478966
75 78 3 73104 2.076480473
2 77 3 73962 2.076480806
78 80 3 45888 2.07648127
192 190 3 32600 2.076481412
15 9 3 26238 2.076487063
82 74 3 4320031 2.076489061
45 39 3 1086264 2.076489068
82 85 3 9180 2.076489912
41 49 3 7027 2.076490235
120 122 3 9107 2.076490582
191 153 3 40627 2.076498674
52 198 3 56844 2.076500102
113 117 3 5250 2.076505837
51 185 3 74352 2.076506247
163 148 3 6655595 2.076509373
185 200 3 46758 2.076511218
148 151 3 73482 2.076511471
192 191 3 69876 2.076511604
14 161 3 8245 2.076515051
1 153 3 6137090 2.07651848
189 200 3 1988 2.076518974
152 15 3 942846 2.076521786
48 43 3 1833116 2.076525417
155 88 3 71394 2.076526433
76 74 3 1346887 2.076527975
88 83 3 534639 2.076528124
121 119 3 68778 2.076529054
112 149 3 184214 2.076537651
162 1 3 15072 2.076544346
162 155 3 64710 2.076546682
4 150 3 29623 2.076547766
50 37 3 27134 2.076552766
83 85 3 62890 2.076556786
192 196 3 2856 2.076557175
115 114 3 7461767 2.076559008
49 48 3 4768 2.076559612
9 81 3 818528 2.076562059
187 188 3 22364 2.07656338
197 157 3 883003 2.076564671
1 85 3 621 2.076566232
14 40 3 7882 2.076566335
150 46 3 9591814 2.076569501
114 119 3 960048 2.076572772
191 190 3 7808778 2.076574816
10 0 3 39231 2.076577
151 159 3 4074370 2.07657734
3 14 3 267734 2.07657996
77 76 3 31467 2.076584159
46 155 3 61913 2.076584395
83 77 3 51197 2.076589669
150 80 3 3515929 2.076592764
3 195 3 1839519 2.076593295
117 114 3 56698 2.076595972
0 124 3 3574725 2.07659797
8 3 3 51600 2.076603087
192 200 3 39320 2.076608183
45 37 3 1428436 2.076608797
152 120 3 20864 2.076610473
185 116 3 4501 2.076616585
188 11 3 4966535 2.076617252
148 152 3 42524 2.076621985
89 88 3 149240 2.07662364
81 74 3 5374188 2.07663053
112 123 3 20966 2.076632301
159 160 3 906474 2.076634131
190 186 3 90796 2.07663889
6 39 3 36426 2.076640201
152 158 3 1319468 2.076640812
116 119 3 448170 2.076642291
114 163 3 1644293 2.076647245
51 121 3 9092 2.076648889
39 41 3 27863 2.076651386
6 157 3 7305 2.076653609
198 199 3 43583 2.076657604
2 50 3 147463 2.076659555
0 6 3 17253 2.076669436
37 124 3 9637134 2.07667078
84 81 3 69753 2.076675875
198 154 3 686452 2.076678351
8 158 3 4260886 2.076678707
190 200 3 536027 2.076680279
160 149 3 47554 2.076683342
126 75 3 3332610 2.076683822
160 161 3 835930 2.076684912
111 118 3 3708 2.076687955
191 44 3 17953 2.07668796
8 4 3 4726946 2.076689319
159 83 3 1571137 2.076693436
149 116 3 28509 2.076695107
152 118 3 34971 2.076696829
77 82 3 22868529 2.076697254
185 191 3 43336 2.076698008
193 114 3 43810 2.076701491
76 88 3 1840 2.076703039
154 193 3 44744 2.076705527
42 43 3 23111893 2.076707348
149 156 3 8326 2.076708575
80 76 3 4337053 2.076709034
0 15 3 65473 2.076709497
50 51 3 5168359 2.076725944
43 4 3 2020325 2.076727123
75 78 3 22167666 2.076728015
41 39 3 4959181 2.076732571
13 76 3 258543 2.076735309
11 2 3 162280 2.076737543
12 10 3 2847609 2.076740166
77 88 3 936 2.076741871
155 8 3 49453 2.076742117
6 152 3 2705544 2.076744847
43 76 3 46991 2.076745555
79 81 3 66416 2.076748399
120 116 3 33234 2.076750708
190 196 3 4344 2.076752649
15 11 3 37210 2.076753823
185 197 3 26053 2.076757689
159 150 3 1545475 2.076758166
47 115 3 15684 2.076762155
122 113 3 51718 2.076763242
1 13 3 543749 2.076765413
120 113 3 61916 2.076766716
150 120 3 501069 2.076771432
51 48 3 1452521 2.076773084
150 117 3 943 2.07677379
157 74 3 3216282 2.07678083
153 39 3 35285 2.076783496
152 159 3 4156708 2.076786164
7 83 3 42868 2.076789015
163 51 3 28935 2.076803876
80 77 3 676298 2.076805936
79 185 3 185616 2.076810269
119 122 3 25483107 2.076812781
155 148 3 949636 2.076815529
192 188 3 17255 2.076819408
11 155 3 175225 2.076820661
120 122 3 25247 2.076821693
89 88 3 25085 2.076822027
13 120 3 5780022 2.076822548
163 88 3 21055 2.076822844
118 122 3 5329180 2.076828131
155 149 3 13882 2.076829246
82 89 3 2549339 2.076830234
9 52 3 4791813 2.076837685
162 15 3 2988796 2.076838778
119 126 3 1795816 2.076840128
111 119 3 2726 2.076840989
200 12 3 39809 2.076849457
38 46 3 1949747 2.076849499
189 191 3 5298051 2.076850563
187 194 3 9095 2.076855598
112 117 3 28899 2.076857919
190 51 3 2504113 2.076860788
118 117 3 26917 2.076866393
113 0 3 35595 2.076872909
9 81 3 22364 2.076874236
77 86 3 7251851 2.076874668
8 123 3 55033 2.076875864
155 153 3 49999 2.076878325
10 14 3 1597704 2.07687942
82 6 3 69078 2.076881181
78 85 3 7263 2.076883028
83 86 3 297811 2.07688409
162 12 3 67103 2.076885198
185 186 3 26264 2.076889151
116 118 3 3797 2.076900604
4 11 3 15527665 2.076904281
163 162 3 6677005 2.076904456
154 163 3 17537 2.076920174
152 156 3 1153577 2.076920974
5 0 3 59568 2.076924225
154 163 3 89780 2.076927549
158 116 3 33868 2.07692813
152 112 3 2850 2.076931943
13 86 3 4453793 2.076933829
125 122 3 76412 2.07694118
126 112 3 3086855 2.076946479
196 186 3 394481 2.076954299
11 151 3 11059123 2.076956493
9 11 3 6650264 2.076959254
3 149 3 568563 2.076959477
151 40 3 91186 2.076961491
196 185 3 8178 2.076964729
197 198 3 794757 2.076976969
10 81 3 1597 2.076977104
188 195 3 81990 2.076981788
39 38 3 19000 2.076982995
13 15 3 71134 2.076984415
51 43 3 47604 2.076985557
149 86 3 1387920 2.076985989
161 163 3 43463 2.076992076
192 188 3 74616 2.076993855
159 148 3 29731 2.07699435
37 122 3 219002 2.076995192
14 152 3 2605430 2.076997683
116 10 3 4267 2.076997943
51 45 3 7209 2.07699928
120 124 3 117843 2.077000967
43 52 3 6559295 2.077004085
161 150 3 3008678 2.077006148
38 41 3 3259207 2.077006665
49 111 3 4069 2.077006704
47 52 3 173753 2.077012053
0 160 3 4015769 2.077014765
120 6 3 342610 2.077014926
15 74 3 4265 2.07701606
152 11 3 27951 2.077016118
153 112 3 4326358 2.077017965
192 187 3 48624 2.077018557
37 38 3 719923 2.077019545
2 123 3 8856 2.077021579
160 14 3 832183 2.077021963
163 120 3 27356 2.077022771
46 15 3 4639661 2.0770235
193 148 3 74196 2.077028663
185 200 3 3001377 2.077028828
13 195 3 221622 2.07703471
115 123 3 5363 2.077036509
86 88 3 18141734 2.077038107
14 2 3 6024071 2.077040931
6 8 3 3535 2.077041211
15 112 3 1309266 2.077043881
190 47 3 3679 2.077045559
4 160 3 9731 2.07704743
40 43 3 2681609 2.077053421
188 199 3 247375 2.077057353
159 39 3 15447 2.077060933
126 119 3 14 2.077063854
52 45 3 31900 2.077063955
163 47 3 3741989 2.077067836
162 159 3 83349 2.077074475
88 119 3 39775 2.077075594
89 9 3 50797 2.07708354
195 14 3 4409 2.077084842
11 46 3 28741 2.077087125
122 120 3 1197133 2.07708826
6 163 3 935588 2.077106147
114 115 3 28344843 2.077113128
194 192 3 70536 2.0771223
81 79 3 35475 2.077126036
85 79 3 1245673 2.077127213
6 89 3 967898 2.077127612
39 48 3 67723 2.077128583
6 14 3 2098 2.077128767
82 86 3 48767 2.077131067
121 86 3 6630 2.077133365
40 49 3 9730047 2.077137105
45 43 3 7927 2.077139223
85 82 3 163893 2.07714366
162 154 3 14424 2.077160567
151 157 3 80505 2.077161597
15 162 3 36203 2.077167176
189 192 3 1087850 2.077167381
79 75 3 67682 2.077172197
151 154 3 619696 2.077174361
15 156 3 4265501 2.077174428
125 113 3 741716 2.077184897
5 161 3 70380 2.077189372
11 84 3 5746860 2.077195892
77 89 3 21 2.077198575
1 198 3 6084 2.077200974
196 199 3 696090 2.077203821
200 195 3 137851 2.077208812
148 8 3 3712734 2.077209857
85 86 3 30817 2.077214112
38 49 3 33429 2.077216042
11 15 3 25541 2.077218059
113 77 3 56299 2.077223609
44 40 3 298 2.077224283
157 151 3 1506250 2.077224505
2 160 3 112488 2.0772355
153 158 3 73186 2.077236775
41 51 3 37631 2.077239939
189 188 3 75255 2.07724129
161 152 3 16563 2.07724232
78 85 3 79437 2.077247995
15 12 3 1217 2.077249233
13 8 3 32695 2.077252704
39 40 3 9684017 2.077257725
200 197 3 6470 2.077257743
155 152 3 13863 2.077259751
83 49 3 69205 2.077261452
163 162 3 544834 2.077262109
117 192 3 29437 2.077265869
7 116 3 1854280 2.077268457
200 191 3 47514 2.077271435
155 148 3 1733448 2.07727416
89 74 3 51028 2.077275136
193 194 3 4267 2.077294321
197 193 3 816803 2.077296846
74 85 3 64674 2.077297266
81 79 3 63807 2.077302676
126 120 3 46625 2.077305666
161 83 3 56199 2.077306943
75 82 3 8729 2.077312687
148 88 3 7391 2.077314484
8 3 3 70083 2.077317231
188 195 3 22725 2.077317299
113 124 3 185855 2.077323089
126 80 3 3208 2.07732496
113 124 3 73104 2.077325381
40 43 3 27842 2.077325859
195 45 3 67037 2.077327112
38 122 3 4330708 2.077328631
43 40 3 402417 2.077332296
194 198 3 2665833 2.077334268
48 50 3 60978 2.07734933
81 86 3 31885 2.077356801
163 153 3 5903 2.077359134
114 89 3 78930 2.077371752
114 116 3 62129 2.077371946
10 153 3 25045 2.077372268
46 37 3 4607 2.077372793
82 88 3 68699 2.077376034
125 117 3 75556 2.077376941
86 37 3 20882 2.077378998
76 84 3 1571709 2.077379447
150 158 3 6118 2.077381229
37 52 3 20570 2.077382226
41 154 3 9472 2.077384301
83 74 3 61855 2.07738487
51 154 3 8908546 2.077386856
79 75 3 20993 2.077402862
51 48 3 279008 2.077404341
8 81 3 19232 2.077408307
153 81 3 3097371 2.077414224
80 78 3 33787 2.07741859
151 87 3 28541 2.077422597
78 84 3 38329 2.077432339
81 86 3 76929 2.077433064
74 80 3 55581 2.077436769
4 156 3 195466 2.077442027
148 4 3 444357 2.077446755
1 120 3 14861 2.077446882
39 47 3 19963 2.077451153
4 14 3 237971 2.077451393
89 75 3 54335 2.077455111
4 126 3 1138325 2.077457516
159 40 3 336330 2.077458277
89 75 3 8228887 2.077459022
2 1 3 26028803 2.077463177
150 158 3 47983 2.077473816
79 87 3 22893 2.077475535
7 8 3 3597541 2.077476243
0 155 3 482788 2.077485744
6 79 3 1554571 2.077486832
157 117 3 29160 2.077490332
151 156 3 135102 2.07749175
14 162 3 997393 2.077498216
162 163 3 1554928 2.077506632
81 82 3 56143 2.077508882
158 37 3 41656 2.077509792
189 187 3 1648266 2.077509962
125 111 3 72294 2.077512463
111 117 3 33837 2.077512873
158 160 3 134566 2.077513036
155 43 3 73886 2.077519424
111 125 3 196761 2.077522952
84 4 3 1681119 2.077523714
0 114 3 8400192 2.077527201
11 163 3 9586 2.077530648
191 0 3 9783 2.07753182
199 189 3 1456 2.077532165
49 38 3 56755 2.077535231
85 76 3 1396545 2.077541889
160 153 3 32195 2.077542101
154 157 3 26315 2.077545453
2 8 3 1038822 2.077546629
47 41 3 6122 2.077548445
194 195 3 7708349 2.077549581
197 189 3 63984 2.077552486
9 120 3 160748 2.077553444
48 42 3 65686 2.077556714
6 4 3 441253 2.077556772
78 80 3 166061 2.077560208
124 120 3 4738680 2.077563815
79 85 3 2012458 2.077565158
120 114 3 85784 2.077567388
160 51 3 11268 2.077571244
13 116 3 18429618 2.077572909
112 116 3 2870 2.077573074
49 48 3 1892674 2.077577768
6 111 3 1331 2.077581137
2 199 3 37874 2.077581264
188 189 3 157967 2.077581386
49 48 3 131938 2.077584662
85 75 3 58437 2.0775858
81 76 3 20372 2.07758976
159 77 3 157095 2.077589828
114 115 3 432528 2.077598633
117 113 3 6410 2.077598854
118 111 3 37074 2.077601259
153 41 3 7619745 2.077603997
156 122 3 12131046 2.077604032
15 161 3 11034 2.077608971
156 77 3 3302034 2.077610874
123 9 3 12951009 2.07761748
9 12 3 9905 2.077621415
122 123 3 6170 2.077622962
82 80 3 4907975 2.077624358
190 194 3 654628 2.077629338
156 111 3 1158 2.077634663
118 125 3 38580 2.077636081
37 4 3 6857 2.077637183
13 81 3 28889 2.077638396
11 151 3 34691 2.077642779
5 40 3 58413 2.07764883
45 41 3 14061 2.077656085
152 80 3 73068 2.07765851
113 119 3 32940 2.077661817
89 82 3 1892601 2.077662085
50 51 3 1051270 2.077666285
156 6 3 830 2.077668102
185 162 3 47018 2.077671314
85 84 3 6450804 2.077673165
0 15 3 19071 2.077674344
148 157 3 2031 2.077676639
158 162 3 1411815 2.077677214
40 50 3 29333 2.077679932
5 11 3 71620 2.077681778
148 1 3 6639 2.077682797
123 116 3 7904886 2.077683143
50 46 3 63648 2.077691345
185 188 3 6584896 2.077697733
121 125 3 28634 2.077698091
114 118 3 98769 2.077703477
120 111 3 19502 2.077703727
42 194 3 8114 2.077709073
121 199 3 8528992 2.07771177
160 148 3 2722283 2.077713725
161 150 3 65660 2.077713808
190 50 3 229051 2.077714461
156 152 3 40047 2.077714935
15 153 3 763049 2.077715244
160 48 3 5356 2.077716256
13 9 3 182384 2.077716553
185 190 3 1826198 2.077719589
82 86 3 39267 2.077723158
8 152 3 11910 2.077723932
161 148 3 71327 2.077723951
0 10 3 3563 2.077726693
47 158 3 3438468 2.07772937
82 86 3 7820 2.077734453
192 191 3 1670037 2.077735598
117 120 3 55642 2.077735891
197 196 3 567449 2.077737322
120 112 3 8749 2.077740697
5 74 3 3274277 2.077743803
43 46 3 71794 2.077745905
148 159 3 31206 2.077748065
45 15 3 1655247 2.077749376
161 189 3 1681987 2.077751221
120 123 3 3013259 2.077753093
187 185 3 71891 2.077755133
0 150 3 35347 2.077757106
1 157 3 49560 2.077757172
37 45 3 255344 2.077771089
189 191 3 61556 2.077778958
3 157 3 17529 2.077780001
88 89 3 8879 2.077780693
156 43 3 45424 2.077780842
125 111 3 7240 2.077781646
46 188 3 7250352 2.07778454
163 74 3 798720 2.077785088
42 49 3 6296864 2.077788031
115 111 3 35426 2.077792434
192 188 3 40231 2.077793841
86 79 3 1575778 2.077794142
190 198 3 25344 2.077794335
15 148 3 561 2.077796454
7 151 3 649310 2.077797828
14 148 3 2444 2.077798644
150 156 3 114584 2.077802965
152 158 3 22713 2.077808149
0 6 3 166797 2.077811738
121 120 3 1857707 2.077812276
82 75 3 920463 2.077814863
185 198 3 13727 2.077817348
12 6 3 6204 2.077821381
46 52 3 17346253 2.077826272
162 124 3 26821 2.077826915
158 186 3 58621 2.077828386
15 160 3 3408287 2.077828846
123 117 3 81421 2.077830938
161 1 3 4874056 2.077832477
6 156 3 1930391 2.077833628
114 121 3 1810865 2.077834043
77 78 3 1819749 2.077834354
13 12 3 58803 2.077835816
158 76 3 1135066 2.077835826
4 154 3 60302 2.077837524
195 151 3 4392 2.077837838
151 153 3 65452 2.077840262
189 199 3 21142 2.077845506
158 114 3 30913 2.077851917
46 43 3 24706 2.077855839
120 88 3 817520 2.077862489
6 12 3 25020 2.077867422
156 148 3 45904 2.077868905
4 14 3 7085 2.077874744
76 88 3 5378251 2.07788225
185 6 3 4383021 2.077891013
160 153 3 199896 2.077891063
153 161 3 129677 2.077891447
37 44 3 1583028 2.077892304
14 150 3 7859 2.077894863
75 85 3 4353 2.077897448
5 158 3 8919 2.077897739
15 126 3 513604 2.077899996
186 190 3 66911 2.077900005
14 10 3 5048 2.077901834
5 155 3 25336 2.077908262
41 52 3 12405 2.077910755
38 162 3 772887 2.077911555
188 200 3 49023 2.077912724
85 81 3 2839394 2.077921311
51 149 3 30307 2.077921701
39 38 3 1252202 2.077922108
15 111 3 11433 2.077924964
45 44 3 499685 2.077926374
10 0 3 186 2.07792675
187 189 3 6986 2.077926846
89 41 3 63691 2.07792903
13 1 3 149115 2.07793067
195 196 3 3709830 2.077931029
47 148 3 127503 2.077934583
10 151 3 73520 2.077934934
37 41 3 2273 2.077937594
86 87 3 3872881 2.077938216
9 76 3 6425816 2.077938678
13 1 3 27993 2.077940885
114 122 3 24105 2.07794191
9 14 3 14913 2.0779436
187 200 3 5483 2.077943831
45 52 3 981409 2.077945631
43 192 3 5690355 2.077946827
113 123 3 3586868 2.077949467
150 160 3 3103552 2.077950729
45 41 3 8445903 2.077950973
187 193 3 5942295 2.077951641
83 78 3 4183 2.077955007
200 187 3 12589 2.077955356
80 82 3 1007891 2.077960965
15 154 3 7653 2.077961593
3 2 3 38427 2.077961876
190 192 3 64030 2.077961912
159 39 3 5420775 2.077967178
153 151 3 1228299 2.077973071
151 52 3 78258 2.077977671
50 156 3 1655739 2.077995952
187 193 3 5988542 2.077995987
2 13 3 38945 2.077997647
185 195 3 43769 2.077998446
15 123 3 1534263 2.078003162
75 82 3 5729 2.078010411
82 79 3 6732361 2.078010468
149 41 3 46049 2.078011565
126 112 3 9474954 2.078013888
157 9 3 7017289 2.078019863
7 121 3 5966783 2.07802603
200 189 3 116572 2.078028344
148 83 3 58378 2.078031321
37 39 3 25228 2.078033583
161 4 3 4448749 2.078036715
47 52 3 562424 2.078040498
149 83 3 213187 2.078046117
75 84 3 2469625 2.078051262
153 51 3 682482 2.07805299
11 6 3 79166 2.078053317
38 49 3 50961 2.078053721
49 197 3 2749 2.078057761
0 5 3 42542 2.078057981
111 119 3 1563460 2.078060198
192 193 3 402889 2.07806086
120 118 3 865143 2.078061706
81 86 3 57981 2.078062502
161 156 3 6985035 2.078066695
160 152 3 27362 2.078067732
15 4 3 109084 2.078068763
5 14 3 55740 2.078070356
82 191 3 6398665 2.078072249
9 151 3 78943 2.078074247
51 39 3 1968416 2.07807589
15 41 3 22419 2.078080503
5 88 3 151204 2.078089876
85 76 3 47389 2.078091649
153 149 3 158788 2.07809285
114 113 3 124602 2.078094189
189 193 3 3444590 2.078097204
5 10 3 3588 2.078099756
148 39 3 66508 2.078103487
9 117 3 61274 2.078110105
194 192 3 66376 2.078111148
195 188 3 25504 2.078111572
9 149 3 23696 2.078111889
13 4 3 40832 2.078122456
189 79 3 22535 2.078135374
153 160 3 8979205 2.078139175
87 5 3 7960 2.07814496
7 160 3 53 2.078147762
79 83 3 3790 2.078148895
1 11 3 25583 2.078151302
11 163 3 1492948 2.07815211
112 120 3 42537 2.078157119
12 162 3 5198 2.078160427
78 86 3 5156 2.07816171
196 185 3 9836 2.07816299
198 157 3 1684 2.078162996
47 157 3 60011 2.078168502
87 83 3 24211 2.078172617
81 74 3 1646843 2.078174673
114 111 3 5395 2.078181518
197 199 3 31061 2.078189936
190 187 3 8134 2.078191315
157 42 3 584903 2.078191694
152 41 3 27473 2.078192019
194 200 3 7363 2.078195448
11 76 3 10202 2.078195603
87 85 3 4338749 2.078196509
185 187 3 5492258 2.078198761
7 3 3 15538664 2.078210728
83 80 3 1840049 2.078211817
81 15 3 8777490 2.078215838
158 156 3 6551 2.078219565
44 39 3 647030 2.078222877
37 49 3 1052666 2.078223497
200 191 3 5529197 2.078223522
157 153 3 1061958 2.078226071
148 11 3 2490 2.078226473
148 76 3 2645282 2.078227858
149 163 3 488396 2.078228425
119 117 3 1127322 2.078229058
122 113 3 5728001 2.078232111
153 159 3 185980 2.078235477
77 88 3 28084768 2.078240465
124 116 3 1411637 2.078240643
148 13 3 20873 2.078244953
124 200 3 8076270 2.078245569
7 81 3 5207252 2.078246849
42 154 3 66196 2.078248127
157 117 3 61584 2.078248267
119 122 3 20117 2.078249334
156 6 3 854058 2.078250152
37 45 3 7649 2.078252774
163 37 3 62856 2.078257664
121 125 3 2067 2.078258414
0 148 3 26179 2.078266351
76 88 3 50199 2.078267529
5 119 3 12306 2.078269258
14 8 3 855621 2.078272268
0 154 3 55044 2.078272645
158 11 3 17386 2.078277276
79 81 3 5293496 2.07828191
186 200 3 2689164 2.078285401
37 75 3 31920 2.078286838
8 3 3 20002 2.078288973
50 88 3 8042882 2.078289351
148 85 3 55407 2.078297825
114 125 3 45958 2.078299386
41 161 3 19532 2.078301799
87 43 3 7539 2.078301982
117 114 3 74301 2.078302855
41 51 3 7102 2.078304016
189 196 3 20370 2.078309897
153 80 3 66744 2.078311429
152 156 3 21890 2.078311803
152 52 3 25575 2.078313611
195 196 3 34716 2.078314144
155 7 3 511025 2.078316478
3 74 3 60268 2.078320297
9 114 3 3410 2.078321511
111 121 3 1366005 2.078323157
76 80 3 37400 2.078325457
3 149 3 8701571 2.078327395
185 188 3 36391 2.078329585
151 10 3 52505 2.078331807
114 125 3 6614 2.078331947
4 159 3 3223320 2.07833341
48 50 3 3779 2.078336374
7 87 3 1675357 2.078338724
6 162 3 55 2.078339725
188 42 3 3212602 2.078342538
196 13 3 8958 2.078346236
120 158 3 125600 2.078348872
189 14 3 33622 2.078348923
116 122 3 48637 2.078349904
5 158 3 44839 2.078352152
39 43 3 3979322 2.078354695
1 163 3 1888 2.078356882
5 3 3 30530 2.078359272
154 44 3 2744460 2.078364331
52 49 3 46293 2.078365794
82 87 3 25408 2.078370696
126 113 3 39610 2.078372274
124 113 3 39693 2.07837253
188 187 3 5787671 2.07837402
150 117 3 7623288 2.078376731
157 51 3 5059585 2.078382436
190 149 3 24052 2.078382933
47 119 3 3029564 2.078383823
158 38 3 39979 2.078385574
125 121 3 643417 2.078392722
3 15 3 27658 2.078398975
13 159 3 8948392 2.078404947
39 197 3 966484 2.078405135
74 76 3 1424850 2.078406161
76 88 3 20032670 2.0784073
124 117 3 394 2.078408432
155 154 3 29334274 2.078410587
89 81 3 737901 2.078413078
153 119 3 38645 2.07841358
8 12 3 20319 2.078421045
161 8 3 151266 2.078425466
10 12 3 1377843 2.078425592
151 150 3 2725 2.07842697
38 41 3 27971 2.078428047
158 2 3 18790 2.078428236
196 187 3 2549715 2.078435906
196 85 3 1638917 2.078444015
193 186 3 172106 2.078445324
44 37 3 9481 2.078447335
88 76 3 513390 2.078450032
159 1 3 44672 2.078451607
116 123 3 6145 2.078452869
119 113 3 1316592 2.078453555
9 0 3 20810 2.078456575
39 162 3 30076 2.078461509
85 162 3 5490728 2.078462049
148 0 3 117708 2.078462076
153 161 3 1392105 2.07846208
80 78 3 1759695 2.078465296
10 159 3 44277 2.078468787
81 78 3 249 2.078469704
116 114 3 5482788 2.07847081
12 80 3 60254 2.078478426
115 5 3 1590289 2.078482913
15 123 3 57885 2.078487329
156 148 3 14846 2.078490115
2 11 3 5888 2.078490566
148 120 3 3544 2.07849124
79 85 3 76206 2.078493883
14 162 3 1993493 2.078499434
196 185 3 15239 2.078501841
163 5 3 67989 2.078506956
11 85 3 496261 2.07850985
43 197 3 78689 2.078510039
162 156 3 787883 2.078512002
200 199 3 50204 2.078513346
155 4 3 24599 2.078514132
116 118 3 5654 2.078515827
47 148 3 69657 2.078520976
121 122 3 789368 2.078522192
124 187 3 128953 2.078529958
45 43 3 33561 2.078530297
200 191 3 31532 2.078531754
149 151 3 4093630 2.078534557
79 191 3 507304 2.078535372
50 42 3 9687 2.078540829
195 199 3 3043110 2.078541111
1 162 3 1601727 2.078551249
40 154 3 1629805 2.07855635
157 195 3 6876 2.07855867
156 150 3 55109 2.078564786
49 47 3 83055 2.078564873
118 124 3 16007 2.078585834
86 82 3 21686 2.07858909
162 159 3 881720 2.078590935
112 162 3 5268013 2.078594986
44 38 3 128618 2.078595273
7 88 3 24527 2.078595338
46 41 3 8077031 2.07859644
162 153 3 14730 2.078597004
199 198 3 74481 2.078597022
159 5 3 514270 2.078604555
82 115 3 1571993 2.078606144
124 123 3 4088822 2.078606581
0 3 3 26620 2.07861064
189 198 3 7088 2.078612943
50 49 3 632032 2.078620944
1 12 3 3089811 2.078620958
197 188 3 1454911 2.07862145
77 79 3 25735 2.078625777
121 198 3 27108 2.078635519
195 199 3 7181401 2.078637122
116 76 3 69150 2.078639683
47 42 3 54328 2.07864069
8 149 3 792368 2.078643713
41 83 3 13846 2.078647411
185 193 3 14230 2.07864776
112 115 3 106177 2.078650997
12 11 3 7574 2.078652694
126 46 3 34875 2.078655439
8 81 3 134784 2.078658189
189 190 3 267532 2.078662527
124 121 3 301874 2.07866292
111 112 3 50524 2.078665464
163 52 3 21234139 2.078665579
40 37 3 3463359 2.078665937
190 196 3 10696 2.078667774
11 112 3 29572 2.078672345
80 79 3 1647529 2.078672352
120 119 3 6119 2.078679843
112 111 3 199421 2.078685733
14 163 3 16823 2.078687478
10 9 3 5526569 2.078688486
1 13 3 2861 2.078692727
43 39 3 2441741 2.078697511
157 0 3 287638 2.078702477
49 43 3 1356866 2.078703358
187 193 3 46625 2.078705115
148 82 3 8308286 2.078714538
79 74 3 4709655 2.078721962
43 50 3 3440 2.078730401
87 84 3 1854 2.078730697
7 12 3 7462 2.078733312
155 153 3 61230 2.078734603
15 125 3 57924 2.078737009
6 9 3 27838 2.078739941
39 51 3 9147381 2.078743517
197 185 3 8156985 2.078744191
80 79 3 3351940 2.078745008
15 5 3 36282 2.07874608
15 1 3 20854 2.078748855
153 117 3 21854 2.078749552
12 77 3 1122379 2.078750705
157 152 3 3310 2.078750763
3 12 3 49218 2.078752845
154 151 3 6656602 2.078753938
7 116 3 4135180 2.078754097
74 76 3 57635 2.078754433
82 77 3 34223 2.078755854
44 48 3 72373 2.078755925
82 88 3 55945 2.078758935
191 193 3 23983 2.078762914
83 89 3 1736712 2.078764886
10 12 3 11305 2.078773444
9 38 3 2731 2.07877396
186 77 3 3467886 2.078780963
45 122 3 3668298 2.078781638
115 126 3 52796 2.078782689
123 126 3 1604 2.078783504
0 9 3 132080 2.078786164
198 154 3 2448185 2.078787453
43 155 3 3985284 2.078795785
126 74 3 50566 2.078796831
155 125 3 681415 2.078797408
2 7 3 448 2.078799051
44 46 3 793694 2.078800357
43 12 3 923851 2.078811962
188 39 3 1364844 2.07881258
1 14 3 63193 2.078813208
151 161 3 19838 2.078813855
152 8 3 629870 2.078814338
112 113 3 367268 2.078814764
10 6 3 48468 2.078815458
200 75 3 1593 2.078818085
191 88 3 1492596 2.078820229
191 185 3 6027528 2.078822279
112 119 3 2927167 2.078823073
162 158 3 4640956 2.078825591
185 194 3 513928 2.07882802
44 42 3 2029200 2.078833162
124 156 3 24076 2.078835643
111 126 3 4882 2.078839067
189 185 3 188396 2.078839613
154 148 3 60088 2.078841817
124 41 3 302777 2.078843022
1 125 3 48065 2.078854476
153 120 3 1901953 2.078855417
37 8 3 6611525 2.078856819
148 160 3 142041 2.078856959
155 82 3 51394 2.078857363
118 114 3 29863 2.078857744
121 114 3 348731 2.07886037
1 3 3 1954251 2.07886207
114 51 3 24864 2.078862276
80 85 3 3178663 2.078862853
190 44 3 57529 2.078863309
45 43 3 74643 2.078864808
116 122 3 2893 2.078871287
197 188 3 29953 2.078871772
6 77 3 4270 2.078874096
74 82 3 722820 2.078874287
159 152 3 3781400 2.078877911
85 76 3 6575 2.078878986
52 37 3 1276997 2.07888274
159 40 3 1706 2.078886097
118 52 3 687816 2.078893735
45 39 3 9765765 2.078897877
74 81 3 57020 2.078897987
5 161 3 75856 2.078902724
9 6 3 28181 2.078913953
114 189 3 4895501 2.07891515
186 3 3 168350 2.078921489
11 9 3 56289 2.078923875
125 111 3 9074 2.078924419
152 157 3 38902 2.078926835
123 116 3 63813 2.078938627
126 37 3 1764169 2.078940722
43 156 3 309725 2.078943021
39 38 3 108516 2.078944384
7 153 3 1493 2.078945324
12 155 3 717598 2.078946549
4 0 3 160757 2.078949327
186 191 3 19809135 2.078949631
43 46 3 733034 2.078950029
160 10 3 150347 2.078955245
42 38 3 42490 2.078956236
87 83 3 29704065 2.078957856
153 1 3 14828 2.078962346
9 163 3 9069299 2.078962569
112 116 3 6994539 2.078968731
150 45 3 1624074 2.078969847
125 185 3 45829 2.078971448
161 154 3 25382191 2.078971912
12 11 3 439090 2.078976814
152 42 3 6210 2.078982122
14 117 3 189316 2.078985246
14 0 3 24273 2.07899153
200 158 3 43105 2.078991731
152 78 3 447738 2.078995083
186 196 3 76414 2.078997569
39 49 3 3955641 2.079006048
200 192 3 25641 2.079008444
7 188 3 181487 2.079010187
190 199 3 70903 2.079012899
48 8 3 1630336 2.079020884
192 197 3 362328 2.079020913
190 199 3 59185 2.079023399
199 6 3 87548 2.079023806
158 86 3 186 2.079025608
148 13 3 24505751 2.079026928
12 152 3 8958 2.079027327
193 189 3 148660 2.079027676
156 159 3 47147 2.079027859
112 126 3 6700 2.079028959
85 42 3 13395709 2.079029387
50 46 3 1872671 2.079029797
7 111 3 1183 2.079037773
152 43 3 3596584 2.079037985
0 150 3 24114 2.079038231
2 121 3 29240 2.079039636
185 154 3 42583 2.079041409
154 86 3 3663904 2.079044068
199 192 3 9186672 2.079044913
189 200 3 79547 2.079044982
116 121 3 23004 2.079052917
160 159 3 10023 2.079060159
162 156 3 759954 2.079072307
82 86 3 1055 2.079075025
38 39 3 1422624 2.079081534
160 3 3 1317779 2.079082153
117 122 3 1484927 2.079083824
196 186 3 1932 2.079085685
41 38 3 2273723 2.079086374
1 148 3 71071 2.079087237
126 125 3 12966 2.079087504
158 9 3 25302 2.079090349
151 152 3 4270040 2.079091027
119 117 3 46080 2.07909347
77 74 3 13764632 2.079093507
39 44 3 4474362 2.079095296
191 186 3 2474 2.079095938
86 41 3 6645 2.079097424
158 52 3 25985 2.07909781
153 10 3 1113 2.079099441
158 89 3 127852 2.079108102
158 15 3 25487 2.07911003
194 197 3 70993 2.079118168
125 120 3 22024 2.079119791
9 150 3 3691808 2.079123395
15 86 3 643974 2.079124936
161 160 3 64642 2.079125202
41 47 3 23198800 2.079126886
11 74 3 2194 2.079127097
196 192 3 73635 2.079128947
5 162 3 1240755 2.079131196
48 41 3 9049 2.079134547
152 7 3 75927 2.079141186
123 121 3 65804 2.079144454
113 122 3 8361 2.079148484
1 159 3 3540199 2.079148691
2 115 3 45781 2.079149525
163 10 3 1089010 2.079150825
10 150 3 1045006 2.079155297
52 47 3 3641 2.079158113
9 11 3 6216 2.079158455
84 157 3 22779821 2.079163386
3 163 3 71953 2.079171355
157 154 3 1604008 2.079171668
45 48 3 5915680 2.079174622
111 121 3 29488 2.079174916
195 187 3 103071 2.079177669
162 159 3 69124 2.079178597
194 186 3 204 2.079180619
46 3 3 344398 2.079182969
8 86 3 79932 2.07918311
88 78 3 25085218 2.0791832
0 7 3 135967 2.079183631
114 116 3 56082 2.079185858
198 47 3 1449458 2.079191226
160 41 3 1194595 2.079191361
85 74 3 671439 2.079192349
1 155 3 7004 2.079193566
0 155 3 5973 2.079194253
44 157 3 2886 2.079200394
192 188 3 74588 2.079203484
116 125 3 42594 2.079204569
112 123 3 50522 2.079205334
1 155 3 5187 2.07920852
12 187 3 8171508 2.07922192
14 152 3 5123 2.079222041
156 151 3 18042 2.079227389
197 188 3 740479 2.079228872
7 151 3 113770 2.079231549
3 12 3 28000 2.079233697
163 155 3 4018980 2.079233738
157 152 3 20225 2.079237445
160 80 3 9647406 2.079240365
152 148 3 68 2.079243071
78 87 3 11725 2.0792466
111 119 3 22562 2.079249113
118 83 3 20719 2.079250225
153 77 3 1268659 2.079251243
117 118 3 622679 2.079254155
161 152 3 19321 2.079255006
75 79 3 7979 2.079258382
42 52 3 163253 2.07926024
2 11 3 49846 2.07926458
149 39 3 133695 2.079267062
77 83 3 46923 2.079272741
153 154 3 21198 2.079272939
4 156 3 78555 2.079274172
115 111 3 876216 2.079274238
119 113 3 59516 2.079277515
125 117 3 17318 2.079279864
4 14 3 11634 2.079281923
122 80 3 37004 2.079286344
5 49 3 499730 2.079289981
78 88 3 33744 2.079295001
47 51 3 157886 2.079295213
156 6 3 3564542 2.079296124
197 194 3 45382 2.079297606
8 82 3 20594 2.079301789
80 88 3 1824576 2.079307681
116 122 3 37105 2.079308349
150 153 3 2325129 2.079312328
118 9 3 768770 2.079313746
191 200 3 31755 2.079313796
192 200 3 3063906 2.079314287
45 41 3 1870654 2.079315126
125 120 3 8885 2.079317279
14 113 3 8958 2.079319526
152 150 3 4488098 2.079321017
118 119 3 3061390 2.079322081
162 163 3 207 2.079324149
118 122 3 61036 2.079325146
195 198 3 50564 2.079327974
152 149 3 508330 2.079330378
156 149 3 1243381 2.079330714
89 84 3 68418 2.079332061
11 0 3 27637597 2.079333097
40 44 3 66638 2.079333426
52 48 3 13666 2.07933467
13 3 3 119641 2.079335979
11 162 3 45782 2.079336709
5 81 3 27405 2.079340791
13 115 3 30457 2.07934327
163 112 3 1577819 2.079343308
78 84 3 9686 2.079346117
74 83 3 6700141 2.079354417
14 163 3 48812 2.079355891
89 80 3 55762 2.079356222
152 74 3 2416 2.079358204
9 12 3 75342 2.079360978
15 160 3 4083612 2.079361267
5 158 3 32367 2.07936559
162 158 3 151927 2.079367434
38 51 3 196323 2.079369874
40 49 3 28696 2.079370637
40 51 3 993118 2.079372586
126 117 3 6538478 2.079372773
118 44 3 21730 2.079373202
7 0 3 24563 2.079373246
163 157 3 8186743 2.079379022
193 52 3 2796 2.079379072
41 46 3 8678306 2.079381033
111 112 3 43824 2.079382016
149 124 3 5441381 2.079384602
190 187 3 53859 2.079386773
40 2 3 3237 2.079389439
0 74 3 75053 2.079399166
195 200 3 24847 2.07940057
187 195 3 44400 2.079415661
192 114 3 42534 2.079420346
158 117 3 4999 2.079423741
13 51 3 64681 2.079425045
44 52 3 74460 2.079426125
196 188 3 63527 2.079429075
43 50 3 126720 2.079431705
80 186 3 177321 2.079436737
200 196 3 3380198 2.079438118
3 80 3 819996 2.079442627
158 148 3 124253 2.079445272
119 111 3 1824555 2.079447006
14 117 3 2582 2.079447172
44 89 3 86 2.079451144
112 1 3 1624335 2.079455514
11 153 3 5745 2.079459514
116 121 3 18714326 2.079460907
84 82 3 156116 2.07946397
2 196 3 309304 2.07946407
12 87 3 84490 2.079464105
187 196 3 48588 2.079465912
161 159 3 3152 2.079466421
0 121 3 4020034 2.07947195
160 76 3 26359 2.079479389
10 9 3 49183 2.079481028
43 158 3 3987 2.079481493
47 155 3 1953664 2.079481556
39 163 3 51761 2.079481672
52 161 3 24860 2.079483963
160 116 3 14583 2.079484212
125 119 3 18370 2.079487322
189 196 3 48506 2.079492863
13 9 3 6505322 2.079501643
0 2 3 980221 2.079503989
45 46 3 39862 2.07950466
43 37 3 6167 2.079506211
200 193 3 42731 2.079509957
11 149 3 54465 2.07951376
163 151 3 47236 2.0795155
87 79 3 41829 2.079515943
119 124 3 36339 2.079516723
153 125 3 791114 2.079517524
89 80 3 33930 2.07952293
4 77 3 655671 2.079526561
162 14 3 49464 2.079529304
77 75 3 3767436 2.079535331
150 153 3 762289 2.079536312
149 115 3 40934 2.079537593
47 11 3 408109 2.079541419
156 111 3 2459606 2.079541764
7 149 3 18146 2.079541834
51 48 3 31579 2.079543324
3 156 3 8562751 2.079548578
51 161 3 3461248 2.079550888
152 162 3 5218 2.079552487
161 15 3 26712014 2.079558124
41 84 3 328214 2.079563724
13 2 3 74243 2.079565026
11 89 3 34633 2.079569347
39 161 3 1831939 2.0795746
80 81 3 16400 2.0795851
191 158 3 8269 2.079588502
189 200 3 9271580 2.0795894
186 200 3 74807 2.079589586
12 162 3 125280 2.079592187
187 196 3 14189 2.079593193
156 158 3 818545 2.079593753
4 150 3 63456 2.079597783
4 158 3 10263266 2.079608508
187 189 3 1778786 2.079610548
123 113 3 32413 2.079611964
163 80 3 5146 2.079616964
6 7 3 5945 2.079624524
2 152 3 29199 2.079630232
153 126 3 151384 2.079630291
194 196 3 51773 2.07963617
187 199 3 7506 2.079641853
46 38 3 20343 2.079642704
188 191 3 45805 2.079643751
83 82 3 1516825 2.079645391
154 197 3 35704 2.079646166
149 119 3 2988767 2.079649435
119 112 3 79972 2.079650222
157 162 3 645854 2.079653075
150 162 3 363902 2.079665447
159 9 3 20688 2.079669369
38 45 3 20129 2.079670394
119 116 3 114668 2.079672273
13 124 3 476731 2.079674197
8 5 3 6264745 2.079683993
191 198 3 5003817 2.079686343
48 50 3 41810 2.079687852
2 158 3 8270 2.079689145
155 162 3 2111355 2.079690388
45 42 3 443733 2.079690411
197 196 3 59161 2.079692092
41 85 3 449718 2.079693439
199 198 3 67663 2.079695761
200 194 3 63302 2.079695984
47 149 3 3930578 2.079697869
43 44 3 27695 2.079697992
7 2 3 8579 2.079702115
112 118 3 7742 2.079704887
50 47 3 1578 2.079707702
45 48 3 2382302 2.07970859
125 119 3 1217 2.07970965
149 148 3 962344 2.079710388
7 150 3 60958 2.079713866
119 114 3 3944371 2.079714469
156 14 3 11014969 2.079715153
1 160 3 29325 2.079718393
9 3 3 46020 2.079722057
116 121 3 6177 2.079722691
161 40 3 64843 2.079734471
50 88 3 13862 2.079736014
187 186 3 38489 2.079736141
4 3 3 4344895 2.079738257
187 193 3 587897 2.079740288
1 4 3 21144 2.079741375
5 125 3 4317 2.079743799
121 111 3 8856249 2.079744931
8 7 3 54686 2.079746157
158 113 3 2932 2.079750723
0 121 3 782920 2.079759017
163 87 3 2905 2.079761302
1 10 3 13183 2.079766466
193 197 3 860214 2.079769153
40 41 3 48756 2.079772759
156 14 3 3736379 2.079772806
8 123 3 3430541 2.079774849
77 89 3 164187 2.07977972
158 82 3 4265 2.079786161
89 81 3 1393510 2.079788012
15 7 3 55980 2.079788479
52 48 3 16959 2.079790288
155 158 3 3906509 2.079790628
124 187 3 9975446 2.079792321
115 111 3 4741748 2.079792568
9 154 3 3803749 2.079792576
162 74 3 13334 2.079793999
81 78 3 9180187 2.079794428
121 114 3 24674 2.079794431
153 0 3 4804079 2.079795132
14 87 3 1354026 2.079798691
48 47 3 9630 2.079800067
153 151 3 105199 2.079800786
1 152 3 1548641 2.079801787
153 151 3 304728 2.079805308
189 188 3 49398 2.079813715
160 153 3 12074 2.079815759
191 199 3 30578 2.079815856
161 158 3 2200100 2.07982384
185 198 3 143306 2.079835307
154 39 3 108940 2.079841856
199 190 3 50747 2.079846441
190 198 3 2822483 2.079846724
193 190 3 1467693 2.079850881
9 12 3 55148 2.07985442
159 154 3 1373238 2.079854478
159 111 3 20813 2.079854943
149 79 3 8729 2.079858992
157 2 3 38837 2.079859146
163 155 3 3821 2.079859645
199 195 3 78361 2.079860686
124 113 3 10255 2.079864495
41 186 3 195861 2.079874535
150 14 3 62676 2.079884767
153 74 3 64743 2.079887197
9 124 3 125231 2.079888249
163 151 3 4551 2.079898522
119 7 3 79501 2.079901229
81 78 3 67750 2.0799087
84 37 3 1862319 2.079908932
123 119 3 756355 2.079914627
198 10 3 196038 2.079914817
74 197 3 75672 2.079918244
0 49 3 43762 2.079921463
191 7 3 33298 2.079922798
41 15 3 4390 2.079926281
162 3 3 6705 2.079929385
116 84 3 19721667 2.079931405
13 7 3 13865 2.079932829
119 115 3 35393 2.079935071
76 123 3 155815 2.079936029
12 1 3 26422 2.079936716
160 151 3 68350 2.079936831
118 121 3 15095 2.079941337
113 124 3 841130 2.079943618
156 45 3 472031 2.079943918
116 118 3 350996 2.0799446
15 160 3 341128 2.079945192
41 38 3 41608 2.079948564
192 189 3 2343334 2.079949418
193 9 3 7993428 2.079949626
6 11 3 28723 2.079950211
7 152 3 28770188 2.079953216
1 80 3 31241 2.079955759
39 151 3 198525 2.079960859
3 117 3 1230198 2.079962611
8 11 3 65962 2.079962859
8 10 3 15854 2.079963891
126 120 3 297 2.079969037
48 38 3 330916 2.079970408
1 121 3 29068 2.079972368
121 122 3 960955 2.079972499
190 84 3 5879 2.079973507
11 5 3 40573 2.079980176
153 155 3 6116 2.079980458
48 122 3 3110244 2.079984848
191 194 3 16946 2.079986109
0 88 3 52577 2.079988868
158 162 3 3570833 2.079991729
4 151 3 16977978 2.079998899
190 77 3 1095287 2.08000972
7 47 3 1254124 2.080013588
161 154 3 63671 2.080016851
187 152 3 688869 2.080017256
49 52 3 34828 2.080019125
38 83 3 74435 2.080020185
161 9 3 8766 2.080023732
154 157 3 8888494 2.080024079
185 196 3 73567 2.080024583
85 75 3 9877 2.080027609
81 74 3 6169 2.080027873
155 38 3 101491 2.080029505
6 15 3 76504 2.080030932
51 46 3 47590 2.080031992
187 195 3 4571808 2.0800322
14 156 3 35121 2.080034179
163 81 3 20744 2.080036876
78 81 3 2724509 2.080036968
6 159 3 6689 2.080039986
116 117 3 812773 2.08004141
81 76 3 205555 2.08004723
159 151 3 1970033 2.080047767
154 148 3 53522 2.080051109
86 89 3 68691 2.080051687
46 43 3 51219 2.080052033
1 150 3 537090 2.080053426
116 5 3 183347 2.080055728
52 51 3 34 2.080061649
2 83 3 31389 2.080066923
200 117 3 5876749 2.080072851
185 187 3 70240 2.080075564
50 41 3 1723232 2.080078344
154 162 3 451643 2.080082839
155 159 3 2676 2.080085474
11 8 3 57803 2.080085633
5 4 3 3557848 2.080090537
5 14 3 14034 2.080091911
158 11 3 62955 2.08009237
114 48 3 39461 2.080092633
3 6 3 77066 2.080093552
118 120 3 43633 2.080097765
8 88 3 26560 2.080099432
38 150 3 1911424 2.080100766
116 121 3 59079 2.080101577
121 126 3 16056 2.080102547
12 148 3 993661 2.080106462
10 15 3 769933 2.08010854
126 119 3 699891 2.080108968
198 187 3 56175 2.080111236
9 84 3 306 2.080112169
113 123 3 3974292 2.08011451
155 122 3 43806 2.0801166
148 156 3 5670 2.080117751
39 49 3 2507703 2.080118863
152 158 3 2465043 2.080118975
159 125 3 8603827 2.080121751
37 46 3 3044002 2.080123785
163 158 3 18414 2.080123917
116 123 3 968079 2.080125194
49 43 3 77741 2.080126608
46 155 3 45937 2.080127749
15 150 3 10511796 2.080129239
123 122 3 4414 2.080135725
75 82 3 17084 2.080136376
15 5 3 1320955 2.080136685
14 9 3 970098 2.080140866
2 160 3 8716 2.080150569
189 3 3 35507 2.080151311
197 193 3 18328 2.0801549
75 86 3 1605777 2.080155354
78 187 3 2205373 2.080156752
120 115 3 31504 2.080157748
42 41 3 52261 2.080164348
5 1 3 4455270 2.080165119
3 153 3 46694 2.080165794
156 15 3 40755 2.080169018
194 188 3 7873 2.080173956
114 124 3 52630 2.080174511
9 13 3 2382610 2.080177063
3 152 3 4206 2.080178512
151 49 3 2836 2.080181297
9 114 3 317501 2.080186071
9 150 3 36454 2.080188412
78 159 3 3236 2.080191108
15 161 3 22742 2.080193853
89 192 3 791306 2.0801947
49 48 3 77299 2.080197313
3 163 3 4263 2.080197324
115 163 3 49823 2.080197583
185 49 3 168305 2.080200582
48 162 3 718607 2.080200917
74 199 3 5764 2.080202609
79 81 3 21839 2.0802037
113 125 3 296490 2.080203856
150 10 3 1224693 2.080213621
117 121 3 9828 2.080217727
82 89 3 1784351 2.080222229
80 78 3 75624 2.080223354
149 7 3 3942409 2.080226517
86 89 3 18907 2.080238664
162 150 3 8984 2.080245694
193 197 3 47947 2.080245946
15 52 3 49277 2.080251562
160 161 3 1628898 2.080253875
121 120 3 6346 2.080256229
161 52 3 41423 2.080258286
152 47 3 9079 2.080260574
115 121 3 899163 2.080260958
152 80 3 8937747 2.080262107
7 160 3 217654 2.080264548
10 78 3 24245 2.080267635
199 0 3 760202 2.080269147
150 9 3 22690 2.080271159
8 9 3 15137 2.080271647
188 195 3 5573 2.080273046
1 10 3 59786 2.080273748
198 159 3 4268181 2.080274958
196 186 3 18356 2.080276253
81 88 3 3918 2.080276857
2 75 3 4152556 2.080276908
150 112 3 4068 2.080280468
6 117 3 47449 2.080285337
81 83 3 12873 2.080286527
82 83 3 746862 2.080286881
14 113 3 4387453 2.080294207
150 158 3 198739 2.080299141
187 2 3 36030 2.08030151
159 162 3 18567 2.080302329
4 3 3 29371043 2.080302578
41 40 3 68935 2.080307465
157 116 3 112921 2.080307995
86 40 3 9980 2.080312249
117 150 3 340366 2.080316054
151 148 3 7042163 2.080319879
81 74 3 22040 2.080322285
79 86 3 62333 2.080323266
152 14 3 3576 2.080323675
119 150 3 24371 2.080325593
10 157 3 21211 2.080326064
9 158 3 43174 2.080329234
14 76 3 13114 2.080330939
186 188 3 11143 2.080332232
79 77 3 1914 2.08033426
196 189 3 4005233 2.080335233
84 7 3 53405 2.080342384
198 187 3 726 2.0803438
153 6 3 2354881 2.08034668
191 197 3 28255 2.080347404
192 185 3 4919 2.080350237
7 3 3 186530 2.080351771
14 156 3 54398 2.080356146
198 118 3 52291 2.080360057
118 113 3 5910 2.080363709
89 75 3 5566421 2.080363976
45 50 3 63505 2.080365602
79 1 3 50227 2.080367116
149 13 3 250331 2.080373338
83 41 3 5778 2.080373959
37 49 3 13525 2.080375578
148 160 3 682207 2.080379228
156 113 3 20585 2.080379967
195 198 3 70562 2.080382536
119 126 3 3131900 2.080385805
15 155 3 3845987 2.080386766
148 154 3 8467686 2.080388675
84 88 3 125726 2.080389906
46 38 3 5071 2.080390292
120 14 3 11226 2.080391175
3 153 3 18602 2.080392713
148 161 3 15488 2.080398395
185 188 3 1825893 2.080399208
125 120 3 8423 2.08040831
149 154 3 36239 2.080409814
117 41 3 168480 2.080410365
6 84 3 44567 2.080416883
118 114 3 1595057 2.080416885
148 13 3 8409 2.080420256
3 1 3 259 2.080421252
7 14 3 11343 2.08042461
76 84 3 1246927 2.080424791
6 163 3 3627543 2.080425501
2 1 3 23825 2.080426888
197 193 3 1946596 2.080427497
2 5 3 9441769 2.080429271
2 80 3 4654760 2.080430578
10 6 3 1543451 2.080430767
150 12 3 1400 2.08043276
163 151 3 1333 2.080433593
83 80 3 1181958 2.080434847
42 52 3 66106 2.08043617
38 112 3 59941 2.080437263
157 158 3 673937 2.080443424
13 123 3 59586 2.080444965
189 14 3 40085 2.080447083
163 158 3 110680 2.080448484
51 37 3 2986643 2.080450424
43 40 3 9367308 2.080450836
124 112 3 68648 2.080451672
79 40 3 7151 2.080451886
12 120 3 12102 2.080451966
112 116 3 26356764 2.080457649
148 111 3 1241649 2.080457882
77 75 3 37537 2.080461049
49 50 3 23817 2.080465305
194 149 3 3263 2.080468951
52 38 3 1209182 2.080469851
7 14 3 4377797 2.08047639
2 46 3 185505 2.080479125
6 151 3 43774 2.080480143
158 14 3 1308421 2.080485508
7 155 3 540813 2.080485955
151 150 3 113706 2.080493558
113 157 3 79594 2.080496525
5 155 3 668053 2.080498322
160 80 3 14619435 2.080500172
9 83 3 238860 2.080500988
123 115 3 50430 2.080502329
0 163 3 64436 2.080505116
199 198 3 927225 2.080505859
51 39 3 31005 2.080508007
125 113 3 47552 2.08050885
40 37 3 2452607 2.080510093
189 192 3 29938 2.080511457
38 41 3 2493387 2.08052039
4 1 3 2127097 2.080521356
9 115 3 1803642 2.080524398
190 186 3 972909 2.080528831
199 186 3 27344 2.080529607
10 111 3 5870460 2.080531924
163 160 3 1554620 2.080532501
112 117 3 6322 2.080537245
4 6 3 1850161 2.080543225
39 37 3 8908 2.080545162
12 157 3 4544012 2.080546603
86 87 3 5023056 2.080546726
124 1 3 8236 2.080550876
10 13 3 2319646 2.080553436
81 86 3 197895 2.080559039
1 156 3 6927048 2.080559523
12 119 3 490273 2.080563193
7 9 3 712949 2.080568751
15 1 3 4746894 2.080578137
196 162 3 9595503 2.080579877
0 152 3 1628001 2.080580442
152 3 3 9259 2.080580838
52 157 3 22242 2.0805813
199 125 3 6248382 2.080582109
81 76 3 57795 2.080585706
37 47 3 1364218 2.080586888
48 41 3 1043448 2.080587968
162 45 3 2272568 2.080592463
77 88 3 508232 2.080592665
88 158 3 34650 2.08059735
154 6 3 52653 2.080598801
117 4 3 11597 2.080600616
158 148 3 3033639 2.080603352
7 157 3 26302 2.080607837
11 153 3 181088 2.080608598
123 0 3 1358 2.080609027
111 14 3 147 2.080610176
49 111 3 4987839 2.080610894
149 156 3 71938 2.080617072
44 161 3 781780 2.080623703
9 159 3 1999315 2.080627119
8 159 3 6904 2.080631169
3 118 3 21139 2.080631899
161 119 3 30929 2.080632949
156 118 3 6503 2.080633573
149 46 3 60426 2.080633937
15 10 3 4071524 2.08063481
76 75 3 73275 2.080634883
52 157 3 6848 2.080637182
82 75 3 1397196 2.080643171
79 86 3 8746 2.080644564
149 11 3 3063452 2.08065105
79 85 3 65862 2.080652333
80 86 3 27060 2.080655386
48 39 3 197111 2.080658438
158 155 3 12558156 2.080659485
49 52 3 8001938 2.080661
11 149 3 79388 2.080661805
124 126 3 7686 2.080662935
112 117 3 6259 2.080665173
158 157 3 75394 2.080665364
161 123 3 40588 2.080666609
89 77 3 1467137 2.080668142
3 156 3 4073721 2.080671746
118 112 3 47842 2.080674802
43 38 3 6768598 2.080678032
122 119 3 1 2.080679523
111 124 3 6202 2.080680951
8 79 3 979068 2.080685605
3 161 3 4375745 2.08068726
162 14 3 74796 2.080692182
117 116 3 6590782 2.080694855
87 78 3 1253422 2.08069522
82 75 3 2330450 2.080700516
41 49 3 1577059 2.080709169
46 48 3 52107 2.080712012
42 48 3 8271578 2.080713296
51 42 3 92851 2.080713409
193 185 3 17658 2.08071377
118 115 3 8909 2.080720952
14 9 3 63004 2.080721372
152 154 3 1615 2.080725287
123 121 3 74628 2.080726845
122 159 3 47013 2.080727534
112 122 3 1087 2.080728994
86 77 3 8345 2.080734081
45 51 3 3167355 2.080740709
119 162 3 196755 2.080741269
11 199 3 4638667 2.080746199
88 44 3 72392 2.080750926
161 150 3 1880 2.080751285
9 88 3 69734 2.080757856
200 195 3 72324 2.080758057
76 84 3 7127 2.080760667
155 4 3 46987 2.080763877
161 89 3 29648 2.080765939
45 37 3 130581 2.080766192
187 198 3 27832 2.080767672
13 89 3 53500 2.080770302
11 155 3 26864 2.080772777
120 119 3 118359 2.08077297
10 153 3 3938954 2.08077351
39 50 3 8935040 2.08077951
116 114 3 1861887 2.080782356
157 153 3 53756 2.080784539
154 114 3 29832 2.080785561
112 126 3 1001 2.080789703
185 189 3 130253 2.080790619
49 44 3 13359 2.080792302
150 50 3 76854 2.080795461
156 149 3 128277 2.080803683
79 84 3 46236 2.080807253
48 43 3 8088 2.080809051
189 192 3 1350638 2.080810958
88 151 3 5835 2.080811216
116 163 3 1124024 2.080814809
15 158 3 1748 2.080817252
155 37 3 60900 2.080820516
45 162 3 61063 2.080823195
75 0 3 3447 2.080826542
37 43 3 364401 2.080831107
156 161 3 17408 2.080836248
6 10 3 1469470 2.080837576
198 200 3 62036 2.080840482
45 38 3 7376483 2.080842482
1 0 3 7149251 2.080852171
123 124 3 3866225 2.08086276
186 187 3 670026 2.080866587
1 12 3 700299 2.080868735
87 81 3 4923249 2.080871396
186 196 3 47687 2.080871451
199 193 3 41526 2.080873625
118 124 3 4042 2.080875843
7 75 3 8 2.080884018
85 163 3 59716 2.080886187
87 76 3 5538076 2.080886686
113 120 3 1360493 2.080886788
118 122 3 15671 2.08089167
198 191 3 69661 2.080896257
87 111 3 148839 2.080897389
83 153 3 34764 2.080897991
159 157 3 971158 2.080898896
11 112 3 38553 2.080900425
159 1 3 145 2.080904604
2 163 3 32015 2.080908224
11 119 3 91451 2.080908481
40 46 3 527362 2.080915184
9 85 3 1919485 2.080920253
162 159 3 11665 2.080925939
5 13 3 7036 2.080942215
2 161 3 3075984 2.080952944
79 42 3 2132 2.080964313
187 186 3 3748898 2.080966572
12 8 3 77625 2.080971947
81 80 3 24169 2.080975873
9 13 3 45528 2.080975919
41 49 3 883287 2.080976639
1 10 3 2642247 2.080980644
52 47 3 9587 2.080986604
148 114 3 8117 2.080992134
122 116 3 74799 2.080992988
45 41 3 7484614 2.080996265
153 3 3 4361 2.080997448
50 48 3 8996 2.08099878
82 77 3 61246 2.081002735
78 49 3 8031352 2.081013784
160 149 3 4043107 2.081016615
198 192 3 8159 2.08101732
52 43 3 23168 2.081018911
82 76 3 1677506 2.08102499
13 122 3 1153643 2.081025077
197 199 3 989211 2.081025463
186 188 3 2561881 2.081026161
150 122 3 1314447 2.081027512
43 45 3 59190 2.081028549
4 10 3 934482 2.081029723
6 82 3 6666 2.081031015
125 122 3 75380 2.081031492
118 113 3 55102 2.081034872
111 114 3 5733 2.081035132
86 81 3 8113 2.081038876
78 80 3 50245 2.081043689
119 124 3 52554 2.081056085
161 11 3 234749 2.081067589
48 43 3 28287 2.081068417
82 189 3 43537 2.081068736
193 185 3 56890 2.081069848
163 74 3 63773 2.081072965
5 85 3 3060879 2.081075557
49 160 3 2898651 2.081076473
88 6 3 4192 2.081082126
12 13 3 263542 2.081083022
193 76 3 2771 2.081085633
8 159 3 144964 2.081091024
81 76 3 13412 2.081091055
74 77 3 75796 2.081091158
188 197 3 715665 2.081096424
111 115 3 8708033 2.081100231
2 11 3 67228 2.081109232
1 85 3 8607078 2.081110447
162 44 3 69129 2.081110881
12 154 3 175713 2.081112924
76 85 3 1267279 2.081112988
2 161 3 110558 2.081114096
9 162 3 11895 2.081117277
8 150 3 138243 2.081118353
153 148 3 12650 2.08112054
116 117 3 7278 2.08112075
153 87 3 20204 2.081122111
45 38 3 1173219 2.081122495
85 76 3 42109 2.08112892
123 115 3 397758 2.081134038
14 9 3 4836 2.081139287
83 86 3 173427 2.081147365
81 88 3 165883 2.081148619
2 8 3 4717 2.081154708
121 123 3 2649034 2.081154803
8 11 3 3725953 2.081158387
49 39 3 62228 2.081159838
154 148 3 33169 2.08116338
42 45 3 7260414 2.081167088
187 10 3 25704545 2.081168463
52 48 3 2136966 2.081174992
160 113 3 1612048 2.081176417
11 42 3 294998 2.081177872
162 80 3 20930 2.081184738
197 123 3 1006690 2.081189359
124 158 3 73657 2.08118978
10 9 3 43381 2.081192301
149 153 3 2773 2.081194007
41 161 3 75295 2.081195548
76 81 3 7318239 2.081195569
38 193 3 62392 2.081200482
75 77 3 10995 2.081201719
148 151 3 23594 2.081205914
50 152 3 396732 2.081207592
13 155 3 5143692 2.081208695
76 85 3 63924 2.081213993
76 186 3 913977 2.08121412
122 114 3 1775895 2.081216349
85 38 3 4896 2.081217751
49 52 3 1960443 2.081217911
79 86 3 9511260 2.081224291
46 48 3 71322 2.081235573
162 85 3 65277 2.08123701
153 154 3 3437823 2.081238433
87 82 3 28263 2.081238869
45 156 3 26189 2.081244781
196 119 3 82587 2.081245308
1 5 3 1845 2.081246852
155 156 3 515356 2.08125057
152 150 3 1580460 2.081251631
43 46 3 4575539 2.081251715
151 6 3 1757070 2.08125533
86 77 3 978123 2.081257596
10 160 3 807609 2.08125901
77 78 3 3917041 2.081259155
119 113 3 1869 2.08126181
50 49 3 24581 2.081262906
187 191 3 1318261 2.081263459
121 123 3 12091 2.081266217
162 116 3 2249131 2.081267704
39 47 3 21477 2.081270903
5 0 3 8506978 2.081273152
74 78 3 58895 2.081274365
192 83 3 1862740 2.081279896
8 4 3 4604 2.081280985
161 1 3 6779 2.081283102
40 148 3 5361299 2.081285627
125 157 3 8539 2.081287052
9 13 3 4642 2.081289007
124 111 3 975305 2.081296747
37 43 3 29162 2.081298438
198 197 3 1919445 2.081299263
79 88 3 57929 2.081304104
195 198 3 6120213 2.081311374
160 75 3 25696 2.081313192
114 154 3 50539 2.08131412
194 188 3 21356 2.081318834
162 87 3 24526 2.081324827
45 48 3 74907 2.081325625
87 198 3 52775 2.081330358
76 77 3 767475 2.081333236
0 158 3 37800 2.081335482
2 159 3 3713443 2.081336667
191 51 3 1654 2.081337757
161 157 3 39062 2.081344336
81 88 3 70630 2.081351829
14 3 3 734662 2.081367992
116 122 3 24404589 2.081374534
111 50 3 20009 2.081374943
0 9 3 18545 2.081383901
187 199 3 9215556 2.081385253
155 39 3 4260429 2.081385432
192 77 3 377152 2.081386761
121 118 3 64448 2.081388046
47 7 3 3279490 2.081388235
4 156 3 1887726 2.081392554
126 120 3 24259 2.08139519
152 6 3 8652424 2.081401635
2 38 3 105880 2.08140647
40 47 3 65690 2.081407837
200 195 3 74436 2.081408419
86 89 3 3140385 2.081410421
123 119 3 1995977 2.081411026
154 43 3 42001 2.08141176
187 189 3 40558 2.081413451
159 152 3 139293 2.081414738
2 158 3 172252 2.081416534
81 87 3 52210 2.081416852
151 161 3 1657590 2.081417674
6 155 3 4846015 2.081419761
2 1 3 1904979 2.08141981
2 155 3 10440 2.081423857
0 154 3 2456 2.081430737
120 111 3 28022 2.081438331
159 160 3 79266 2.081447527
154 51 3 3811 2.081449673
9 155 3 3551791 2.081450691
199 200 3 28263461 2.081453897
186 185 3 22318 2.081454475
162 154 3 26710 2.081455135
1 152 3 3604803 2.081457115
15 6 3 34621 2.081459247
1 79 3 2105489 2.081463118
188 194 3 7382 2.081464177
10 4 3 32768 2.08146516
122 120 3 1568557 2.081465286
120 9 3 1902332 2.081466394
152 124 3 213622 2.081469675
188 0 3 95389 2.081471215
14 154 3 33314 2.081473653
158 160 3 42095 2.081473801
51 161 3 4302 2.081475209
149 116 3 13537 2.081475361
12 8 3 18122 2.081483377
186 149 3 27919 2.081485186
46 156 3 44484 2.081488951
5 8 3 6057 2.08148959
159 126 3 124585 2.081494162
78 192 3 8766576 2.081494832
152 158 3 24332045 2.081498018
200 194 3 199725 2.081498798
12 156 3 27235 2.08150486
88 44 3 4242775 2.081505992
10 156 3 22422 2.081508552
113 187 3 36046 2.08151366
115 112 3 9849333 2.081523082
2 3 3 9715198 2.081526512
0 158 3 8107 2.081529009
190 199 3 6108 2.081531702
13 6 3 1018979 2.081532023
83 76 3 28149 2.081532291
160 158 3 3337 2.08153749
148 153 3 399593 2.081538022
160 125 3 2721985 2.081539181
122 115 3 4438 2.081545668
187 11 3 58787 2.081550754
194 52 3 36968 2.08155095
124 115 3 4304224 2.081550975
45 48 3 2887 2.081551963
77 151 3 8201327 2.081554572
155 156 3 62592 2.081554814
1 121 3 1725131 2.081557994
188 2 3 185209 2.081558373
8 7 3 72388 2.081564058
118 119 3 1943998 2.081570782
89 81 3 29548 2.081572535
47 44 3 157085 2.081573319
125 116 3 551531 2.081579961
163 0 3 39275 2.081584673
11 6 3 1227177 2.08159049
186 193 3 2203 2.081590636
4 37 3 29512 2.081590692
13 14 3 45845 2.081590953
189 200 3 41728 2.081591548
43 161 3 37960 2.081593356
0 88 3 7188191 2.08159886
186 84 3 50502 2.081602556
7 15 3 81541 2.081605172
123 112 3 281573 2.081607074
150 152 3 1415809 2.081611441
88 82 3 3579327 2.081614683
189 190 3 2036683 2.081615429
149 150 3 11205 2.081616229
155 163 3 7661 2.081620822
149 159 3 1177043 2.081621376
47 42 3 2867544 2.081621919
0 8 3 1110509 2.081622907
153 14 3 4590737 2.0816257
116 125 3 21116 2.081626317
47 155 3 4617 2.081630391
162 192 3 185579 2.081631989
157 154 3 57041 2.081633278
193 199 3 1929247 2.081634042
46 44 3 3036695 2.081635721
200 188 3 30940 2.08164297
77 115 3 77136 2.081644105
148 120 3 26001 2.08165193
197 190 3 22972 2.081652184
118 120 3 136348 2.081655504
77 74 3 22394 2.081656089
89 80 3 7427644 2.081662586
14 116 3 8956566 2.081663876
160 155 3 6296 2.081669788
75 84 3 9336224 2.081670345
189 192 3 66176 2.081671257
78 89 3 8539533 2.081679351
155 153 3 63862 2.081682864
74 88 3 8235 2.08168429
43 160 3 193565 2.081686077
190 14 3 50747 2.081689876
117 111 3 330448 2.081692732
186 188 3 18731692 2.081694008
118 113 3 510665 2.081697534
112 126 3 26772 2.081699324
149 194 3 3568 2.081702108
162 10 3 69336 2.081705466
115 113 3 28723 2.081706947
14 2 3 10691 2.081711042
7 87 3 27197 2.081712398
43 50 3 16245 2.081718203
187 192 3 4475954 2.081721866
38 196 3 1746488 2.081722857
121 116 3 138107 2.081723879
51 79 3 1958675 2.081724394
149 37 3 1973 2.08172958
39 48 3 64704 2.081731243
157 150 3 564467 2.081737952
7 1 3 171570 2.081741001
158 44 3 21985 2.081741382
153 157 3 158490 2.081744012
5 155 3 37092 2.081746452
125 123 3 49495 2.081748863
48 151 3 62873 2.081748943
14 47 3 920225 2.081754739
158 149 3 253528 2.081759632
190 186 3 6800845 2.081763311
163 52 3 2405876 2.08176432
156 1 3 20536 2.081764896
11 5 3 20769 2.081766522
126 120 3 1843188 2.081769055
85 82 3 5280 2.081770157
155 10 3 71053 2.081775078
112 117 3 37313 2.081778552
158 161 3 1986556 2.081779739
8 4 3 6392 2.081781836
40 41 3 49290 2.081784516
160 119 3 16087309 2.081787573
14 197 3 10170 2.081795034
114 119 3 152824 2.081798642
157 9 3 599084 2.081798971
120 116 3 406309 2.081799674
5 2 3 78513 2.081802952
161 47 3 28533 2.081803843
83 87 3 20220 2.081806444
43 159 3 1704426 2.081811193
15 11 3 40403 2.08181583
14 13 3 145091 2.081816728
2 163 3 1817658 2.081819078
151 161 3 7109778 2.081821435
15 163 3 9003 2.081823783
111 155 3 5336546 2.081824729
196 191 3 1541280 2.081824757
189 188 3 5460930 2.081826514
155 1 3 522044 2.081827241
158 45 3 69206 2.081830464
155 125 3 69214 2.081830688
52 48 3 3516049 2.081834235
200 126 3 8537288 2.0818348
163 154 3 6441698 2.081835765
41 40 3 4069357 2.081842596
158 42 3 23933 2.081850988
160 159 3 437991 2.081857352
123 149 3 2092 2.081862459
46 8 3 39882 2.081864531
153 6 3 1160 2.081865808
40 37 3 6707532 2.081866086
163 49 3 8965 2.081870317
148 155 3 9010322 2.081871548
11 154 3 13033 2.081872917
48 43 3 1698921 2.081873281
159 150 3 54653 2.081876959
187 188 3 141753 2.081882988
6 2 3 1943445 2.081883504
1 160 3 840503 2.081883854
75 85 3 20795 2.081890852
6 7 3 70624 2.081891502
40 46 3 24657 2.081891683
152 48 3 141341 2.081894941
111 126 3 68822 2.081898238
8 154 3 22880 2.081904034
38 153 3 31509 2.081904323
77 49 3 4733 2.081904648
5 89 3 22763 2.081910812
9 11 3 24382 2.081911656
163 157 3 2466267 2.081914036
191 186 3 18948 2.081916171
9 6 3 49586 2.081918742
151 155 3 87409 2.081929356
152 148 3 18193 2.081934022
14 8 3 46055 2.081934155
40 150 3 8279222 2.081935665
13 79 3 9631854 2.081938259
124 116 3 1934010 2.081945877
13 15 3 37292 2.081948846
85 81 3 46299 2.081950763
82 74 3 1947 2.081950983
0 156 3 22899 2.081953603
76 78 3 75798 2.081954267
162 81 3 27374 2.08196239
81 76 3 23540990 2.081962406
4 159 3 45624 2.081966348
9 14 3 65686 2.081966892
5 6 3 1607 2.081968887
197 198 3 3009778 2.081969595
189 196 3 924144 2.08197144
149 8 3 6289335 2.081973298
157 15 3 41796 2.081973857
151 15 3 15560 2.081977122
152 151 3 3758375 2.081978606
149 148 3 392180 2.08198511
80 89 3 7328631 2.081992663
14 2 3 6626 2.081993549
76 191 3 15184 2.081993806
0 123 3 1053545 2.081994257
38 153 3 128 2.081997483
190 196 3 233184 2.08200047
88 120 3 1895027 2.082002737
3 83 3 1413947 2.082003815
155 42 3 3065513 2.082005709
124 118 3 47000 2.082006376
156 163 3 1926808 2.082007284
189 196 3 2865664 2.082007386
49 156 3 1664204 2.082009311
15 5 3 56277 2.082010558
123 115 3 107209 2.082019463
42 38 3 89161 2.082037513
160 9 3 3368 2.08204057
193 114 3 1756563 2.082048133
160 162 3 289215 2.082048303
124 112 3 43642 2.082049009
49 48 3 5049906 2.082055587
47 46 3 3194581 2.082055627
119 189 3 48022 2.082056469
153 155 3 31629 2.082058969
154 3 3 438986 2.082059669
81 79 3 29568 2.082066529
3 4 3 29481 2.082067354
151 13 3 3403240 2.08207492
118 155 3 23302 2.082081137
148 150 3 22096 2.082081631
198 187 3 4641110 2.082081917
51 42 3 68341 2.082082126
192 190 3 29234 2.082082673
4 153 3 17029 2.08208325
41 45 3 26247 2.082085846
82 85 3 23729 2.082086692
76 80 3 64501 2.082087645
149 114 3 25766 2.082091201
7 114 3 28103 2.082092124
124 40 3 28176891 2.082094085
12 7 3 4432 2.082096961
113 125 3 47634 2.08209809
77 78 3 4984231 2.082099231
87 39 3 10307 2.082101928
161 80 3 18642564 2.082105646
76 86 3 9924 2.082108765
39 40 3 18880386 2.082112142
43 119 3 77239 2.082113082
162 150 3 4587882 2.082113163
149 1 3 17857 2.08211397
159 14 3 55527 2.082116159
3 0 3 28971 2.082118582
5 14 3 35186 2.082125079
48 15 3 1963896 2.082125369
11 86 3 49111 2.082127515
10 115 3 4026521 2.08212788
12 153 3 45095 2.08213211
41 157 3 17867017 2.082136393
159 117 3 1584283 2.082138019
151 162 3 10328 2.082141672
1 3 3 4927698 2.082144007
14 11 3 2784005 2.082147685
15 9 3 2646002 2.082149663
44 46 3 919652 2.082150389
12 84 3 3209466 2.082151247
47 52 3 9201995 2.082155569
44 158 3 45409 2.082155971
1 0 3 24179 2.082161176
163 153 3 60049 2.082161457
42 81 3 22008 2.082163089
157 119 3 44 2.082164236
13 196 3 22 2.082165704
200 116 3 2952 2.082176734
124 122 3 3212600 2.082181548
15 1 3 696217 2.082182784
10 13 3 4766700 2.082189769
2 152 3 17981 2.082195732
148 80 3 1116 2.082198334
4 122 3 161660 2.08220019
0 11 3 26063 2.082200232
188 159 3 2266727 2.082207382
46 49 3 117598 2.082207624
194 187 3 7225 2.082209484
187 194 3 1554963 2.082213233
163 82 3 185300 2.082216667
51 42 3 170399 2.082221278
1 4 3 9312394 2.082221584
82 87 3 135788 2.0822239
88 89 3 104372 2.082224586
85 84 3 7838 2.082225103
118 1 3 79621 2.082225738
156 37 3 7577576 2.08223193
148 111 3 28770870 2.082238757
152 149 3 4511617 2.082242695
3 148 3 74131 2.082245431
2 162 3 53963 2.082248948
196 192 3 187421 2.082253779
159 85 3 334562 2.082254118
74 89 3 137425 2.082254477
114 160 3 2652055 2.082256329
159 74 3 88779 2.082258803
45 40 3 52561 2.082259578
151 15 3 4760 2.082261533
39 48 3 61549 2.082281095
163 113 3 158848 2.08228255
4 10 3 4237368 2.082295246
192 195 3 184746 2.082295269
37 89 3 6681661 2.082295774
155 0 3 24103 2.082297007
45 41 3 1163642 2.08229852
3 10 3 2532933 2.082301146
113 123 3 677161 2.082302138
85 121 3 7565530 2.082302307
84 111 3 5650 2.082303318
12 48 3 13041660 2.082309819
151 162 3 920989 2.082313811
119 120 3 1422638 2.082314036
154 149 3 53225 2.082319388
51 158 3 61240 2.082320707
158 149 3 119360 2.082321386
84 81 3 914760 2.08232275
41 2 3 11779 2.082322921
116 45 3 43772 2.082324211
198 11 3 8087 2.082324218
188 200 3 154719 2.082328411
5 192 3 713606 2.082329756
153 116 3 17839 2.082331621
80 186 3 171354 2.082336374
89 86 3 7601192 2.082338151
149 157 3 71523 2.082348979
196 200 3 8475 2.082352002
154 157 3 425684 2.082355561
194 188 3 1254712 2.082357024
39 49 3 33905 2.082359832
118 123 3 1818910 2.082362873
83 79 3 2718196 2.082363112
87 41 3 163488 2.082374119
3 163 3 12804 2.082374133
12 3 3 257478 2.082382129
43 46 3 160853 2.082387794
200 87 3 52704 2.082389703
80 120 3 6813745 2.082389955
193 194 3 46005 2.082393675
41 37 3 24270 2.082394465
4 154 3 28426 2.082396899
88 39 3 33634 2.082401473
186 195 3 4344083 2.082404383
192 200 3 38835 2.08240489
160 6 3 9744392 2.082408292
81 86 3 1776611 2.082409735
10 4 3 64163 2.082411609
14 86 3 66960 2.082414303
0 9 3 6800 2.082417968
163 159 3 6507 2.082422075
163 156 3 41910 2.082424586
152 3 3 74354 2.082425948
152 81 3 1944591 2.082426589
112 117 3 287 2.082426669
153 154 3 42429 2.082435256
75 77 3 52084 2.082435884
51 39 3 6569 2.082436582
74 153 3 12908645 2.08244042
6 0 3 34205 2.082443412
190 195 3 6321 2.082444514
42 48 3 30726 2.082446314
86 85 3 13571 2.082453219
148 0 3 941 2.082455387
10 120 3 73761 2.082455756
12 150 3 1828798 2.082458678
45 47 3 440858 2.082459756
76 80 3 11891 2.082463992
119 115 3 700456 2.082467343
150 154 3 2447485 2.082468403
7 162 3 55594 2.082471217
159 3 3 148931 2.082471548
123 163 3 305 2.082474025
89 191 3 43188 2.082474402
151 194 3 29818 2.082477612
1 85 3 779929 2.082480631
48 41 3 4142420 2.082481139
10 2 3 68572 2.082483049
74 88 3 152027 2.082489837
44 186 3 69686 2.082490631
193 187 3 43291 2.082490727
50 39 3 2054551 2.082493944
5 6 3 7042 2.082494388
1 15 3 2094 2.082505612
115 6 3 708827 2.082508799
4 15 3 4348790 2.08250946
155 161 3 26506751 2.082510361
6 193 3 657359 2.082510443
6 148 3 29543 2.082513359
87 78 3 17358628 2.082513941
52 45 3 24840 2.082515636
116 126 3 11897 2.082517834
111 117 3 53324 2.082518071
153 88 3 70598 2.082519
85 89 3 6875 2.082520117
158 1 3 4430864 2.082521845
115 12 3 2041913 2.082526627
10 1 3 67740 2.082529331
41 51 3 24543 2.082532805
13 15 3 9145 2.082534587
190 196 3 4051 2.082535893
41 161 3 34678 2.082538311
12 195 3 9162663 2.082539937
193 13 3 1094673 2.082542107
82 87 3 41086 2.082544594
4 155 3 1134782 2.082545021
83 149 3 702656 2.082551705
159 50 3 864230 2.082553808
38 39 3 28698 2.08255729
48 193 3 68640 2.082558675
155 4 3 25962 2.082558779
148 0 3 8308230 2.082560587
44 197 3 611894 2.082561682
74 85 3 1064 2.0825642
161 1 3 28214 2.082566917
51 47 3 11261 2.08256889
157 75 3 5747168 2.082569199
5 159 3 898666 2.082569597
163 148 3 747042 2.082574698
0 158 3 45419 2.082575214
6 118 3 1230880 2.082576117
44 41 3 67742 2.082577032
46 152 3 19712 2.082579386
160 75 3 8869 2.082580112
1 151 3 3784569 2.082580556
81 158 3 5674933 2.082581964
149 160 3 1609681 2.082586234
5 10 3 102082 2.082586674
157 45 3 1293215 2.082587083
0 11 3 2169099 2.082589463
162 153 3 4133001 2.082590828
49 46 3 8261 2.082592516
162 154 3 137520 2.082592852
155 117 3 377809 2.082595991
86 77 3 34691 2.082597042
152 74 3 7953 2.082597721
120 113 3 78412 2.082599953
1 9 3 64665 2.082609148
154 85 3 76242 2.082617064
14 2 3 1786 2.082619227
41 47 3 58927 2.082622609
4 8 3 25283 2.082622978
151 8 3 2319 2.082625304
5 8 3 63826 2.08262645
41 51 3 66127 2.082627641
51 40 3 106566 2.082629244
8 151 3 151473 2.082634613
78 77 3 54662 2.082638519
49 148 3 22645 2.082644875
152 114 3 18545 2.082644906
41 47 3 21276845 2.082652661
8 10 3 9763 2.082654278
41 52 3 482738 2.08265561
115 81 3 79027 2.082664947
42 38 3 18155 2.082669303
2 12 3 564 2.082674756
50 52 3 1092330 2.082675003
194 191 3 6470067 2.082677833
157 161 3 484962 2.082680216
157 47 3 485256 2.082683635
151 50 3 124502 2.082685694
46 43 3 54077 2.082686629
148 152 3 63782 2.082687556
121 187 3 27090 2.082693565
42 39 3 3474828 2.08269514
15 13 3 7372705 2.082695649
154 14 3 67588 2.082700797
81 39 3 65713 2.082709936
13 156 3 1695995 2.08271038
52 114 3 586864 2.082710486
156 151 3 28022 2.082711382
161 151 3 5412 2.082711752
80 89 3 74465 2.082713243
151 153 3 2442845 2.082715769
188 193 3 5940 2.08272143
150 5 3 4407799 2.082724461
148 149 3 7582 2.082726295
112 113 3 57723 2.082732526
3 12 3 26735 2.082733514
151 88 3 44197 2.082735798
5 7 3 651469 2.082741941
3 11 3 6641357 2.08274779
9 161 3 59146 2.082749947
83 76 3 8914 2.082750859
148 41 3 3368288 2.082754573
8 153 3 28504 2.082756068
185 191 3 8957631 2.082760937
38 13 3 68624 2.082766584
46 50 3 31145 2.082769355
14 10 3 10739 2.082769946
113 114 3 4683143 2.082770166
155 112 3 3710802 2.082777195
12 8 3 47459 2.082779711
15 162 3 2488753 2.08277997
85 83 3 17919 2.082780555
153 157 3 123976 2.082783474
42 45 3 5288496 2.082783559
200 120 3 1443217 2.082784103
162 154 3 1143260 2.082792904
151 156 3 1752231 2.082800872
154 149 3 276011 2.082806349
38 52 3 3383494 2.082808096
8 1 3 923355 2.082812006
15 151 3 2884656 2.08281257
50 116 3 4260169 2.082818134
15 162 3 22695 2.082819888
150 2 3 48738 2.082828925
1 163 3 198 2.082835057
80 81 3 1788457 2.082835696
50 48 3 30500 2.082837397
37 41 3 122787 2.082839482
157 149 3 9769574 2.082841566
0 161 3 58481 2.08284261
4 186 3 76056 2.082842677
189 195 3 1932908 2.082843843
198 161 3 67196 2.082844103
163 160 3 2702498 2.082847157
75 125 3 61640 2.082848993
112 122 3 4921 2.082851269
154 76 3 145812 2.08285463
187 196 3 8769 2.082857428
42 156 3 30743 2.082859127
115 112 3 15239 2.082862081
115 126 3 26054 2.082866806
2 13 3 3603439 2.082867186
4 150 3 19263 2.082867447
187 195 3 897870 2.08287109
41 45 3 53913 2.082879757
186 194 3 9942030 2.082885315
163 6 3 1178 2.082890996
155 154 3 8436287 2.082891371
50 45 3 986802 2.082893387
42 40 3 37869 2.082894517
13 152 3 19907 2.082901083
121 123 3 1143759 2.082912549
42 156 3 1873903 2.08291276
198 186 3 788421 2.082913359
118 126 3 740311 2.082921974
11 113 3 42734 2.082922572
79 76 3 56097 2.082925824
2 157 3 79134 2.082930898
119 114 3 1340206 2.082932702
149 156 3 25119 2.08293693
37 49 3 908842 2.082944901
189 185 3 5956 2.082945695
117 155 3 1499563 2.082946507
50 159 3 270 2.082947478
160 52 3 4319984 2.082950068
185 2 3 3550238 2.082953974
44 46 3 9535109 2.082957409
196 52 3 58037 2.082962958
148 197 3 1538 2.082964429
185 194 3 22788 2.082964604
114 119 3 24740 2.082969791
153 9 3 14940986 2.082970707
185 197 3 47501 2.082971665
41 37 3 10703 2.082975317
152 114 3 44498 2.082986511
193 185 3 22330 2.082987359
81 51 3 67850 2.082990832
153 151 3 7345 2.0829914
163 74 3 3863060 2.083001485
14 12 3 36480 2.083008386
117 115 3 70399 2.083016966
113 1 3 52079 2.083017
45 150 3 1774124 2.083018709
12 119 3 12751 2.083022399
198 193 3 15399 2.083028657
15 156 3 2400818 2.083029186
153 156 3 131208 2.083036437
5 111 3 31819 2.083037462
76 84 3 4943 2.083045331
152 149 3 1336496 2.083046049
8 4 3 10639 2.083049725
193 194 3 6790 2.083050154
159 112 3 11161564 2.083051261
112 115 3 45472 2.083060706
119 50 3 55586 2.083061148
38 163 3 8994407 2.083063073
1 153 3 1644322 2.083065204
78 81 3 146528 2.083070748
163 40 3 5976 2.083072312
2 5 3 9994990 2.083073504
148 160 3 2624368 2.083076954
163 155 3 104497 2.08307782
5 154 3 3712 2.083083456
2 11 3 25710 2.083090053
11 159 3 9921 2.083099658
195 185 3 874521 2.083107579
13 9 3 53439 2.083107893
85 113 3 3882826 2.083108395
160 162 3 63819 2.083110092
155 80 3 566 2.083110512
13 119 3 4232383 2.083110794
3 150 3 124582 2.083112522
12 149 3 22072 2.083117521
13 163 3 52046 2.083117727
52 44 3 3025 2.083125521
185 199 3 353 2.083125546
10 11 3 23942869 2.083127204
85 76 3 1842635 2.083131473
119 113 3 40575 2.083137134
78 51 3 29816 2.083137816
78 74 3 1032613 2.083139182
75 85 3 579258 2.083140797
159 2 3 191217 2.08314183
83 155 3 38981 2.083144792
14 1 3 53575 2.083149483
77 82 3 61928 2.083152333
119 118 3 4579335 2.083153995
148 119 3 828215 2.083154221
154 151 3 155924 2.083154369
39 45 3 911969 2.083159788
149 46 3 9542 2.08316025
122 40 3 2157 2.083167095
86 78 3 2044898 2.083167188
119 117 3 8772 2.083169043
150 89 3 17396 2.083174424
39 43 3 34147 2.083177499
116 75 3 41302 2.083178302
117 115 3 3877 2.083180958
15 161 3 75661 2.083182363
42 41 3 14728 2.083187055
155 154 3 54159 2.083189808
124 118 3 175430 2.083191982
160 148 3 4515035 2.083192332
198 186 3 301 2.083194124
120 124 3 78312 2.083194551
86 81 3 7256 2.083195933
79 119 3 1190799 2.083197248
116 87 3 187976 2.083200239
42 46 3 235541 2.083200831
78 189 3 9277 2.083201028
89 2 3 9850 2.08320482
195 197 3 4577 2.083209022
122 112 3 70793 2.083210934
163 7 3 17986 2.083213388
82 87 3 9284 2.083218813
163 114 3 15124 2.083221401
40 52 3 859908 2.08322265
49 40 3 6294 2.083229138
77 88 3 22825 2.083231324
187 87 3 5401610 2.08323475
11 149 3 8908192 2.083236884
150 122 3 27377 2.08324474
125 123 3 55142 2.083249274
49 44 3 105043 2.083260969
6 123 3 72284 2.083264921
83 82 3 53689 2.083268322
45 151 3 27253 2.083269034
150 151 3 12602 2.083271914
198 189 3 73321 2.083274107
152 156 3 1963378 2.083275554
13 157 3 29406 2.08327722
37 152 3 26800 2.083279233
155 119 3 28738 2.083282103
121 51 3 5099918 2.083283254
189 193 3 68947 2.083290892
4 154 3 4675421 2.083293241
187 148 3 48901 2.083295814
194 10 3 108034 2.083296248
116 115 3 4274 2.083324367
185 193 3 2007900 2.08332502
193 112 3 40372 2.083330638
1 7 3 1218776 2.083339223
77 192 3 27420 2.083346135
148 13 3 625 2.083346229
39 46 3 8832 2.083346324
7 0 3 2572388 2.083347993
187 74 3 830101 2.083350194
4 12 3 54880 2.083350697
77 200 3 30625 2.083351172
197 185 3 1385855 2.08335904
163 85 3 42240 2.083369208
85 46 3 1710 2.083376083
118 114 3 143676 2.083379561
8 163 3 1032375 2.08338301
149 118 3 302241 2.08338833
196 0 3 1612023 2.08338983
150 152 3 78982 2.083392997
46 158 3 79940 2.083397216
156 150 3 53582 2.083397692
5 111 3 42583 2.083402252
87 52 3 16269 2.083408421
187 191 3 130500 2.083414135
8 156 3 26622 2.083416998
49 52 3 942991 2.083419628
10 153 3 21319 2.083421733
193 194 3 78363 2.083424097
41 46 3 58105 2.083428176
193 191 3 3271 2.083428313
7 12 3 92116 2.083429177
50 45 3 3296876 2.083429279
192 44 3 35201 2.083430616
156 8 3 66006 2.083435599
79 85 3 1765519 2.083440834
155 150 3 20831 2.083451686
37 51 3 59351 2.083451849
200 192 3 23526221 2.083468729
185 189 3 3020920 2.083473076
157 2 3 54719 2.083474345
49 50 3 3903095 2.083474607
119 122 3 2958 2.08347537
75 80 3 5910 2.083476981
1 156 3 25806 2.083480966
189 197 3 7707 2.083481773
48 114 3 26307 2.083486244
87 81 3 833588 2.083487619
9 3 3 375043 2.083489276
126 50 3 74749 2.083498985
148 151 3 39400 2.08350099
52 41 3 2334542 2.083502276
116 118 3 23385 2.083506033
189 192 3 7484 2.083507591
187 200 3 8907473 2.083514223
151 152 3 189543 2.083516912
122 116 3 5324 2.083528054
1 6 3 144020 2.083532203
163 152 3 37381 2.08353462
198 188 3 677932 2.083535495
37 150 3 5440 2.083537064
150 48 3 4345480 2.083537507
38 40 3 1454337 2.083546345
125 112 3 669728 2.083548647
163 7 3 43000 2.083550657
153 163 3 188258 2.083552116
119 116 3 1868795 2.083562114
149 77 3 55029 2.083570581
39 157 3 25013 2.083570957
11 9 3 684982 2.083571982
198 191 3 8964 2.083572702
87 81 3 66541 2.083573334
14 9 3 59863 2.083575429
89 78 3 143739 2.083581398
189 198 3 4571503 2.083582026
192 191 3 14891 2.083582892
148 161 3 70657 2.083583894
3 9 3 1549519 2.083587051
78 79 3 54038 2.083588861
163 7 3 13314 2.083601353
11 161 3 6991613 2.083605826
77 74 3 23166 2.083605996
115 116 3 20751 2.083607343
185 197 3 57289 2.083610237
3 9 3 13908 2.083610578
124 117 3 7461907 2.083615705
6 4 3 23459 2.083618575
8 114 3 4753215 2.083618651
7 0 3 97383 2.083627035
116 81 3 13868 2.083627993
39 48 3 1068502 2.083628886
41 45 3 180247 2.083634048
39 86 3 12549808 2.083634948
150 155 3 97524 2.083636645
85 76 3 60041 2.083637966
83 78 3 19695 2.083639322
192 155 3 273 2.083639616
194 193 3 4616602 2.083640426
199 83 3 1382950 2.083640536
190 196 3 37209 2.08364136
85 77 3 32242 2.083643201
82 118 3 19536 2.083645874
84 83 3 124360 2.083645987
148 2 3 2445583 2.083648217
51 50 3 631950 2.083648581
77 74 3 42867 2.083648958
113 117 3 6855 2.083653561
37 44 3 58096 2.083655077
3 156 3 785005 2.083657168
84 113 3 506 2.083659504
5 15 3 2419420 2.083660705
7 151 3 22946 2.083661595
13 124 3 2719247 2.083665099
124 118 3 52144 2.083666486
83 86 3 4847 2.083667196
162 88 3 9005 2.083673443
10 14 3 240429 2.083676726
153 159 3 163849 2.083683446
40 187 3 26206 2.083683922
38 50 3 8168 2.083690527
42 40 3 122327 2.083691038
13 9 3 926499 2.083694329
148 156 3 10601193 2.083694912
77 15 3 4481662 2.083694951
14 11 3 60378 2.083699551
192 200 3 20417 2.083699654
76 185 3 4790 2.083700206
9 161 3 53470 2.083700966
10 38 3 3357 2.083704442
151 148 3 393683 2.083726929
116 115 3 44342 2.083729105
194 199 3 992770 2.083729584
190 186 3 834 2.083730758
159 7 3 649623 2.083731468
197 157 3 71235 2.083736651
52 44 3 2344 2.083738145
148 52 3 2526364 2.083742711
48 155 3 39256 2.083760164
150 158 3 22737 2.083761074
154 78 3 46739 2.083767216
159 80 3 2393211 2.083768351
154 156 3 3010377 2.083770817
163 7 3 669660 2.083772129
80 42 3 74844 2.083772403
187 188 3 18542 2.083782661
78 88 3 3882254 2.083786568
118 113 3 581 2.083786619
189 199 3 148 2.083786902
153 39 3 42677 2.083794914
157 86 3 27811 2.083795903
86 84 3 71347 2.083797623
149 84 3 78760 2.083798371
77 80 3 4216713 2.083815595
9 11 3 22137 2.083816549
39 190 3 10634 2.083817128
122 119 3 2854609 2.083819167
121 114 3 119928 2.083821992
79 74 3 6665918 2.083822039
113 79 3 1545856 2.083826584
15 152 3 497455 2.083829059
157 4 3 10318 2.083840572
13 0 3 1467059 2.083840785
1 157 3 29339477 2.083840803
111 125 3 1851208 2.083844905
14 185 3 109604 2.083847619
44 41 3 41834 2.083853643
190 189 3 62399 2.08385576
51 41 3 5495660 2.083861203
163 158 3 2526 2.083863651
13 118 3 771887 2.083866522
14 9 3 14787 2.083871678
40 47 3 6559 2.083874853
43 44 3 65116 2.083879503
115 117 3 3952483 2.083883243
9 0 3 21617 2.083884901
154 117 3 56311 2.083888726
148 152 3 25628 2.083891738
157 154 3 291034 2.083892084
159 5 3 74130 2.08389442
192 195 3 49645 2.083898006
197 187 3 660 2.08390824
149 1 3 179964 2.083910012
113 126 3 49569 2.083914384
83 87 3 9640 2.083915849
2 6 3 2061984 2.083917681
111 115 3 1335462 2.083919685
1 153 3 123139 2.083919786
162 163 3 5550 2.083936535
43 151 3 363 2.083938571
15 151 3 4195 2.083942247
149 5 3 4236 2.083942799
123 119 3 1781376 2.08394483
161 9 3 29121 2.083949538
154 115 3 247386 2.083949643
76 80 3 181289 2.083951317
194 187 3 4946 2.083952213
37 48 3 2744979 2.083961392
7 78 3 54182 2.083966118
44 38 3 854451 2.083967317
153 125 3 139925 2.083970662
116 51 3 22156 2.083971187
194 198 3 857903 2.083974561
154 152 3 2836889 2.083975779
41 43 3 336840 2.083984796
122 41 3 802066 2.083990056
12 13 3 4595056 2.083995049
40 42 3 42938 2.083996366
87 79 3 1563579 2.083996513
43 185 3 62668 2.083996521
76 187 3 125324 2.083998902
49 39 3 19274 2.083999742
148 12 3 58793 2.084007774
44 46 3 2567634 2.084011301
49 44 3 22777246 2.084011843
5 12 3 402194 2.084013404
161 155 3 1894308 2.084016692
80 85 3 24219 2.084016875
52 46 3 27621 2.084025656
152 160 3 51382 2.084028815
186 195 3 1545 2.084035298
75 87 3 373258 2.084035328
11 116 3 41038 2.084037041
74 118 3 6860 2.084041196
151 150 3 62336 2.084043363
48 38 3 60706 2.084043401
154 153 3 1064232 2.084046858
40 155 3 56916 2.084047125
40 44 3 7670 2.084048945
15 157 3 11703 2.084060731
196 193 3 724315 2.084060822
158 1 3 508304 2.08406229
44 43 3 512361 2.084065774
154 120 3 77217 2.084070805
125 37 3 38948 2.084072029
48 151 3 25338828 2.084076566
158 155 3 2144508 2.084083785
87 77 3 4221593 2.084090209
8 10 3 1695624 2.084091845
189 11 3 38459 2.084099336
2 117 3 46136 2.084101675
155 51 3 34284 2.084105217
41 51 3 5559572 2.084106232
42 153 3 60851 2.084107782
44 0 3 1155611 2.084108189
149 154 3 53598 2.084111015
8 153 3 1511837 2.084111475
190 86 3 17580271 2.084111538
15 149 3 3846 2.084111628
4 162 3 1839113 2.084113058
44 50 3 921113 2.08411403
153 118 3 4996486 2.084114608
87 86 3 6253 2.084116846
47 76 3 10456 2.084122277
163 186 3 936417 2.084127634
156 163 3 1137 2.084129842
42 37 3 19142 2.084148808
7 11 3 7827677 2.084151889
158 6 3 35809 2.084152046
197 189 3 54592 2.084163535
0 11 3 3113998 2.0841642
125 119 3 21766 2.084177092
153 163 3 24811 2.084180104
117 124 3 26381 2.084185695
153 6 3 20490 2.084190838
51 152 3 33751 2.084191894
161 75 3 41313 2.084191945
190 196 3 65542 2.084193651
162 5 3 223421 2.084194759
12 0 3 9865 2.084197015
2 148 3 2572597 2.084199121
1 8 3 41229 2.084203464
156 160 3 26156 2.084206284
0 153 3 159888 2.084211227
158 85 3 49505 2.084211425
38 41 3 6189 2.084214414
75 198 3 3301921 2.084215495
197 198 3 46675 2.084216107
76 82 3 46129 2.084217388
43 39 3 2638810 2.084218422
9 114 3 5240 2.084218617
148 153 3 544868 2.084220352
38 49 3 519 2.084233197
52 43 3 15148 2.084237705
83 82 3 16892 2.084239278
86 74 3 60757 2.084244941
83 75 3 11722518 2.08424952
156 159 3 171809 2.084252901
52 155 3 3919138 2.084256848
126 121 3 6805897 2.084260879
197 194 3 50524 2.084263832
44 37 3 391 2.08426493
120 113 3 28885 2.084265403
46 39 3 7429 2.084267708
87 116 3 14881 2.084268594
11 150 3 5283 2.084270096
155 40 3 1206936 2.084274255
150 80 3 75032 2.084275072
1 45 3 155220 2.084276894
185 198 3 8652 2.084277544
124 114 3 1881032 2.084279053
148 13 3 3195 2.084280064
200 50 3 9996728 2.084280071
150 152 3 39521 2.084284419
126 118 3 2694538 2.084284578
79 161 3 49345 2.084287785
81 79 3 604 2.08428793
190 198 3 1643 2.084290209
159 49 3 153561 2.084290891
160 154 3 4402 2.084295688
158 156 3 6610048 2.084302685
42 198 3 3282423 2.084306424
157 151 3 5640656 2.08431271
4 158 3 22436 2.084313119
14 5 3 536 2.08431693
160 40 3 78091 2.084317926
190 195 3 1042952 2.08432169
155 153 3 49937 2.084325481
191 86 3 1643813 2.084327348
0 148 3 494866 2.084328881
81 156 3 288629 2.084331419
52 49 3 69966 2.084335183
194 197 3 25864 2.084340389
118 125 3 27535 2.084340965
188 192 3 255490 2.08435115
44 52 3 130596 2.084351349
193 186 3 5438693 2.084359584
156 42 3 15856579 2.084359867
3 160 3 1830809 2.084360853
14 121 3 8336624 2.084361172
152 77 3 1950033 2.084361879
47 43 3 819755 2.084363334
185 6 3 1913216 2.084363501
189 199 3 3803837 2.084365522
159 150 3 5498824 2.084366093
79 87 3 199414 2.084366484
190 187 3 20306 2.084367373
191 192 3 16055 2.084367504
159 160 3 891 2.084369172
160 116 3 7940651 2.084371074
158 47 3 75020 2.084375972
163 119 3 45730 2.084378908
37 43 3 66529 2.084380366
160 148 3 3073 2.084393406
158 159 3 1053494 2.084393792
152 12 3 25678 2.084394171
115 124 3 217935 2.084398373
194 199 3 2842114 2.084401355
43 156 3 24155 2.084401355
122 194 3 79159 2.084402882
12 121 3 71397 2.084408845
157 156 3 5797 2.084412485
88 152 3 314088 2.084415133
83 84 3 51166 2.084419411
149 154 3 8731062 2.084427502
88 75 3 5687 2.084429492
40 199 3 8642907 2.084430933
87 74 3 6353866 2.084434435
118 125 3 132723 2.084434819
185 196 3 25769 2.08443698
153 40 3 9784547 2.084439252
12 15 3 880 2.084442266
195 113 3 4564854 2.08444657
193 191 3 239831 2.0844483
9 1 3 3422494 2.084453322
89 87 3 22394 2.084454142
125 119 3 75368 2.084461118
2 13 3 25759 2.084463084
14 6 3 23884 2.084466522
40 49 3 3035732 2.084466977
151 163 3 16650 2.084468688
49 163 3 65255 2.084476954
124 121 3 50139 2.084483984
87 78 3 80649 2.084487656
113 114 3 4588 2.084497228
185 200 3 932090 2.084502718
188 197 3 367628 2.084508268
89 81 3 806839 2.084509197
52 45 3 837848 2.084515962
192 78 3 22868 2.084522379
150 12 3 1670363 2.08452505
8 153 3 1740140 2.08452604
86 87 3 618925 2.084530241
160 87 3 16920153 2.084536387
77 86 3 57346 2.084537902
151 162 3 3027282 2.084538992
75 191 3 4829798 2.084541169
114 78 3 4682 2.084542912
45 162 3 186783 2.084543542
75 77 3 47912 2.084544969
50 161 3 5898282 2.084548954
7 15 3 1598854 2.084549737
193 187 3 966056 2.084556018
40 50 3 355198 2.084559608
43 47 3 305946 2.084560327
150 154 3 21837 2.084566728
45 152 3 3513591 2.084570086
2 87 3 875182 2.084573613
48 42 3 11986 2.084575529
200 43 3 6211127 2.084581303
89 84 3 90984 2.08458399
87 82 3 5336 2.084585245
158 149 3 2999 2.084586357
13 5 3 1552 2.084593012
115 39 3 889180 2.084594141
185 198 3 5672131 2.084599486
195 191 3 2649785 2.084599879
123 50 3 2938935 2.084605954
46 40 3 24180 2.084607906
41 148 3 42869 2.084607992
74 83 3 35009 2.084610981
9 113 3 2942374 2.084612243
198 199 3 637 2.084613899
189 187 3 12749 2.084615647
190 198 3 12878 2.084621804
3 118 3 38155 2.08462564
190 188 3 5593911 2.084626193
1 7 3 151647 2.084630021
118 10 3 35235 2.084633517
123 157 3 135081 2.084634253
6 10 3 722115 2.084636278
40 38 3 71144 2.084638522
80 40 3 1009728 2.084639872
43 41 3 19236 2.084640209
117 115 3 1332283 2.084641216
2 3 3 1589729 2.084643281
196 188 3 3854098 2.084643332
76 87 3 6040 2.084646457
116 123 3 5235 2.084648763
117 116 3 733795 2.084651713
111 120 3 33132 2.084671369
197 194 3 6857 2.08467972
84 52 3 419235 2.084682506
45 41 3 78564 2.084683547
198 74 3 121202 2.084689352
1 155 3 30550 2.084691621
77 75 3 10822 2.084692372
197 194 3 571919 2.084697262
1 119 3 40626 2.084699708
158 52 3 12987 2.084700056
12 14 3 3362055 2.084700547
10 2 3 1853637 2.08470305
2 148 3 15561 2.084708111
75 87 3 47932 2.084709299
6 12 3 6141 2.084714217
194 192 3 21855 2.084715529
194 195 3 7883 2.084718331
41 43 3 20125 2.084722424
1 9 3 18653 2.084723779
43 37 3 3975828 2.084725592
163 161 3 47024 2.084728824
156 123 3 18914 2.084735581
160 161 3 3843741 2.084737355
4 149 3 1505582 2.084738755
51 48 3 22664 2.084739035
49 46 3 3551923 2.084741974
151 40 3 4312577 2.084743071
75 86 3 70596 2.084749156
81 80 3 183788 2.08474956
14 6 3 25452 2.084750993
6 7 3 5358 2.084756041
119 9 3 29136 2.08475701
7 9 3 7883 2.084760451
8 149 3 8236 2.084761638
0 5 3 9040874 2.084766598
79 82 3 8260 2.084769133
152 158 3 359346 2.084771775
161 44 3 2731057 2.084773653
114 117 3 4618127 2.084776584
153 13 3 573163 2.084786887
1 160 3 1646938 2.084787346
50 40 3 21581 2.084787969
158 159 3 1641717 2.084789111
4 118 3 45311 2.084789151
162 153 3 60022 2.084791141
193 188 3 5280 2.0847913
115 119 3 4807661 2.084792116
151 84 3 59544 2.084799021
113 120 3 2503368 2.084802644
154 152 3 7943906 2.084806459
118 111 3 9721418 2.08481031
46 159 3 62899 2.084810443
39 113 3 36832 2.084811058
50 40 3 10449 2.084811061
12 152 3 4326735 2.084817873
118 120 3 7271 2.084821048
198 152 3 14504655 2.084823
155 15 3 32145 2.084823664
149 121 3 690629 2.084828082
10 159 3 73776 2.084830505
4 12 3 728994 2.084831251
156 150 3 66829 2.084835933
162 126 3 1010960 2.084840184
41 46 3 9119 2.084840295
186 200 3 3535777 2.084845324
200 198 3 1267101 2.08485198
3 157 3 33681 2.084857907
120 115 3 9175 2.084859056
151 15 3 100753 2.084865613
112 123 3 24570 2.084873866
151 89 3 4209 2.084878141
188 3 3 2566862 2.084882785
148 151 3 6396 2.084883743
194 14 3 1230958 2.084885588
150 158 3 3332381 2.084886214
75 112 3 12090 2.084888551
112 158 3 297229 2.08489033
47 46 3 423394 2.084903029
1 162 3 335679 2.084903558
9 13 3 18808 2.084908327
38 44 3 17302 2.084914157
7 5 3 7820786 2.084914642
159 160 3 63930 2.084918425
162 42 3 64371 2.084921154
13 0 3 4899 2.08492246
0 12 3 6979 2.084928081
111 158 3 42748 2.084928893
198 189 3 7233554 2.084931262
44 50 3 53864 2.084936977
15 0 3 40529 2.08493815
151 9 3 52543 2.084941179
190 3 3 3 2.084941666
121 12 3 7900 2.08494264
87 76 3 907 2.084943774
118 187 3 196967 2.084949798
159 158 3 27654 2.084951045
1 0 3 7243 2.084952621
78 74 3 612368 2.084953466
77 185 3 36882 2.084960546
82 84 3 2118632 2.084962805
0 47 3 1281640 2.084962959
159 163 3 51635 2.084962978
15 0 3 4558 2.084964642
155 78 3 24575 2.084965311
157 9 3 186574 2.084965348
155 44 3 8463 2.084965845
156 7 3 70167 2.084969493
82 88 3 400778 2.084974582
157 10 3 1980217 2.084976866
113 112 3 891661 2.084981355
9 160 3 38808 2.084984001
11 111 3 34487 2.084984179
5 3 3 3696560 2.084985689
158 9 3 8991171 2.084988379
198 191 3 151757 2.084992436
44 43 3 170315 2.084992663
161 162 3 4213924 2.084996774
150 88 3 1473320 2.084999269
152 150 3 36 2.084999925
39 47 3 1536829 2.085004623
111 119 3 2318 2.085006663
153 115 3 41135 2.085007014
159 87 3 16188816 2.085008128
39 11 3 115006 2.085010295
117 161 3 1938043 2.085013068
15 1 3 8169 2.085017093
163 0 3 76316 2.08501723
156 150 3 1431607 2.085017736
83 9 3 177392 2.08501994
41 187 3 4586905 2.085026543
124 121 3 167513 2.085028214
45 149 3 250811 2.085028366
83 82 3 83791 2.085029423
10 116 3 61002 2.085033419
153 162 3 20373 2.085035617
185 196 3 27712 2.085043338
195 199 3 1485297 2.085043405
112 151 3 48397 2.085047803
195 190 3 165095 2.085048925
12 5 3 5427386 2.08504924
199 198 3 41934 2.085051491
118 115 3 2790306 2.085060315
7 158 3 954058 2.085070308
15 10 3 26911 2.085073853
112 118 3 690495 2.085074955
45 46 3 73383 2.085076125
113 153 3 4897058 2.085081659
153 47 3 23542 2.085083607
14 51 3 32045 2.085083661
51 48 3 73599 2.085087344
162 116 3 157941 2.085095048
119 118 3 7299 2.085096769
51 45 3 88856 2.085099998
192 187 3 7315870 2.085100118
155 159 3 21281259 2.085104185
148 196 3 59887 2.085108266
7 13 3 25943 2.085111639
13 12 3 22855 2.085113441
126 120 3 1660130 2.085116535
161 0 3 3110495 2.08512162
186 81 3 3892016 2.08512497
111 116 3 3483508 2.085136082
152 82 3 45272 2.085138443
194 188 3 27894025 2.085143347
9 3 3 3817 2.085145531
188 196 3 41340 2.085146945
11 50 3 434521 2.085149265
14 7 3 4807056 2.085151601
48 39 3 131797 2.085151768
193 189 3 11802 2.085154302
6 8 3 4992161 2.08516161
187 80 3 4837493 2.085163135
125 89 3 9617840 2.085164954
121 11 3 2506564 2.085172226
81 50 3 1067681 2.085174156
84 74 3 20129 2.085174812
189 191 3 6570 2.08517581
187 190 3 133737 2.085177163
159 13 3 62910 2.085179366
148 88 3 16613 2.085179827
83 78 3 74248 2.085189098
77 88 3 340851 2.085198208
119 118 3 62273 2.085200294
152 15 3 1155539 2.08520078
194 197 3 662502 2.085202933
148 157 3 23786 2.085202977
84 79 3 4367717 2.085205149
190 193 3 4623030 2.085205437
14 2 3 22954 2.085206302
82 122 3 2527627 2.085219527
81 190 3 26775 2.085226423
124 191 3 16908 2.085227712
155 152 3 21463 2.085232529
3 149 3 1934807 2.085232748
194 187 3 3625975 2.085234901
7 123 3 39937 2.085238355
122 125 3 33747 2.085239533
162 158 3 6324 2.085245159
40 38 3 4222670 2.085251613
8 7 3 1471339 2.085252543
85 84 3 21168 2.085254315
162 89 3 68387 2.085254581
37 45 3 3145 2.085260029
12 152 3 4846 2.085262108
2 114 3 1661201 2.085264955
200 197 3 29558 2.085265361
9 148 3 8131456 2.085266519
78 87 3 52958 2.085270165
4 161 3 1262494 2.085272731
2 123 3 8883 2.085273075
81 83 3 1595847 2.085274734
86 84 3 7950272 2.085280526
124 121 3 35981 2.085282263
46 49 3 10492 2.085283798
51 156 3 19336 2.085285461
162 148 3 787393 2.085286983
198 75 3 9547440 2.085287919
12 88 3 76510 2.085288056
154 76 3 8626 2.085288676
11 121 3 73004 2.085293449
154 50 3 10206 2.085300627
47 50 3 6844 2.085301493
9 0 3 190779 2.085304538
156 50 3 4028471 2.085307573
51 50 3 1692626 2.085307699
78 86 3 698035 2.085312437
86 8 3 24096 2.085315559
83 157 3 26798 2.085318893
3 86 3 2573697 2.08531901
0 154 3 66600 2.085322745
0 1 3 1470527 2.08532467
187 189 3 23758 2.085326514
15 154 3 3881622 2.085334347
78 88 3 46475 2.085339004
150 40 3 65100 2.085343226
2 186 3 664527 2.085343447
191 187 3 1620 2.085343637
119 123 3 1426466 2.085344812
159 51 3 14215 2.085350867
44 12 3 13037 2.085351414
112 118 3 9668595 2.085357205
116 121 3 169478 2.085357964
0 49 3 1733104 2.08536007
193 196 3 31709 2.085364175
10 119 3 6095875 2.085366258
42 4 3 29927 2.085369569
160 87 3 28240 2.085370315
148 88 3 71677 2.085377948
41 152 3 2684 2.085380263
121 122 3 4953802 2.0853813
199 186 3 1441004 2.08538308
14 156 3 27296 2.085386162
2 12 3 120285 2.085392904
185 200 3 8017764 2.085401926
1 200 3 54027 2.085402854
0 4 3 3246 2.085403364
155 117 3 702117 2.085407864
5 10 3 91324 2.085410648
196 187 3 6176892 2.085416303
89 76 3 60924 2.085417768
84 86 3 3560162 2.085424474
3 149 3 28619591 2.08543142
195 198 3 4734 2.085433136
9 112 3 1397613 2.08543449
13 7 3 79711 2.085434587
194 189 3 80509 2.085436136
123 87 3 301254 2.085442198
7 156 3 70805 2.085443229
38 40 3 36696 2.08544748
189 49 3 67119 2.085447774
2 158 3 25108 2.085459301
42 40 3 41585 2.085461911
1 12 3 9760 2.085462128
75 46 3 34707 2.085468075
83 74 3 24873707 2.085469037
15 10 3 879687 2.08547045
50 40 3 7335 2.085473758
156 5 3 11703817 2.085473823
163 12 3 69343 2.085474856
46 49 3 14428 2.085478716
123 111 3 1472604 2.085482382
88 82 3 49104 2.08548397
7 8 3 16690 2.085487158
111 125 3 14644 2.085489924
123 114 3 5845 2.085493743
192 195 3 3299 2.085497
154 51 3 39609 2.085497909
159 6 3 60893 2.085503472
2 3 3 4888 2.085504784
49 50 3 574375 2.085505186
80 79 3 5742 2.085505926
3 10 3 17870 2.085507405
122 116 3 78073 2.085513997
82 87 3 4566264 2.085515164
185 190 3 2040664 2.085518164
79 121 3 20072 2.085523304
47 155 3 4324856 2.085523614
76 74 3 857944 2.085527195
89 79 3 3170370 2.085531063
50 44 3 3270090 2.085535249
157 88 3 29276 2.085539442
185 195 3 55509 2.085541595
49 42 3 4584 2.085546981
81 76 3 21210 2.085547839
75 89 3 855684 2.085551632
151 162 3 1879833 2.085556091
153 116 3 829 2.08555664
160 4 3 7690317 2.085557859
187 185 3 7824690 2.085559875
153 123 3 7964 2.085567403
188 191 3 3113500 2.085568097
39 41 3 43997 2.085569183
12 159 3 1317426 2.085571251
4 79 3 386501 2.085571792
200 158 3 5115 2.085576036
4 153 3 9633 2.08557632
192 187 3 54539 2.085582604
86 78 3 9458469 2.085583339
52 41 3 5467 2.085587201
38 149 3 22480 2.085588242
155 196 3 23738 2.085588541
120 113 3 47359 2.085589305
194 191 3 20151 2.085590769
7 1 3 781068 2.085595468
82 111 3 967169 2.085597379
39 150 3 8014742 2.085601344
125 119 3 38688 2.085601667
76 80 3 4867255 2.085604212
48 50 3 319 2.085605135
162 39 3 7277 2.085605165
88 75 3 243332 2.085608074
47 41 3 40230 2.085614966
157 151 3 31911 2.085615108
3 150 3 156108 2.085620149
89 74 3 66361 2.085625727
123 111 3 459967 2.085630395
2 112 3 718140 2.08563155
116 117 3 26748625 2.085631882
158 157 3 53305 2.085643426
81 89 3 18278 2.085645873
117 121 3 4594318 2.085647121
197 200 3 6797113 2.08565051
156 160 3 3308253 2.085651061
191 200 3 33396 2.085652148
42 51 3 720047 2.085652882
44 120 3 1853478 2.085654775
185 197 3 2262495 2.085659351
4 148 3 4377806 2.085662699
125 118 3 5192548 2.085664818
11 124 3 50535 2.085668017
50 111 3 9016599 2.085675259
159 160 3 1643404 2.085684159
38 47 3 1971663 2.085698766
122 112 3 72952 2.085700018
40 154 3 7029 2.085701629
8 6 3 8988 2.085701752
151 148 3 951790 2.085703909
117 124 3 5428 2.085707337
48 185 3 446 2.085708223
86 76 3 55627 2.085712719
153 45 3 1091016 2.085716048
159 151 3 2111249 2.085716814
157 0 3 4889547 2.085719775
191 189 3 1704718 2.085720874
150 80 3 217 2.085722741
74 85 3 9071771 2.085725592
41 39 3 42830 2.085727723
76 85 3 78978 2.085729204
52 43 3 1013206 2.085733616
4 14 3 1744031 2.085737276
160 12 3 26356 2.085742375
122 38 3 7407 2.085744443
156 158 3 66409 2.085745414
7 149 3 3296049 2.085748832
199 81 3 1153 2.085748917
6 4 3 1234931 2.085749225
125 117 3 1216728 2.085756849
187 195 3 50076 2.085757503
3 150 3 4644506 2.085761837
119 125 3 8234066 2.085763645
158 157 3 2261 2.085765401
46 52 3 21176 2.085766454
196 185 3 159473 2.085768374
152 115 3 4193016 2.085770314
10 3 3 2436108 2.085771434
7 11 3 73471 2.085774207
47 191 3 183315 2.085774323
190 12 3 9928 2.08577713
78 74 3 76827 2.085777294
11 87 3 5299 2.085777394
194 188 3 158704 2.085777728
75 46 3 5114 2.085781758
151 158 3 52825 2.085782374
6 12 3 4177962 2.085782668
51 43 3 3760808 2.085785704
81 37 3 9631 2.085791106
10 2 3 49590 2.08579136
186 188 3 184157 2.085794334
117 112 3 10261 2.085801677
162 88 3 20613 2.085801807
9 11 3 61157 2.085802493
194 187 3 111442 2.085802593
189 195 3 9897085 2.085803306
156 80 3 6364 2.085803775
163 158 3 71937 2.085811525
162 156 3 38687 2.085815801
125 113 3 1320665 2.085817885
159 84 3 24514 2.085818353
8 112 3 49176 2.085820677
192 189 3 20037 2.085822726
159 9 3 55637 2.085825331
10 2 3 1834775 2.085826914
6 1 3 11654 2.085827642
194 3 3 52011 2.085827792
80 154 3 5474 2.085827812
7 13 3 18477 2.0858299
158 47 3 1946 2.085830371
159 41 3 28548 2.085834198
1 151 3 24462 2.085838649
44 43 3 85335 2.085839492
15 48 3 348920 2.085839533
156 81 3 4406732 2.085841663
155 161 3 8290327 2.085844958
40 45 3 44599 2.085845414
153 8 3 5979 2.085847137
76 115 3 731438 2.085847142
150 158 3 4509547 2.085847144
43 37 3 18091568 2.085849827
85 45 3 1364113 2.085852874
45 38 3 752919 2.085854447
120 125 3 830395 2.085855689
0 88 3 2110828 2.085858551
82 81 3 147616 2.085862205
82 76 3 41022 2.085862866
151 159 3 63349 2.085865432
186 200 3 1046 2.085866411
0 124 3 3737 2.08586658
40 50 3 4124 2.085867913
150 44 3 26481 2.08587202
15 5 3 27931 2.085873999
187 186 3 36509 2.085874446
152 156 3 14351 2.085876321
190 197 3 2002 2.085879413
47 3 3 11297626 2.085879949
152 120 3 1054 2.085881334
3 15 3 8854 2.085886498
161 42 3 7504 2.085886973
114 77 3 69044 2.085888555
162 151 3 2676303 2.085890419
3 155 3 55778 2.085900666
39 148 3 70012 2.085904682
42 52 3 22112 2.085905151
148 13 3 4311205 2.085905764
125 119 3 21240 2.085906129
120 115 3 8598759 2.085908502
42 44 3 28458812 2.085910965
37 39 3 4560 2.085914214
47 41 3 23737 2.085915912
75 5 3 60031 2.085916156
124 123 3 78838 2.08591769
8 3 3 25694 2.085922621
74 86 3 14920 2.085924277
13 157 3 39232 2.085935306
84 76 3 3773482 2.085938609
156 8 3 8028692 2.085949167
150 154 3 62590 2.085955999
120 8 3 23225 2.085956121
126 79 3 60323 2.085958599
158 10 3 3426240 2.085961165
45 158 3 22018 2.085962914
51 115 3 5267 2.085965268
190 191 3 100451 2.085966473
11 3 3 15940 2.085968158
9 0 3 26007 2.085969613
84 86 3 6476 2.085969761
162 45 3 1760662 2.08597449
124 120 3 21279 2.085976739
196 197 3 24661 2.085977485
38 43 3 77638 2.085979803
194 193 3 796116 2.085982983
14 11 3 70609 2.085983305
152 157 3 1942791 2.085984529
148 88 3 22057 2.085984551
120 118 3 24228 2.08598665
152 8 3 9572 2.085990985
158 79 3 158447 2.085991834
8 14 3 72446 2.085998135
11 10 3 78167 2.086012854
39 48 3 8993 2.086015232
47 49 3 68668 2.086018101
8 2 3 28657 2.086025336
154 198 3 1531775 2.086025961
151 8 3 124610 2.086030406
13 111 3 38294 2.086030623
153 88 3 5142 2.086032421
81 80 3 26610 2.086041039
150 157 3 977331 2.086051967
41 40 3 816941 2.086052805
153 78 3 2922468 2.086061155
160 161 3 807 2.086065873
4 9 3 605413 2.086066166
153 120 3 38443 2.086067709
117 125 3 60449 2.086069755
15 4 3 60429 2.086070837
87 6 3 144179 2.086074821
192 198 3 40341 2.086075245
37 49 3 1613733 2.086077334
149 11 3 1636364 2.086079065
161 120 3 8567269 2.086079076
187 186 3 28255 2.086094935
162 124 3 56050 2.086097776
12 156 3 2331 2.086103658
193 0 3 8661080 2.086104787
5 150 3 20056 2.086105622
114 123 3 3941046 2.08610681
188 195 3 4131778 2.086107473
4 161 3 39899 2.086109201
83 75 3 2727 2.086109948
155 44 3 2911 2.086110396
159 160 3 4598540 2.086126368
115 118 3 387 2.086126623
153 42 3 34323 2.08612768
163 159 3 3927 2.086127834
186 194 3 23074 2.086129551
194 116 3 7645659 2.086129616
5 126 3 2143174 2.086131941
47 1 3 91583 2.086134487
153 152 3 29233 2.086135718
3 121 3 97792 2.086137338
9 152 3 1013041 2.086138619
38 44 3 277 2.086139933
160 163 3 288299 2.086141931
47 37 3 20178 2.086144417
156 200 3 4019772 2.086145659
158 160 3 10653 2.086146121
13 48 3 5869320 2.086156444
47 37 3 29569 2.086161598
14 148 3 1126199 2.086162671
9 5 3 565625 2.086165334
156 162 3 6837 2.086169391
51 40 3 1472682 2.086173747
3 2 3 42972 2.086175792
11 15 3 171221 2.086176478
12 150 3 78617 2.086180757
126 112 3 2022809 2.086182544
8 150 3 1698932 2.086192121
75 84 3 45691 2.086200172
80 79 3 56862 2.086203835
155 52 3 8893455 2.086206115
38 44 3 28047 2.086206951
160 9 3 5522259 2.086209878
82 85 3 29878 2.086212514
4 77 3 28886 2.086219643
6 13 3 29790 2.086223066
5 7 3 35360 2.086224616
115 50 3 974207 2.086234542
150 47 3 15802192 2.086235963
9 12 3 28168 2.08623778
126 84 3 27912 2.08623863
188 196 3 22495 2.08624336
112 121 3 1802934 2.08625272
44 50 3 147372 2.086254612
83 74 3 29560 2.086255276
39 38 3 58463 2.086256351
45 39 3 1921 2.0862571
45 41 3 479172 2.086257183
86 15 3 25615 2.086257255
124 111 3 72792 2.086259009
115 163 3 43805 2.086263601
153 15 3 4794605 2.086270801
42 39 3 20558 2.086273559
158 155 3 24682 2.086274264
49 47 3 26926 2.086281835
116 3 3 138227 2.086284623
82 189 3 64328 2.086284854
83 77 3 24413198 2.086286763
44 37 3 50673 2.086290732
13 9 3 3759664 2.086299116
163 150 3 1550578 2.086303461
198 6 3 78403 2.08630631
162 160 3 4391 2.086307584
111 114 3 11982426 2.0863115
13 9 3 5143976 2.086322001
111 151 3 134897 2.086323972
10 154 3 31692 2.08633027
192 200 3 1557398 2.086330882
119 122 3 23082 2.086331112
157 46 3 12994492 2.086336859
2 12 3 59444 2.086337933
191 185 3 5543350 2.086339507
153 150 3 66833 2.086344897
195 189 3 29050 2.086346069
149 7 3 2117 2.086346308
7 8 3 18708 2.08634889
8 152 3 56121 2.086349497
76 86 3 9065 2.08635619
198 185 3 1930393 2.086359749
155 154 3 2582 2.086362189
43 126 3 4939479 2.086365263
14 114 3 26917 2.086368142
83 51 3 4009977 2.086371685
48 51 3 6940275 2.086374645
154 148 3 29781 2.086374994
152 155 3 7319517 2.086377201
87 46 3 46635 2.086377509
113 15 3 1745869 2.086380518
111 78 3 877817 2.086384548
14 148 3 5586 2.086390453
117 87 3 6338797 2.086390863
75 80 3 2195 2.086400429
41 45 3 4155 2.08640776
198 193 3 6847225 2.086409443
84 116 3 51865 2.086409735
153 115 3 242740 2.086411908
191 113 3 8549 2.086415544
8 7 3 78870 2.086415986
122 117 3 61807 2.086418769
161 149 3 105490 2.08641894
200 191 3 26785 2.08642024
158 7 3 38383 2.086422055
15 39 3 40462 2.086425544
158 163 3 615048 2.0864266
48 155 3 2727151 2.086427963
125 118 3 5257 2.086430345
11 5 3 4050 2.086433417
152 42 3 154811 2.086433602
160 125 3 966573 2.086437058
9 118 3 23846 2.086437352
37 80 3 6347046 2.08643812
199 193 3 2315762 2.086439537
148 157 3 1769775 2.08644102
8 6 3 4194321 2.086443664
84 85 3 1691578 2.086444028
3 118 3 6263 2.086445573
52 51 3 2094 2.086446976
44 41 3 330080 2.086450858
46 49 3 2439 2.086452944
77 1 3 181749 2.086456254
45 115 3 253525 2.086457408
161 151 3 65876 2.0864641
42 45 3 730982 2.086464989
81 83 3 35199 2.086467692
151 155 3 34435 2.086469012
1 153 3 34241 2.086475981
151 149 3 3240 2.08648163
5 9 3 47153 2.08648215
197 200 3 3823 2.086487962
2 162 3 2860 2.086494324
112 126 3 53155 2.08649505
149 161 3 23022440 2.086496019
88 81 3 26644554 2.086498311
154 158 3 5096 2.086498417
153 154 3 9624 2.08649933
0 12 3 4118 2.086501332
85 87 3 79185 2.086502637
125 126 3 8538157 2.086506571
37 40 3 73229 2.086508053
121 124 3 39032 2.086514332
10 149 3 2652 2.08651659
198 199 3 172681 2.086522892
41 77 3 24700 2.086524449
14 0 3 1779901 2.086525684
4 12 3 62194 2.086526948
52 2 3 52873 2.086527999
120 121 3 13146 2.086528625
1 10 3 63236 2.086530254
84 76 3 7083 2.086535325
81 86 3 563746 2.086544795
186 117 3 3071 2.086545867
42 43 3 2800732 2.086546126
77 75 3 55750 2.08654705
185 197 3 1629694 2.086552749
151 2 3 14827258 2.086553396
187 196 3 1643042 2.086554511
46 44 3 65731 2.086554731
79 75 3 220289 2.086558567
157 12 3 40634 2.086558938
196 186 3 9960957 2.08656276
83 80 3 144917 2.086563488
122 49 3 1028847 2.086564723
153 159 3 20142 2.086565469
160 156 3 7767407 2.086567391
155 49 3 12220319 2.086575121
123 126 3 501599 2.086575218
186 79 3 76473 2.086575712
150 37 3 68825 2.086578598
162 158 3 38251 2.086583193
200 191 3 191188 2.086585935
161 89 3 7946 2.086587396
81 83 3 3940168 2.086591696
114 113 3 25993 2.086594944
85 40 3 156067 2.086597282
47 42 3 2736 2.086602888
81 89 3 40667 2.08660599
42 112 3 200328 2.086607912
12 111 3 72211 2.086609267
81 79 3 6272455 2.086618109
153 115 3 30555 2.08661822
156 1 3 27583 2.08661977
40 49 3 55157 2.086620553
185 186 3 23241 2.086625855
163 151 3 1736962 2.086628873
80 149 3 61248 2.086630231
52 49 3 16329 2.08663336
162 163 3 3608665 2.086642952
117 119 3 144580 2.086643447
188 115 3 7797857 2.086645088
150 83 3 19736 2.086645285
84 87 3 411191 2.086660979
0 13 3 54395 2.086671658
85 84 3 3725099 2.086672127
11 12 3 1369177 2.086674022
153 162 3 63634 2.086675011
5 14 3 52262 2.086676156
83 74 3 3495 2.086679947
48 44 3 2065 2.086681519
15 5 3 21747 2.086686944
74 82 3 5966135 2.08668828
160 154 3 591204 2.086688304
12 9 3 920 2.08670498
81 84 3 1136438 2.086705698
194 190 3 2915420 2.08670971
82 87 3 9051 2.086711389
45 46 3 21680 2.086713509
45 48 3 56457 2.086715679
46 38 3 45553 2.086723224
14 115 3 1267977 2.086723362
6 162 3 52108 2.086726966
6 0 3 89519 2.086727259
124 118 3 3886740 2.08673382
0 76 3 50816 2.086735178
37 39 3 31491 2.086735212
155 162 3 1364415 2.086736554
9 158 3 30613 2.086736749
7 13 3 3029 2.086738973
5 116 3 8773 2.086740678
116 119 3 207 2.086741341
76 83 3 70042 2.086742533
156 112 3 1556014 2.086744822
198 196 3 457725 2.086745141
197 193 3 1615422 2.086749409
50 116 3 45283 2.086757022
126 191 3 61977 2.086757317
13 158 3 4273016 2.086758565
115 117 3 2083588 2.08675959
12 10 3 49688 2.086763623
155 156 3 48027 2.086766665
197 193 3 2152657 2.086770919
79 74 3 34869 2.086777016
113 111 3 9246 2.086780217
148 160 3 21193 2.086781215
2 0 3 727254 2.086781766
3 7 3 23715 2.086782082
76 74 3 2410 2.086784598
154 157 3 587795 2.086785502
154 194 3 964595 2.086797108
80 89 3 22813 2.086803655
37 76 3 39353 2.086805514
192 198 3 3258886 2.086806348
188 191 3 3642363 2.086807068
200 193 3 5419272 2.086814479
13 158 3 1489926 2.086815685
119 118 3 6558 2.086821324
187 197 3 6554016 2.086821685
11 155 3 45114 2.086827993
122 124 3 186612 2.086831478
75 80 3 5572 2.086832559
185 193 3 4195615 2.086835445
2 126 3 46748 2.086838282
190 196 3 57212 2.086851427
148 3 3 3264572 2.086852312
7 150 3 4808 2.086858869
84 48 3 11084 2.086859889
9 10 3 44780 2.086869411
196 192 3 36815 2.086870139
11 151 3 3011264 2.086874819
45 49 3 46048 2.086876345
84 88 3 3419062 2.086879079
186 188 3 70731 2.086882095
0 122 3 5849 2.086886589
15 155 3 4473516 2.086889053
0 6 3 1423461 2.086889564
119 112 3 6265419 2.086891226
160 159 3 73813 2.086891909
115 126 3 44097 2.086895836
41 51 3 23078 2.086896135
114 126 3 3873 2.086896483
4 157 3 1112518 2.086899303
7 5 3 1040141 2.08689945
117 1 3 2577 2.086900427
4 14 3 6876 2.086900726
6 7 3 22240205 2.086901323
148 153 3 1626695 2.086904907
196 191 3 40461 2.086906508
191 193 3 31495 2.086911663
162 149 3 4095 2.086911971
82 74 3 1851485 2.086914429
126 11 3 16232213 2.08692368
13 189 3 1664301 2.086923773
150 118 3 3289 2.086924507
5 0 3 3231 2.086926631
12 3 3 24051 2.086927345
151 198 3 4925 2.086928498
8 7 3 55533 2.086936902
195 191 3 12263 2.086939271
199 188 3 21351 2.086948798
122 123 3 55961 2.086950388
124 122 3 1593 2.086951155
186 190 3 13187447 2.086955536
118 124 3 13752 2.086959675
124 115 3 7258455 2.086961537
122 119 3 60329 2.086961694
3 120 3 8901171 2.086962277
125 114 3 19560230 2.086963063
159 151 3 153229 2.086969778
77 78 3 39160 2.08697178
163 48 3 3706941 2.086973054
45 52 3 35027 2.086976792
152 12 3 32908 2.086981226
195 193 3 20487 2.086982138
9 119 3 4262829 2.086988667
151 82 3 27629 2.086990368
112 161 3 907398 2.086990744
42 45 3 9525 2.086994318
193 195 3 35910 2.086995716
52 45 3 17168 2.086996135
5 152 3 7088311 2.086998004
159 161 3 102590 2.086999375
48 51 3 19281 2.08699981
114 124 3 197474 2.087001526
3 83 3 950508 2.087004473
153 151 3 47594 2.087005088
48 46 3 29619 2.087007765
153 117 3 47009 2.087010602
196 190 3 2892 2.087011899
76 78 3 28727 2.087012202
198 196 3 77794 2.087013494
188 199 3 4680766 2.087013638
83 76 3 392234 2.087017531
15 8 3 1322034 2.087017552
156 112 3 37189 2.087033262
156 121 3 39127 2.087033266
123 118 3 307 2.087034746
52 37 3 3458279 2.087035254
10 111 3 263678 2.087036679
45 44 3 318419 2.087037456
38 45 3 52687 2.087037857
153 113 3 57162 2.087045676
157 13 3 2460 2.087048413
4 7 3 1610 2.087050322
4 116 3 1474 2.08705052
114 118 3 33456 2.087051119
52 41 3 10855 2.087051544
111 116 3 593224 2.0870531
88 85 3 8770 2.087053164
148 12 3 1394593 2.087054429
111 193 3 605932 2.087058907
38 155 3 1669136 2.087059518
2 157 3 56869 2.087061345
153 124 3 130142 2.087062017
49 47 3 21778 2.087062127
8 160 3 65740 2.087062375
192 195 3 37811 2.087063562
0 14 3 66455 2.087064274
116 120 3 3340676 2.087065426
148 155 3 60304 2.087067424
155 81 3 5843231 2.087067454
77 86 3 19575 2.087071653
191 12 3 45979 2.087071819
49 46 3 23578 2.087072068
14 122 3 1604702 2.087075537
159 152 3 2193040 2.08707562
11 155 3 1186875 2.087083043
83 75 3 9061 2.087085978
5 1 3 3479372 2.087090023
9 85 3 16644 2.087092313
14 84 3 4173 2.087093316
6 14 3 266684 2.087101563
192 42 3 9724105 2.087111393
159 87 3 75938 2.087113201
13 4 3 3101096 2.087117644
11 15 3 368328 2.087117977
200 187 3 4512190 2.087119023
154 2 3 6172176 2.087119172
124 185 3 58552 2.087130678
80 86 3 3616 2.087132533
10 9 3 85689 2.087137684
5 10 3 5354343 2.087137752
11 157 3 1636 2.087140079
50 48 3 60944 2.087140216
122 44 3 23314 2.087147039
43 42 3 1943303 2.087148069
149 154 3 41588 2.087148107
198 200 3 25878 2.087152222
158 155 3 1400667 2.087155892
152 5 3 35767 2.08715625
114 125 3 63356 2.087157601
85 87 3 1838760 2.087164066
196 200 3 58631 2.087169625
160 152 3 8814 2.087173117
153 155 3 7892131 2.087176767
0 2 3 29180 2.087177937
79 39 3 27390 2.087177952
81 82 3 15814 2.08717867
151 10 3 9173 2.087188643
48 51 3 14501 2.087192293
0 161 3 28619 2.08719752
194 192 3 7721 2.087197844
162 38 3 175 2.08720074
46 50 3 16247 2.087202133
75 111 3 29912 2.087207806
118 121 3 1795353 2.087212608
37 45 3 2752576 2.087226632
153 151 3 32777 2.087227878
148 85 3 17538 2.087228115
194 191 3 1587766 2.087238635
12 158 3 60879 2.087240283
13 122 3 69105 2.087240424
200 51 3 51098 2.087242
115 121 3 6410829 2.087257163
151 114 3 2046279 2.08726533
117 122 3 32459 2.087270617
148 9 3 57742 2.087276523
51 38 3 16286295 2.087276705
47 185 3 1200172 2.087286447
51 191 3 894 2.08728783
75 77 3 3104 2.087292606
1 81 3 65909 2.087295308
157 40 3 1738262 2.087296028
157 150 3 5489 2.087296643
198 38 3 54517 2.087298779
192 198 3 954824 2.087299886
149 43 3 118554 2.08730076
112 113 3 28554 2.08730796
115 194 3 1111568 2.087310394
123 188 3 39774 2.087314277
42 38 3 1784024 2.087318021
200 48 3 27093 2.087318138
148 161 3 2756020 2.087320244
12 4 3 37954 2.087322143
194 83 3 69532 2.087323153
122 11 3 5581563 2.087323164
9 1 3 10018046 2.087323833
161 148 3 49011 2.087326638
185 191 3 43246 2.087330366
10 5 3 24683 2.087335044
163 6 3 4662 2.087338412
193 79 3 21487339 2.087340332
9 10 3 28561 2.087340795
162 151 3 31754 2.087340927
122 126 3 2577336 2.087341738
160 196 3 3011668 2.087349751
153 47 3 42179 2.087350618
157 5 3 1039347 2.08735366
9 1 3 11678483 2.087355148
38 47 3 8345662 2.0873595
12 6 3 122536 2.087360685
14 8 3 97976 2.08736128
89 88 3 646950 2.087365831
122 113 3 7588518 2.087371229
82 83 3 4190503 2.087374151
9 158 3 3132924 2.087375459
11 7 3 15932 2.087375542
1 159 3 104126 2.087379454
76 81 3 1444956 2.087380085
118 125 3 69354 2.087385536
191 199 3 4537749 2.087395009
46 40 3 196481 2.087402773
1 11 3 3 2.08740561
83 79 3 3630 2.087406427
193 190 3 1345001 2.087410666
12 1 3 41245 2.087410776
115 41 3 127537 2.08741479
118 111 3 30147 2.087417763
12 122 3 16476 2.087418604
111 122 3 210067 2.087418987
199 195 3 17160969 2.087421388
47 39 3 1673012 2.087429322
113 11 3 69233 2.0874499
37 48 3 2210820 2.087451299
157 152 3 8284414 2.087453697
154 148 3 41888 2.0874643
159 50 3 26034 2.087472783
121 113 3 4591949 2.087478185
156 159 3 66912 2.087480631
150 153 3 150761 2.087487321
4 158 3 9092 2.087492259
118 112 3 172788 2.087492777
199 163 3 10788 2.087495859
194 189 3 6446 2.087502284
86 85 3 915879 2.087505338
148 79 3 28820 2.087505712
114 123 3 2383 2.08750845
79 88 3 25128287 2.087509546
89 85 3 1350650 2.087511873
84 86 3 26582 2.087514877
155 8 3 1080836 2.087515461
159 154 3 8163986 2.087515718
82 83 3 47796 2.087521136
194 8 3 227184 2.087525133
157 14 3 1740 2.08753181
85 78 3 1100845 2.087534073
157 148 3 136398 2.087535382
120 121 3 12199 2.087539782
196 193 3 464796 2.087540644
185 190 3 28847 2.087541197
149 3 3 1840042 2.087541676
8 154 3 12558 2.087545884
79 85 3 76135 2.087551655
149 154 3 32699 2.087551773
162 3 3 34134 2.087559335
200 192 3 1349870 2.08756075
120 123 3 17091664 2.087563857
189 197 3 60047 2.087568292
4 9 3 187223 2.087570768
197 120 3 149339 2.0875767
161 159 3 76476 2.087579999
115 83 3 1770959 2.087595178
148 79 3 3821 2.087596222
157 78 3 1146288 2.087596367
113 124 3 798753 2.087601159
50 39 3 20518793 2.087612607
153 159 3 24833 2.087614
157 152 3 8644 2.087615433
160 74 3 78410 2.087616443
162 43 3 2768699 2.087624569
50 49 3 1284760 2.087624989
162 156 3 1447666 2.087631536
78 76 3 18492 2.087632304
52 51 3 879846 2.087639152
80 1 3 13460 2.087640847
198 195 3 3720519 2.087647186
51 50 3 146535 2.087651537
158 153 3 33435 2.087652237
152 192 3 44284 2.087653252
51 45 3 195779 2.087654057
153 159 3 51324 2.087654724
14 8 3 6750 2.087655243
150 125 3 74163 2.087655842
1 2 3 61137 2.087656664
14 15 3 958104 2.087657266
116 121 3 71140 2.087669542
87 86 3 3607 2.087671214
13 12 3 1975524 2.087680512
163 13 3 22788824 2.087680716
74 79 3 14140 2.087681241
150 78 3 9888209 2.087681907
87 83 3 993430 2.087684373
0 7 3 8715996 2.08768937
76 86 3 37387 2.087696787
5 117 3 1844672 2.087703565
47 1 3 56072 2.087708717
87 86 3 15610 2.087717136
5 14 3 24109 2.087718165
79 81 3 6862067 2.087721911
40 37 3 107676 2.087730295
48 49 3 28754 2.087742331
37 49 3 7266626 2.087747754
9 3 3 66636 2.08775294
185 49 3 5311401 2.087758427
198 190 3 41181 2.087759092
151 155 3 195214 2.087768803
198 89 3 1817101 2.087769181
159 151 3 19445 2.087773013
39 50 3 15293 2.087773565
162 154 3 4388 2.087775466
8 151 3 4791497 2.087779128
159 0 3 685571 2.087781284
89 42 3 7805 2.087781531
40 51 3 40138 2.087783647
51 37 3 7051541 2.087783841
6 14 3 4032793 2.087789231
194 195 3 4194 2.087790752
10 76 3 70559 2.087795422
50 47 3 3207010 2.087796689
152 3 3 7634721 2.087800525
188 75 3 2950 2.087802897
6 13 3 599684 2.087803935
150 162 3 33565 2.087805646
8 160 3 10313 2.087808864
159 158 3 18918 2.087812257
160 162 3 25791 2.087813016
49 41 3 8269 2.087815949
48 162 3 23733 2.087819308
51 40 3 30754 2.087821479
39 51 3 21810319 2.087823812
188 187 3 10123 2.087824159
4 12 3 42351 2.087825356
187 185 3 55315 2.087827428
154 149 3 976704 2.087829125
83 87 3 4602 2.087830224
111 126 3 26852 2.08783058
153 1 3 541562 2.087831552
37 124 3 39753 2.087831896
148 11 3 8622 2.087834125
78 189 3 101668 2.087839765
15 13 3 1250587 2.087839945
79 88 3 76671 2.087840227
4 189 3 59703 2.087843031
85 75 3 37942 2.087845705
85 38 3 129509 2.08785884
160 153 3 91330 2.08786566
148 8 3 150940 2.087867165
153 156 3 7472 2.087867923
87 116 3 34292 2.087868349
196 197 3 1649 2.087871224
126 37 3 189407 2.087876433
5 4 3 71980 2.087880758
163 43 3 4482482 2.087889036
148 48 3 814920 2.087890723
15 155 3 75340 2.087893078
117 123 3 443276 2.087894606
77 88 3 9156 2.087895545
11 121 3 74546 2.087899275
125 119 3 153867 2.087901959
4 8 3 1987156 2.087904993
3 114 3 1556 2.08791017
162 159 3 4003 2.087910575
193 200 3 32912 2.087913294
114 125 3 3255723 2.087918289
85 79 3 4426819 2.087919901
160 45 3 3177442 2.08792364
161 43 3 3071856 2.087924213
1 6 3 60085 2.08792698
157 155 3 17464360 2.087927347
155 148 3 73549 2.087929196
156 153 3 47248 2.087930367
38 40 3 188351 2.08793092
10 115 3 50176 2.087937267
191 187 3 46112 2.087940865
126 89 3 1019061 2.087941332
41 39 3 25720 2.087943335
1 150 3 16390 2.087952901
81 86 3 1725645 2.087954401
82 77 3 15121 2.087958179
1 13 3 3877317 2.087960903
10 5 3 20420 2.087970296
126 119 3 1789365 2.087975317
192 199 3 1492785 2.087975817
87 116 3 4812141 2.08797754
115 120 3 283 2.087981373
149 119 3 26641 2.087983281
12 163 3 246491 2.087983452
7 78 3 47368 2.087984075
119 12 3 26189 2.087985903
120 154 3 110760 2.087996585
198 193 3 753518 2.087999916
45 39 3 58983 2.088001533
153 152 3 4701 2.088006681
44 49 3 1024247 2.088009769
74 80 3 24731 2.088010518
3 12 3 111318 2.088014283
85 83 3 629040 2.088017063
158 149 3 784200 2.08802109
84 44 3 415532 2.088022586
43 194 3 2598167 2.0880289
118 88 3 9730964 2.088030217
198 199 3 54904 2.088035479
188 191 3 726181 2.088037175
163 199 3 8822 2.088038764
10 12 3 179058 2.088039476
47 40 3 144275 2.088040945
0 5 3 18453 2.088044411
80 81 3 101636 2.088049837
39 49 3 4507 2.088057023
74 77 3 77251 2.088061114
150 158 3 23693 2.088064311
150 76 3 3035818 2.088067363
121 43 3 1914606 2.088074493
159 149 3 28552485 2.088078383
200 187 3 1343707 2.088079285
119 115 3 187968 2.088086952
187 197 3 7146 2.088088505
75 82 3 57549 2.088090134
78 82 3 1449078 2.08809087
12 149 3 24029 2.088098987
89 198 3 1083421 2.08810067
158 156 3 8786 2.088104501
185 194 3 37227 2.088111072
149 82 3 65467 2.088112224
79 81 3 711974 2.088116881
8 160 3 1556599 2.08811722
7 10 3 6541 2.088119351
123 124 3 4622557 2.088120861
200 192 3 2474103 2.088122119
45 114 3 74515 2.088123707
192 111 3 606441 2.088124385
46 196 3 4071969 2.088125037
12 9 3 3825839 2.088134973
75 88 3 417423 2.08813565
79 89 3 51280 2.088145454
52 47 3 7889 2.088145694
186 78 3 147935 2.088151095
126 112 3 45733 2.088151593
186 199 3 3880921 2.088154207
6 122 3 3902 2.088154377
77 75 3 21626 2.088163249
193 196 3 65846 2.088164024
115 126 3 1286566 2.08816424
152 11 3 62039 2.088164918
45 48 3 27788 2.088166905
40 49 3 462 2.088169129
155 78 3 20151 2.088170313
3 44 3 9285698 2.088170636
152 37 3 5597337 2.088178807
47 52 3 12555566 2.088179185
196 198 3 76154 2.088184356
149 11 3 58954 2.088188344
151 5 3 1642697 2.088190314
199 190 3 6173339 2.088194186
114 122 3 36112 2.088198077
41 50 3 1889764 2.088198493
42 43 3 9231037 2.088200987
46 40 3 1634 2.088201027
159 149 3 2838 2.088202984
74 88 3 95329 2.088206495
196 192 3 1880743 2.088212929
185 200 3 4476335 2.088215145
194 188 3 3673 2.088216653
88 80 3 1639 2.088226581
150 89 3 13293236 2.088227443
38 51 3 1788399 2.088230498
76 74 3 1044826 2.088232082
162 116 3 17992716 2.088237182
190 189 3 13721 2.088237248
154 116 3 2837 2.088239112
9 51 3 7527805 2.088239756
45 112 3 20891 2.088244606
75 88 3 487555 2.088254836
43 13 3 13017 2.088256933
118 126 3 48326 2.088257397
152 153 3 4380524 2.088258282
7 4 3 1229636 2.088258741
123 111 3 18649 2.088263873
113 77 3 4457 2.088267702
39 52 3 1340982 2.08826928
160 162 3 4900477 2.08827589
152 155 3 59290 2.088279479
124 111 3 561527 2.088298311
123 124 3 41867 2.088298731
156 78 3 6895790 2.088309012
159 14 3 395168 2.088310951
197 191 3 638513 2.088313631
78 9 3 24891 2.088316474
159 154 3 8297 2.088317898
190 187 3 488273 2.088318631
191 192 3 26889 2.088320092
49 46 3 9959768 2.088320508
8 157 3 9125789 2.088321333
89 117 3 91226 2.08832368
162 198 3 6523 2.088327073
153 12 3 39186 2.088332044
197 189 3 4592697 2.088335084
122 111 3 9572 2.088335296
10 14 3 26767661 2.088339831
197 193 3 587092 2.088342959
1 14 3 14973 2.08834463
120 113 3 23172 2.088347057
158 6 3 25091 2.088349019
88 85 3 599665 2.088350129
13 163 3 46625 2.088353602
186 190 3 8997 2.088356846
115 119 3 1850 2.088357395
161 148 3 46975 2.08836363
43 41 3 1400751 2.088364909
1 162 3 2703 2.088365446
185 161 3 16884 2.088370717
119 126 3 59622 2.088371621
115 120 3 3585949 2.088373254
152 148 3 20969 2.088376013
4 123 3 1901028 2.088377094
200 189 3 331402 2.088378755
126 112 3 123700 2.08838353
85 79 3 40774 2.088384415
111 118 3 23738325 2.088384986
88 87 3 13467 2.088385048
124 112 3 444727 2.088385159
76 87 3 852326 2.08838833
9 8 3 94767 2.088394405
190 75 3 4819 2.088399519
163 160 3 870977 2.088399733
155 2 3 27385 2.088401088
159 43 3 1017 2.08840225
8 155 3 1009798 2.088405788
150 51 3 75433 2.08840668
196 189 3 77473 2.088408314
124 113 3 659960 2.088410651
161 124 3 31013 2.088411116
8 155 3 197927 2.088412797
195 196 3 1729940 2.088416493
8 11 3 9131 2.088422142
148 151 3 1152523 2.088425983
6 12 3 1870898 2.088427278
9 8 3 5502 2.08843081
76 85 3 64900 2.088430843
161 191 3 1215608 2.088431439
77 79 3 46402 2.088435995
192 188 3 11187 2.088436398
76 89 3 3504609 2.088437519
199 194 3 9655340 2.088442359
41 45 3 29097851 2.088448168
9 6 3 17512 2.088448324
2 150 3 70193 2.088452041
51 49 3 1926159 2.088455861
114 126 3 3347 2.088459963
196 191 3 7935787 2.088460849
43 50 3 1432097 2.088472344
10 3 3 1221983 2.088472706
15 5 3 23246 2.088477481
152 149 3 60031 2.088488149
42 48 3 69239 2.088495406
187 199 3 6622287 2.088496148
3 150 3 4193740 2.088497306
150 75 3 25893 2.08850072
185 43 3 7766 2.088504734
12 3 3 5207984 2.088505994
187 199 3 6596505 2.088512355
159 15 3 62649 2.088512425
50 48 3 3205 2.088515453
163 153 3 51859 2.088522004
8 117 3 6622678 2.088523185
52 121 3 76703 2.088527291
9 12 3 8181 2.088531915
114 121 3 2002179 2.088534822
6 1 3 101442 2.088537236
161 151 3 19781 2.088538559
38 50 3 176224 2.088544982
12 121 3 1852324 2.088547259
40 86 3 4778254 2.088547996
195 150 3 297606 2.088548032
15 113 3 106911 2.088563779
155 153 3 2335211 2.088565085
148 88 3 11238 2.088579747
3 10 3 2662143 2.088579911
119 7 3 22395 2.088580029
7 154 3 17434 2.088587546
89 80 3 1755504 2.088587925
9 5 3 115195 2.088589605
42 37 3 7767407 2.088590868
194 191 3 15722 2.088595759
87 76 3 15119 2.088600749
43 49 3 79189 2.08860394
3 118 3 7356200 2.088606269
117 113 3 324490 2.088606438
51 47 3 8599 2.08861056
42 50 3 1825279 2.088612455
156 153 3 8085335 2.088612665
74 77 3 986696 2.08861669
49 46 3 28906 2.088620221
50 196 3 7068093 2.088626166
163 11 3 3102935 2.088626732
118 115 3 230 2.088628566
188 196 3 26069 2.088631636
8 163 3 2255806 2.088633297
124 6 3 1315288 2.088639567
189 155 3 26064 2.088640108
49 148 3 13875 2.088641452
88 152 3 2332 2.08864528
85 77 3 851133 2.088653563
199 190 3 52416 2.088659946
82 81 3 20691 2.088669987
40 8 3 22615987 2.088670375
162 187 3 36496 2.088673437
80 45 3 20478 2.088673723
162 49 3 289172 2.088676394
157 153 3 26707 2.088677643
40 46 3 987799 2.088684711
163 5 3 3056573 2.088686346
163 113 3 541058 2.0886895
78 198 3 8477 2.088690537
157 3 3 124713 2.088691068
160 152 3 61187 2.088691578
156 148 3 1466 2.088693073
15 152 3 3430 2.088693145
52 119 3 19830733 2.088693916
116 126 3 53761 2.088696321
149 48 3 5178 2.088697053
194 192 3 1373086 2.088697598
193 200 3 1260033 2.08870068
1 113 3 5626 2.08870342
124 125 3 66186 2.088704395
152 148 3 23468 2.0887082
8 5 3 21262 2.088709544
114 123 3 3553631 2.088710221
83 155 3 895269 2.08871511
15 126 3 21651 2.088725069
148 185 3 857704 2.08872968
40 42 3 1288 2.088738308
85 148 3 23231 2.088741537
160 0 3 68633 2.088748912
162 111 3 932166 2.088754721
159 123 3 383 2.088757749
162 122 3 1865587 2.088760569
152 86 3 2551 2.088761876
44 40 3 19359 2.088766733
7 13 3 150931 2.088767801
9 7 3 3838067 2.088770169
38 43 3 4373525 2.088771278
199 75 3 947318 2.088783601
159 158 3 20379 2.088787736
112 44 3 1526660 2.088792255
76 77 3 10347 2.088792833
50 45 3 9719 2.088802851
10 119 3 2879615 2.088803453
4 8 3 7953567 2.088804789
161 14 3 51069 2.088806115
186 198 3 1928112 2.088806551
9 153 3 9160 2.088806629
51 2 3 52810 2.088807389
161 124 3 3431 2.088809077
14 3 3 893 2.088809607
41 49 3 4062 2.088811154
76 83 3 32975 2.088811688
156 160 3 42234 2.088814652
52 46 3 7575 2.088821483
49 43 3 22750 2.088838927
7 5 3 8503293 2.088839201
159 151 3 7268826 2.088839366
163 117 3 773394 2.08883956
13 5 3 88379 2.088848932
5 9 3 623188 2.088849241
80 86 3 17146 2.088852348
150 0 3 1186198 2.088861197
113 88 3 1451775 2.088862797
49 45 3 19487 2.088868388
155 76 3 36168 2.088872797
188 193 3 19027 2.088874886
87 89 3 4052 2.088877152
82 52 3 31744 2.088879022
195 194 3 277076 2.08887929
49 45 3 628 2.088880496
162 154 3 67561 2.088884245
13 10 3 1868014 2.088886538
162 6 3 47573 2.088887356
187 196 3 3278129 2.088890206
192 195 3 9569545 2.088894482
11 10 3 23695 2.08890043
4 9 3 96079 2.088900729
148 153 3 22244 2.08890948
41 162 3 621890 2.088911794
85 83 3 45465 2.088913943
153 157 3 25379 2.088915289
79 50 3 7270833 2.088917993
153 79 3 558 2.088918197
151 162 3 3461713 2.088920776
76 81 3 9828 2.088932369
78 74 3 10702 2.088939466
157 89 3 373 2.088941156
116 122 3 29278762 2.088944121
10 115 3 11549 2.088946276
88 81 3 228 2.088953026
11 158 3 28770 2.088954854
150 159 3 188387 2.088965206
154 162 3 47763 2.088965481
88 79 3 25593 2.088965578
148 163 3 1347861 2.088979924
111 122 3 6720198 2.088984283
155 156 3 4951944 2.088987505
81 117 3 19837 2.088988361
185 152 3 715522 2.088993632
85 8 3 1095950 2.089004111
78 87 3 1288101 2.089005598
162 157 3 10934 2.089007008
3 148 3 46301 2.089008511
190 185 3 339978 2.08900855
50 52 3 14868602 2.089008932
150 154 3 3333805 2.08901585
189 188 3 111819 2.089019128
77 87 3 30999 2.089023761
84 78 3 27099 2.089024029
40 111 3 27070 2.089025135
41 12 3 17421 2.089027698
113 118 3 8557 2.089033198
148 160 3 10346 2.089038347
12 1 3 44722 2.089041437
199 37 3 159097 2.089044214
118 113 3 3004 2.089058993
86 160 3 58053 2.089060829
11 163 3 45386 2.0890616
7 112 3 8931 2.089062905
83 74 3 1447807 2.08906676
118 9 3 49039 2.08906801
122 124 3 27256 2.089069481
155 159 3 16300 2.089069876
49 48 3 383294 2.089072106
160 83 3 9294 2.089072622
51 9 3 1092430 2.089077195
123 124 3 58524 2.089084519
37 40 3 1547900 2.089085408
123 118 3 1020398 2.089089575
88 87 3 630 2.089092577
113 190 3 2675725 2.089099942
163 14 3 1214 2.089105594
7 1 3 378997 2.089106413
52 74 3 43280 2.089106517
87 79 3 2114409 2.089106823
48 46 3 4553 2.089111274
40 51 3 16673 2.08911317
11 1 3 3833 2.089118924
51 40 3 2517637 2.0891192
187 124 3 81823 2.08912684
150 39 3 22401 2.089126883
161 149 3 249849 2.089128051
112 116 3 2241641 2.089129203
78 153 3 3648554 2.089130496
7 156 3 1735 2.089133264
14 155 3 20113 2.089135768
123 41 3 5884588 2.089137073
11 162 3 6923 2.0891371
10 157 3 7438 2.089138571
151 162 3 4574825 2.089139379
82 87 3 8002 2.089144903
74 88 3 64514 2.089145784
50 76 3 44154 2.089146473
13 5 3 4536 2.089147581
195 187 3 2459 2.089149618
75 87 3 18735 2.089150536
76 77 3 1989825 2.089151167
125 151 3 4774 2.089152406
15 10 3 179 2.089154171
197 190 3 9905 2.089154633
111 77 3 832933 2.08915958
193 194 3 25200 2.089159902
44 37 3 1773540 2.08917407
11 159 3 37671 2.089174108
196 192 3 741 2.089178176
85 87 3 4732 2.089183002
1 161 3 32713 2.089185718
153 154 3 39057 2.089185932
74 81 3 2134027 2.089187067
15 151 3 4933 2.089192204
149 197 3 61673 2.089198091
9 79 3 17680 2.089203766
8 152 3 2904 2.089207259
86 14 3 140306 2.089214372
38 39 3 24888 2.089214862
82 12 3 2860 2.089215371
120 121 3 1599338 2.089215841
0 3 3 6972 2.08921713
15 11 3 74517 2.089230658
13 6 3 47306 2.089233276
160 74 3 1391447 2.089234332
74 87 3 138554 2.089238672
151 156 3 50515 2.0892475
191 200 3 43247 2.089251764
192 185 3 7409585 2.089261656
51 37 3 17698 2.089261858
15 163 3 75919 2.089264359
149 158 3 71936 2.089268794
37 40 3 95351 2.089269288
2 8 3 9870 2.089269391
13 155 3 2306 2.0892733
154 86 3 828854 2.089276636
43 47 3 159903 2.089279457
1 0 3 1934690 2.089281628
49 46 3 22830 2.089281862
89 84 3 911543 2.089281909
75 80 3 17911363 2.089290154
162 4 3 169141 2.089293231
156 4 3 11014 2.089294528
198 199 3 4219 2.089310942
148 153 3 1907259 2.089316255
87 84 3 8409 2.089316626
77 38 3 43806 2.089316874
77 46 3 319550 2.089317696
78 86 3 27746181 2.089320526
75 86 3 4674 2.089323374
119 118 3 610740 2.089324621
2 160 3 4409341 2.089327061
112 122 3 55014 2.089330002
191 195 3 23526 2.089334972
192 195 3 493648 2.089335686
148 157 3 78402 2.089343968
196 187 3 774605 2.089353249
2 155 3 567373 2.089354648
5 14 3 540694 2.089358007
151 77 3 4430 2.089364077
120 123 3 3711 2.089366278
14 7 3 1546407 2.089367488
74 87 3 5735 2.089367519
79 75 3 33682 2.089369542
196 188 3 1676787 2.089369877
121 149 3 20690 2.0893702
10 188 3 20102 2.089373137
8 115 3 23703 2.089373219
115 118 3 1343149 2.089373799
160 148 3 2645735 2.089378487
37 41 3 1717097 2.089379369
120 118 3 6109712 2.089379685
15 151 3 1288 2.089380604
195 188 3 7555627 2.089381779
151 158 3 3685050 2.089382839
0 15 3 36978 2.089389235
163 157 3 25966 2.089393433
160 12 3 25999 2.08939506
188 196 3 9290143 2.089396198
196 185 3 1677769 2.089398544
43 152 3 55957 2.089399631
46 40 3 53270 2.089405682
7 122 3 2034 2.089406376
88 74 3 43234 2.089410583
155 43 3 4437725 2.089415239
158 45 3 11234 2.089417183
86 74 3 3648495 2.089421658
123 112 3 159627 2.08942362
116 125 3 69731 2.089425824
194 195 3 3827325 2.08942842
80 84 3 22688 2.089430203
39 111 3 2835053 2.089431824
113 117 3 21294 2.089433389
6 2 3 161293 2.089434634
197 189 3 628355 2.089439688
80 88 3 35005 2.089440345
46 47 3 1751603 2.08944436
162 6 3 22398 2.089444588
189 185 3 7865 2.089448766
124 119 3 16985 2.089448898
160 150 3 18521859 2.089455622
4 113 3 3547907 2.089455627
6 8 3 73781 2.089455936
10 7 3 10352 2.089462973
188 39 3 6676063 2.089464574
86 89 3 25656 2.089465508
79 84 3 67050 2.089474536
46 49 3 27338 2.089475526
43 46 3 30149 2.089477049
160 150 3 42935 2.089481146
153 50 3 117949 2.08948516
89 81 3 62844 2.089486348
159 47 3 33720 2.089491235
41 50 3 12831 2.089492102
197 189 3 66360 2.089499154
194 116 3 279 2.089500377
149 158 3 177709 2.089501177
4 160 3 179348 2.089503285
189 191 3 2747266 2.089507649
83 82 3 652023 2.089507869
88 43 3 646410 2.089510021
156 158 3 5806 2.089510302
86 79 3 44017 2.089510628
160 157 3 7039 2.08951576
123 154 3 52863 2.089518989
2 116 3 518082 2.089522933
87 83 3 11093 2.089525223
152 151 3 1425239 2.089525657
152 150 3 485499 2.08952634
163 85 3 4787316 2.08952776
200 199 3 529308 2.089531856
0 7 3 5201 2.08953353
51 45 3 32068 2.089539494
150 151 3 31578 2.089542685
78 77 3 8968953 2.089543803
154 160 3 1593516 2.089546953
88 82 3 4257254 2.089547304
116 122 3 7338066 2.089547606
154 148 3 2824 2.089554415
88 84 3 38833 2.089556821
151 43 3 352445 2.089559449
0 10 3 1978 2.089565879
2 126 3 8799 2.089566017
39 50 3 1815560 2.089566127
81 192 3 3073258 2.08957339
160 0 3 15757 2.089577041
111 121 3 18840 2.089578688
1 9 3 6701256 2.089579908
112 123 3 1260467 2.089586117
153 14 3 64929 2.089589554
44 41 3 5960 2.089592027
0 162 3 6619129 2.089592068
89 88 3 500660 2.089594838
154 158 3 5680652 2.089600214
12 49 3 247335 2.089602519
3 148 3 9429 2.089606331
86 82 3 39386 2.089615554
122 124 3 39946 2.089616522
74 75 3 1132245 2.089623957
8 15 3 464099 2.089625339
116 121 3 80854 2.089626776
88 83 3 48188 2.089627137
89 74 3 6284 2.089631323
115 122 3 5927660 2.089634824
112 125 3 3684549 2.089636417
192 193 3 4653 2.089638442
51 50 3 27262 2.089647889
49 52 3 1359 2.089655972
123 122 3 20912392 2.089658162
157 163 3 345135 2.089661361
163 148 3 1650310 2.089663684
163 80 3 4240786 2.089665462
14 80 3 20535 2.08966573
200 187 3 6709 2.089666392
49 41 3 38930 2.089670665
88 85 3 36580 2.089671281
83 161 3 521204 2.089671928
114 113 3 15578 2.089675541
11 5 3 76844 2.089684064
87 83 3 5420 2.08968547
190 199 3 53888 2.089691108
81 80 3 37899 2.08969133
162 81 3 755866 2.089695273
9 148 3 38696 2.089695749
4 3 3 5988 2.089717734
163 14 3 1239768 2.089718572
111 122 3 202208 2.089722877
4 9 3 4289749 2.08972553
160 12 3 6940147 2.089726992
48 50 3 1159239 2.0897275
159 158 3 178930 2.089729504
122 120 3 48603 2.089732883
152 157 3 51363 2.089734112
124 118 3 3093 2.089736455
74 80 3 72644 2.089744301
87 83 3 33159 2.089744678
41 42 3 25267 2.089747057
193 49 3 1449933 2.089749259
81 80 3 26148473 2.089750565
196 200 3 8149 2.089751945
89 78 3 2457439 2.089753765
48 38 3 69533 2.089755682
185 194 3 1070197 2.089759212
10 112 3 3474 2.089762102
15 6 3 756891 2.089765012
114 122 3 875060 2.089767454
158 49 3 24622 2.089770926
13 161 3 23788 2.089778023
153 148 3 9684646 2.089778447
43 46 3 72409 2.089779531
8 157 3 38893 2.089779599
122 111 3 7740473 2.08978114
150 3 3 9865602 2.089781933
0 13 3 429812 2.089789089
12 9 3 54399 2.089794846
77 83 3 884020 2.089800746
38 82 3 44064 2.089803432
42 37 3 51596 2.089803504
7 197 3 25970 2.08980617
77 1 3 42545 2.089813972
185 186 3 2640813 2.089816382
163 159 3 3939321 2.089822791
8 85 3 43628 2.089823087
6 9 3 22908 2.089825871
46 124 3 10963 2.089826446
12 158 3 67716 2.089828543
39 47 3 1573374 2.089831811
150 47 3 4899711 2.089832871
46 49 3 848851 2.089836371
193 39 3 3298925 2.08984541
3 118 3 5988 2.089848228
88 75 3 14024 2.0898546
15 162 3 3814519 2.089854735
125 116 3 4665319 2.089856615
88 83 3 27909 2.089866583
43 123 3 49578 2.089870171
48 42 3 472567 2.089870578
197 84 3 4323156 2.089873686
149 152 3 17945 2.089874152
149 163 3 60492 2.08988551
190 199 3 2419763 2.089890581
156 79 3 48809 2.089894087
37 43 3 846634 2.089905772
38 44 3 21442 2.089907685
155 122 3 63733 2.08990917
42 43 3 73566 2.08991222
86 85 3 76240 2.089912238
44 47 3 6514 2.089913516
4 14 3 28578 2.089913787
2 0 3 60180 2.089914551
86 84 3 29197 2.089916895
190 186 3 8159 2.089924612
148 156 3 4714243 2.089926926
14 120 3 2786961 2.089927324
194 186 3 157095 2.089929
125 124 3 5667 2.089941153
161 154 3 4789760 2.089941533
121 119 3 9855085 2.08994202
163 42 3 8179 2.089954058
84 196 3 3928696 2.089961389
8 159 3 148277 2.089969101
38 41 3 38913 2.089975573
194 199 3 14135 2.08997852
158 149 3 13422 2.08998024
162 150 3 575594 2.089980367
124 13 3 46212 2.089983973
7 158 3 790460 2.08998625
39 40 3 1115764 2.089986857
114 117 3 1796383 2.089986912
80 82 3 46787 2.089989521
48 46 3 172466 2.08999096
157 49 3 42199 2.089994056
9 114 3 38173 2.089996284
86 160 3 54064 2.08999932
149 125 3 183070 2.090001165
75 87 3 2911980 2.090004948
78 76 3 822691 2.090006308
3 13 3 28174 2.090006664
189 198 3 56832 2.090007246
194 196 3 1950046 2.090011463
194 44 3 1649793 2.090013074
74 85 3 3001 2.090014839
161 185 3 17284 2.090016803
75 189 3 29134052 2.090021045
6 154 3 20365 2.090022702
75 186 3 65200 2.090031684
74 85 3 55621 2.090032228
190 187 3 13504159 2.090037553
85 76 3 601 2.090042145
8 11 3 119060 2.090052629
12 0 3 2242488 2.090062641
118 113 3 86767 2.090062852
40 44 3 12957 2.090071515
163 88 3 160762 2.09007662
120 10 3 12932 2.090079237
82 74 3 1224436 2.090083263
196 200 3 68659 2.090085472
13 7 3 212631 2.090088942
75 89 3 80368 2.090093405
3 15 3 121246 2.090095147
149 14 3 131613 2.090097452
80 76 3 989937 2.090107815
118 0 3 90537 2.090109294
88 85 3 42385 2.090111026
162 159 3 4415 2.090117972
158 162 3 387070 2.090132081
158 150 3 4561 2.09013218
153 13 3 604679 2.090135275
6 38 3 6355123 2.090138677
191 195 3 20603 2.09014126
15 8 3 68264 2.090142597
10 125 3 66161 2.090146309
148 44 3 59180 2.090149732
5 121 3 8738977 2.090152757
151 3 3 26450 2.090153259
199 196 3 73171 2.090155909
46 51 3 291541 2.09015756
159 158 3 894475 2.090161067
50 51 3 20743 2.090165883
1 4 3 26806443 2.090171421
11 152 3 78942 2.090172547
197 192 3 4017391 2.090175074
78 85 3 4248667 2.090175877
150 159 3 30602 2.090179693
199 89 3 26345 2.090181216
152 46 3 1325781 2.090183019
84 87 3 238501 2.090183849
151 160 3 20221 2.090184013
117 123 3 697146 2.09018459
8 195 3 4676441 2.090189094
163 12 3 32428 2.090189617
48 44 3 616242 2.090189647
196 193 3 4861 2.090192338
112 120 3 37492 2.09019814
44 81 3 9966648 2.09020095
152 148 3 54096 2.090201181
122 159 3 5650653 2.090201903
155 10 3 2967783 2.090206774
192 187 3 74438 2.090210294
115 52 3 308887 2.090210523
149 154 3 5909 2.090215731
13 149 3 1489532 2.090217997
125 124 3 14085 2.090222164
7 152 3 3839112 2.090223239
123 187 3 37863 2.090226026
187 192 3 44510 2.090228255
9 3 3 37505 2.090230916
10 2 3 64953 2.090246077
51 40 3 1031275 2.09024771
150 11 3 184339 2.090253977
4 187 3 98008 2.09025901
52 116 3 466067 2.090259778
190 200 3 18587114 2.09026096
149 152 3 1614019 2.090262725
47 46 3 1989290 2.090265041
121 125 3 37898 2.090265843
192 115 3 1162661 2.090266046
193 196 3 6786 2.090268502
1 186 3 69753 2.090269295
49 52 3 29594 2.090269406
155 0 3 769713 2.090270199
200 195 3 1259 2.090274909
162 116 3 2890319 2.09027901
8 13 3 5113778 2.090282514
5 8 3 1350728 2.090283707
2 10 3 1421849 2.090284036
115 120 3 58098 2.090286284
159 86 3 53771 2.090289157
89 84 3 1939039 2.090289766
195 196 3 182167 2.090289769
152 155 3 21421 2.090294268
2 51 3 129576 2.09029612
161 160 3 736 2.090297951
188 189 3 1988 2.090301101
151 154 3 9072 2.090301142
76 80 3 50345 2.090301896
75 84 3 921124 2.090302954
89 77 3 1246529 2.090303011
120 124 3 3722 2.090303856
11 116 3 1657 2.090306906
78 86 3 177148 2.090311828
150 158 3 39727 2.090317827
160 161 3 32331 2.090318365
3 159 3 36346 2.090319171
160 150 3 76454 2.090320862
77 88 3 24558598 2.090321015
42 52 3 4933408 2.09032378
10 159 3 4654948 2.090326398
49 42 3 53274 2.090329018
163 152 3 850114 2.090331705
86 77 3 4633025 2.090332826
117 123 3 6777923 2.090333683
88 81 3 1932 2.090334075
10 14 3 1510 2.090337043
159 11 3 302335 2.090338902
82 79 3 2610294 2.090350636
81 76 3 2983615 2.090353789
4 2 3 132583 2.090354333
162 2 3 24332 2.090354646
197 199 3 9863500 2.090359855
9 113 3 4209943 2.090360258
2 4 3 63929 2.090366262
193 194 3 4321549 2.090367009
14 8 3 1154446 2.090370892
42 50 3 78568 2.09037498
9 15 3 7790 2.090375518
15 155 3 5664 2.090378389
160 199 3 27487 2.090379563
197 187 3 566096 2.090381598
151 148 3 35510 2.090382468
192 194 3 26391 2.090389018
15 6 3 7550013 2.090390653
195 191 3 874602 2.090392361
15 9 3 30770 2.090392742
3 13 3 76612 2.090398259
148 1 3 1466078 2.090404427
150 76 3 6406 2.090404712
151 154 3 48777 2.090406407
78 82 3 63474 2.090410705
48 38 3 57783 2.090415881
6 9 3 1556097 2.090418124
13 155 3 40978 2.090418151
150 152 3 68335 2.09042306
12 6 3 24580 2.090426205
154 8 3 5746421 2.090428615
158 87 3 1989337 2.090429512
200 192 3 490209 2.090430262
38 45 3 115533 2.090432157
158 161 3 35414 2.09043706
47 46 3 744524 2.090442985
76 189 3 5649449 2.090444777
125 122 3 2204691 2.090452676
153 7 3 2293302 2.090455021
12 151 3 18169912 2.09045852
118 119 3 69948 2.090459498
45 43 3 3678741 2.090464784
187 189 3 3891235 2.090465487
125 111 3 41030 2.090466727
158 15 3 31042 2.090468124
6 9 3 45673 2.090468596
152 0 3 360169 2.090470821
153 2 3 20141 2.090473305
192 196 3 56202 2.090475982
80 78 3 37664 2.090476684
8 2 3 19959498 2.09047694
46 37 3 32209 2.090477387
190 197 3 28465 2.090478101
50 39 3 1890044 2.090478166
123 119 3 11904 2.090481281
161 151 3 14427117 2.090484206
152 153 3 5934 2.090488142
151 7 3 78676 2.09048873
153 160 3 66326 2.09049059
155 12 3 26855 2.090493436
148 5 3 712991 2.090500353
0 155 3 1674273 2.090501809
153 150 3 4212 2.090503543
163 148 3 15118974 2.09050556
150 3 3 71332 2.090511346
46 50 3 58706 2.09051152
41 40 3 8872526 2.090515787
193 6 3 78912 2.090517439
186 190 3 159254 2.090519681
49 38 3 29997 2.090521609
13 1 3 27140 2.090522417
159 151 3 420944 2.090529971
113 38 3 43815 2.090530198
8 193 3 743219 2.090533311
44 49 3 17731044 2.090537948
123 1 3 7782221 2.090539858
52 42 3 580825 2.090546228
160 162 3 9883 2.090552822
80 39 3 4702488 2.09056102
155 153 3 29124 2.090563484
149 153 3 70511 2.090568329
163 161 3 1702224 2.090573011
86 84 3 41347 2.090574418
163 7 3 2258 2.090576069
116 126 3 82768 2.090585664
120 79 3 6342 2.090586571
190 10 3 13906 2.090587283
198 125 3 7570 2.090589526
78 88 3 27470 2.090594406
45 48 3 1733440 2.090598321
194 198 3 3632757 2.090600372
0 4 3 1340686 2.090601204
125 122 3 43636 2.090603145
81 84 3 742805 2.090604467
114 37 3 740561 2.090606179
120 124 3 1636 2.090606255
9 158 3 8367 2.090606273
0 152 3 25269 2.090606712
42 49 3 2126471 2.090608139
121 75 3 60527 2.090610021
189 39 3 40469 2.090616637
162 150 3 1931695 2.090618907
116 115 3 26126 2.090619585
188 186 3 67706 2.090631186
41 40 3 20079 2.090632518
1 0 3 9924442 2.090633784
155 87 3 25545 2.090634541
39 40 3 6071820 2.090634706
157 89 3 1162890 2.090640628
162 15 3 3339 2.090641593
191 187 3 4510 2.090644627
39 46 3 178154 2.090647798
86 190 3 2557 2.090650799
37 46 3 1385838 2.09065096
48 45 3 44319 2.090651201
13 8 3 2261653 2.090653449
49 47 3 40737 2.090654838
47 46 3 5851 2.090655343
84 77 3 58254 2.09065918
84 88 3 7628620 2.090669823
79 81 3 1532098 2.090673133
192 185 3 8112252 2.090678014
10 4 3 8091153 2.09067846
200 192 3 15254477 2.090679543
74 88 3 914250 2.090681432
156 152 3 78131 2.090682862
81 78 3 12698 2.090686692
113 121 3 39473 2.090687007
115 122 3 933716 2.090688403
157 81 3 16431 2.090690563
5 13 3 2381279 2.090699925
152 49 3 71356 2.090701016
121 124 3 73486 2.090706909
162 0 3 1084525 2.090708393
5 15 3 24896 2.090711933
76 77 3 344450 2.090712226
51 41 3 65434 2.090714598
151 75 3 7378460 2.090720973
159 160 3 1145387 2.090721633
190 192 3 59111 2.090725826
199 192 3 1886020 2.090728572
2 150 3 60892 2.090728901
195 160 3 4481020 2.090729105
37 52 3 45026 2.090736543
155 40 3 5929 2.090744924
6 119 3 20249 2.090753895
87 78 3 5012 2.090762335
159 0 3 20099 2.090763657
162 38 3 371806 2.090763949
83 74 3 1136314 2.090768354
163 0 3 7293513 2.090768619
87 37 3 63715 2.09077108
196 185 3 8692204 2.090784108
121 116 3 48116 2.090784505
188 197 3 9478075 2.090787431
157 163 3 555375 2.090790543
191 152 3 5754 2.090790712
47 49 3 4914 2.090791997
124 114 3 50221 2.09079856
79 74 3 866 2.090802067
117 39 3 3871532 2.090803006
155 154 3 81156 2.090803435
41 49 3 880134 2.090808161
3 121 3 9225 2.090814436
12 6 3 28271 2.090815175
117 121 3 54939 2.090817418
15 125 3 9554 2.090820104
157 161 3 1406851 2.090832706
10 8 3 38418 2.090834721
3 149 3 7554134 2.090834884
84 82 3 7680 2.090835586
10 15 3 600796 2.090835955
5 12 3 49920 2.090840413
194 188 3 53484 2.090842702
6 151 3 29122845 2.090844958
124 118 3 13982 2.090847323
151 161 3 191458 2.090851677
79 80 3 661573 2.09085392
192 188 3 729325 2.090862413
191 6 3 776780 2.090863859
84 75 3 24920 2.090867754
123 116 3 559943 2.090869614
42 79 3 6339 2.090869669
75 82 3 1375090 2.090872159
43 51 3 78146 2.090876337
151 157 3 8571 2.090880717
158 154 3 10564 2.090881663
197 200 3 148727 2.090896445
194 185 3 51364 2.09089924
154 85 3 11986596 2.090900927
87 81 3 73775 2.090902436
117 150 3 66023 2.090912524
154 163 3 98895 2.090914108
194 197 3 5539 2.090917407
85 194 3 59683 2.090921009
15 113 3 71467 2.090929246
41 46 3 92639 2.090936132
189 46 3 410405 2.090940266
82 190 3 33280 2.090942687
3 2 3 5297 2.090943108
121 114 3 30087 2.09094883
38 46 3 1931 2.090949629
79 87 3 3114005 2.09095174
161 51 3 5815 2.090961378
78 80 3 53515 2.090965607
197 189 3 9752 2.090966436
48 49 3 63664 2.09097112
87 83 3 17700 2.09097219
185 46 3 12367 2.090974132
89 88 3 60754 2.090985445
192 189 3 4331425 2.090986313
158 81 3 5785244 2.090987156
41 52 3 852814 2.090990768
79 89 3 10378 2.090992664
193 196 3 109304 2.090995887
122 44 3 137882 2.090996464
11 159 3 1300280 2.090998629
198 186 3 706708 2.091002024
11 0 3 158 2.091004651
185 199 3 70466 2.091013167
74 88 3 908957 2.091020429
148 151 3 42447 2.09102074
5 152 3 32051 2.091021191
161 153 3 869808 2.091022185
77 75 3 165517 2.091022989
150 153 3 76145 2.091024323
1 0 3 1569985 2.091026863
84 82 3 578238 2.091029718
189 196 3 9902048 2.091032423
40 48 3 27268 2.091038231
196 186 3 65998 2.091052788
192 193 3 7119 2.091056462
114 118 3 10389891 2.091057229
116 192 3 48561 2.091057969
37 43 3 52948 2.091059117
89 77 3 4212319 2.091061189
86 85 3 5635932 2.091062746
150 84 3 1950815 2.091064199
2 156 3 17575 2.09106989
162 160 3 1458 2.091074254
3 153 3 42425 2.091080045
1 125 3 16993 2.09108193
119 114 3 407542 2.091086742
4 150 3 7990 2.091089449
38 79 3 1698 2.091091072
40 52 3 63969 2.09109289
151 50 3 6857457 2.091093197
50 49 3 78420 2.091094458
47 45 3 4583115 2.091094702
50 45 3 1572699 2.091094743
38 49 3 1772911 2.091095932
86 89 3 8138245 2.091096641
126 122 3 47439 2.091102528
163 88 3 4907217 2.091102838
123 113 3 1821661 2.091104683
122 118 3 41336 2.091111315
187 124 3 3626220 2.091113725
86 78 3 76353 2.09111485
154 163 3 53360 2.091115267
111 115 3 4238 2.091117729
14 3 3 9976149 2.09111849
156 158 3 13433 2.09112492
195 191 3 1813706 2.09112502
148 8 3 2553606 2.09112657
42 37 3 12455 2.091130841
199 192 3 72213 2.091130897
80 15 3 31385 2.091131618
51 43 3 3349 2.091133058
154 83 3 2311354 2.091134472
14 120 3 3958502 2.091134904
41 38 3 5551 2.091138699
40 48 3 3078764 2.091140322
85 78 3 6523836 2.091143922
10 82 3 21603 2.091145388
48 120 3 1160827 2.091149316
151 159 3 2491 2.091152114
10 11 3 647920 2.091152489
39 187 3 13251 2.091152761
150 154 3 1101 2.091155813
116 122 3 70783 2.09115646
189 112 3 4321 2.091161008
185 52 3 67937 2.091163676
5 158 3 5057 2.091165339
125 123 3 1000574 2.09116537
8 162 3 81194 2.091167162
77 78 3 4628 2.091167258
49 118 3 42328 2.091169665
12 14 3 49 2.091179649
119 200 3 11619 2.091197661
162 163 3 505137 2.091198078
151 156 3 1553914 2.091201516
156 157 3 65528 2.091201901
154 191 3 13236074 2.091203598
154 80 3 5163838 2.091205662
4 188 3 667257 2.091206852
156 9 3 22613 2.091221155
124 82 3 1719439 2.091223386
149 5 3 6227870 2.091230742
11 8 3 7619 2.091232158
44 9 3 7171611 2.091235239
154 6 3 27322 2.091236235
77 85 3 5675 2.09124067
45 162 3 28947 2.091242607
123 118 3 65728 2.091245915
38 49 3 79571 2.091250569
14 13 3 1196855 2.091250741
149 15 3 52030 2.091253864
13 8 3 29086 2.091254498
0 11 3 43060 2.091256278
0 158 3 57969 2.091257661
154 44 3 20307010 2.091263974
111 115 3 24034 2.091266874
114 118 3 73494 2.091267271
80 76 3 1213754 2.091269595
123 119 3 839209 2.091271727
157 159 3 72271 2.091273093
7 149 3 117199 2.091274416
115 112 3 35376 2.091278633
52 197 3 41115 2.091290635
13 3 3 1283821 2.091304774
43 200 3 58621 2.091305654
161 45 3 92779 2.091314159
38 37 3 34946 2.091314611
186 185 3 29372 2.091314692
154 152 3 3856195 2.091322251
52 47 3 7535 2.091325437
3 0 3 21281 2.091326063
126 193 3 450582 2.091327408
82 6 3 3242483 2.091330604
148 1 3 4306 2.091332111
11 153 3 1782127 2.091339742
150 163 3 7597916 2.091341008
78 79 3 166554 2.091345897
193 87 3 7542 2.091356058
80 83 3 732 2.091362246
120 126 3 159415 2.09136232
187 189 3 7104068 2.091362706
158 163 3 89885 2.091366809
117 123 3 1409513 2.09136864
10 186 3 809992 2.09136912
155 118 3 45238 2.091370789
81 159 3 18372 2.091373435
120 117 3 1140284 2.091387126
14 1 3 2645579 2.091390873
46 37 3 1247348 2.091397772
194 42 3 770585 2.091405656
200 187 3 154725 2.091409341
75 0 3 1713166 2.091410281
76 85 3 7148372 2.091410508
15 162 3 8585136 2.091411928
125 122 3 13771 2.091413445
124 112 3 67937 2.091415744
74 154 3 49926 2.091416578
13 150 3 21139131 2.09141799
3 116 3 32212 2.091418618
81 85 3 6459365 2.091421075
37 42 3 41600 2.091430768
120 111 3 47857 2.091433832
152 151 3 58287 2.0914352
47 41 3 8677 2.091438153
122 117 3 35786 2.09144029
156 41 3 1070854 2.091440367
12 148 3 21273 2.091440916
189 191 3 187192 2.091446964
88 83 3 36000 2.091447391
160 6 3 628753 2.091448786
46 39 3 549289 2.091453872
15 3 3 2727573 2.091454209
198 192 3 52478 2.091458712
116 150 3 7663 2.091461744
6 114 3 612872 2.091462066
113 38 3 25303 2.091462288
48 149 3 23850 2.091463506
48 42 3 3924 2.091468173
10 152 3 24076 2.091475901
154 112 3 4978 2.091478718
51 37 3 9266803 2.091489753
10 0 3 1464958 2.09149442
193 187 3 9999 2.091496654
0 14 3 1924465 2.091502958
87 51 3 143285 2.091511222
79 87 3 28265 2.091516254
189 194 3 105191 2.09151683
151 4 3 5067335 2.091518438
197 193 3 20841 2.091518892
121 193 3 7431640 2.09152236
112 124 3 349 2.091524009
52 43 3 435920 2.091529257
200 198 3 8252 2.091532928
11 151 3 24837 2.091536014
77 84 3 11845 2.091545273
75 86 3 2069120 2.091546777
197 187 3 27033 2.091547852
194 188 3 3699 2.091550474
195 194 3 1020391 2.091554065
7 5 3 19641 2.091555834
11 12 3 30688 2.091557822
197 188 3 4597369 2.091558633
157 75 3 1629350 2.09156069
120 122 3 935318 2.091561365
42 39 3 145880 2.0915638
123 124 3 2871363 2.091568884
50 44 3 1780771 2.091569899
154 158 3 59301 2.091574583
151 160 3 893747 2.091575142
52 6 3 1356576 2.091583688
48 51 3 91405 2.09158746
50 52 3 9538 2.091587953
160 13 3 53626 2.09158968
124 114 3 163879 2.091593447
122 156 3 1295091 2.091594318
89 81 3 31892 2.091594817
193 191 3 45034 2.09159541
51 47 3 20716 2.09159592
52 76 3 14222 2.091599046
9 194 3 1478217 2.091599553
118 121 3 946958 2.091602006
13 2 3 1259086 2.091605699
187 193 3 1261919 2.091613206
116 154 3 99140 2.091616496
159 6 3 6143 2.091618654
13 6 3 2475082 2.091619625
151 158 3 7043983 2.091620076
200 187 3 26754 2.091621295
191 195 3 20626 2.091623827
185 162 3 12209 2.091632143
117 122 3 18478079 2.091636125
46 43 3 183773 2.09163662
190 119 3 10280504 2.091638034
47 52 3 5900 2.091643552
0 155 3 24796 2.091643996
200 194 3 114769 2.091644062
52 37 3 3332254 2.091656132
2 7 3 882038 2.091656169
81 161 3 25784 2.091661959
200 199 3 1585781 2.091663766
43 50 3 22267999 2.091669371
194 189 3 46547 2.091674669
7 6 3 3960 2.091675117
148 156 3 2534277 2.09167728
153 4 3 5415919 2.091679226
9 155 3 73111 2.091680593
158 155 3 62470 2.091683369
7 11 3 190252 2.091686957
87 88 3 150651 2.091688291
189 186 3 23634 2.091693871
42 160 3 9606 2.09169542
118 122 3 1106976 2.091697875
1 185 3 73437 2.091698354
12 15 3 918442 2.09170528
10 9 3 21280154 2.091705394
13 125 3 605 2.091705695
75 188 3 72994 2.091706979
38 52 3 5791713 2.091710858
12 0 3 816570 2.091711185
161 158 3 584177 2.091718979
13 10 3 7876059 2.091723177
49 44 3 1188073 2.091723303
50 75 3 8175564 2.091723602
38 42 3 22964 2.091730464
124 117 3 43082 2.09173264
2 5 3 4161 2.091734786
41 46 3 4786823 2.091736647
154 87 3 9356 2.091736939
195 189 3 22278 2.091738317
149 87 3 41089 2.091739729
163 41 3 48458 2.091745187
152 82 3 117549 2.09174774
7 6 3 17091 2.091749158
13 5 3 1017597 2.091750785
123 114 3 726862 2.091751535
196 189 3 1368 2.091754054
153 1 3 23578 2.091754707
112 118 3 26540 2.091756047
48 47 3 7006415 2.091756145
159 14 3 1834306 2.091756924
0 156 3 9528 2.091758513
75 82 3 51666 2.091759423
117 112 3 52754 2.091772707
75 89 3 9291276 2.091780552
75 89 3 18565 2.091782799
37 51 3 137 2.091811051
163 192 3 1639038 2.091813842
160 154 3 1792336 2.091813844
47 40 3 69811 2.09181646
13 118 3 2194265 2.091816671
39 38 3 22825 2.091818147
42 45 3 41180 2.091818521
46 41 3 1981152 2.091821153
87 74 3 758826 2.091823258
199 149 3 38554 2.091825269
151 52 3 8189 2.091831066
200 189 3 4525 2.091832903
152 116 3 69826 2.091832965
41 48 3 27810 2.091833716
1 149 3 7910472 2.091842234
87 75 3 8970429 2.091847144
189 197 3 103750 2.091853494
157 1 3 168391 2.091856766
113 186 3 153865 2.091856943
81 77 3 5359587 2.091865589
114 126 3 1962569 2.091873953
160 151 3 3061 2.091874554
154 82 3 55105 2.09187723
150 161 3 1851457 2.091888204
49 47 3 9951 2.09188977
75 39 3 49334 2.091891183
124 115 3 42851 2.091892321
9 163 3 18522 2.091892354
149 157 3 40460 2.091895476
155 82 3 569993 2.091905615
80 84 3 39890 2.091906006
121 119 3 26342 2.091908621
37 49 3 8834 2.091910137
10 14 3 7494856 2.091913081
160 157 3 175655 2.091913127
120 119 3 163203 2.091916663
47 42 3 106720 2.091917175
120 126 3 8404144 2.091924271
14 7 3 908446 2.09192432
156 163 3 8067081 2.091925241
159 85 3 3833627 2.091927025
44 46 3 629138 2.09192747
122 125 3 21590 2.091934134
159 49 3 8067 2.091938588
195 42 3 497200 2.091947879
126 125 3 593346 2.091950626
186 195 3 3120 2.091953018
89 75 3 17858 2.09195463
52 50 3 778253 2.091957354
160 4 3 165572 2.091958148
15 74 3 60570 2.091959976
155 162 3 2350389 2.091962992
126 119 3 27461 2.09196322
148 84 3 5222 2.091966816
4 118 3 7304 2.091969324
88 75 3 5532837 2.091970658
186 193 3 69901 2.091972197
82 83 3 538 2.091972964
155 154 3 63116 2.091977251
5 7 3 3386 2.091978103
5 10 3 51002 2.091981353
11 155 3 12993 2.091982537
115 122 3 74643 2.091987561
150 39 3 17802 2.09198876
39 155 3 31744 2.091988788
199 187 3 40813 2.091992864
9 1 3 7312566 2.091994133
154 10 3 75285 2.091994657
118 114 3 15156 2.09199584
197 85 3 23042 2.092000796
120 119 3 9582 2.092003279
47 52 3 70889 2.092005864
151 124 3 12890 2.092008037
42 200 3 396650 2.092008071
120 114 3 58658 2.092008479
188 82 3 838658 2.092024292
196 192 3 1149297 2.092026697
9 161 3 5365395 2.092027907
156 4 3 1463522 2.092028051
154 88 3 24584 2.092032464
40 38 3 4851461 2.092037525
126 15 3 709868 2.09203886
51 45 3 4687605 2.092041332
3 117 3 1414116 2.092043706
14 3 3 38756 2.092046237
148 159 3 4518004 2.092049158
49 193 3 1896786 2.092051011
200 198 3 30674 2.092052174
4 10 3 198574 2.092052382
13 11 3 25235 2.092052416
46 48 3 9386 2.092056131
76 80 3 3590669 2.092058657
154 152 3 12856062 2.092063343
198 189 3 1370556 2.09206831
197 186 3 978643 2.092070508
5 149 3 42418 2.09207364
8 199 3 25036 2.092074269
37 38 3 35625 2.092077392
8 155 3 30739 2.092080534
196 197 3 42655 2.092092797
83 82 3 9822 2.092093302
4 46 3 26331 2.092104158
120 116 3 1833289 2.092108388
192 190 3 42593 2.092108571
40 38 3 72697 2.092108652
2 13 3 797085 2.092113038
154 158 3 1406182 2.092123139
51 49 3 36537 2.092126298
186 197 3 6590 2.092129007
121 157 3 1795871 2.092129209
189 194 3 49155 2.09213247
86 83 3 1134381 2.092138385
195 187 3 79268 2.092141656
155 4 3 171209 2.09214591
161 85 3 185385 2.092150775
41 45 3 3604443 2.092154247
3 9 3 3545108 2.0921561
15 0 3 2093393 2.092159088
118 192 3 2949184 2.092160656
157 154 3 26689 2.09216737
120 80 3 5220281 2.092168555
38 187 3 4901432 2.09217521
37 41 3 42783 2.092175832
5 0 3 42805 2.09217597
74 83 3 43106 2.092178908
2 7 3 25883 2.09218113
115 1 3 3875336 2.092190105
51 200 3 525522 2.092194539
1 8 3 577356 2.092199807
151 8 3 15426 2.092200157
15 156 3 3387 2.092204505
6 0 3 218 2.09220488
125 38 3 163841 2.092208178
200 80 3 76942 2.092208567
162 163 3 1513640 2.092212618
193 191 3 12789876 2.092214347
126 124 3 1175407 2.092216339
124 120 3 4874584 2.092218283
13 12 3 889960 2.092229806
111 150 3 61379 2.092235406
185 192 3 79437 2.092237503
148 4 3 8768 2.092240133
196 185 3 1781829 2.092242005
191 196 3 3114107 2.092242241
9 126 3 592177 2.092249477
79 115 3 4643724 2.092249525
9 8 3 129441 2.092250212
85 82 3 1642901 2.092251641
163 11 3 9693982 2.092258285
13 14 3 77625 2.092260974
6 151 3 1656042 2.092261462
77 86 3 6945 2.092264216
10 122 3 21668705 2.09226939
15 162 3 21193707 2.09226947
122 117 3 4381831 2.092277315
161 157 3 263628 2.092278092
190 189 3 5990 2.092280227
13 3 3 40948 2.092284347
38 37 3 781455 2.092296245
6 88 3 11958 2.092297842
125 115 3 8704 2.09229786
10 14 3 503 2.092298738
46 47 3 168805 2.092299382
150 157 3 9544 2.092300132
200 46 3 10010 2.0923011
4 7 3 8780 2.092301218
51 194 3 8675 2.092301574
87 89 3 189032 2.092301818
114 112 3 8917382 2.092304665
44 45 3 24117 2.092308775
187 193 3 57949 2.09231235
86 79 3 176456 2.092313916
155 151 3 171637 2.092319337
12 15 3 17446 2.092319745
151 0 3 4038 2.09232016
50 47 3 5236827 2.092322713
156 81 3 68911 2.092324795
78 84 3 1942 2.092330063
15 161 3 66366 2.092332125
7 12 3 26655 2.092332142
124 126 3 22295062 2.092332729
192 196 3 7948 2.092339283
43 37 3 21128009 2.092339309
48 46 3 21072 2.092341298
163 162 3 23226 2.092342861
44 42 3 1263112 2.092347391
82 13 3 5570 2.092347872
40 4 3 9255 2.092350585
113 123 3 74425 2.092350753
197 189 3 36930 2.092353012
0 12 3 58671 2.092355168
87 190 3 39992 2.092361701
193 195 3 1797589 2.092363267
192 186 3 71342 2.092363624
74 85 3 5562 2.092365773
157 38 3 558337 2.092365925
121 122 3 42614 2.092367269
89 74 3 187 2.092367387
158 150 3 6303267 2.092371364
15 1 3 1277302 2.092372708
197 194 3 4278276 2.092374448
159 87 3 74082 2.092375172
14 113 3 65083 2.092381349
49 152 3 22350 2.092385229
9 121 3 15712 2.092391089
158 151 3 1777103 2.092393839
126 37 3 1978 2.092399236
200 76 3 65211 2.092399904
12 115 3 16610 2.09240233
125 116 3 28048 2.092406117
162 161 3 7515848 2.092408343
1 9 3 52595 2.092414737
160 191 3 4551678 2.092418156
115 119 3 694837 2.092419495
118 116 3 9427506 2.092421041
156 159 3 10947 2.092421773
40 200 3 57976 2.092424682
124 114 3 9654 2.092425069
189 188 3 8061757 2.092425091
152 41 3 20726 2.09242845
150 50 3 17705 2.092429395
42 148 3 940972 2.092431794
152 45 3 956497 2.092438151
82 77 3 4878 2.092438729
43 50 3 4741163 2.092441479
150 162 3 6375389 2.092443784
4 2 3 11540 2.092448176
44 51 3 925869 2.09245694
9 8 3 27296 2.092458172
81 1 3 43345 2.092462043
9 5 3 78761 2.09246435
151 75 3 9987 2.092469386
116 115 3 6597 2.09247119
120 45 3 47782 2.092473616
120 51 3 142798 2.092474226
155 6 3 351996 2.092476283
154 159 3 7603010 2.092480779
196 189 3 333 2.092485114
199 10 3 1706951 2.092487533
11 2 3 23200 2.092488226
193 80 3 13693 2.092490201
124 111 3 1786681 2.092490485
191 193 3 1913550 2.09249633
86 84 3 82031 2.092496747
162 50 3 60232 2.09250147
89 114 3 133822 2.092501951
155 48 3 76265 2.092502048
162 14 3 62359 2.092504861
45 40 3 26718 2.092505835
157 149 3 79105 2.092507516
10 119 3 3321 2.092511412
152 12 3 15854 2.09251209
77 88 3 957353 2.092514436
191 194 3 43962 2.092517908
7 4 3 3224112 2.092520857
124 191 3 23028 2.092524489
156 9 3 190695 2.092526177
80 88 3 6169 2.092527688
1 13 3 134618 2.092536791
194 191 3 22319 2.092538383
88 82 3 1441628 2.092540223
154 152 3 9147523 2.092542349
118 89 3 4443365 2.092548456
89 85 3 3429 2.09254975
186 190 3 25751 2.092552894
194 192 3 18405 2.092558398
199 190 3 2999827 2.092558519
115 126 3 2258488 2.092560779
117 112 3 130043 2.092562349
120 116 3 7210 2.092563435
162 152 3 44949 2.092572275
80 85 3 7320 2.092573264
6 9 3 493681 2.092580292
7 13 3 64924 2.092582592
37 185 3 44004 2.092583031
152 76 3 56864 2.092583907
153 163 3 3620407 2.09258623
158 81 3 3219194 2.092587341
118 126 3 36740 2.092587634
158 87 3 1485573 2.092589276
75 89 3 22888 2.092590258
14 10 3 67728 2.092595759
45 48 3 31609 2.092601336
114 125 3 5773 2.092602036
0 5 3 246582 2.092602256
49 44 3 44073 2.092603767
11 14 3 13043 2.092611363
194 199 3 166561 2.092618337
113 12 3 1045618 2.092618509
84 77 3 2174659 2.092620523
0 121 3 6577183 2.092624132
76 78 3 60284 2.092628818
190 187 3 44941 2.092635773
1 2 3 950224 2.092636387
113 13 3 43675 2.092638758
81 86 3 43107 2.092638932
154 150 3 575362 2.092646893
125 118 3 4532 2.092656301
151 51 3 6359 2.092658817
42 43 3 2127822 2.092669189
114 121 3 73843 2.092670587
118 114 3 12058 2.09267421
11 3 3 7817 2.092677438
162 156 3 5785 2.092683136
156 153 3 185391 2.09268795
162 80 3 3744617 2.092692435
87 45 3 70220 2.092696331
194 44 3 32480 2.092696618
188 86 3 9334254 2.092700213
51 44 3 30097 2.092711104
86 79 3 46147 2.092719812
8 12 3 1629 2.092722583
112 117 3 38243 2.092722832
162 159 3 48952 2.092725274
86 89 3 7604 2.092726571
89 82 3 35248 2.092731129
161 162 3 1315 2.092736681
80 77 3 30358 2.092745379
191 14 3 4122420 2.092748498
74 83 3 1197633 2.092749253
189 194 3 95145 2.092749574
121 116 3 21140 2.092754497
198 192 3 1759028 2.092761228
46 188 3 42792 2.092762563
151 155 3 6230229 2.092766262
118 126 3 148921 2.09277012
149 48 3 20528 2.092771621
191 190 3 296452 2.092777394
7 3 3 207 2.092779916
3 149 3 102299 2.09278087
40 48 3 1774493 2.092788649
74 87 3 1916302 2.092789338
150 77 3 1275611 2.092791479
199 193 3 49537 2.092796725
74 87 3 21291 2.092796863
122 118 3 21230 2.092802134
3 1 3 27943 2.092807754
195 188 3 74616 2.092808139
153 78 3 39982 2.092809529
6 3 3 16 2.092810052
46 49 3 53179 2.09281425
187 191 3 806830 2.092817484
74 84 3 130512 2.092820239
12 15 3 1961797 2.092826755
161 38 3 122607 2.092829115
78 74 3 217321 2.092829982
41 150 3 4536175 2.092830291
88 7 3 4872 2.092833311
190 199 3 9282667 2.092834136
83 78 3 25678265 2.092837087
89 87 3 4925807 2.092837178
198 200 3 55572 2.092839002
152 196 3 8407187 2.09284256
15 0 3 2055 2.092850499
39 41 3 3610346 2.09285132
123 126 3 28307 2.092856793
41 50 3 1292939 2.09285693
199 198 3 65518 2.09285791
79 89 3 3464497 2.092868765
124 114 3 2500078 2.092870993
13 5 3 3926 2.092871539
6 112 3 4432 2.092873406
86 78 3 1905 2.092879071
161 86 3 5969 2.092882593
126 118 3 19659 2.092883727
88 89 3 46395 2.092885312
3 150 3 9574854 2.092891199
8 161 3 25975 2.092892073
117 125 3 1473 2.092894958
46 44 3 9778906 2.092901983
86 89 3 549 2.09290204
190 89 3 67134 2.092907758
43 52 3 1495667 2.092909217
149 161 3 4372789 2.0929118
8 13 3 36191 2.092912614
45 43 3 4975454 2.092915127
9 11 3 7269 2.09292148
124 191 3 2190445 2.092925639
154 14 3 23675 2.09293022
5 149 3 3507998 2.092934306
6 9 3 4338601 2.092934607
152 10 3 8064859 2.092935304
126 115 3 8983741 2.092942968
157 151 3 563025 2.092948599
12 6 3 180499 2.092950908
9 80 3 6970 2.092951248
2 161 3 10066 2.092955144
157 200 3 23778 2.092967861
38 162 3 27598 2.092973529
9 6 3 1057044 2.092974428
40 43 3 62011 2.092975065
8 4 3 1932349 2.092978552
13 2 3 199389 2.092979596
152 6 3 1708 2.092980336
194 198 3 4188211 2.092980924
15 125 3 78791 2.092982365
159 89 3 993842 2.092983009
48 114 3 3211 2.092984806
197 199 3 65520 2.092987152
196 185 3 7189 2.092987537
155 159 3 1702 2.092991035
15 4 3 90050 2.092992962
113 125 3 189063 2.093001296
153 163 3 95991 2.093001341
148 149 3 204110 2.093003111
158 150 3 8806 2.093003255
42 37 3 29062 2.093003761
52 46 3 75263 2.093003956
5 10 3 56949 2.093004947
82 74 3 71065 2.093007105
84 89 3 73930 2.093009118
113 115 3 36564 2.093009274
191 148 3 9928534 2.093009737
45 46 3 14982 2.093012212
116 111 3 9996085 2.093013284
194 186 3 18530 2.093015803
7 161 3 44100 2.093019078
47 48 3 8469391 2.093019435
158 186 3 21190 2.093022811
89 45 3 8994 2.093023777
14 5 3 894261 2.093026257
161 157 3 28600 2.093026475
198 39 3 4406 2.093029228
13 4 3 2038717 2.093035812
197 193 3 506206 2.09303589
88 83 3 3331805 2.093036741
118 122 3 9127 2.09303973
157 46 3 1923 2.093041131
123 122 3 24054 2.093042243
163 151 3 5071 2.093042252
8 3 3 64711 2.093044901
89 74 3 174298 2.093045065
151 10 3 3150383 2.093045287
185 198 3 1731378 2.093048762
196 195 3 5 2.093052582
197 185 3 4672762 2.093054015
155 12 3 141812 2.093058688
155 150 3 4044105 2.093060563
86 76 3 38912 2.09307464
48 52 3 2467442 2.093077679
152 151 3 131846 2.093081263
113 115 3 2597675 2.093097375
156 192 3 66193 2.093100506
82 9 3 4959 2.093108085
40 51 3 71467 2.093112748
162 79 3 4899 2.093113243
39 47 3 76966 2.093114113
198 192 3 61163 2.09311515
42 47 3 9462 2.093118059
48 40 3 26315 2.093118954
152 156 3 71146 2.093127402
37 40 3 2516731 2.093130463
89 194 3 15314 2.093132016
82 75 3 20449 2.093140143
191 193 3 4951810 2.093149345
12 11 3 1343107 2.093149507
4 114 3 40568 2.09315092
86 79 3 43058 2.093155525
190 186 3 13828 2.093156208
0 154 3 62221 2.093157455
120 117 3 12136898 2.093159569
11 118 3 53609 2.093162943
8 14 3 6220 2.093164007
155 150 3 361908 2.093165359
185 163 3 1671573 2.093165778
154 13 3 19636 2.093175021
50 194 3 4426 2.093177332
50 39 3 1289 2.093177955
186 193 3 35109 2.093183297
157 156 3 54444 2.093185306
200 188 3 1665711 2.093186005
156 4 3 3357 2.093186026
159 152 3 6032 2.093191009
45 37 3 27224 2.093195896
113 126 3 2711831 2.093195979
41 43 3 5595 2.093198532
87 85 3 6383 2.093201842
126 117 3 3902537 2.093203566
7 156 3 1950993 2.093203683
112 7 3 7730925 2.093207096
162 44 3 942737 2.093207242
13 155 3 5852475 2.093210562
89 75 3 62731 2.093214071
194 200 3 7773565 2.09321569
12 4 3 7253983 2.093216215
154 151 3 1752886 2.093217444
47 42 3 882111 2.093221566
9 7 3 4499970 2.093223589
158 124 3 5438127 2.093234297
89 88 3 39116 2.093236242
80 81 3 77072 2.093236293
0 7 3 173 2.093241863
150 89 3 27167 2.093242303
149 49 3 21527 2.093243871
154 150 3 2618673 2.093245838
157 88 3 3380 2.093249174
10 0 3 9301513 2.09325067
152 159 3 199689 2.093254545
6 111 3 570655 2.093258202
124 123 3 41921 2.09325896
15 2 3 11554 2.093259719
121 111 3 172712 2.093262978
186 191 3 1559136 2.093266612
186 190 3 22296 2.093271139
193 198 3 26176 2.093274465
83 82 3 137291 2.093280478
160 153 3 5918 2.093282178
122 149 3 7042 2.093283624
194 113 3 4882003 2.093286295
5 114 3 2763506 2.093287238
4 1 3 15396 2.093291276
6 151 3 10153 2.093291955
148 159 3 876702 2.093295179
161 148 3 29858 2.093296704
111 82 3 3297095 2.093298175
116 117 3 753294 2.093299309
74 1 3 75707 2.093301373
158 163 3 29348 2.093301707
200 126 3 5726457 2.093302692
6 8 3 1106291 2.093304854
113 114 3 4537 2.093308104
156 148 3 229899 2.093316886
11 14 3 17250237 2.093318552
151 84 3 2436377 2.093319935
9 10 3 26644 2.093321513
153 15 3 106381 2.093326267
48 39 3 80761 2.093336876
116 121 3 8763112 2.09333908
163 76 3 144416 2.09334287
43 39 3 18376 2.093343559
52 45 3 5930833 2.093351229
155 43 3 7516 2.093357749
152 157 3 8485 2.093358314
12 200 3 7837 2.093358507
13 9 3 19155221 2.093365116
185 193 3 7676845 2.093366086
158 8 3 6562721 2.093368289
11 148 3 927824 2.09336934
151 199 3 71777 2.093381931
51 44 3 9579 2.093393217
9 8 3 3857 2.093394077
148 150 3 2102160 2.093396153
116 4 3 818970 2.093398434
76 80 3 29116 2.093399823
40 44 3 107186 2.093400839
52 162 3 5738127 2.093407044
48 46 3 34649 2.093411265
126 120 3 8870767 2.093411555
114 111 3 9367969 2.093417596
157 7 3 438712 2.093420419
152 84 3 784953 2.093421452
40 199 3 3736975 2.093424634
155 4 3 48247 2.093425763
116 124 3 63238 2.09342672
11 150 3 9375875 2.093427748
151 76 3 1882099 2.093432126
158 152 3 32505 2.093432959
151 163 3 149697 2.093433385
111 120 3 65329 2.093435475
45 38 3 25483120 2.093435861
149 155 3 1945877 2.093438656
87 89 3 779562 2.093441217
9 126 3 293 2.093446268
186 192 3 57353 2.093447335
159 149 3 27319 2.093448235
49 186 3 497228 2.093455985
156 3 3 3092 2.093457255
41 48 3 1468411 2.093458014
48 45 3 41350 2.093458702
152 163 3 1002245 2.093460657
4 114 3 1136102 2.09346533
41 42 3 29999 2.093465591
158 157 3 1241687 2.093467642
197 0 3 2737729 2.093471463
112 117 3 46293 2.093472912
83 78 3 2228674 2.093473472
49 39 3 1763976 2.093473677
158 148 3 1700914 2.093474167
42 186 3 2593312 2.093474533
51 194 3 8254952 2.093475177
157 148 3 1918 2.09347907
49 191 3 3037527 2.09348092
191 190 3 51807 2.093484053
1 3 3 23765 2.09348717
190 199 3 924633 2.093489092
47 112 3 29918 2.093489105
156 14 3 31246 2.093491664
149 159 3 8245935 2.093498033
150 10 3 2731633 2.09349951
155 161 3 37324 2.093503147
40 52 3 8864 2.093514334
148 11 3 26464 2.093516345
1 160 3 1869871 2.093516697
152 11 3 3606 2.093519378
154 149 3 57849 2.093521655
86 87 3 27386 2.093526303
124 120 3 22547 2.093529559
149 122 3 23900 2.093530784
39 44 3 3618375 2.093532843
47 198 3 2642 2.093534539
158 37 3 28107 2.093535526
10 149 3 48822 2.09354322
113 112 3 18181987 2.093544725
112 124 3 558517 2.09354484
111 113 3 39362 2.093546428
14 196 3 10143 2.093548853
88 89 3 933 2.093552244
199 185 3 4164613 2.093553508
5 114 3 311937 2.093557322
124 119 3 1073 2.09356483
44 46 3 2056633 2.093573021
7 112 3 5057 2.093575449
190 187 3 932689 2.09357662
120 150 3 37970 2.093579323
160 161 3 2149425 2.093579916
159 162 3 40281 2.093581662
80 79 3 79694 2.093592708
1 159 3 4061 2.093593952
45 188 3 102026 2.093594107
86 49 3 2998 2.093595526
44 50 3 8713757 2.093606562
39 191 3 154719 2.093606612
161 152 3 4431557 2.093609141
87 200 3 20418 2.093612396
11 12 3 22863 2.09362073
87 88 3 1480974 2.09362598
46 77 3 56600 2.093626322
163 6 3 1340730 2.093626857
126 117 3 25134 2.093632253
45 196 3 1128 2.09363629
161 6 3 1668352 2.093637957
79 200 3 3664076 2.093640838
42 47 3 1763484 2.093642938
1 161 3 606469 2.093643594
186 192 3 160 2.093647062
191 192 3 145544 2.093647701
39 163 3 69914 2.093650098
199 193 3 551378 2.093650642
9 159 3 46723 2.093650688
186 187 3 23872 2.093651769
50 121 3 625222 2.093653398
117 123 3 9799 2.093654048
88 79 3 570 2.093656276
161 11 3 98741 2.093667717
39 38 3 25203 2.09366805
187 190 3 129981 2.093669756
44 51 3 20531 2.093672626
3 116 3 9900 2.093672677
126 115 3 878297 2.09367421
189 115 3 2908132 2.09368673
116 114 3 73539 2.093689705
123 113 3 5583 2.093692074
11 111 3 395789 2.093693624
8 119 3 78275 2.093695169
158 8 3 2820922 2.093696026
197 192 3 1618042 2.093698685
10 0 3 177744 2.093701639
75 74 3 42 2.093702302
77 81 3 3720163 2.09370402
2 5 3 2253 2.093704522
151 2 3 5955 2.093705296
39 51 3 39887 2.093708065
81 88 3 1133268 2.093708393
14 151 3 1231922 2.093728468
39 52 3 2272356 2.093730434
84 86 3 2735732 2.093732058
194 199 3 30349 2.093732874
156 157 3 29871361 2.093737879
188 195 3 927001 2.09374025
118 115 3 522637 2.093742117
148 85 3 66594 2.093744727
37 151 3 33392 2.093745887
154 8 3 27447 2.093747729
191 152 3 6329 2.093750686
116 193 3 4304663 2.093759379
11 114 3 176732 2.093760638
10 11 3 35217 2.093765026
161 152 3 68875 2.093766752
119 122 3 4953 2.093772307
47 48 3 54177 2.09377525
148 152 3 2702487 2.093787877
84 43 3 25318 2.093788563
9 191 3 5697450 2.093791102
157 150 3 3992 2.093795995
13 122 3 19601 2.093796704
2 7 3 64547 2.093800628
200 161 3 40937 2.09380764
161 149 3 16528 2.093809118
153 6 3 4826761 2.093809789
200 186 3 762841 2.093811978
196 193 3 1794214 2.093812752
52 48 3 20914 2.093814987
15 9 3 27173 2.093816209
199 7 3 20443 2.093817966
46 155 3 5339851 2.093818537
50 189 3 3212893 2.093820007
115 116 3 73488 2.093820262
12 122 3 52504 2.093822595
49 37 3 9265 2.093828149
9 15 3 226223 2.093828462
155 148 3 63430 2.093833108
155 79 3 1690759 2.093833126
10 7 3 6347 2.093836094
112 159 3 161912 2.09384078
151 155 3 6962 2.093850976
117 196 3 3607550 2.093853126
46 38 3 4599 2.093853301
152 89 3 73923 2.093854829
114 38 3 1213 2.093864334
38 39 3 2898 2.09386973
122 117 3 16623 2.09387686
87 82 3 35181 2.093878351
9 155 3 9819053 2.09388119
123 126 3 1689829 2.093882652
114 112 3 377603 2.093883709
113 121 3 3815698 2.093893073
190 188 3 691452 2.093894129
47 52 3 2618809 2.093895784
45 46 3 21033 2.093898509
11 122 3 1634585 2.093901744
47 49 3 4223 2.093905559
197 185 3 54955 2.093906965
190 187 3 60996 2.09390845
188 185 3 7347385 2.093908851
116 122 3 663653 2.093910424
191 197 3 23910761 2.093911198
11 149 3 131866 2.093911888
4 0 3 73821 2.093914747
1 5 3 6221 2.093917914
114 121 3 5302 2.093919446
46 48 3 1695 2.093921645
85 79 3 8596886 2.093928982
148 8 3 1862733 2.093930243
40 79 3 156292 2.093930498
200 195 3 6429 2.093932764
12 10 3 1187633 2.093934066
117 196 3 57918 2.093937445
156 159 3 1481309 2.093941771
197 191 3 1047055 2.09394275
10 6 3 7506837 2.093943623
5 8 3 5642390 2.093947881
11 121 3 3343 2.093952325
160 195 3 1516017 2.093952719
38 52 3 14111 2.09395301
77 79 3 22511046 2.093954589
1 15 3 66079 2.093955129
5 3 3 2354 2.093957117
160 156 3 74840 2.093959786
111 117 3 205527 2.09396001
2 13 3 9020 2.093964631
161 193 3 1382810 2.093965277
163 148 3 3951886 2.093968023
194 188 3 30036 2.093971818
78 37 3 28455 2.093980816
148 1 3 6896284 2.093981384
46 79 3 4885968 2.093983857
158 6 3 470724 2.093993619
52 43 3 20817112 2.093995377
125 111 3 22214 2.093995753
157 152 3 6930 2.093996135
50 187 3 42592 2.093996352
45 41 3 1655 2.093997972
189 190 3 4902082 2.094007513
151 85 3 8637 2.094011377
115 111 3 5127 2.094011927
119 121 3 24043 2.094014343
89 40 3 61272 2.094021258
9 5 3 6439541 2.094022114
77 75 3 5051 2.094023084
187 1 3 101342 2.094023188
158 113 3 36365 2.094031145
5 151 3 7656 2.094031863
51 47 3 28294 2.09403674
47 52 3 1904854 2.09404046
162 2 3 894780 2.094041551
14 153 3 20776 2.09405169
192 200 3 21780 2.094052146
78 79 3 2246968 2.094057036
197 1 3 10981 2.094059989
194 186 3 59731 2.094062188
119 114 3 68069 2.094062735
87 43 3 9197424 2.094082138
78 87 3 4287746 2.094082253
37 39 3 196468 2.094086598
47 194 3 47732 2.09408745
11 13 3 9070 2.094090824
193 46 3 11681 2.094091904
38 43 3 3528853 2.094096975
125 117 3 57843 2.094099087
3 113 3 28499 2.094099452
158 2 3 21213 2.094099685
4 0 3 1479733 2.094100786
120 115 3 1001153 2.094102514
88 75 3 76204 2.094105021
113 123 3 75043 2.094106313
188 196 3 29400738 2.094107611
37 38 3 60930 2.094113992
121 118 3 72221 2.09411616
191 79 3 989279 2.094117546
114 115 3 3402324 2.094130902
87 1 3 35892 2.094131167
38 149 3 69011 2.094139009
12 112 3 5102678 2.094140491
185 193 3 108893 2.094142566
118 123 3 2249170 2.094143758
0 163 3 43239 2.094144042
121 119 3 167946 2.094144783
151 78 3 4519 2.094148239
155 159 3 31311 2.094150313
119 111 3 22749 2.094150919
74 78 3 27307 2.094151244
193 9 3 188146 2.094152251
14 120 3 11262326 2.094154643
79 82 3 27958 2.094156871
161 40 3 46314 2.094157931
10 6 3 8042009 2.094158485
152 156 3 3839604 2.094158908
114 117 3 55003 2.094160501
88 80 3 37483 2.094161281
9 5 3 38812 2.094162259
151 52 3 81 2.094163465
154 148 3 90491 2.094168471
195 192 3 214529 2.094173707
76 38 3 9766 2.094176289
185 190 3 28891 2.094179573
78 88 3 971359 2.094182843
14 13 3 52500 2.094183386
197 194 3 1660015 2.094184663
119 5 3 8662624 2.094187908
79 88 3 62310 2.09419595
42 38 3 170303 2.0942002
149 157 3 1206957 2.094200959
157 151 3 39775 2.094204233
82 81 3 61817 2.094205534
76 75 3 926 2.094206248
200 11 3 40090 2.094211059
119 114 3 973260 2.094214726
152 86 3 12971 2.094216609
113 116 3 9859101 2.094222103
148 163 3 3285842 2.094224871
6 194 3 3141666 2.094230054
77 88 3 2082 2.094230104
9 6 3 1435342 2.094231178
186 122 3 18054 2.094231711
38 43 3 1015689 2.094232445
152 43 3 17161 2.094234036
3 157 3 575224 2.094242239
1 15 3 22591 2.094245056
0 157 3 2301229 2.094250352
198 199 3 2867 2.094252526
111 126 3 9609850 2.094255358
156 154 3 2657492 2.094257946
42 188 3 25602 2.094258195
197 193 3 1017337 2.094264386
37 123 3 100597 2.094267003
79 81 3 1691049 2.094274383
151 154 3 1193551 2.094278807
148 149 3 7450626 2.094284656
126 124 3 86601 2.094287762
81 83 3 79187 2.094289537
74 88 3 28225 2.094290077
10 151 3 8014 2.09429713
37 52 3 70967 2.094299676
3 152 3 11873 2.094307045
79 87 3 1365139 2.09430914
155 148 3 49323 2.094310827
152 149 3 4836371 2.094312364
114 120 3 17292 2.094312736
197 188 3 4213403 2.09431275
52 186 3 3778861 2.094315419
50 38 3 46690 2.094317718
10 6 3 15928 2.094330868
3 80 3 64035 2.094331228
115 114 3 25001 2.094331278
82 50 3 29203 2.094331978
45 40 3 2201 2.094334633
157 151 3 32831 2.094340125
124 123 3 14354 2.094341787
151 83 3 697970 2.094345798
44 40 3 8450773 2.094347777
148 160 3 792 2.094349363
187 124 3 1916248 2.09435369
189 197 3 353895 2.094354982
112 125 3 449434 2.094357452
160 124 3 51674 2.094361837
116 125 3 16365 2.094366625
163 42 3 4286312 2.09436781
123 113 3 20241 2.094368695
6 7 3 43054 2.094370245
188 12 3 93518 2.094371429
159 1 3 7559 2.094375506
186 85 3 8647 2.094375511
12 155 3 3148 2.094380517
158 44 3 44077 2.094381726
114 126 3 9851 2.0943858
113 88 3 60910 2.094386929
113 116 3 70065 2.094391384
44 83 3 24965331 2.094398824
121 115 3 1040860 2.094399281
196 198 3 2154161 2.094399434
151 84 3 13211 2.094402209
7 0 3 1357348 2.094410185
154 157 3 5946 2.094411052
163 126 3 4518 2.094421649
187 185 3 97884 2.094423548
112 116 3 74501 2.094431715
161 159 3 59406 2.094432624
2 1 3 6786 2.094436775
198 191 3 103479 2.094443498
150 38 3 8026388 2.094445012
81 74 3 77965 2.094447402
79 10 3 4847 2.094449009
38 42 3 2984935 2.094450174
199 152 3 10545 2.094453468
81 74 3 53060 2.094454431
119 85 3 13239876 2.094454803
158 155 3 8573 2.094458069
156 154 3 3429750 2.094462689
112 114 3 13434 2.094462957
158 153 3 5445730 2.094476075
157 148 3 61619 2.094476869
46 47 3 29036 2.094478181
8 4 3 12110 2.094479955
192 153 3 5214 2.094480644
122 119 3 70771 2.094485129
149 151 3 34056 2.094491618
119 114 3 21527 2.094496125
159 163 3 2120 2.094501138
186 13 3 7933 2.094502462
13 124 3 4628763 2.09450348
44 41 3 5308399 2.094506391
51 52 3 388609 2.094509193
124 123 3 340565 2.094509431
12 10 3 33768 2.094511335
159 161 3 21246 2.094517251
148 89 3 1624326 2.094524339
13 15 3 59146 2.094525317
159 38 3 9062535 2.094528701
123 126 3 28310 2.094538747
4 15 3 3242148 2.094539894
6 9 3 4495 2.094540894
9 153 3 716607 2.094542099
11 157 3 16764 2.094550498
152 38 3 25570 2.094556565
7 8 3 27045 2.094559747
45 52 3 60545 2.094561663
45 200 3 1670738 2.094562819
77 88 3 4950720 2.094567664
161 85 3 28316 2.094569108
85 192 3 57454 2.094569252
188 74 3 37913 2.094569694
7 3 3 24632 2.094579152
188 197 3 226763 2.094585378
12 6 3 20359 2.094588235
48 51 3 41421 2.094590311
117 148 3 1085109 2.094592557
163 3 3 2628399 2.09459529
158 88 3 40692 2.094595701
117 122 3 66209 2.094602711
12 79 3 908711 2.094602824
191 198 3 7638 2.094603268
185 192 3 1295076 2.094611731
38 200 3 9068339 2.094613322
153 159 3 4653 2.094613451
15 9 3 129261 2.094629269
154 159 3 538188 2.094629859
191 194 3 4215 2.094630583
85 74 3 828294 2.094630649
41 190 3 2728079 2.094637104
85 75 3 3683178 2.09463781
6 158 3 4018081 2.094640809
117 123 3 2419 2.094643201
194 152 3 567795 2.09464341
37 41 3 23570 2.094643425
148 79 3 33690 2.094643757
47 187 3 350225 2.094647508
7 9 3 4084836 2.094663726
188 88 3 4411 2.094665531
150 49 3 6496281 2.09466631
113 122 3 71200 2.094667661
160 158 3 1171848 2.094674749
15 163 3 27238 2.094676553
118 124 3 10937089 2.094678129
162 148 3 1644946 2.094682653
196 150 3 8279 2.094682939
199 189 3 75125 2.09468646
200 50 3 9777578 2.094690013
14 153 3 6084628 2.094691666
157 154 3 964756 2.094692892
153 4 3 2921 2.094694515
5 14 3 60442 2.094698403
15 9 3 5590492 2.094701698
80 89 3 4561278 2.09470326
193 187 3 38251 2.094705086
83 84 3 7941 2.094706066
155 161 3 5043407 2.094706638
85 78 3 66972 2.094709583
8 158 3 697106 2.09471277
2 8 3 210072 2.094715294
115 117 3 3257607 2.0947312
120 39 3 356287 2.094732669
9 3 3 6162919 2.094733152
82 80 3 5035728 2.094735863
188 187 3 4090 2.094738275
116 41 3 822957 2.094738396
150 162 3 27750 2.09473872
40 148 3 2037722 2.094739556
198 189 3 11710 2.094739705
163 194 3 4176 2.094740272
199 198 3 1724359 2.094744476
50 49 3 29729 2.094746176
195 186 3 4673510 2.09475343
10 153 3 62973 2.094758809
188 41 3 239437 2.094759362
40 187 3 4203646 2.0947622
80 89 3 62066 2.094769109
194 188 3 62129 2.094771923
76 121 3 19704423 2.094777667
50 44 3 5402175 2.094780106
0 155 3 2525529 2.094781865
159 46 3 149015 2.094782439
47 195 3 531954 2.094788579
46 126 3 32703 2.09478911
160 39 3 10095 2.094792018
11 9 3 18299333 2.094795592
9 163 3 53636 2.094800258
46 125 3 7723 2.094809349
2 111 3 20242 2.094812461
44 49 3 29973 2.094815959
162 8 3 8907 2.094819516
43 49 3 1418886 2.094822231
196 1 3 20476 2.094822587
157 194 3 1415149 2.094824143
159 153 3 64254 2.094828557
117 115 3 44867 2.09482987
76 78 3 522880 2.094830848
7 2 3 30516 2.094831406
39 43 3 4846043 2.094835851
49 52 3 1435021 2.09484285
200 193 3 9912 2.094844665
112 120 3 65 2.094848044
88 125 3 7039924 2.094856911
155 157 3 132574 2.094866863
40 52 3 17401438 2.094866926
191 4 3 4577628 2.094871332
117 120 3 40409 2.094876542
38 43 3 1672261 2.094882119
153 13 3 192379 2.094883787
152 155 3 10457 2.094884325
152 163 3 40714 2.094886739
158 39 3 8644 2.094887274
46 51 3 962955 2.094888406
155 149 3 2071 2.094894199
78 75 3 37171 2.094894255
199 186 3 19799532 2.094895657
10 2 3 2716857 2.094896223
14 15 3 3365 2.094897574
9 10 3 25112 2.094898508
49 74 3 21006 2.094899197
195 185 3 1825448 2.094900387
153 148 3 1222552 2.094903613
78 74 3 2412 2.094907248
79 87 3 30277 2.094911117
153 74 3 3454671 2.094914216
154 152 3 65544 2.094914242
48 38 3 416158 2.094916746
157 47 3 18197 2.094925409
200 120 3 974209 2.094933418
148 47 3 8384033 2.094934384
49 44 3 116456 2.094935187
154 49 3 3269645 2.09493835
188 199 3 6884662 2.094938643
43 49 3 22956 2.094940264
11 2 3 3165019 2.094943783
81 83 3 285536 2.094943816
123 126 3 9987907 2.094949581
189 5 3 6537 2.094953491
117 116 3 1815240 2.094958336
79 85 3 2735127 2.094965008
121 123 3 2220 2.094973083
50 43 3 4413178 2.094974875
81 74 3 4785775 2.094975784
2 161 3 10894 2.094976504
87 149 3 1059430 2.09497873
8 9 3 40618 2.094981893
13 5 3 3279 2.094983192
155 9 3 2347427 2.094983319
124 126 3 70688 2.094990836
38 52 3 79969 2.094991798
45 41 3 2777546 2.094992524
198 82 3 78772 2.09501392
152 159 3 23761 2.095015753
10 8 3 26241 2.095017963
1 12 3 622 2.095017976
118 75 3 33172 2.095018208
112 124 3 2020 2.095020967
12 11 3 160513 2.095021017
192 191 3 1339254 2.095025858
154 160 3 35265 2.095029476
120 126 3 115380 2.09503831
5 113 3 747492 2.095045189
195 196 3 500910 2.095047526
118 37 3 4304105 2.09504901
86 75 3 3859587 2.095049039
123 111 3 3708013 2.095049042
83 77 3 216820 2.095049444
195 194 3 76567 2.095050056
4 8 3 2606413 2.095050417
44 52 3 1294881 2.095063952
14 163 3 35010 2.095064756
76 87 3 51890 2.095067308
123 117 3 237 2.095067948
163 114 3 7508 2.095079382
156 162 3 1359505 2.095079717
1 157 3 959 2.095085043
198 118 3 2125 2.095088832
186 199 3 292455 2.095093035
163 155 3 5232183 2.095094599
39 47 3 3948872 2.095106128
4 195 3 4007723 2.095116579
155 162 3 16437 2.095116723
49 48 3 10391 2.095116851
152 115 3 25767 2.095117415
38 124 3 14739 2.095117475
0 14 3 890192 2.095117672
85 112 3 90403 2.095117762
192 85 3 27778 2.095118951
125 126 3 24822473 2.095119074
40 12 3 9821808 2.095119573
197 196 3 24670 2.095121805
151 196 3 50864 2.095122175
121 114 3 54800 2.09512322
116 120 3 29038295 2.095123961
7 13 3 13727 2.095126283
156 154 3 54404 2.095128041
51 156 3 1855588 2.095129003
122 82 3 471205 2.095129738
113 118 3 964741 2.095133204
0 88 3 1141261 2.095135219
15 154 3 3350693 2.095136656
157 44 3 74710 2.095138061
154 158 3 894818 2.095138421
113 148 3 59932 2.09514215
113 121 3 2638 2.095144792
149 161 3 105016 2.09514836
160 47 3 26520118 2.095148793
15 126 3 584885 2.095150269
163 11 3 1498655 2.095151877
51 148 3 12748 2.09515245
149 152 3 110665 2.0951526
156 80 3 6171991 2.095158345
12 81 3 6560100 2.095159961
15 6 3 9370 2.095161079
77 88 3 4229980 2.095162057
40 39 3 1151816 2.095162742
5 150 3 874319 2.095168605
193 87 3 475162 2.095170416
148 77 3 377254 2.095180629
51 79 3 46248 2.095182985
50 1 3 5740097 2.095186759
200 188 3 2552 2.095191539
158 42 3 27928 2.095191609
48 189 3 52738 2.095191816
12 3 3 653328 2.095194453
120 116 3 19957 2.095201228
8 1 3 28337 2.095201237
195 7 3 720392 2.09520185
161 40 3 43303 2.095202571
195 42 3 79655 2.095202897
51 37 3 13072 2.095206741
188 78 3 29609 2.095206842
38 40 3 24172 2.095209382
120 159 3 9749 2.095209887
156 42 3 152124 2.095209977
116 124 3 156767 2.095211715
9 12 3 28204 2.095212606
200 194 3 12930 2.095213467
159 163 3 14702420 2.095214404
50 42 3 71100 2.09521856
195 188 3 34962 2.095219386
192 188 3 6111 2.095220937
111 84 3 23136 2.095221709
162 89 3 24043 2.095225394
162 84 3 3465 2.095229658
4 151 3 75154 2.095234982
14 7 3 29308 2.095242295
194 39 3 4204624 2.095242691
194 190 3 29567 2.095243903
0 38 3 6494 2.095252082
4 115 3 267855 2.095256096
76 84 3 3638970 2.095256387
162 75 3 507462 2.095260979
150 162 3 9625 2.095263152
0 11 3 29270016 2.095265058
119 113 3 155417 2.095266954
42 190 3 395551 2.095267155
11 10 3 73184 2.095269593
114 51 3 19759 2.09527124
52 47 3 173035 2.095271467
186 199 3 6093 2.095273617
121 120 3 414041 2.095284039
40 50 3 28766 2.095284462
111 119 3 4254856 2.095284734
151 159 3 523502 2.095285303
46 88 3 23697 2.095291456
41 37 3 6699 2.095293104
43 39 3 1738541 2.095297157
43 188 3 4855 2.095301496
155 163 3 205314 2.095303752
46 48 3 88077 2.095307766
0 6 3 26803 2.095309232
39 187 3 32683 2.095312995
83 88 3 53214 2.095313099
14 7 3 6582821 2.09531999
155 122 3 173166 2.095322459
4 13 3 62611 2.095325955
52 85 3 3975370 2.095328873
193 198 3 29973 2.095333195
77 74 3 19134 2.095335575
149 197 3 71711 2.095337441
77 81 3 22295 2.095344871
87 80 3 71436 2.095348372
159 148 3 943095 2.095353417
159 148 3 2967773 2.09535649
120 150 3 60892 2.095357025
122 114 3 3634404 2.095357599
119 118 3 7021880 2.095358833
152 39 3 1938968 2.095360813
11 161 3 2264 2.095361525
121 120 3 11305 2.09536184
111 119 3 9232713 2.095365899
84 79 3 17264 2.095366697
115 123 3 6627 2.095370171
87 76 3 29435 2.095370721
150 14 3 955204 2.095377973
5 0 3 30790 2.095379712
80 49 3 16516 2.095384537
52 114 3 2043 2.095389737
112 126 3 8489243 2.095390427
199 11 3 759364 2.095395851
191 197 3 566632 2.095397387
149 159 3 209121 2.095397895
48 49 3 3246126 2.095401568
121 118 3 17829 2.095403988
156 14 3 38769 2.095406101
37 44 3 48112 2.095406767
41 42 3 76997 2.095412369
82 80 3 3360 2.095413424
15 4 3 258010 2.095415815
75 117 3 7360420 2.095423441
158 43 3 1903028 2.095425191
86 84 3 2893651 2.095426152
121 122 3 7559 2.095428449
2 9 3 26887 2.095431495
163 153 3 21154 2.095434393
200 153 3 1526641 2.095434901
2 9 3 19020 2.095434955
194 189 3 303266 2.095436293
7 161 3 53754 2.095438018
89 123 3 250158 2.095438262
51 46 3 31394 2.095440631
160 200 3 9735 2.095441908
12 3 3 50401 2.095442595
39 41 3 685754 2.095451389
88 84 3 3565854 2.0954581
151 74 3 117352 2.095460648
124 120 3 47017 2.095461456
4 78 3 24485 2.095466429
186 149 3 7493320 2.095467996
14 150 3 1773983 2.095477838
7 12 3 47389 2.095480681
199 42 3 4230 2.095489849
13 151 3 40765 2.095491787
3 1 3 35383 2.095496111
125 114 3 1955836 2.095497868
159 163 3 15257 2.095501149
159 42 3 1322764 2.095501545
111 120 3 152973 2.095506912
14 5 3 1584899 2.095508742
43 115 3 7910 2.095512204
115 112 3 39995 2.095513484
50 38 3 1248865 2.095515111
154 0 3 27012 2.095517937
10 190 3 16089 2.09552444
37 195 3 18927 2.09552619
11 77 3 4004 2.095530505
200 193 3 85317 2.095535145
45 192 3 46561 2.095536383
41 46 3 8134 2.095541532
3 150 3 2998620 2.095542747
153 161 3 3250413 2.095545194
49 37 3 4306851 2.095548632
51 52 3 504105 2.095550558
74 84 3 29838 2.095553742
153 51 3 55102 2.095554354
118 113 3 160791 2.095554618
3 7 3 17133 2.095556815
148 156 3 55875 2.095559914
158 157 3 21547 2.095562959
76 117 3 1661421 2.095568684
10 1 3 7632621 2.095569503
9 86 3 18413 2.095570657
188 200 3 1395488 2.095570723
44 161 3 3277185 2.095571689
5 161 3 3026529 2.095571861
1 2 3 56673 2.095577559
48 40 3 1358044 2.095578919
197 4 3 31776 2.095579035
158 46 3 87906 2.095581989
196 192 3 28768 2.095584655
162 5 3 1718494 2.095585587
114 124 3 24022 2.095586375
82 37 3 25685 2.095592441
48 40 3 63216 2.095594342
162 13 3 15246152 2.095596423
157 159 3 66801 2.095596853
154 153 3 1679620 2.095601285
10 154 3 973 2.095602027
80 78 3 19464109 2.095602033
198 188 3 4640650 2.095609246
188 125 3 548870 2.095613983
186 189 3 2491642 2.095615541
161 162 3 1556531 2.095618383
5 197 3 138969 2.095624727
185 190 3 1282043 2.095626232
81 161 3 45508 2.095632098
148 149 3 37420 2.095638066
48 38 3 56802 2.095639043
157 12 3 3609 2.09564077
122 117 3 742310 2.095643061
151 153 3 59949 2.095646104
151 149 3 4136896 2.095646483
155 163 3 767501 2.09564922
193 15 3 114152 2.095656989
14 161 3 3748203 2.095657101
6 0 3 25224092 2.095663748
42 185 3 5659910 2.095669585
156 79 3 71747 2.095670005
186 12 3 3824695 2.095676576
78 75 3 5594 2.095681218
119 117 3 6611 2.095682339
15 14 3 4786 2.095685344
5 4 3 1502132 2.095691808
154 52 3 4673775 2.095704072
116 124 3 37500 2.09570513
163 149 3 53810 2.095707101
79 194 3 36102 2.095712816
120 126 3 71530 2.095718835
43 190 3 77410 2.095722545
10 149 3 26851 2.095723637
117 119 3 10380 2.095726576
85 80 3 30501 2.095728034
79 75 3 62519 2.095733213
111 121 3 79919 2.095738396
193 198 3 77317 2.095739305
149 157 3 59649 2.095745019
191 74 3 1716347 2.095748211
159 45 3 19372 2.095751748
88 82 3 4612251 2.095757537
188 185 3 7757 2.095760154
14 0 3 23192 2.095760159
87 45 3 1733943 2.095766019
160 157 3 6947 2.095767007
148 119 3 76479 2.095769186
9 190 3 4861 2.095772468
10 52 3 1204700 2.095779799
52 189 3 81282 2.09578202
195 48 3 4578226 2.095785921
191 187 3 26766170 2.095787065
51 48 3 73836 2.095788278
112 120 3 5760 2.095792615
126 111 3 5538 2.09579552
117 124 3 747175 2.095801156
119 126 3 947185 2.095802129
13 7 3 76363 2.095805475
112 85 3 1775523 2.095810834
37 45 3 2230894 2.095812041
155 192 3 784116 2.095816387
45 48 3 1402 2.095816488
14 1 3 33888 2.095817697
160 124 3 148026 2.095818421
74 46 3 2133462 2.095818894
153 151 3 4587745 2.095819572
4 5 3 8663 2.095822932
185 195 3 102233 2.095829877
163 50 3 4243057 2.095837442
157 153 3 5085668 2.095840745
8 120 3 27377 2.095846894
41 45 3 5657748 2.095847437
81 80 3 4536710 2.095848359
162 160 3 23545 2.095853926
195 1 3 3670 2.095870655
192 37 3 35639 2.09587147
123 113 3 1018772 2.095872701
185 89 3 458696 2.095875908
46 40 3 1309108 2.095876068
118 158 3 52658 2.095876557
126 118 3 284979 2.095877863
51 198 3 30421 2.095878015
14 2 3 20663 2.095878249
47 189 3 5476356 2.095879331
6 125 3 815565 2.095892806
1 9 3 1519085 2.095899015
8 149 3 11714966 2.095900927
198 37 3 18214 2.095901119
158 41 3 41399 2.095906786
8 120 3 58062 2.095911799
42 45 3 1990954 2.09591292
74 88 3 2139 2.095917167
51 195 3 1272979 2.09591773
121 116 3 20766 2.095931911
84 148 3 2889413 2.095932066
158 3 3 1767777 2.095934714
52 42 3 14979 2.095934883
87 122 3 151742 2.095934968
78 79 3 9668 2.095935849
199 193 3 24520 2.095936884
190 186 3 5023310 2.095938506
155 77 3 1755344 2.095942253
197 187 3 44822 2.095944198
4 14 3 988705 2.095946021
77 78 3 64922 2.095954057
118 150 3 9124 2.095962935
151 85 3 29789 2.095963007
10 15 3 24515 2.095964208
119 121 3 9277684 2.095965084
198 148 3 25370 2.095965175
6 151 3 3306877 2.095965592
153 82 3 52149 2.095966998
112 123 3 3125273 2.095968301
47 194 3 8411884 2.095970491
2 7 3 28737 2.095977184
79 75 3 48786 2.095977358
7 47 3 1784248 2.095982679
190 194 3 60653 2.095985192
3 162 3 3763473 2.095985279
195 188 3 5212 2.09599016
1 47 3 1495415 2.095992622
187 195 3 20296 2.095997866
49 43 3 284325 2.095998284
84 88 3 127986 2.095999103
85 117 3 3795665 2.095999429
153 47 3 21822 2.096001626
3 11 3 593795 2.096004096
153 149 3 29577 2.096007474
13 14 3 2058993 2.096008981
153 38 3 693759 2.096010949
163 50 3 13861 2.096021526
155 8 3 61882 2.096024234
161 86 3 1566481 2.096026015
159 153 3 683215 2.096030542
116 115 3 78294 2.09603073
15 196 3 31066 2.096030784
153 5 3 1384423 2.096031404
84 89 3 69451 2.096038004
52 41 3 29110 2.096041481
75 81 3 10885 2.096042645
187 186 3 32484 2.096044304
81 120 3 9021 2.096044951
15 1 3 3806 2.09605187
86 118 3 1139019 2.096057355
9 152 3 2182648 2.096062056
189 191 3 1733495 2.096066138
125 116 3 453534 2.096068035
84 79 3 9276358 2.09606824
2 161 3 1373917 2.096072635
85 111 3 27447 2.096073895
5 10 3 25595 2.096074147
6 3 3 17224 2.096077779
150 49 3 42794 2.096080419
49 78 3 54968 2.096083734
3 150 3 5069996 2.096083892
10 14 3 59389 2.096098031
80 89 3 401289 2.096099829
40 196 3 18213169 2.096100187
162 43 3 7930992 2.096102693
118 113 3 14461 2.09610699
15 1 3 1131573 2.096107257
85 115 3 143044 2.096107676
11 5 3 3222 2.09610922
151 161 3 5857348 2.096110959
160 86 3 18245 2.096112695
187 196 3 2810914 2.096113017
195 193 3 831155 2.096116476
194 188 3 2349236 2.096117859
80 81 3 1788586 2.096118094
115 119 3 4556 2.096118139
3 4 3 441674 2.096120317
7 157 3 33275 2.096120416
188 195 3 7272643 2.096127948
87 9 3 1847135 2.09612839
155 43 3 3556 2.09612926
83 86 3 4723255 2.096129455
51 191 3 1530940 2.096132548
4 7 3 8045444 2.09614079
87 82 3 946215 2.096142679
154 89 3 42837 2.096145109
14 121 3 73901 2.096149534
185 41 3 28322 2.09615034
157 43 3 5466706 2.096151143
87 111 3 1893460 2.096151415
160 149 3 88209 2.096153911
196 191 3 8805 2.096155087
161 156 3 13768 2.096155168
86 85 3 5977 2.096157703
122 113 3 5164274 2.096161549
160 78 3 959791 2.096161834
153 148 3 78164 2.096165395
158 126 3 40371 2.096168568
1 152 3 51288 2.096170055
50 45 3 4576820 2.096175748
82 77 3 3546 2.096180052
160 150 3 321630 2.096181695
47 40 3 66196 2.096184067
161 39 3 1482386 2.096189451
81 119 3 4120116 2.096192497
88 80 3 4162318 2.096193819
119 161 3 17985 2.096197057
116 151 3 1636527 2.096198031
74 10 3 16673 2.096198817
14 10 3 465406 2.096199925
155 43 3 38500 2.096200113
4 13 3 3646 2.096201429
51 186 3 3967031 2.096201947
151 160 3 8966282 2.096207583
189 0 3 5506720 2.096210831
47 50 3 402122 2.096211401
15 0 3 29009 2.096211554
84 85 3 162850 2.096213457
81 122 3 39370 2.096223798
38 37 3 4540534 2.096225344
5 9 3 9684 2.096227171
14 81 3 1508292 2.096230875
117 118 3 38478 2.096236022
75 84 3 2218812 2.096238239
118 115 3 1393173 2.096241466
152 77 3 9715 2.096245752
157 154 3 29021 2.096249865
152 194 3 4340814 2.096251101
160 162 3 159485 2.096251355
41 47 3 8775856 2.096255025
162 149 3 3820 2.096255974
112 115 3 5651 2.096258509
151 149 3 3064075 2.096262659
112 125 3 952 2.096268906
124 88 3 156446 2.096271224
15 82 3 1509188 2.096271711
81 79 3 72958 2.096272498
198 190 3 1649112 2.096275591
122 113 3 121993 2.096279664
157 4 3 60889 2.096280715
158 74 3 1475958 2.09628308
186 195 3 13725 2.096284625
51 43 3 6597838 2.096286443
156 161 3 5024 2.096289373
8 6 3 1333431 2.096290666
197 193 3 30288 2.096292061
0 12 3 21478 2.096298638
51 43 3 8982 2.096302053
48 186 3 70 2.096306011
161 10 3 127425 2.096308441
41 153 3 125433 2.096308956
122 115 3 4333156 2.096316789
120 118 3 50946 2.09632302
149 157 3 2336 2.096326837
84 79 3 154467 2.096328587
122 116 3 24143 2.096331764
2 6 3 4029626 2.096333275
119 126 3 428249 2.096339462
39 186 3 1476448 2.096342446
48 50 3 21989 2.096344091
4 162 3 42782 2.096346645
81 85 3 76158 2.096347409
150 84 3 25143746 2.096357743
76 75 3 41562 2.096360919
113 192 3 20329 2.0963646
124 121 3 587939 2.096369462
3 7 3 28688 2.096371589
15 158 3 61869 2.096373576
156 152 3 82340 2.096375846
37 4 3 1405 2.096377297
118 122 3 1398143 2.096391043
50 40 3 1297664 2.096391929
0 12 3 2262 2.096392988
114 10 3 2136199 2.096394164
84 86 3 2620483 2.096394185
195 188 3 23162 2.096397863
119 118 3 13202333 2.096402173
119 118 3 1588981 2.096406364
153 85 3 643 2.096408868
189 200 3 40462 2.096412952
83 86 3 7802 2.096413455
120 125 3 25511 2.096419089
44 197 3 93335 2.096421826
44 48 3 16405 2.096426252
195 198 3 7732562 2.096428928
163 153 3 19377 2.096430762
86 75 3 5413 2.096432083
188 4 3 435303 2.09643744
115 148 3 26004501 2.096440067
40 15 3 23472 2.09644022
12 196 3 2529507 2.096440261
156 157 3 1414004 2.096441158
76 74 3 61550 2.096442104
186 192 3 2982009 2.09644417
41 40 3 175554 2.096449723
150 157 3 158422 2.096452248
44 40 3 2567743 2.096456954
42 51 3 7686284 2.096458622
154 155 3 4079482 2.096464502
41 43 3 1034611 2.096465146
85 83 3 2142280 2.096472927
187 196 3 1720869 2.09647437
38 52 3 196049 2.096474747
44 49 3 7653 2.096476908
163 77 3 22416 2.096480919
74 124 3 44270 2.096485581
124 42 3 62592 2.096485757
122 119 3 44504 2.096489105
151 82 3 1643 2.096490775
39 198 3 827346 2.096491127
126 123 3 5993 2.096492683
0 7 3 58061 2.096497571
151 14 3 9109337 2.096502081
159 79 3 14307 2.096504941
51 37 3 3632927 2.096505491
84 85 3 5072026 2.096507351
153 160 3 8968 2.096508689
86 113 3 10958 2.096509609
89 86 3 19216 2.096512339
116 111 3 1742513 2.096515043
9 1 3 1455394 2.096517099
125 116 3 1832022 2.096518918
8 15 3 29531 2.096522868
78 88 3 52233 2.09652394
47 186 3 8112 2.096526869
117 111 3 65348 2.096528177
189 187 3 24612 2.096529507
81 88 3 1169209 2.096530315
47 39 3 52770 2.096532928
118 113 3 69879 2.096537241
118 113 3 7747639 2.096538861
159 88 3 2215502 2.096539743
155 6 3 2059 2.096539927
15 10 3 3456663 2.096540193
5 0 3 973696 2.096549215
148 163 3 1277712 2.096551863
13 122 3 118219 2.096553359
148 159 3 40690 2.096553565
160 163 3 41350 2.096554742
148 163 3 42059 2.09655916
186 197 3 33570 2.096561793
79 84 3 27616059 2.096566882
121 117 3 70267 2.096568004
79 117 3 3887 2.096571068
162 79 3 550 2.096580502
83 74 3 54336 2.09658328
114 78 3 6910000 2.096584833
5 88 3 5196 2.096585118
200 196 3 4727 2.096586138
199 200 3 16229 2.096587348
4 10 3 573206 2.096587923
155 15 3 71586 2.096593771
200 194 3 1526176 2.096604624
41 13 3 1219 2.096604964
2 15 3 7296 2.096610029
124 125 3 246255 2.096610445
185 189 3 197831 2.096612691
158 188 3 26110 2.096613792
111 156 3 813743 2.096614124
9 12 3 9676598 2.096615265
15 6 3 85581 2.096629546
15 156 3 28831 2.09663178
153 85 3 8801 2.096640364
85 82 3 1634350 2.096648975
9 8 3 5158232 2.096649313
84 78 3 3513668 2.096654173
81 86 3 188295 2.096655115
6 5 3 3730325 2.096656549
83 79 3 194544 2.096660187
152 157 3 24706 2.096660362
195 190 3 28044 2.096661026
125 122 3 52460 2.096662526
81 77 3 17249 2.096664693
6 50 3 3874151 2.096667298
6 8 3 1863283 2.096668761
163 157 3 64751 2.09667084
162 154 3 38889 2.096675698
48 39 3 23890246 2.096677828
41 52 3 61299 2.096679319
79 188 3 15776 2.096680103
11 186 3 1051383 2.096680655
149 13 3 265586 2.096680868
15 0 3 41029 2.096680888
5 11 3 53262 2.096682895
3 158 3 61402 2.096683486
158 163 3 214288 2.096687199
126 119 3 939172 2.096691156
116 120 3 79027 2.096692663
195 197 3 1141884 2.096694942
149 82 3 7741015 2.096696369
83 88 3 1024103 2.096701114
154 149 3 6048234 2.096701365
8 161 3 40165 2.096702731
85 51 3 4777411 2.096705279
41 194 3 6386453 2.096708429
41 38 3 52009 2.096712462
38 43 3 23492 2.096715605
159 11 3 131795 2.096720004
119 121 3 1594852 2.096721163
160 152 3 130722 2.096723139
120 124 3 126358 2.096723239
163 75 3 30233 2.096726014
148 162 3 71392 2.096732763
46 39 3 4973558 2.096737017
161 154 3 9515913 2.096739602
41 51 3 3249998 2.096739992
149 11 3 1482257 2.09674338
2 160 3 5106 2.096744038
156 89 3 1272029 2.096745143
121 75 3 137097 2.096746957
197 190 3 74458 2.096749775
52 50 3 1239912 2.096754585
89 84 3 1308202 2.096757724
196 1 3 77979 2.096760253
112 125 3 112915 2.09676796
117 120 3 157440 2.096768805
149 49 3 58534 2.096770127
11 1 3 2213839 2.096770282
2 14 3 567448 2.096776103
1 9 3 144713 2.096786788
199 80 3 14712 2.096786857
43 42 3 26735 2.096788749
85 117 3 73849 2.096793202
39 43 3 1480150 2.09679347
88 82 3 17386 2.096796031
87 83 3 3175278 2.096798548
48 50 3 3012528 2.09680048
7 160 3 4856 2.096802326
157 41 3 18858 2.096805419
163 3 3 32780 2.096809541
152 47 3 31637 2.09680998
194 197 3 9681584 2.096810452
89 78 3 55967 2.096810664
45 43 3 952407 2.096812318
88 84 3 77617 2.096812671
74 163 3 22500739 2.096812698
12 119 3 76811 2.096814364
12 13 3 119256 2.096814435
2 3 3 4164596 2.096814963
150 158 3 2670 2.096815422
81 84 3 3487268 2.096822073
14 158 3 57771 2.096826118
49 3 3 39150 2.096826502
6 2 3 2930252 2.096827988
200 196 3 17011 2.096835346
185 196 3 9759981 2.096835926
157 87 3 1178279 2.096836127
187 191 3 537905 2.096836399
8 10 3 266080 2.096841382
155 7 3 34136 2.096845188
52 44 3 69170 2.096846182
188 193 3 5886673 2.09684737
189 125 3 17831 2.096851484
194 191 3 29239 2.096853472
196 191 3 5555 2.096855062
1 0 3 18483 2.096855916
194 118 3 76946 2.096857822
192 190 3 39820 2.096859368
200 3 3 29029 2.096859635
12 9 3 1341166 2.096861721
46 49 3 383878 2.096863855
193 185 3 14139 2.09686408
7 155 3 6410 2.096865978
192 188 3 53704 2.09686659
14 161 3 1792432 2.096867562
40 194 3 44914 2.09687101
114 117 3 4409 2.096873047
194 150 3 1696898 2.096874775
47 153 3 56900 2.096875116
123 124 3 444293 2.096876606
78 75 3 9600034 2.096877416
197 14 3 25695 2.096881346
74 81 3 6951 2.096882397
186 6 3 8527 2.096882459
37 52 3 3483 2.096886333
189 195 3 22307 2.096891065
192 197 3 211289 2.0969007
2 152 3 26306 2.096902741
79 77 3 1122113 2.096907856
163 149 3 141063 2.096908634
44 43 3 1229192 2.096910469
51 42 3 7926293 2.096910783
39 38 3 402660 2.096912494
191 151 3 13260 2.096915786
46 39 3 20747 2.096915999
123 120 3 44410 2.096919883
12 154 3 46814 2.096922551
40 52 3 73959 2.096923636
193 197 3 27696 2.096923704
80 77 3 31112 2.096925132
190 160 3 29030 2.096929492
3 84 3 9964420 2.096930242
4 13 3 390047 2.096933338
52 47 3 1901437 2.096934833
115 82 3 45444 2.096935421
8 9 3 3593905 2.096937941
198 197 3 21827 2.096938328
89 50 3 1081 2.096938569
2 13 3 23848138 2.096943641
7 14 3 1424106 2.096952384
10 4 3 18995 2.09695913
111 120 3 25985 2.09696004
187 200 3 8269 2.096961376
51 48 3 6494 2.096967466
115 112 3 51969 2.096974116
158 151 3 30112 2.096976739
37 199 3 1405285 2.096982401
156 88 3 4005906 2.096986117
124 113 3 28352 2.096986329
37 46 3 134327 2.096989051
51 48 3 193679 2.096989891
47 185 3 76280 2.096990659
5 14 3 1456 2.09699311
156 76 3 6969 2.096995758
82 79 3 112336 2.097006177
154 157 3 63700 2.097007611
10 7 3 8893718 2.097011628
196 190 3 32764 2.097012959
8 7 3 53282 2.097019137
85 84 3 3475185 2.097020978
123 121 3 7563 2.097021912
148 161 3 26866499 2.097026021
185 152 3 13907721 2.097032857
6 163 3 169604 2.097034245
156 122 3 8600941 2.097036186
46 198 3 60569 2.097037495
125 41 3 7069095 2.097039344
198 5 3 1761 2.0970435
112 120 3 2116 2.09704441
150 88 3 59407 2.097056596
74 77 3 4303162 2.097058797
47 43 3 44737 2.097063229
12 158 3 77156 2.097064146
195 191 3 1853899 2.097065358
11 115 3 29050 2.097068547
111 117 3 76543 2.097068967
12 148 3 3303835 2.09707042
51 125 3 23842 2.097074012
39 185 3 5761441 2.097074156
48 152 3 135077 2.097076028
89 187 3 841216 2.097077451
8 4 3 31577 2.097077514
149 154 3 20572 2.097089406
122 117 3 2088 2.097089636
81 161 3 7017510 2.097091579
88 78 3 53643 2.097096362
83 113 3 12904547 2.097097302
44 15 3 45190 2.097097684
187 5 3 4292494 2.097097779
155 3 3 8617 2.097099672
37 159 3 34448 2.097108173
152 88 3 8459 2.097109206
186 192 3 28921449 2.097111834
119 1 3 129404 2.097112053
37 50 3 5692940 2.097118995
161 79 3 630890 2.097119767
196 5 3 529758 2.097123158
38 47 3 485635 2.097123188
200 199 3 70673 2.097126706
12 13 3 14119 2.097127366
82 123 3 4344 2.097129132
5 9 3 3593879 2.097129504
163 74 3 1422516 2.097130249
5 14 3 2100682 2.097131127
85 87 3 695144 2.097134027
185 192 3 4039221 2.097138814
42 40 3 19228 2.09713883
160 152 3 26546 2.097139981
154 159 3 61075 2.097147842
154 190 3 4280946 2.097149941
7 113 3 751003 2.097157383
75 74 3 57335 2.097159115
75 86 3 46805 2.097159223
159 194 3 74238 2.09717302
13 7 3 6782249 2.097173795
155 163 3 20483 2.097176335
152 151 3 43252 2.097176601
1 15 3 47586 2.097176752
40 194 3 1229377 2.097179087
125 40 3 147533 2.097181104
196 4 3 47520 2.097182601
198 15 3 847949 2.097184865
157 83 3 4700433 2.097187281
79 86 3 9550183 2.097191222
191 194 3 4685894 2.097191975
49 162 3 37253 2.097194714
154 158 3 1624406 2.09719519
15 120 3 27341 2.097198963
188 163 3 1603251 2.097199244
152 156 3 5410 2.097199345
162 158 3 3263463 2.097204251
121 114 3 20659 2.097204287
10 163 3 69140 2.097205802
74 80 3 9049 2.097213086
163 157 3 7923117 2.097215042
196 193 3 419 2.097216331
151 150 3 7632860 2.097216433
160 162 3 126150 2.097222393
14 5 3 32025 2.097231461
8 2 3 14096 2.097234904
163 161 3 54781 2.097237623
14 155 3 27409 2.097246865
2 156 3 4643105 2.097247201
124 45 3 22207 2.097248103
186 188 3 1052304 2.0972533
150 38 3 1209349 2.097255885
9 0 3 1176781 2.097260861
112 148 3 35336 2.097264238
186 198 3 65931 2.097266521
196 198 3 9704934 2.097266544
157 82 3 77959 2.097267226
198 193 3 62131 2.097267587
5 7 3 28296108 2.097275797
149 162 3 934533 2.097277085
51 84 3 3774394 2.097281189
9 116 3 1427355 2.097281488
5 43 3 1576658 2.097283683
47 52 3 22076 2.097288829
156 161 3 1747103 2.09729012
5 120 3 19221 2.097291878
195 197 3 4754 2.097295098
52 45 3 56608 2.097297733
78 74 3 65202 2.097302241
196 6 3 8397311 2.097303515
200 50 3 39166 2.097305753
192 6 3 127762 2.097305899
114 118 3 480728 2.097305972
160 156 3 1242318 2.097306543
14 15 3 3194 2.097309832
160 87 3 2289682 2.097311236
161 12 3 7494818 2.09731527
8 9 3 3473005 2.097318754
156 149 3 77787 2.097322754
161 162 3 35089 2.097335755
119 114 3 21186 2.097338383
157 151 3 28529 2.097339483
115 126 3 27246179 2.097339639
80 76 3 1668045 2.097347249
43 120 3 13409 2.097347479
118 41 3 1856197 2.097349171
160 12 3 1136651 2.09734919
11 115 3 1916192 2.097352337
124 2 3 5322 2.097356271
126 125 3 826139 2.097361239
161 157 3 534000 2.097362374
192 188 3 55086 2.097362802
160 75 3 9618 2.097366751
50 192 3 180524 2.097370418
87 125 3 3236 2.097376624
6 14 3 49578 2.097378207
7 4 3 11862 2.097386696
88 75 3 57413 2.097388776
115 13 3 10375 2.097389066
40 156 3 90989 2.097391473
163 46 3 107445 2.097393182
197 88 3 28386381 2.097393998
192 185 3 73141 2.097397944
152 154 3 30300 2.097398412
187 197 3 5968521 2.097403457
153 198 3 5084 2.097403531
49 189 3 4160286 2.097404525
116 113 3 9085 2.097408445
48 42 3 4767685 2.09741157
191 193 3 180548 2.097417161
4 13 3 3879 2.097420921
124 126 3 2650482 2.097424707
49 45 3 376351 2.097425904
194 13 3 27568 2.097428261
3 153 3 5942274 2.097428728
40 193 3 29568 2.09742959
4 113 3 26369 2.097432713
82 85 3 4734 2.097437212
79 75 3 41910 2.0974384
81 80 3 1431655 2.097442986
185 192 3 2548333 2.097445104
186 189 3 25373 2.097447769
49 190 3 407520 2.097448027
112 120 3 825011 2.097451052
126 115 3 54475 2.097452002
87 157 3 4826 2.097453498
116 125 3 20997 2.097454613
191 185 3 1719470 2.097457003
85 111 3 1002 2.097459374
15 88 3 8036 2.097463408
186 195 3 2150771 2.097464003
111 126 3 4074151 2.097474795
158 15 3 1855469 2.097476233
157 154 3 36956 2.097477968
155 86 3 470272 2.097482062
75 87 3 189928 2.097485124
185 190 3 2015363 2.097485646
45 38 3 15413 2.097489726
89 77 3 2470495 2.097495775
14 149 3 737586 2.097497199
116 76 3 22638 2.097504975
149 75 3 2274379 2.097513375
12 117 3 4928185 2.097514037
163 187 3 49494 2.097517967
158 160 3 3251993 2.097518909
148 163 3 149598 2.097520056
88 185 3 3264 2.097527291
120 125 3 6488 2.09752796
3 15 3 8055203 2.097531417
80 77 3 1747085 2.097534967
154 149 3 7702 2.097542544
124 121 3 7159713 2.097542584
52 39 3 253178 2.097546143
3 120 3 1117 2.097554377
15 83 3 5753056 2.097558178
48 41 3 3514745 2.097559143
83 86 3 2324893 2.097561226
124 120 3 79260 2.097563988
190 189 3 3222137 2.097564113
156 75 3 22081320 2.097565388
186 191 3 7689 2.097574293
200 49 3 3254699 2.097576835
1 161 3 131473 2.097577691
12 7 3 3260238 2.097578046
87 80 3 1303145 2.097581022
87 86 3 1005744 2.097581274
82 113 3 7695 2.097581935
86 122 3 70711 2.09758544
114 122 3 23335 2.097587229
89 74 3 54870 2.097591889
84 86 3 51965 2.097593934
42 41 3 1841819 2.097594486
82 15 3 6683230 2.097594822
111 198 3 35617 2.097595323
81 82 3 8767 2.097597737
5 9 3 108823 2.097598971
12 10 3 112118 2.097599953
48 38 3 206713 2.097601051
40 50 3 717850 2.09760624
77 82 3 1226952 2.097607229
9 150 3 6909 2.097608237
89 78 3 931339 2.097608276
47 185 3 78185 2.097610164
14 197 3 337214 2.097613017
40 51 3 46523 2.097614896
79 86 3 35583 2.097622097
120 122 3 7522542 2.09762332
76 78 3 257997 2.097627534
158 155 3 459908 2.097627572
151 87 3 10050 2.097627878
190 198 3 58818 2.097628458
15 161 3 2971000 2.097634606
187 197 3 26828 2.09763595
187 156 3 2682178 2.097636377
125 120 3 1379 2.097638558
82 85 3 42660 2.097640044
4 162 3 26290 2.097644856
5 79 3 623752 2.097647333
81 157 3 53709 2.09765197
80 82 3 31478 2.097653713
86 148 3 65180 2.097653803
85 74 3 73025 2.09765854
190 187 3 643 2.097659438
158 153 3 11817 2.097659533
1 3 3 47772 2.097661651
148 152 3 118142 2.097662277
6 13 3 47899 2.097662758
149 153 3 4331624 2.097663857
156 87 3 25777 2.097670371
188 7 3 43304 2.097672343
85 88 3 2613051 2.097673877
81 86 3 70453 2.097673975
160 14 3 1947190 2.097677181
7 9 3 1387481 2.097679951
47 42 3 1520 2.09768179
192 4 3 4685 2.0976824
50 83 3 75212 2.097684104
160 152 3 2885493 2.097684189
2 4 3 3714575 2.097694103
50 48 3 2923 2.097695192
4 41 3 1963634 2.097695798
39 51 3 10138 2.097697905
86 81 3 143691 2.097699776
0 158 3 7200967 2.097704587
193 0 3 4591 2.09770562
194 13 3 1270162 2.097706502
162 158 3 59760 2.097709227
6 153 3 22463 2.097712575
82 162 3 1850722 2.097713018
199 191 3 63983 2.097714273
86 82 3 49194 2.097716998
153 155 3 26613 2.097725042
0 155 3 1599402 2.097728793
114 121 3 138257 2.097733775
9 113 3 14108 2.097734385
159 152 3 19809 2.097739136
12 14 3 9717931 2.097746681
39 43 3 4825303 2.097747175
122 118 3 5174 2.097749123
2 0 3 3216412 2.097753737
76 77 3 40323 2.097755972
7 161 3 64274 2.097756515
6 7 3 36091 2.097758759
9 13 3 39713 2.097771554
85 80 3 3371260 2.097775727
77 37 3 187058 2.097776305
191 185 3 192186 2.097779892
78 117 3 22524 2.097782285
122 113 3 49507 2.097788727
12 160 3 11634867 2.097791326
195 197 3 14833 2.097793187
52 188 3 6758 2.097793499
122 42 3 73500 2.097796832
41 197 3 3341751 2.097799414
81 77 3 3559 2.097799974
37 153 3 7647537 2.097802683
2 119 3 25863 2.097804734
38 195 3 9120418 2.097804775
43 44 3 29075 2.097806108
195 186 3 6218 2.097806435
188 190 3 360518 2.097812086
51 48 3 36955 2.097812243
79 37 3 22584 2.097813611
50 188 3 29924 2.097813799
158 148 3 330 2.097817312
123 112 3 22323 2.097832229
46 48 3 2162020 2.097836106
152 3 3 20598 2.097843215
192 156 3 24553 2.097844765
39 192 3 6727 2.097846232
89 156 3 3383 2.097849282
118 3 3 338 2.097852343
45 52 3 30216 2.097854559
118 119 3 4920080 2.09786088
45 162 3 3927270 2.09786134
88 80 3 334006 2.097863563
45 156 3 7403034 2.097866162
41 52 3 4797523 2.097867703
151 158 3 22486 2.097870438
148 151 3 4601758 2.097884197
123 113 3 7058 2.097884779
113 122 3 970367 2.097889242
149 161 3 9410 2.09789079
47 150 3 747665 2.097891633
7 121 3 1877593 2.097895903
1 153 3 562862 2.097896013
185 197 3 28365 2.09791493
2 196 3 48192 2.097918922
193 159 3 52209 2.097919095
15 50 3 1733051 2.09792249
5 13 3 1240 2.097923584
79 86 3 680859 2.097928559
157 82 3 14514 2.097932238
199 193 3 8558 2.097934444
13 156 3 6573278 2.097942064
196 38 3 653907 2.09794291
15 123 3 67662 2.097944274
6 158 3 1714 2.097944861
152 153 3 8047 2.097945901
197 196 3 186704 2.097949759
150 148 3 1685004 2.097950663
14 149 3 495818 2.097951177
48 41 3 122517 2.097954035
157 162 3 1969183 2.097955069
163 88 3 657161 2.097957956
188 195 3 2679 2.097959178
80 87 3 4228143 2.097964234
9 119 3 747861 2.097965637
194 11 3 20163 2.097965862
157 159 3 640880 2.09796954
88 6 3 492588 2.097971042
157 79 3 4451 2.097971327
77 123 3 25111 2.09797165
160 75 3 28282266 2.097972594
5 187 3 10253 2.097976511
123 80 3 1910245 2.097984979
187 197 3 1764 2.097992215
15 0 3 24703636 2.097993568
14 185 3 162577 2.097997249
1 154 3 1545436 2.097999241
87 188 3 75581 2.098009674
10 3 3 7160 2.098014347
52 89 3 43674 2.09801443
42 196 3 1811365 2.098014449
192 186 3 34627 2.098016409
78 81 3 1973814 2.09801805
11 6 3 9491 2.098018867
43 41 3 5757159 2.098024579
188 149 3 4130658 2.098027913
111 117 3 133566 2.098031109
79 193 3 58212 2.098031997
47 120 3 9996 2.098032539
45 42 3 66054 2.098033377
111 120 3 73868 2.098033492
42 48 3 71516 2.098033542
126 120 3 17864624 2.098034162
190 186 3 152065 2.098036317
185 196 3 56543 2.098040832
190 5 3 199587 2.098046204
1 148 3 9198348 2.098051445
5 2 3 6379793 2.098057955
81 77 3 652899 2.098057963
150 153 3 4566980 2.098060066
6 113 3 4653 2.098063196
41 196 3 1242348 2.098069071
14 82 3 9132 2.098071949
51 48 3 13096 2.098074425
150 151 3 84118 2.098074688
14 9 3 36434 2.098078416
48 46 3 50230 2.098083253
199 198 3 104577 2.098084824
158 162 3 4325 2.098090149
75 76 3 47198 2.098104506
154 77 3 74947 2.098105483
89 80 3 1492562 2.098106363
39 197 3 59001 2.09810983
152 157 3 2937625 2.098110705
38 41 3 1681856 2.098111072
47 49 3 3676040 2.098114548
197 187 3 69701 2.098117824
14 3 3 71481 2.098122291
8 11 3 26408 2.098123481
115 149 3 1713613 2.098132275
52 41 3 69441 2.09813741
82 112 3 100225 2.098144903
162 88 3 729970 2.098147489
191 12 3 1197 2.098150518
126 113 3 46871 2.098152998
153 148 3 44511 2.098154076
191 194 3 1917922 2.098161798
115 125 3 1715 2.098166683
80 76 3 36717 2.098168639
76 120 3 68199 2.098169715
122 123 3 50919 2.098173563
44 41 3 70734 2.098173713
52 51 3 7960636 2.098174119
51 39 3 2245297 2.098178901
8 15 3 440714 2.0981832
8 15 3 4187 2.098184014
46 195 3 637834 2.098184964
187 189 3 127950 2.098188356
150 162 3 3328345 2.098194578
13 2 3 5487 2.09819542
50 189 3 78586 2.098197936
37 45 3 33907 2.098201975
47 148 3 32720 2.098209869
83 163 3 7691116 2.09821162
153 150 3 711099 2.098219404
160 156 3 50105 2.098222183
126 121 3 3056088 2.098230128
189 196 3 43603 2.098235353
188 12 3 2561001 2.098236582
161 88 3 2193 2.098236723
89 80 3 35924 2.098240451
89 88 3 150828 2.098241019
190 193 3 2518 2.098242712
38 39 3 4940123 2.098243274
14 11 3 58871 2.098244182
187 195 3 297 2.098245655
185 196 3 32623 2.098249497
6 153 3 2036933 2.098253297
41 50 3 2861311 2.098253435
79 117 3 25702 2.098254145
112 113 3 36962 2.098261393
7 154 3 841179 2.09826493
155 149 3 1895126 2.098267034
12 7 3 30797 2.09826873
4 1 3 9054 2.098271636
189 186 3 9193 2.098275501
75 149 3 23441 2.09827856
75 156 3 1802881 2.098279863
42 12 3 16997660 2.098282865
189 14 3 1981795 2.098286871
7 15 3 10424 2.098289543
41 0 3 46458 2.098289934
39 49 3 5404108 2.098291015
187 83 3 157314 2.09829182
85 116 3 23482 2.09829496
87 76 3 6438 2.098295239
45 46 3 1056725 2.098296218
15 7 3 24662123 2.098297664
163 3 3 3304284 2.098297706
200 186 3 5340462 2.098298027
192 188 3 164712 2.09829914
77 51 3 1238113 2.098300312
5 15 3 46045 2.098301423
120 158 3 4383653 2.098306585
85 83 3 1651520 2.098306621
11 15 3 10466 2.09830694
155 89 3 105507 2.098307894
10 7 3 7809 2.09831566
80 85 3 1437089 2.098318875
4 2 3 2319039 2.098322984
160 76 3 48442 2.098327647
14 114 3 23624 2.098328225
13 14 3 188530 2.098329999
191 185 3 47208 2.09833367
116 120 3 1039031 2.098335447
122 47 3 28113 2.098336402
86 78 3 58687 2.098336561
200 7 3 2748981 2.09834019
193 189 3 148402 2.098353032
45 48 3 35935 2.098353768
188 6 3 938285 2.098355759
156 151 3 19824974 2.098356817
78 89 3 2302729 2.098358618
3 7 3 22531 2.098363706
122 89 3 29169 2.098368089
115 83 3 2134507 2.09837114
112 124 3 69418 2.09837236
4 5 3 2545127 2.098372759
195 187 3 1267444 2.098374749
83 75 3 1766978 2.098377304
50 42 3 70705 2.098379522
158 74 3 431170 2.098382669
45 44 3 9230 2.098385764
83 77 3 42747 2.098386708
125 115 3 79837 2.098390378
156 148 3 1348490 2.098392454
74 84 3 75043 2.098395284
193 3 3 1068 2.0984056
152 10 3 4692816 2.098406913
197 196 3 428750 2.098415332
74 77 3 21651457 2.098415793
198 156 3 659218 2.098415839
88 75 3 21058 2.098416661
15 6 3 695478 2.098418094
78 116 3 8737 2.098421282
191 196 3 108121 2.098423457
84 121 3 1369663 2.098424851
6 13 3 148056 2.098429228
3 0 3 20310 2.098432606
84 79 3 58008 2.098435254
119 121 3 3137 2.098444351
52 44 3 9497 2.098445259
118 117 3 84489 2.098446868
188 87 3 62853 2.098447456
40 45 3 78329 2.098450203
78 121 3 454 2.098450556
44 40 3 61776 2.09845125
125 117 3 2757255 2.098455579
40 41 3 1834 2.098455842
111 122 3 33727 2.098460742
46 43 3 17135 2.09846739
112 124 3 12148 2.098470218
162 160 3 25434 2.098471558
10 2 3 1790 2.09847171
82 89 3 7461 2.098474412
15 14 3 78235 2.098475126
124 126 3 1215934 2.098478747
155 76 3 51076 2.098480646
198 189 3 5154549 2.098480976
45 41 3 2017461 2.098482726
86 121 3 130782 2.09849085
156 89 3 4141 2.098491255
1 154 3 106200 2.098493393
160 163 3 26003 2.098493638
48 45 3 4358 2.098494503
79 125 3 901195 2.098498972
51 46 3 26039 2.098506634
13 3 3 6633049 2.098513207
45 41 3 9961311 2.098514665
74 85 3 21117 2.098525324
85 88 3 93180 2.098527041
191 115 3 28707 2.098527261
197 185 3 3832 2.098529156
46 41 3 77630 2.098529272
191 190 3 669 2.098530998
117 114 3 1776188 2.098532055
40 48 3 70331 2.098535042
15 9 3 23983 2.098538029
47 48 3 1723 2.098538682
151 7 3 3595858 2.098539915
185 189 3 12438 2.098544605
14 156 3 68757 2.098544605
9 12 3 1627 2.098551191
194 193 3 2261 2.098553666
1 39 3 727715 2.09855553
150 0 3 27386 2.098562389
76 124 3 9713915 2.098566465
153 8 3 1430961 2.098573493
117 115 3 603196 2.098600866
50 49 3 162453 2.098601452
76 114 3 51309 2.098603828
74 89 3 24906 2.09861069
199 191 3 1477 2.098618742
122 118 3 4375 2.098624243
40 52 3 2445948 2.098629303
120 186 3 4011320 2.098630265
115 123 3 33229 2.098631003
151 9 3 57554 2.098635632
187 198 3 27230 2.098642873
118 122 3 32171 2.098656204
153 155 3 5506 2.09865774
190 187 3 4645120 2.098658785
118 121 3 196034 2.098669826
41 47 3 8392900 2.098670297
13 188 3 52086 2.098671339
5 156 3 36929 2.098673265
79 52 3 4240 2.098676356
88 75 3 9392 2.098680543
199 4 3 37387 2.098684037
10 151 3 13905 2.098684677
77 111 3 2390 2.098685356
12 161 3 78362 2.09868578
44 45 3 76636 2.098689703
80 117 3 174197 2.098690857
0 11 3 20397 2.098695113
188 149 3 121828 2.098697785
185 193 3 517726 2.098697975
14 45 3 48380 2.098700543
188 191 3 33940 2.098702427
14 13 3 254207 2.098707307
14 153 3 498858 2.098715487
152 149 3 72564 2.098716119
39 40 3 14136 2.098722916
11 3 3 1300784 2.098725913
81 79 3 3080698 2.098726151
89 88 3 11378 2.098730097
82 85 3 55059 2.098731247
199 43 3 1908044 2.098731581
10 6 3 641579 2.098732362
46 52 3 2855955 2.098733577
149 163 3 1751540 2.098733937
148 161 3 24326 2.098742345
111 112 3 986422 2.098745523
83 75 3 3636038 2.098751509
87 114 3 35397 2.098751781
118 113 3 4931718 2.098752751
82 124 3 17068 2.098754192
148 155 3 25977 2.098754625
77 78 3 1289732 2.098760051
47 13 3 9260 2.098762799
8 123 3 41080 2.098763579
195 199 3 4933 2.098763716
9 6 3 44322 2.098777412
10 154 3 6929149 2.098784418
150 158 3 3835948 2.098784764
85 195 3 4149 2.098787768
86 116 3 8576464 2.098790829
0 14 3 6931731 2.098791266
46 39 3 73096 2.098801146
15 9 3 3405438 2.098801334
42 47 3 1401360 2.098814047
9 123 3 14289753 2.098814617
116 150 3 36951 2.098821115
155 15 3 3618529 2.098824902
40 187 3 66457 2.098827076
45 46 3 2207437 2.098835571
75 117 3 221 2.098837922
44 43 3 8477424 2.098843956
79 119 3 1767778 2.098846865
4 158 3 884 2.098851088
186 15 3 198714 2.098858651
81 83 3 826 2.0988611
48 41 3 52737 2.098866247
5 12 3 30274 2.098868211
47 197 3 578601 2.09887195
115 126 3 17137 2.098873633
186 192 3 5676 2.09887875
3 15 3 35864 2.098880475
157 125 3 4138070 2.098885854
111 114 3 75614 2.098886102
40 47 3 1074189 2.098888823
47 125 3 8712 2.098888973
4 157 3 11966241 2.098897566
198 50 3 1511622 2.098897765
199 2 3 6157623 2.098900567
4 3 3 4860816 2.098900934
114 119 3 4455 2.098904484
87 114 3 27168 2.098904834
163 89 3 19159 2.098904899
188 15 3 11155 2.098907835
113 111 3 36515 2.098910426
188 196 3 75922 2.098911075
83 76 3 26634 2.098922167
43 52 3 38356 2.098922772
81 79 3 5191093 2.098930282
76 80 3 47044 2.098931136
37 40 3 1310763 2.09893267
193 187 3 24327 2.098933451
186 195 3 1151633 2.09893989
81 115 3 56079 2.098943647
120 125 3 27478084 2.098944083
37 40 3 1747 2.098945711
8 159 3 42033 2.09894715
7 112 3 29093 2.09895089
45 40 3 4309294 2.098954283
74 79 3 27392 2.098958326
7 14 3 4566756 2.098959711
156 14 3 984421 2.098959926
75 126 3 59370 2.098960796
155 80 3 29239 2.098965136
15 10 3 597624 2.098971346
7 3 3 671355 2.098973597
148 121 3 968506 2.098973803
158 74 3 61975 2.098973896
9 8 3 2821387 2.098974253
196 86 3 29112 2.098974509
84 86 3 25235 2.098977313
87 114 3 53427 2.098978784
11 123 3 59508 2.098979123
193 79 3 20650 2.098981573
44 119 3 24300968 2.098982287
86 77 3 30160 2.098982597
113 123 3 29373 2.098983806
78 117 3 9550 2.098986341
121 115 3 4964024 2.098991167
159 160 3 5280492 2.098993492
13 113 3 789349 2.09899562
82 116 3 37972 2.098995682
74 124 3 236413 2.099007861
84 124 3 29211474 2.099009119
163 76 3 3735 2.099010057
5 159 3 1257059 2.099012326
151 157 3 2759012 2.099015659
115 7 3 29846 2.09901709
8 4 3 31609 2.099018957
80 89 3 134945 2.099020835
7 157 3 49399 2.099027547
163 148 3 29944 2.099031302
187 8 3 2574092 2.09903439
88 84 3 1981051 2.099035287
126 116 3 20945 2.099036201
118 126 3 24122 2.09903697
49 42 3 3458287 2.09903852
151 153 3 17917 2.09903858
157 152 3 12763 2.099039879
87 118 3 42873 2.099041246
185 4 3 855679 2.099041413
195 155 3 68939 2.099041842
12 153 3 1262944 2.09904201
150 154 3 828 2.099043069
199 186 3 25968 2.099043167
5 151 3 71124 2.09904834
12 10 3 856010 2.0990524
149 154 3 46019 2.099052886
42 41 3 6836 2.099057379
160 163 3 25734622 2.099059268
151 41 3 2451635 2.099059994
154 157 3 65059 2.099064724
152 150 3 248747 2.099070052
186 196 3 25296 2.099072059
51 49 3 48140 2.099072311
77 114 3 53447 2.099078622
44 200 3 18013098 2.099080875
5 187 3 13014 2.099080961
190 185 3 59837 2.099081817
74 82 3 7666 2.099081963
192 185 3 400 2.099086022
4 5 3 29387 2.099086514
126 7 3 1402295 2.099086993
148 161 3 42692 2.099089237
46 44 3 66216 2.099094996
4 194 3 8365131 2.099095217
194 47 3 49189 2.099096337
5 10 3 457078 2.099097938
191 189 3 13760 2.099103592
3 8 3 57748 2.099108552
190 155 3 4777 2.0991097
187 199 3 36986 2.099110797
192 193 3 1829731 2.09911305
5 161 3 46386 2.099113967
153 158 3 23154 2.09911405
149 160 3 694304 2.09911498
163 149 3 33365 2.099119427
193 6 3 18547167 2.099120507
48 46 3 2696309 2.099130759
89 75 3 47163 2.099132269
192 189 3 6770488 2.099132563
199 189 3 21949 2.099134708
190 191 3 1271258 2.099136785
47 51 3 3563981 2.09913717
123 112 3 4419491 2.099137496
198 8 3 1018546 2.099137826
50 194 3 7363 2.099139042
85 89 3 1029123 2.09914003
150 153 3 26907 2.099140776
156 163 3 9699618 2.099144494
84 86 3 27415 2.099145129
121 118 3 549 2.099149626
10 2 3 1000 2.099150541
76 126 3 4047 2.09915216
3 123 3 6752522 2.099153655
39 89 3 64373 2.099156877
124 117 3 1439296 2.099166004
15 1 3 7883 2.099170386
155 75 3 175026 2.099171202
161 157 3 74864 2.099173109
80 112 3 28718 2.099179218
4 162 3 79482 2.099185944
74 114 3 4471465 2.099187441
150 3 3 10276367 2.099190801
161 4 3 730054 2.099192003
151 157 3 42879 2.099192638
158 89 3 20251076 2.099203208
124 38 3 7359 2.099206714
2 3 3 8865651 2.099209746
7 8 3 5900 2.099210145
44 160 3 12834 2.09921979
43 192 3 59604 2.099233214
161 80 3 7123810 2.099233998
37 2 3 36468 2.099235698
79 82 3 14673 2.099238034
199 186 3 11051 2.099244134
76 86 3 13174 2.09924584
11 14 3 6424 2.099246109
192 46 3 1667 2.099248022
39 47 3 79164 2.099251754
77 76 3 44337 2.099254688
14 3 3 1919079 2.099255448
116 113 3 7352323 2.099256366
188 199 3 838923 2.099257066
85 123 3 22881041 2.099257469
160 80 3 7030420 2.099258424
84 122 3 1743921 2.099261818
9 8 3 27203 2.099265358
80 77 3 51610 2.099268663
200 199 3 49115 2.099271021
2 155 3 11472 2.099271776
85 156 3 26955 2.099274927
200 115 3 587801 2.099275212
162 13 3 15760093 2.099295176
117 123 3 5328 2.099299005
86 113 3 92254 2.099299215
161 148 3 481650 2.099305914
14 163 3 60928 2.099306454
150 153 3 34445 2.099307747
149 159 3 3234946 2.099315256
45 38 3 4768036 2.099316978
111 126 3 1631 2.099320285
74 84 3 22064 2.099324816
46 193 3 11004 2.099326368
154 156 3 69716 2.099330136
50 49 3 24450717 2.099330396
11 121 3 41311 2.099331782
88 116 3 29411 2.099331877
0 14 3 54116 2.099334454
191 188 3 69993 2.099336492
44 45 3 24627 2.099338046
47 52 3 7016 2.099339721
1 5 3 162428 2.099340132
39 79 3 16123926 2.099340439
198 51 3 51145 2.099342088
43 3 3 1828233 2.099344088
52 194 3 28972 2.099353005
150 124 3 14846894 2.099353525
113 111 3 1064938 2.099355166
6 115 3 646594 2.09937496
81 86 3 23851 2.099379251
158 2 3 1001620 2.099380846
0 9 3 35646 2.099388837
89 78 3 1847533 2.099389172
148 149 3 1050073 2.099391458
189 199 3 65180 2.099405092
126 85 3 8132 2.099407377
37 197 3 1432659 2.099426424
158 9 3 161805 2.099433152
149 190 3 4534725 2.099434826
200 199 3 25345 2.099437615
152 156 3 25828 2.09943827
188 190 3 37578 2.09943907
80 77 3 82411 2.099439638
115 118 3 47593 2.099441887
200 193 3 63870 2.099444114
77 80 3 1941498 2.099448605
151 163 3 54228 2.099452994
156 150 3 60887 2.099453422
82 81 3 23470 2.099454661
186 192 3 1649601 2.099455701
121 122 3 13139 2.099457334
50 45 3 1867984 2.099457742
82 79 3 3325767 2.099464009
48 189 3 1755440 2.099464263
6 78 3 72835 2.099465974
77 118 3 70916 2.099470165
185 9 3 95671 2.099475598
159 150 3 7786 2.099480066
40 199 3 629010 2.099480584
1 40 3 3392547 2.099489425
0 12 3 6251291 2.099492351
88 126 3 838628 2.099495982
124 115 3 58280 2.099499151
9 161 3 47448 2.099499702
2 10 3 189853 2.099504098
8 6 3 5931790 2.099505827
115 120 3 46995 2.099509992
79 116 3 47368 2.099518069
161 159 3 1024562 2.099520615
154 74 3 12031 2.099526646
40 39 3 5979532 2.09952766
185 193 3 426122 2.099530585
187 189 3 7930 2.099533197
159 52 3 45790 2.099535705
8 15 3 9392086 2.099542478
10 125 3 20890 2.099542655
152 162 3 5233 2.099544874
81 77 3 76358 2.099551343
157 45 3 3304655 2.099555693
14 156 3 4561 2.099568232
158 80 3 146247 2.099580026
1 148 3 21581 2.099580284
198 185 3 115231 2.099584544
43 48 3 7812 2.099586082
82 83 3 2430346 2.099588427
186 190 3 699785 2.099588828
7 155 3 580 2.099589054
12 0 3 5397 2.099591682
114 148 3 2273750 2.099594773
152 154 3 873653 2.099596191
199 187 3 5588577 2.099599084
86 79 3 5347915 2.09960526
10 4 3 26466 2.099606851
117 115 3 503124 2.099608211
84 83 3 741864 2.099609308
162 79 3 50611 2.099609316
2 154 3 62557 2.099610858
187 195 3 38426 2.099617802
82 84 3 26871 2.099623544
197 187 3 5740 2.099630793
113 118 3 5677501 2.099632191
87 124 3 63353 2.099633465
1 3 3 1122281 2.099634669
43 196 3 142802 2.099636294
114 111 3 18787667 2.099638173
112 117 3 347 2.099639443
126 198 3 5206209 2.099639943
8 151 3 13456 2.099643863
85 121 3 10966 2.099644556
162 157 3 5736021 2.099647755
52 46 3 38133 2.099648202
156 0 3 4918991 2.099657742
5 11 3 29318 2.099667461
185 187 3 3002313 2.099672156
192 198 3 21296 2.099677186
15 159 3 825795 2.099677764
37 43 3 4355699 2.099678263
199 43 3 9295 2.099682627
185 188 3 6966717 2.09968402
0 15 3 35445 2.099684764
85 81 3 72349 2.099687215
194 2 3 43212 2.099687498
190 194 3 442909 2.099688472
185 84 3 136077 2.099690668
11 1 3 2137286 2.099692834
160 161 3 725963 2.09969339
80 86 3 9636062 2.099699485
86 116 3 948539 2.099700836
80 117 3 786971 2.099703776
45 48 3 7890554 2.099709602
117 115 3 19652 2.099713108
43 52 3 4904653 2.09971447
161 2 3 491336 2.099716169
158 78 3 27411 2.099718574
158 13 3 7755 2.099720076
80 88 3 9605 2.099720972
152 159 3 6902407 2.099724615
11 9 3 184303 2.099724975
193 4 3 5254 2.099732096
8 15 3 4722663 2.099735351
86 82 3 18750 2.099739805
185 120 3 62697 2.099745668
123 115 3 101065 2.099745803
74 193 3 31824 2.099746226
43 47 3 283640 2.099749196
14 13 3 386555 2.099753151
124 125 3 1213043 2.099753247
74 87 3 14603733 2.09975671
7 162 3 59249 2.099757196
192 194 3 27325583 2.09977071
159 8 3 55725 2.099773604
84 81 3 1599577 2.099773964
8 151 3 3060569 2.099780522
123 120 3 146 2.099781919
195 10 3 69004 2.09978377
2 13 3 57422 2.09978581
88 77 3 3842721 2.099806209
7 8 3 58752 2.099806334
79 80 3 30921 2.099806714
46 37 3 3069283 2.099807051
191 192 3 3265313 2.099812018
14 7 3 241629 2.099812543
150 148 3 33471 2.099812748
117 112 3 5195 2.09981509
126 123 3 9631692 2.099818905
153 89 3 11033 2.099821091
149 162 3 514448 2.099822673
157 159 3 12840606 2.099825436
8 15 3 188936 2.099825517
14 49 3 1995 2.099829858
118 120 3 568703 2.099831859
113 2 3 66072 2.099831906
199 154 3 7048 2.099843629
14 0 3 19022 2.099844542
126 124 3 2853645 2.099846214
112 115 3 44165 2.099847919
5 10 3 873045 2.099848899
0 156 3 189398 2.099849243
8 5 3 38706 2.099852345
45 198 3 27477 2.099852731
193 10 3 37235 2.099853182
121 48 3 114000 2.099857339
161 148 3 75 2.09986303
111 116 3 1614869 2.099867157
45 152 3 2677 2.099868947
15 163 3 77789 2.099875972
88 74 3 1553 2.099886015
49 51 3 228071 2.099886131
195 11 3 28649 2.099892042
198 197 3 74272 2.099893131
156 161 3 59996 2.099896404
89 121 3 16351 2.09991263
7 5 3 46831 2.099913793
85 50 3 24806 2.099914814
3 2 3 1383092 2.099917246
7 2 3 76743 2.09992274
3 115 3 27728904 2.099926803
88 80 3 6849 2.099928134
44 78 3 53917 2.099928738
188 2 3 73214 2.099928904
75 76 3 4535739 2.099930802
6 11 3 184691 2.099936779
150 189 3 11120 2.099939015
124 115 3 2305681 2.099940917
10 2 3 4573439 2.099944555
82 85 3 20147 2.099946788
43 42 3 50872 2.099950315
118 121 3 32438 2.099959654
185 188 3 35612 2.0999607
117 193 3 612762 2.099965333
159 163 3 927592 2.099978975
87 85 3 855696 2.099980321
198 43 3 24276 2.099986758
77 76 3 553086 2.099991543
3 76 3 38269 2.099995256
196 3 3 73370 2.099997684
159 148 3 56355 2.099998473
159 163 3 7706232 2.099999926
46 196 3 1535443 2.100000835
80 113 3 1987390 2.100018426
3 153 3 37143 2.100047556
3 162 3 2245996 2.100089358
15 111 3 938440 2.100107284
0 154 3 4375 2.100151215
79 117 3 65981 2.100153744
155 85 3 24538 2.100156241
162 1 3 834435 2.100160998
148 79 3 122736 2.100173378
43 198 3 6892 2.100175376
82 121 3 1343473 2.100221795
4 113 3 1736757 2.100240974
149 84 3 906647 2.100265174
51 196 3 16179 2.100343043
80 113 3 129687 2.100345179
161 74 3 71265 2.100346409
7 120 3 6895 2.100369895
197 0 3 5613 2.100370513
49 185 3 107674 2.100384531
198 15 3 28987 2.100414017
148 14 3 30922 2.100477459
4 152 3 42556 2.100497071
46 186 3 2965 2.100518647
11 126 3 19526 2.100530611
188 8 3 49766 2.100532228
161 2 3 4030353 2.10055756
152 77 3 142328 2.100580647
8 117 3 29484 2.100592235
75 115 3 5467386 2.100616467
89 123 3 39482 2.100649501
186 4 3 39219 2.100660633
76 119 3 2504 2.100697636
151 15 3 21130 2.100734318
81 125 3 4746593 2.100779748
81 119 3 4414321 2.100792277
9 113 3 101426 2.100800481
195 2 3 3238551 2.100806622
161 77 3 3589024 2.100813437
88 113 3 68678 2.100834193
84 123 3 49510 2.100840462
37 189 3 1907983 2.100890067
41 187 3 1514 2.100892061
163 82 3 4975 2.100913396
6 153 3 3685115 2.100939395
2 163 3 23082 2.100941387
44 187 3 882804 2.100958553
153 75 3 4234 2.101015741
163 11 3 360766 2.101028516
85 122 3 4033689 2.101029959
87 115 3 29031 2.101037122
158 15 3 50128 2.101037477
43 191 3 27295 2.101052044
186 10 3 9546 2.101055686
199 2 3 14964 2.101071212
79 123 3 5901 2.101119651
155 0 3 1631 2.101141514
7 126 3 34326 2.101197266
41 189 3 78268 2.101206758
151 3 3 40950 2.101214406
9 157 3 3975 2.101225393
89 120 3 3314677 2.101225871
0 160 3 7570 2.101247177
155 88 3 186729 2.10131536
88 119 3 36725 2.10132447
86 119 3 1247 2.101329597
80 114 3 63006 2.101361228
82 126 3 28981 2.10137326
154 2 3 7484477 2.101383687
188 15 3 35177 2.101393935
9 162 3 6042 2.101442453
86 123 3 13472 2.101461428
158 77 3 29513 2.101524136
4 150 3 27604 2.101540963
80 118 3 5087 2.101551715
12 158 3 4462750 2.10158512
77 113 3 75297 2.101591408
76 114 3 1562883 2.101600282
49 197 3 5184555 2.101615526
152 76 3 4498 2.10162342
51 197 3 54789 2.101633952
43 195 3 4957070 2.101660155
198 1 3 975436 2.10166178
76 120 3 93852 2.101681331
157 7 3 69274 2.101692003
86 111 3 45830 2.101695191
154 77 3 38581 2.10171268
156 13 3 162715 2.101726914
193 9 3 7958 2.101729875
6 156 3 1530 2.101737445
157 2 3 28607 2.101737508
89 113 3 16040 2.101758334
84 115 3 13437172 2.101771437
85 120 3 17805 2.101773336
45 194 3 38999 2.101781038
86 118 3 9486328 2.101800091
199 10 3 37552 2.101809274
48 189 3 7026 2.101826479
4 152 3 292750 2.101843392
77 123 3 2438300 2.101877939
12 161 3 534824 2.101884059
150 88 3 561838 2.101916281
162 2 3 76076 2.101943208
161 14 3 75042 2.102000364
160 87 3 38185 2.102015853
152 2 3 520704 2.102055636
81 114 3 857841 2.10206473
0 150 3 60520 2.102068688
88 121 3 71777 2.102073376
77 116 3 77847 2.102079048
79 121 3 78192 2.102091307
81 123 3 151519 2.102123385
163 0 3 61945 2.102134539
80 125 3 337728 2.102139183
198 9 3 2112327 2.102160863
49 194 3 64543 2.102167404
47 185 3 4837 2.102171582
14 157 3 1533968 2.102220052
150 9 3 7791354 2.102223015
83 119 3 1455166 2.102248628
47 199 3 31903 2.102251992
156 89 3 901474 2.102260084
185 3 3 14933 2.102269621
155 74 3 77554 2.102304817
191 1 3 169605 2.102337833
155 8 3 197110 2.102339346
46 196 3 5440045 2.102345396
82 124 3 65804 2.102347169
149 9 3 49165 2.102374579
160 6 3 101 2.102376921
162 10 3 23626235 2.10242891
39 196 3 3421513 2.102443708
152 84 3 2397 2.10248428
85 115 3 8855 2.102486023
76 120 3 1193 2.102530175
155 10 3 17601 2.102591936
158 78 3 1726730 2.102598002
52 185 3 9545 2.102623748
158 83 3 27598 2.102654488
188 7 3 4365 2.10266031
2 159 3 4169445 2.102666659
192 0 3 64799 2.102758772
38 187 3 55428 2.10276997
86 120 3 22686 2.1028102
86 112 3 49908 2.102822096
51 198 3 60822 2.102871846
86 114 3 9093 2.102881452
150 75 3 146327 2.10293733
86 114 3 65558 2.102983059
52 199 3 710056 2.102998575
42 189 3 70254 2.103014676
156 85 3 4649834 2.103031246
187 0 3 12062 2.103063947
85 113 3 4202649 2.10306828
197 2 3 13768 2.103081167
75 124 3 1290152 2.10308556
74 116 3 131719 2.103125185
74 114 3 29116 2.103133881
156 5 3 327 2.103160544
195 12 3 55740 2.103169832
161 15 3 1979281 2.103188687
81 120 3 48341 2.10323323
87 112 3 14785196 2.103235323
84 112 3 2358 2.103282072
52 197 3 16430 2.10329428
82 114 3 4998078 2.10329887
158 3 3 3274161 2.103310001
150 12 3 422 2.103345379
148 76 3 807880 2.10337522
81 118 3 1311467 2.103404657
40 191 3 25428807 2.103431685
39 186 3 5508336 2.103444735
159 74 3 1783370 2.103474227
46 188 3 2222 2.103495737
79 116 3 31977 2.103504787
80 119 3 4949998 2.103505651
83 120 3 6636814 2.103524193
198 12 3 68631 2.103534107
158 8 3 2271882 2.103537685
42 197 3 48129 2.103542376
155 77 3 61928 2.10354494
188 12 3 1610011 2.103549666
155 83 3 52472 2.103560668
155 4 3 1922654 2.103591365
161 78 3 185014 2.103616479
191 3 3 25091 2.103638797
48 194 3 281102 2.103703312
78 114 3 65788 2.103741356
40 200 3 27345 2.103773556
191 6 3 55171 2.10381143
86 121 3 25622 2.103860041
76 125 3 6455 2.103902405
9 155 3 4438107 2.103909511
150 7 3 64598 2.103948579
159 86 3 839380 2.103957277
51 194 3 3239127 2.103989042
190 12 3 4503406 2.104023058
151 12 3 3644937 2.104048708
149 86 3 7852594 2.104098881
48 188 3 7369 2.104129447
86 116 3 70700 2.10415312
162 4 3 5996897 2.104157769
80 121 3 8497 2.104199916
81 118 3 1108140 2.104203328
40 185 3 497589 2.104216593
192 7 3 307718 2.104225582
84 125 3 51865 2.104249233
77 120 3 7860 2.104263074
160 11 3 3289733 2.104282351
86 123 3 3904453 2.104305022
198 6 3 440031 2.104312746
157 5 3 4526950 2.104323369
150 77 3 4115 2.104337303
89 118 3 176724 2.104425121
187 12 3 49126 2.104449602
150 78 3 12384 2.104453025
196 4 3 708181 2.104488156
157 11 3 9725249 2.104489739
80 125 3 25279 2.104510439
185 1 3 25948538 2.104514714
85 116 3 2051459 2.104521153
151 83 3 50932 2.104525732
159 82 3 910159 2.1045547
11 160 3 465936 2.104571364
51 200 3 24971 2.104572646
187 0 3 27548 2.104581008
86 120 3 2514031 2.104651473
153 6 3 1011763 2.104705081
46 192 3 6043 2.104740462
150 5 3 840560 2.104741254
11 152 3 823268 2.104751955
75 115 3 4639875 2.104753969
38 187 3 4125 2.104764904
14 149 3 1233548 2.104800928
192 11 3 160344 2.104804921
86 111 3 689201 2.104813102
51 189 3 67130 2.104856488
85 120 3 1317652 2.10486267
39 185 3 528672 2.104898161
40 200 3 1871216 2.104926249
81 117 3 28909552 2.104939674
153 84 3 8321 2.104941595
10 151 3 162113 2.104977221
159 8 3 51662 2.105009115
74 119 3 2466917 2.105013298
200 9 3 688246 2.105038965
162 76 3 79781 2.105041993
45 187 3 29313 2.105083813
84 120 3 56674 2.105105915
163 13 3 26153 2.105113644
88 119 3 1560530 2.105136053
51 187 3 1441047 2.105148101
75 125 3 4632065 2.10515057
86 112 3 3512894 2.105154709
76 126 3 2755987 2.105158069
85 118 3 77459 2.105166176
80 124 3 149298 2.105193663
186 3 3 5016 2.105216152
158 82 3 312437 2.105234182
159 88 3 182530 2.105254861
82 112 3 799163 2.105255398
189 0 3 1966327 2.105260628
151 76 3 129541 2.10526669
80 116 3 1605026 2.105267148
84 121 3 853427 2.105289081
39 199 3 1551485 2.105304699
15 153 3 791403 2.105316056
85 116 3 7370882 2.105334129
39 186 3 1469687 2.105371238
88 119 3 4344876 2.105394234
87 113 3 3782933 2.105414797
195 4 3 7203 2.10544543
87 111 3 323843 2.105473881
86 111 3 901577 2.105477606
83 112 3 27932 2.105508902
2 156 3 4602330 2.105516529
2 149 3 8263866 2.105521977
40 192 3 52233 2.105539173
2 151 3 24285 2.105550148
190 9 3 986929 2.105551703
151 5 3 715227 2.10556893
86 124 3 25583 2.105597511
75 112 3 4140 2.105625879
83 122 3 18167 2.105665042
10 162 3 3111448 2.105675051
79 122 3 148 2.105676179
161 11 3 25768909 2.105680896
85 115 3 76204 2.105699439
195 9 3 68940 2.105721743
161 77 3 1942112 2.105733346
6 148 3 1817670 2.105735258
8 157 3 32403 2.105739729
3 158 3 8269453 2.105739987
8 160 3 876525 2.105779058
10 162 3 8779617 2.105803636
84 117 3 49273 2.105811842
41 191 3 79204 2.105812869
76 114 3 3597 2.105813111
0 151 3 137237 2.105859086
87 118 3 17558 2.105861613
158 77 3 3056590 2.105870186
163 9 3 71129 2.105875715
48 186 3 4919 2.105924262
83 125 3 182366 2.105925124
79 112 3 28916 2.105930914
84 126 3 3326 2.10596735
51 192 3 26015 2.106046193
75 113 3 1822367 2.106058564
193 1 3 45602 2.106080185
15 160 3 70367 2.106106346
85 118 3 228818 2.106110696
76 116 3 24125109 2.106110761
87 118 3 8425297 2.106154757
187 15 3 2209 2.106163201
159 83 3 1449713 2.106184018
84 125 3 1041921 2.106189021
1 151 3 60627 2.106213509
44 191 3 31719 2.106222764
78 112 3 11406 2.106223503
81 116 3 29776 2.106245044
153 79 3 19617 2.106254259
37 188 3 29734 2.106289739
198 2 3 35481 2.106312669
80 115 3 29260 2.106337928
40 200 3 479917 2.106345408
39 186 3 6498023 2.106364486
37 198 3 3216 2.106427508
12 158 3 4241 2.106433059
156 2 3 4422298 2.106464017
79 114 3 32562 2.106511274
152 9 3 23780 2.106550876
185 9 3 1979828 2.106555325
157 8 3 73081 2.106570607
84 122 3 66887 2.106578424
7 149 3 33961 2.106587133
75 119 3 79927 2.106604679
151 3 3 5149 2.106605869
3 156 3 1610120 2.106607533
48 197 3 149415 2.106633171
188 7 3 9003 2.106651089
162 4 3 665 2.106656035
151 80 3 13250 2.106674132
9 149 3 47839 2.106681824
148 89 3 25961 2.106682669
156 2 3 22718 2.106690913
189 5 3 4087149 2.106700335
152 3 3 1139493 2.10672135
7 159 3 24054 2.106761608
1 149 3 29458 2.10678666
151 87 3 2216527 2.106809642
88 120 3 27699 2.106838438
40 190 3 53268 2.106846491
87 117 3 222 2.106849103
157 6 3 43581 2.106849314
189 11 3 9269 2.106864409
10 155 3 40594 2.106893852
84 123 3 7175 2.106916319
159 75 3 27334 2.10691735
153 80 3 68202 2.10691879
0 151 3 58444 2.106929176
155 13 3 47133 2.106971859
48 196 3 6611119 2.107020023
40 193 3 249723 2.107072573
192 6 3 1809933 2.107083709
0 154 3 7902430 2.107111922
78 126 3 103397 2.107135435
7 149 3 74557 2.107171316
83 113 3 9321615 2.107177392
41 200 3 6132037 2.107179102
151 8 3 700881 2.107182027
41 194 3 78387 2.107191832
77 111 3 21937 2.107200909
76 124 3 171084 2.107312856
6 163 3 6234485 2.107322651
163 3 3 18499803 2.107348923
161 9 3 3717371 2.107378773
88 123 3 7308 2.107401023
42 195 3 68203 2.107429783
148 82 3 6073 2.107437597
152 85 3 2834829 2.107455739
161 14 3 10500 2.107460963
157 9 3 66787 2.107471159
41 193 3 675837 2.107491745
200 14 3 17093 2.107541676
195 15 3 31996 2.107554035
197 13 3 57154 2.107555704
42 199 3 411 2.107556288
86 112 3 20290 2.107579232
155 84 3 18782 2.107618261
0 155 3 63655 2.107640954
7 154 3 69468 2.107672004
149 10 3 79816 2.10769732
192 10 3 612776 2.10770714
82 113 3 3813654 2.107713579
9 155 3 1941730 2.107717689
82 119 3 78491 2.107727769
81 112 3 1258599 2.107751688
187 4 3 59298 2.107754791
199 9 3 74980 2.107755285
82 122 3 27625 2.107759646
0 150 3 25010 2.10776344
158 14 3 6945029 2.107772431
199 3 3 4531570 2.10780917
0 159 3 70002 2.107813378
38 185 3 78461 2.107817753
80 111 3 3272756 2.10785388
47 194 3 3427 2.107855554
77 115 3 4530990 2.107880676
42 186 3 1109449 2.107882079
149 88 3 136028 2.107888099
80 125 3 22904640 2.107903889
78 126 3 62286 2.107936952
153 74 3 5638420 2.10795735
78 115 3 2636575 2.107970911
154 77 3 878724 2.107978118
148 77 3 39918 2.107992669
81 124 3 1566623 2.107994168
87 123 3 4223219 2.108027392
156 83 3 6599155 2.108031685
190 5 3 8250 2.108034937
195 11 3 434204 2.108038332
52 200 3 4288624 2.108097291
82 112 3 8796 2.108147194
80 125 3 1569863 2.108207743
74 119 3 56309 2.108210565
187 10 3 49511 2.108217857
42 191 3 6461355 2.108220789
157 80 3 7324221 2.10822426
185 0 3 5174 2.108224794
197 1 3 3568826 2.10826978
81 111 3 36051 2.108324732
49 185 3 5707 2.108339407
75 112 3 8294551 2.108368964
86 112 3 73208 2.108376735
199 5 3 1290553 2.108381311
159 86 3 10247 2.108388394
78 116 3 2475713 2.10841423
188 7 3 2891 2.108478723
190 12 3 1456 2.108482589
84 118 3 6336290 2.108490743
75 118 3 8842209 2.108496484
85 122 3 3556397 2.108497619
192 5 3 20860 2.108529624
188 4 3 170819 2.108571814
194 12 3 2846649 2.10858487
77 124 3 1645 2.10859956
50 198 3 1037 2.108606999
82 112 3 849593 2.108612578
86 113 3 37967 2.108617183
47 186 3 57946 2.108661359
163 78 3 970241 2.108675756
195 5 3 124838 2.1086832
199 3 3 25817 2.108712806
47 198 3 5170175 2.108767073
76 119 3 183238 2.108770532
47 195 3 69389 2.108803097
155 84 3 3003 2.108838225
45 187 3 1029829 2.108888722
186 13 3 29678 2.108909536
82 113 3 66651 2.108924098
89 118 3 3282202 2.108932755
79 125 3 11826700 2.108937764
46 198 3 520896 2.108947769
152 84 3 63377 2.108956522
76 115 3 197281 2.108970359
78 126 3 29900 2.108975788
87 121 3 1516119 2.109039833
148 76 3 62828 2.109055449
189 11 3 126522 2.109057171
42 200 3 1177570 2.109059962
86 120 3 47836 2.109060018
78 116 3 15373 2.109060269
158 75 3 6533997 2.109068596
45 191 3 1704949 2.109079748
150 83 3 6679 2.109080302
82 121 3 63092 2.109105436
151 78 3 1725785 2.109137741
192 15 3 77727 2.109163034
163 83 3 3839758 2.109166259
46 194 3 75340 2.10918096
76 120 3 86094 2.109191791
148 76 3 14081 2.109196461
200 4 3 1079452 2.109235855
160 75 3 2795654 2.109254129
152 88 3 22460 2.109260747
49 193 3 2930 2.109271985
155 85 3 13582 2.109286474
78 122 3 467733 2.109286651
82 114 3 12961 2.109332121
199 15 3 1698730 2.109341918
82 124 3 74694 2.109347027
153 87 3 15578 2.109379042
83 111 3 1747746 2.109380976
192 10 3 1436 2.10938807
190 7 3 2993029 2.109438323
199 15 3 4580349 2.109462954
162 77 3 7548308 2.109466324
79 124 3 29227 2.109486921
150 89 3 961609 2.109505542
157 79 3 6150153 2.109506516
160 76 3 2985834 2.10955044
77 112 3 5269 2.10957418
78 113 3 3647371 2.109574603
44 196 3 4012610 2.109583809
190 15 3 59559 2.109625549
46 197 3 9024032 2.109631412
84 113 3 15603 2.109668337
81 114 3 107544 2.109765603
161 86 3 152840 2.109797289
86 123 3 444478 2.109812488
78 117 3 5264549 2.109856483
77 122 3 5920391 2.109863519
74 114 3 1644769 2.109899889
78 118 3 39960 2.109915072
189 8 3 908492 2.109922474
200 7 3 1818325 2.109963441
87 112 3 4731 2.110005107
158 76 3 68 2.11001683
44 198 3 4608417 2.110016987
86 126 3 1322369 2.110041902
87 115 3 19578367 2.110049055
85 118 3 1891039 2.11004972
159 81 3 45958 2.110075146
42 191 3 21120 2.110141887
199 9 3 5009322 2.110158191
158 81 3 190073 2.110182912
159 84 3 152404 2.110289871
82 117 3 82828 2.110312072
83 120 3 177537 2.110380259
85 115 3 639254 2.110422473
85 117 3 20566285 2.110518833
84 120 3 30754 2.110527058
84 120 3 1645636 2.1105427
195 15 3 58754 2.110544299
148 78 3 1666486 2.110557397
83 126 3 244 2.110581472
88 118 3 21954 2.110622541
192 9 3 1801482 2.110626719
195 11 3 33562 2.110642229
163 77 3 47361 2.110685756
76 121 3 449332 2.110698044
156 75 3 680324 2.110721365
80 119 3 56333 2.110761139
40 198 3 6898016 2.110784736
77 124 3 27878 2.110805498
88 124 3 10873 2.110807804
83 119 3 278438 2.110854622
149 82 3 30953 2.110872735
153 81 3 826263 2.110907286
150 88 3 5309557 2.110932039
86 116 3 22273 2.110939618
150 79 3 151578 2.110983469
158 75 3 450648 2.11099289
189 12 3 6497 2.111015592
82 119 3 31795 2.111017721
162 81 3 26574629 2.111037171
80 121 3 1054 2.111041788
152 80 3 45524 2.111046561
196 2 3 51404 2.111050764
44 192 3 21825 2.111078375
76 123 3 32571 2.111081796
187 4 3 676418 2.111091166
50 196 3 13368 2.111093363
89 122 3 1951060 2.111100175
186 12 3 40931 2.111108389
188 11 3 64976 2.111114793
79 114 3 1932908 2.111124079
157 87 3 1421220 2.111189361
81 124 3 69376 2.111215841
76 112 3 3346 2.111256271
38 187 3 70052 2.11128273
37 196 3 422063 2.111296166
80 123 3 6508 2.111410512
150 87 3 2984 2.111435307
79 125 3 9493008 2.111438609
43 193 3 915358 2.111470199
44 188 3 1327383 2.111471809
196 13 3 110 2.111485165
152 84 3 3187664 2.111505533
153 81 3 6146474 2.11151364
154 82 3 26433 2.111556312
87 114 3 390242 2.111557448
188 8 3 2141898 2.111602512
89 113 3 6759028 2.111608336
193 5 3 4030 2.111610318
197 14 3 424346 2.111611373
87 125 3 66776 2.111635975
41 199 3 94910 2.111649729
74 121 3 3267459 2.11165038
155 80 3 3373078 2.111741612
156 88 3 69069 2.111747283
86 126 3 14649 2.111780889
196 14 3 739958 2.111782105
189 5 3 1160532 2.111842434
40 187 3 47271 2.111942831
86 115 3 3463981 2.111944326
81 125 3 24470 2.112033624
74 117 3 5487881 2.112044619
47 187 3 42432 2.112050182
161 86 3 68923 2.1120519
76 121 3 7432903 2.112059866
80 119 3 33023 2.112060874
43 197 3 6177881 2.112064411
80 121 3 7147 2.112098032
79 124 3 36835 2.112153012
43 187 3 26723 2.112200984
52 189 3 1286173 2.112202137
187 10 3 2014 2.112233248
87 114 3 27424 2.112249108
197 3 3 24444 2.11227999
81 114 3 8589180 2.11228901
185 3 3 6370633 2.112329432
87 123 3 26696 2.112340448
84 121 3 3936 2.112355422
83 120 3 222906 2.112361271
81 126 3 822155 2.112390706
78 122 3 265743 2.112440447
84 126 3 6728699 2.112536149
44 185 3 24811796 2.112672115
193 14 3 140906 2.11271461
158 76 3 124944 2.112782261
83 114 3 39061 2.112788461
155 76 3 29483754 2.112789116
200 14 3 132992 2.112792358
200 7 3 2174736 2.112819048
148 87 3 1693256 2.112830215
148 84 3 7486699 2.112862658
87 119 3 267624 2.1129095
86 119 3 7837587 2.112936712
88 116 3 656717 2.112981242
82 122 3 22407 2.112984701
89 112 3 1599892 2.112984767
79 118 3 44187 2.113016127
39 185 3 5404791 2.113034022
45 188 3 298133 2.113038165
191 5 3 1687500 2.113054903
84 125 3 862015 2.113061535
39 200 3 5693 2.113067258
40 197 3 3339121 2.113071706
157 83 3 2131709 2.113115905
44 196 3 3379321 2.113117285
157 89 3 54879 2.11315381
149 74 3 57742 2.113155366
88 112 3 7686680 2.113167919
155 76 3 3404732 2.113240778
81 117 3 19646 2.113243292
38 187 3 978072 2.113301568
76 125 3 504811 2.113306491
161 88 3 1318 2.113317261
186 15 3 4255788 2.1133301
193 6 3 69807 2.113354375
51 189 3 8428 2.11341888
86 112 3 45795 2.113420397
151 80 3 66122 2.113446399
41 193 3 18324 2.113550882
87 126 3 32048 2.11356348
40 190 3 74336 2.11356781
195 4 3 2785915 2.113660955
151 80 3 3669 2.113691989
190 6 3 8434366 2.113715005
80 125 3 77388 2.113724725
84 118 3 2975937 2.113732771
76 118 3 8186229 2.113778896
85 121 3 48342 2.113800622
45 197 3 5103 2.113830607
154 76 3 6182152 2.113848178
153 86 3 24197 2.113862747
195 10 3 179129 2.113878675
156 87 3 111547 2.113921208
87 123 3 995100 2.113949355
78 125 3 108439 2.113959976
88 119 3 1027890 2.113967375
88 123 3 88349 2.113984003
77 126 3 6656 2.113992218
152 86 3 642 2.11399247
48 193 3 15729 2.11404509
78 115 3 5548508 2.114065169
86 111 3 9761 2.114083892
82 123 3 18149 2.11409202
75 114 3 10980398 2.114114986
46 187 3 60119 2.114120186
52 200 3 23587 2.114138272
49 185 3 1602532 2.11417127
77 123 3 23487 2.114187152
51 194 3 206267 2.114226379
188 2 3 160344 2.114285347
80 120 3 5592725 2.114305566
74 121 3 1327 2.114306576
80 113 3 8435 2.114322783
85 122 3 2276 2.114331721
81 116 3 14692 2.114342502
82 122 3 50984 2.114388186
158 82 3 27460 2.114395878
74 114 3 22219 2.114425789
162 74 3 20458 2.114442038
185 7 3 1051776 2.114460746
49 194 3 2116 2.114499334
77 123 3 17421 2.114537478
193 3 3 78339 2.114551057
84 117 3 2173643 2.114592618
42 187 3 46570 2.114610393
186 8 3 1942374 2.114652762
158 81 3 22087 2.114655634
41 187 3 269420 2.114679303
39 192 3 11184 2.114706158
50 190 3 179167 2.114719079
152 77 3 25858 2.1147735
192 14 3 39128 2.114773659
156 75 3 23535 2.114775608
195 15 3 26238 2.114793603
162 75 3 4550 2.11480332
84 111 3 1163286 2.114809461
81 123 3 878075 2.114851618
74 115 3 7259 2.114857095
199 4 3 34659 2.114882423
152 89 3 22199565 2.114904649
155 86 3 1643928 2.114906705
186 14 3 29705 2.114964926
158 74 3 332870 2.11497133
89 113 3 3435023 2.115067911
87 117 3 29450 2.115074787
200 0 3 30919 2.115104074
149 75 3 41643 2.115129426
76 112 3 48000 2.115212172
79 120 3 39352 2.115353514
74 119 3 40309 2.115445285
160 83 3 6821 2.115445668
46 194 3 603383 2.115502762
77 126 3 1267319 2.115509485
74 114 3 31202 2.115559067
160 77 3 4929802 2.115589005
160 78 3 9986777 2.115631397
161 78 3 1086720 2.115636988
39 195 3 27326 2.115637797
42 186 3 60300 2.115685946
52 190 3 9912 2.11575119
148 75 3 6363 2.115754159
87 125 3 29388 2.11575897
51 186 3 382472 2.115789929
47 200 3 33318 2.115803369
88 112 3 202 2.115917827
74 123 3 279382 2.115931123
76 122 3 40459 2.115935041
83 126 3 79733 2.115988969
197 4 3 4318503 2.115996986
153 83 3 51221 2.116003383
43 197 3 33039 2.116039066
82 113 3 1229761 2.116061975
37 190 3 365169 2.116074044
89 112 3 42622 2.116134493
41 191 3 168194 2.116236359
40 200 3 37825 2.116253975
87 120 3 19138781 2.116334696
198 11 3 22759 2.11634275
187 4 3 793497 2.116344705
191 9 3 2528 2.116346717
89 123 3 8453 2.116389312
188 6 3 117806 2.116403601
75 123 3 21263179 2.116428299
83 118 3 397223 2.116431719
163 78 3 42025 2.116556115
47 185 3 14233 2.116574047
74 113 3 180085 2.116586836
189 10 3 32272 2.116654742
75 121 3 685636 2.116694315
74 117 3 44732 2.116696452
39 199 3 715207 2.116750451
185 3 3 27816 2.116751622
51 193 3 23740 2.11677378
80 121 3 9305961 2.116796372
38 194 3 24505 2.116847485
86 118 3 741814 2.116860378
89 112 3 14750 2.11687288
89 125 3 21845 2.116942837
88 115 3 3716 2.116947504
87 124 3 6686 2.116979242
153 84 3 55895 2.117039703
40 199 3 7377419 2.117053699
38 197 3 94034 2.117068378
43 195 3 397847 2.117117952
199 7 3 21485 2.117135702
195 3 3 62492 2.117139371
154 87 3 1548211 2.117240806
154 78 3 741 2.117250525
163 87 3 1785677 2.117284084
193 1 3 3830074 2.117300397
163 88 3 2697385 2.117327103
200 12 3 42203 2.117350715
156 84 3 20082 2.117359183
80 111 3 370130 2.117380109
191 8 3 74949 2.117380638
74 117 3 19768 2.11747368
76 112 3 70710 2.117503923
49 192 3 122165 2.117542095
52 191 3 1160 2.117552674
158 82 3 15932409 2.117573505
188 3 3 4576485 2.11760586
87 124 3 29615 2.117628046
43 190 3 5003273 2.117632338
83 124 3 18199 2.117633815
157 79 3 44288 2.117649774
89 114 3 2827 2.117666843
197 11 3 5448 2.117672058
74 116 3 84392 2.117736718
38 196 3 2201 2.117742434
187 8 3 34523 2.117762107
84 115 3 23835 2.117763356
196 1 3 8554 2.117820493
89 113 3 27446 2.117822711
79 124 3 157638 2.117830562
78 126 3 78766 2.117848611
77 123 3 1077112 2.117858605
158 76 3 2621589 2.117877163
156 77 3 30531 2.117890739
158 87 3 2878976 2.11790731
148 76 3 26610 2.11800802
159 88 3 52694 2.11803309
42 192 3 45093 2.118036387
160 85 3 4951778 2.118125417
76 120 3 21072533 2.118130518
52 199 3 3700598 2.118141111
78 112 3 4804 2.118158924
75 117 3 200959 2.118196636
86 113 3 46394 2.11821671
80 126 3 1688520 2.118287952
39 191 3 29165 2.118292356
191 13 3 50341 2.118349615
189 14 3 8075 2.118390653
74 123 3 21817 2.118415055
48 197 3 56007 2.118457465
154 86 3 16647 2.118479079
49 194 3 9425526 2.118491392
51 199 3 577327 2.118529184
200 6 3 29251996 2.118557405
85 121 3 12457 2.118694472
193 15 3 1871621 2.118727799
45 193 3 14346 2.118740862
75 123 3 73134 2.11875335
163 75 3 13608 2.118786049
77 115 3 10623727 2.118790222
149 78 3 6930804 2.118798697
186 11 3 88634 2.118804354
50 200 3 190475 2.118823522
188 4 3 12861 2.11884043
81 111 3 1874477 2.11884627
41 188 3 66366 2.118850839
88 114 3 244219 2.118974365
74 119 3 65955 2.119016508
82 115 3 104261 2.119072567
41 191 3 9562 2.119072797
82 114 3 9120 2.119083171
86 119 3 4461604 2.119086066
199 3 3 22581 2.119090507
195 2 3 9429 2.119137439
185 0 3 6123045 2.119143097
82 111 3 24098 2.119149518
77 113 3 72188 2.119166365
88 118 3 656155 2.119238769
40 186 3 177404 2.119275889
82 114 3 288759 2.11932215
186 12 3 22601 2.119342228
191 5 3 21635 2.119398822
89 124 3 6542 2.119420217
187 14 3 27467 2.119483046
88 125 3 39296 2.119500957
82 115 3 2349097 2.119511033
87 123 3 2367 2.119525604
148 82 3 42670 2.119546248
160 81 3 3145 2.119607787
86 124 3 7980 2.119612381
88 118 3 917480 2.119642376
190 8 3 3966 2.119665726
46 190 3 9168373 2.11971553
193 0 3 26471081 2.119741494
52 197 3 2332979 2.119749345
74 120 3 686545 2.119751994
87 114 3 14736 2.11977745
194 8 3 22820 2.119778696
78 119 3 427583 2.119935622
196 4 3 29579 2.119939069
77 121 3 244312 2.119963484
37 192 3 28884 2.119968601
149 89 3 45885 2.120010097
87 126 3 60062 2.120078132
195 14 3 195703 2.120112325
196 15 3 1707613 2.120153581
161 85 3 27213 2.120156563
87 116 3 23820 2.120190016
87 117 3 39729 2.120224911
49 192 3 38437 2.12023646
86 121 3 2846571 2.120247193
195 8 3 7535348 2.120258139
78 111 3 62807 2.120270387
77 122 3 46127 2.120307971
151 89 3 193002 2.120326559
198 6 3 29836 2.120351216
81 115 3 61789 2.120400425
196 12 3 61879 2.120407719
80 126 3 59418 2.120420536
185 12 3 14773 2.120445309
79 121 3 3622007 2.120450942
85 118 3 1077063 2.120479554
77 112 3 2330 2.120489845
191 6 3 73698 2.12049061
150 75 3 20036 2.12052599
199 2 3 9473 2.120530408
86 122 3 1036524 2.120534435
79 118 3 139525 2.120541824
151 81 3 88331 2.120549123
160 75 3 2504602 2.120553979
153 75 3 5810 2.12061039
157 78 3 52856 2.1206199
76 116 3 6973464 2.120638583
189 10 3 16707 2.120711325
74 115 3 7697 2.120711414
148 86 3 14732 2.120726448
40 199 3 2488952 2.12073323
75 117 3 1835766 2.120735492
155 80 3 18640 2.120740407
41 194 3 15758 2.120745114
197 0 3 41438 2.120801418
78 122 3 1481722 2.120812652
38 185 3 43040 2.120840135
190 6 3 44507 2.120893408
154 79 3 5373 2.120909838
192 7 3 58571 2.120917889
44 200 3 4320 2.120966231
163 84 3 308290 2.121010586
192 7 3 429071 2.121036243
76 112 3 170139 2.121071383
195 0 3 12475 2.121109725
185 8 3 11449 2.121138867
82 122 3 10920 2.121216525
186 12 3 21177 2.121229002
83 117 3 8277505 2.12124398
49 189 3 38977 2.121259351
162 82 3 899 2.121291818
83 113 3 7721 2.121309484
80 121 3 1915724 2.121326062
192 7 3 3680709 2.121373656
153 87 3 2722199 2.121384617
158 79 3 1074425 2.121400176
89 124 3 43395 2.121424061
44 194 3 1568 2.121504792
86 118 3 43194 2.121506881
83 120 3 72530 2.121605513
189 13 3 46548 2.121628871
86 116 3 4412890 2.121629848
50 194 3 473744 2.121662027
83 114 3 29296 2.121666559
43 192 3 60925 2.12169012
78 114 3 133533 2.121721218
74 111 3 1057079 2.121778486
191 3 3 6502 2.121889555
81 117 3 843269 2.121967674
86 125 3 100391 2.121988198
77 111 3 2967017 2.122037252
81 111 3 1335626 2.12204079
198 8 3 754358 2.122070734
75 118 3 503062 2.12210968
192 4 3 656042 2.122110649
185 11 3 8225701 2.122113989
77 120 3 6090 2.122122834
76 115 3 988156 2.122147446
187 3 3 48102 2.122165656
163 74 3 263835 2.12227699
82 120 3 1742 2.122295951
78 113 3 75790 2.122303739
77 113 3 2030571 2.122326057
159 82 3 29305 2.122337634
194 13 3 3779974 2.122399011
194 4 3 196712 2.122415283
187 3 3 7265229 2.12241766
160 81 3 8746468 2.122439436
80 123 3 1900770 2.122444021
78 123 3 10590 2.122459742
187 10 3 42085 2.122496037
83 120 3 895974 2.122511278
87 125 3 23807754 2.122520746
186 8 3 16474 2.122542785
76 117 3 78528 2.12254578
156 79 3 8880 2.122565524
85 117 3 9970 2.122585725
185 4 3 19612 2.122606184
89 125 3 2648892 2.12261871
76 123 3 3435785 2.122655794
83 123 3 20487 2.122694521
84 119 3 62122 2.122697659
79 111 3 8110647 2.122791438
200 12 3 60773 2.122813443
86 113 3 900281 2.122815271
163 82 3 8654 2.122865876
148 82 3 47176 2.122885276
154 83 3 102703 2.122885586
155 84 3 124770 2.122924027
79 118 3 13107 2.122981692
84 112 3 6805 2.123073603
88 124 3 1236480 2.123083261
84 116 3 890426 2.123110885
83 112 3 1133 2.123121192
74 119 3 3516815 2.123137132
85 125 3 31289 2.123139761
84 121 3 2877601 2.123156354
193 1 3 9080 2.123162755
191 1 3 13070974 2.123164376
185 13 3 1784250 2.123215441
86 115 3 30211 2.123226187
193 7 3 95331 2.123233572
84 123 3 1323 2.123270508
87 121 3 166352 2.123295599
79 117 3 4172317 2.12330705
151 81 3 10405221 2.123315714
75 121 3 85997 2.123407514
193 7 3 3138 2.123429325
78 119 3 48935 2.123435326
195 0 3 5255869 2.123485522
152 76 3 552619 2.123565652
83 113 3 9919242 2.123609569
155 81 3 392964 2.123619303
193 4 3 67104 2.123619397
81 121 3 4831794 2.123644607
152 86 3 6657995 2.123657953
88 112 3 254315 2.123678604
84 126 3 789568 2.123725759
76 123 3 26542 2.123750635
198 13 3 14902 2.123780498
88 122 3 2849017 2.123870215
78 114 3 6871 2.124037655
75 113 3 97450 2.124077284
86 125 3 241315 2.124109947
85 111 3 38460 2.12412785
158 88 3 256250 2.124173449
85 111 3 9154 2.124210524
87 118 3 2549 2.124243226
81 120 3 1671287 2.124357685
75 112 3 28119595 2.12437477
89 118 3 3718097 2.124376014
148 79 3 3168019 2.124394907
157 76 3 58656 2.124431286
85 121 3 12722520 2.124496679
83 111 3 486539 2.124556629
79 123 3 4412 2.124574413
148 80 3 59950 2.124631317
152 78 3 1184705 2.124634844
84 124 3 63746 2.124696988
155 87 3 2790346 2.124872347
77 112 3 18069490 2.124885544
162 89 3 1810581 2.124890078
86 121 3 53566 2.124948442
80 126 3 104273 2.125079989
79 126 3 5595 2.125157168
89 119 3 7869 2.125598288
77 122 3 48417 2.125800778
76 124 3 22954 2.125833122
81 125 3 118954 2.125896192
88 115 3 9924577 2.126124344
74 126 3 1695500 2.126518279
79 123 3 443460 2.126558185
82 123 3 22243 2.12670495
74 126 3 143436 2.126973191
77 119 3 1403031 2.127032525
82 125 3 52676 2.127091502
77 111 3 26415 2.127261925
75 115 3 166436 2.127287073
81 126 3 20499 2.127485088
86 115 3 26244 2.127605302
74 119 3 1517825 2.127647025
87 116 3 20550 2.127866178
89 122 3 5890 2.128034548